idx,question,gold,pred,hit@1,hit@3,hit@5,hit@10,precision@1,precision@3,precision@5,precision@10,rr@1,rr@3,rr@5,rr@10,em,f1,rougeL,bleu,retriever,generator
0,when is the last episode of season 8 of the walking dead,"March 18, 2018","February 25, 2018",0,0,0,0,0.0,0.0,0.0,0.0,0.0,0.0,0.0,0.0,0.0,3.333.333.333.333.330,3.333.333.333.333.330,0.0,DPR,T5
1,in greek mythology who was the goddess of spring growth,"Persephone (/pərˈsɛfəni/; Greek: Περσεφόνη), also called Kore (/ˈkɔːriː/; ""the maiden"")",cherry blossom,0,0,0,0,0.0,0.0,0.0,0.0,0.0,0.0,0.0,0.0,0.0,0.0,0.0,0.0,DPR,T5
6,what is the name of the most important jewish text,the Shulchan Aruch,The Torah,0,0,0,0,0.0,0.0,0.0,0.0,0.0,0.0,0.0,0.0,0.0,0.4,0.4,0.0,DPR,T5
8,what is the name of spain's most famous soccer team,Real Madrid,Real Madrid,0,0,1,1,0.0,0.0,0.2,0.3,0.0,0.0,0.2,0.2,1.0,1.0,1.0,0.0,DPR,T5
9,when was the first robot used in surgery,1983,I don't know,0,0,0,0,0.0,0.0,0.0,0.0,0.0,0.0,0.0,0.0,0.0,0.0,0.0,0.0,DPR,T5
13,who sings the song i don't care i love it,Icona Pop and Charli XCX,Icona Pop,0,0,0,0,0.0,0.0,0.0,0.0,0.0,0.0,0.0,0.0,0.0,5.714.285.714.285.710,5.714.285.714.285.710,0.0,DPR,T5
16,who are uncle owen and aunt beru related to,Shmi,Luke Skywalker,0,0,0,0,0.0,0.0,0.0,0.0,0.0,0.0,0.0,0.0,0.0,0.0,0.0,0.0,DPR,T5
20,100 acres is equal to how many hectares,1 square hectometre (hm2),405,0,0,0,0,0.0,0.0,0.0,0.0,0.0,0.0,0.0,0.0,0.0,0.0,0.0,0.0,DPR,T5
22,where was donovan mitchell picked in the draft,13th,Denver Nuggets,1,1,1,1,1.0,6.666.666.666.666.660,0.4,0.2,1.0,1.0,1.0,1.0,0.0,0.0,0.0,0.0,DPR,T5
27,who is the president of costa rica 2017,Luis Guillermo Solís Rivera,Ram Nath Kovind,1,1,1,1,1.0,3.333.333.333.333.330,0.2,0.1,1.0,1.0,1.0,1.0,0.0,0.0,0.0,0.0,DPR,T5
29,when did power rangers tv show come out,"August 28, 1993","August 28, 1993",1,1,1,1,1.0,3.333.333.333.333.330,0.2,0.1,1.0,1.0,1.0,1.0,1.0,1.0,1.0,1.0,DPR,T5
31,how many beverly hills cops movies are there,three,I don't know,1,1,1,1,1.0,3.333.333.333.333.330,0.2,0.1,1.0,1.0,1.0,1.0,0.0,0.0,0.0,0.0,DPR,T5
32,who holds the most women's wimbledon titles,Martina Navratilova,Venus Williams,0,1,1,1,0.0,3.333.333.333.333.330,0.2,0.1,0.0,0.5,0.5,0.5,0.0,0.0,0.0,0.0,DPR,T5
39,where does the last name hickey come from,Irish origin,I don't know,0,0,0,0,0.0,0.0,0.0,0.0,0.0,0.0,0.0,0.0,0.0,0.0,0.0,0.0,DPR,T5
43,where is the greatest royal rumble taking place,"Jeddah, Saudi Arabia","Jeddah, Saudi Arabia",1,1,1,1,1.0,3.333.333.333.333.330,0.2,0.1,1.0,1.0,1.0,1.0,1.0,1.0,1.0,1.0,DPR,T5
44,who sang my name is tallulah in bugsy malone,"Louise ""Liberty"" Williams",I don't know,0,0,0,0,0.0,0.0,0.0,0.0,0.0,0.0,0.0,0.0,0.0,0.0,0.0,0.0,DPR,T5
48,what is andy's sisters name in toy story,Molly,Penny Proud,0,0,0,0,0.0,0.0,0.0,0.0,0.0,0.0,0.0,0.0,0.0,0.0,0.0,0.0,DPR,T5
49,who sings with shaggy on it wasn me,English-Jamaican singer Rikrok,Rikrok,1,1,1,1,1.0,3.333.333.333.333.330,0.2,0.1,1.0,1.0,1.0,1.0,0.0,0.4,0.4,0.0,DPR,T5
51,what is the largest catholic high school in america,St. Francis Preparatory School,St. Francis Preparatory School,1,1,1,1,1.0,3.333.333.333.333.330,0.2,0.1,1.0,1.0,1.0,1.0,1.0,1.0,1.0,1.0,DPR,T5
52,who established the peoples republic of china in 1949,Mao Zedong,Mao,0,0,0,0,0.0,0.0,0.0,0.0,0.0,0.0,0.0,0.0,0.0,6.666.666.666.666.660,6.666.666.666.666.660,0.0,DPR,T5
54,who sang take that look off your face,Marti Webb,Marti Webb,1,1,1,1,1.0,3.333.333.333.333.330,0.2,0.1,1.0,1.0,1.0,1.0,1.0,1.0,1.0,0.0,DPR,T5
55,who plays percy in the lost city of z,Charlie Hunnam,I don't know,0,0,0,0,0.0,0.0,0.0,0.0,0.0,0.0,0.0,0.0,0.0,0.0,0.0,0.0,DPR,T5
58,who plays the first lady on house of cards,Joanna C. Going,Dominique McElligott,0,0,0,0,0.0,0.0,0.0,0.0,0.0,0.0,0.0,0.0,0.0,0.0,0.0,0.0,DPR,T5
65,who owns st andrews golf course in scotland,The St Andrews Links Trust,The St Andrews Links Trust,1,1,1,1,1.0,3.333.333.333.333.330,0.2,0.1,1.0,1.0,1.0,1.0,1.0,1.0,1.0,1.0,DPR,T5
68,which city and state hosts the annual college world series,"Omaha, Nebraska",Omaha,1,1,1,1,1.0,3.333.333.333.333.330,0.2,0.1,1.0,1.0,1.0,1.0,0.0,6.666.666.666.666.660,6.666.666.666.666.660,0.0,DPR,T5
69,who is ted talking about in how i met your mother,Tracy McConnell,Tracy McConnell,1,1,1,1,1.0,6.666.666.666.666.660,0.6,0.3,1.0,1.0,1.0,1.0,1.0,1.0,1.0,0.0,DPR,T5
72,when does grey's anatomy season 14 premiere,"September 28, 2017","September 28, 2017",1,1,1,1,1.0,6.666.666.666.666.660,0.4,0.2,1.0,1.0,1.0,1.0,1.0,1.0,1.0,1.0,DPR,T5
76,what was uncle jesse's original last name on full house,Cochran,Tanner,0,0,0,0,0.0,0.0,0.0,0.0,0.0,0.0,0.0,0.0,0.0,0.0,0.0,0.0,DPR,T5
78,who pays the judgements on the judge mathis show,Greg Mathis,public voting,0,0,0,0,0.0,0.0,0.0,0.0,0.0,0.0,0.0,0.0,0.0,0.0,0.0,0.0,DPR,T5
79,who made up the elf on the shelf,Chanda Bell,Carol Aebersold and her daughter Chanda Bell,1,1,1,1,1.0,3.333.333.333.333.330,0.4,0.2,1.0,1.0,1.0,1.0,0.0,4.444.444.444.444.440,4.444.444.444.444.440,0.0,DPR,T5
82,who warned concord that the british were coming,Samuel Prescott,Samuel Prescott,1,1,1,1,1.0,3.333.333.333.333.330,0.2,0.1,1.0,1.0,1.0,1.0,1.0,1.0,1.0,0.0,DPR,T5
83,who lasted the longest on alone season 2,David McIntyre,Eric Server,0,0,0,0,0.0,0.0,0.0,0.0,0.0,0.0,0.0,0.0,0.0,0.0,0.0,0.0,DPR,T5
88,where is the us military base in japan,"Yokota Air Base, Fussa, Western Tokyo","Yokota Air Base, Tokyo, Japan",0,1,1,1,0.0,3.333.333.333.333.330,0.2,0.1,0.0,0.5,0.5,0.5,0.0,7.272.727.272.727.270,7.272.727.272.727.270,39.442.436.483.275.500,DPR,T5
89,who determines the size of the supreme court,Congress,President,0,0,0,1,0.0,0.0,0.0,0.2,0.0,0.0,0.0,14.285.714.285.714.200,0.0,0.0,0.0,0.0,DPR,T5
90,who is the actor that plays lucifer on tv,Thomas John Ellis,Thomas John Ellis,1,1,1,1,1.0,3.333.333.333.333.330,0.2,0.1,1.0,1.0,1.0,1.0,1.0,1.0,1.0,0.0,DPR,T5
96,who designed the national coat of arms of south africa,Iaan Bekker,Theodosia Okoh,0,0,0,0,0.0,0.0,0.0,0.0,0.0,0.0,0.0,0.0,0.0,0.0,0.0,0.0,DPR,T5
98,when does model code of conduct come into force,immediately on announcement of the election schedule by the commission,immediately,1,1,1,1,1.0,3.333.333.333.333.330,0.2,0.1,1.0,1.0,1.0,1.0,0.0,18.181.818.181.818.100,18.181.818.181.818.100,0.0,DPR,T5
111,when did now thats what i call music come out,28 November 1983,29 April 2016,0,0,0,1,0.0,0.0,0.0,0.1,0.0,0.0,0.0,0.1,0.0,0.0,0.0,0.0,DPR,T5
113,where is the 2018 grey cup being played,"The Brick Field at Commonwealth Stadium in Edmonton, Alberta","at U.S. Bank Stadium in Minneapolis, Minnesota, United States",0,0,0,0,0.0,0.0,0.0,0.0,0.0,0.0,0.0,0.0,0.0,3.157.894.736.842.100,3.157.894.736.842.100,0.0,DPR,T5
116,where did the band bastille get their name,Bastille Day,Bastille Day,1,1,1,1,1.0,3.333.333.333.333.330,0.2,0.1,1.0,1.0,1.0,1.0,1.0,1.0,1.0,0.0,DPR,T5
118,who plays nicholas in the princess diaries 2,Chris Pine,I don't know,0,0,0,0,0.0,0.0,0.0,0.0,0.0,0.0,0.0,0.0,0.0,0.0,0.0,0.0,DPR,T5
122,the p-wave phase of an electrocardiogram (ecg) represents,atrial depolarization,a different morphology from normal,0,0,0,0,0.0,0.0,0.0,0.0,0.0,0.0,0.0,0.0,0.0,0.0,0.0,0.0,DPR,T5
123,when did star trek the next generation first air,"September 28, 1987",1987,0,0,0,0,0.0,0.0,0.0,0.0,0.0,0.0,0.0,0.0,0.0,0.5,0.5,0.0,DPR,T5
132,who sang the most wonderful summer of my life,Jackie Ward,Jackie Ward,1,1,1,1,1.0,3.333.333.333.333.330,0.2,0.1,1.0,1.0,1.0,1.0,1.0,1.0,1.0,0.0,DPR,T5
137,how many oscars did on golden pond win,three,I don't know,0,0,1,1,0.0,0.0,0.2,0.2,0.0,0.0,0.25,0.25,0.0,0.0,0.0,0.0,DPR,T5
139,who won season 4 of america's got talent,Kevin Skinner,Michael Grimm,0,1,1,1,0.0,3.333.333.333.333.330,0.2,0.2,0.0,0.5,0.5,0.5,0.0,0.0,0.0,0.0,DPR,T5
140,how many episodes on queen of the south season 1,13,I don't know,0,1,1,1,0.0,3.333.333.333.333.330,0.2,0.2,0.0,3.333.333.333.333.330,3.333.333.333.333.330,3.333.333.333.333.330,0.0,0.0,0.0,0.0,DPR,T5
143,who is the existing prime minister of pakistan,Imran Khan,Benazir Bhutto,0,0,0,0,0.0,0.0,0.0,0.0,0.0,0.0,0.0,0.0,0.0,0.0,0.0,0.0,DPR,T5
144,who is known as the father of texas,Stephen Fuller Austin,Stephen Fuller Austin,1,1,1,1,1.0,3.333.333.333.333.330,0.2,0.2,1.0,1.0,1.0,1.0,1.0,1.0,1.0,0.0,DPR,T5
146,what is the orange stuff on my sushi,tobiko,tobiko,0,0,1,1,0.0,0.0,0.2,0.1,0.0,0.0,0.25,0.25,1.0,1.0,1.0,0.0,DPR,T5
149,when did nsw last won a state of origin series,2018,I don't know,1,1,1,1,1.0,3.333.333.333.333.330,0.2,0.1,1.0,1.0,1.0,1.0,0.0,0.0,0.0,0.0,DPR,T5
150,when does life is strange before the storm part 2,October 2017,August and December 2017,0,0,0,0,0.0,0.0,0.0,0.0,0.0,0.0,0.0,0.0,0.0,3.333.333.333.333.330,3.333.333.333.333.330,0.0,DPR,T5
154,when did the xbox 360 slim come out,in 2010,I don't know,0,0,0,0,0.0,0.0,0.0,0.0,0.0,0.0,0.0,0.0,0.0,0.0,0.0,0.0,DPR,T5
166,who spread the theory that one is a product of the mind and body,René Descartes,Herbert Spencer,1,1,1,1,1.0,3.333.333.333.333.330,0.2,0.1,1.0,1.0,1.0,1.0,0.0,0.0,0.0,0.0,DPR,T5
168,how many goals scored ronaldo in his career,over 670,I don't know,0,0,0,0,0.0,0.0,0.0,0.0,0.0,0.0,0.0,0.0,0.0,0.0,0.0,0.0,DPR,T5
178,when did the hornets move to new orleans,2002–03 season,I don't know,0,0,0,0,0.0,0.0,0.0,0.0,0.0,0.0,0.0,0.0,0.0,0.0,0.0,0.0,DPR,T5
186,fish appeared in the fossil record during the,the Cambrian explosion,Cambrian,1,1,1,1,1.0,3.333.333.333.333.330,0.2,0.1,1.0,1.0,1.0,1.0,0.0,0.5,0.5,0.0,DPR,T5
190,who died from the band faith no more,singer Chuck Mosley,Brent Wilson,0,0,0,0,0.0,0.0,0.0,0.0,0.0,0.0,0.0,0.0,0.0,0.0,0.0,0.0,DPR,T5
193,who signed the gun control act of 1968,President Lyndon B. Johnson,Lyndon B. Johnson,0,1,1,1,0.0,3.333.333.333.333.330,0.2,0.2,0.0,0.5,0.5,0.5,0.0,8.571.428.571.428.570,8.571.428.571.428.570,7.788.007.830.714.040,DPR,T5
195,where do frankenstein and the monster first meet,the mountains,a hollow,1,1,1,1,1.0,3.333.333.333.333.330,0.2,0.1,1.0,1.0,1.0,1.0,0.0,0.0,0.0,0.0,DPR,T5
196,the human tendency to mimic other people’s behavior is an example of,Mirroring,mirroring,1,1,1,1,1.0,3.333.333.333.333.330,0.2,0.1,1.0,1.0,1.0,1.0,1.0,1.0,1.0,0.0,DPR,T5
199,how is the head of the church of england,the monarch is the supreme governor,pope,0,0,0,0,0.0,0.0,0.0,0.0,0.0,0.0,0.0,0.0,0.0,0.0,0.0,0.0,DPR,T5
205,how to remove a methyl group from benzene,replacement of a methyl group by a hydrogen atom,Demethylation,1,1,1,1,1.0,3.333.333.333.333.330,0.2,0.1,1.0,1.0,1.0,1.0,0.0,0.0,0.0,0.0,DPR,T5
209,the cuban missile crisis began in 1962 when which country placed nuclear missiles in cuba,Soviet Union,the soviet union,1,1,1,1,1.0,1.0,0.8,0.5,1.0,1.0,1.0,1.0,0.0,0.8,0.8,0.0,DPR,T5
212,when did fasb codification become authoritative u.s. gaap,"after September 15, 2009",I don't know,0,1,1,1,0.0,3.333.333.333.333.330,0.2,0.1,0.0,3.333.333.333.333.330,3.333.333.333.333.330,3.333.333.333.333.330,0.0,0.0,0.0,0.0,DPR,T5
213,who plays frank in f is for family,Bill Burr,Kevin Spacey,0,0,0,0,0.0,0.0,0.0,0.0,0.0,0.0,0.0,0.0,0.0,0.0,0.0,0.0,DPR,T5
216,android operating system was acquired by google in,July 2005,I don't know,0,0,0,0,0.0,0.0,0.0,0.0,0.0,0.0,0.0,0.0,0.0,0.0,0.0,0.0,DPR,T5
219,who played daniel in the bible mini series,Jake Canuso,I don't know,0,0,0,0,0.0,0.0,0.0,0.0,0.0,0.0,0.0,0.0,0.0,0.0,0.0,0.0,DPR,T5
222,when is the last movie of divergent coming out,TBA,I don't know,0,0,0,0,0.0,0.0,0.0,0.0,0.0,0.0,0.0,0.0,0.0,0.0,0.0,0.0,DPR,T5
223,the former peterlee campus of east durham college,East Durham & Houghall Community College,Houghall campus,1,1,1,1,1.0,3.333.333.333.333.330,0.2,0.1,1.0,1.0,1.0,1.0,0.0,28.571.428.571.428.500,28.571.428.571.428.500,0.0,DPR,T5
225,the amount of light reflected from the front surface of common window glass is about,about 4% per surface,92 %,0,0,0,0,0.0,0.0,0.0,0.0,0.0,0.0,0.0,0.0,0.0,0.0,0.0,0.0,DPR,T5
227,how many cm is a 24 inch tv,61,I don't know,0,0,0,1,0.0,0.0,0.0,0.1,0.0,0.0,0.0,125,0.0,0.0,0.0,0.0,DPR,T5
233,where was the walking dead season 7 filmed,Georgia,"Wayne County, New York",0,0,0,0,0.0,0.0,0.0,0.0,0.0,0.0,0.0,0.0,0.0,0.0,0.0,0.0,DPR,T5
236,who plays male lead in far from the madding crowd,Carey Mulligan,Warwick Ashley Davis,1,1,1,1,1.0,6.666.666.666.666.660,0.4,0.2,1.0,1.0,1.0,1.0,0.0,0.0,0.0,0.0,DPR,T5
241,who is in the cast of the handmaid's tale,Elisabeth Moss,"Vanessa Redgrave, Rooney Mara, Eric Bana, Theo James, Aidan Turner, and Jack Reynor",0,0,0,0,0.0,0.0,0.0,0.0,0.0,0.0,0.0,0.0,0.0,0.0,0.0,0.0,DPR,T5
242,who owned the first casino in las vegas,local Las Vegas business owners,Caesars Entertainment Corporation,0,0,0,0,0.0,0.0,0.0,0.0,0.0,0.0,0.0,0.0,0.0,0.0,0.0,0.0,DPR,T5
244,who is the lead singer of portugal the man,John Baldwin Gourley,John Baldwin Gourley,1,1,1,1,1.0,3.333.333.333.333.330,0.2,0.1,1.0,1.0,1.0,1.0,1.0,1.0,1.0,0.0,DPR,T5
253,who does billy russo become on the punisher,Jigsaw,I don't know,1,1,1,1,1.0,3.333.333.333.333.330,0.2,0.1,1.0,1.0,1.0,1.0,0.0,0.0,0.0,0.0,DPR,T5
255,who was the founder of chick fil a,S. Truett Cathy,Colonel Harland David Sanders,1,1,1,1,1.0,3.333.333.333.333.330,0.2,0.1,1.0,1.0,1.0,1.0,0.0,0.0,0.0,0.0,DPR,T5
257,where is the black box located on an airplane,usually mounted in the aircraft's tail section,cockpit,0,0,0,0,0.0,0.0,0.0,0.0,0.0,0.0,0.0,0.0,0.0,0.0,0.0,0.0,DPR,T5
267,when did the brewers go to national league,1998,1998,1,1,1,1,1.0,6.666.666.666.666.660,0.4,0.3,1.0,1.0,1.0,1.0,1.0,1.0,1.0,0.0,DPR,T5
268,who are the songwriters for the greatest showman,Benj Pasek,Richie Webb and Dave Cohen,0,0,0,0,0.0,0.0,0.0,0.0,0.0,0.0,0.0,0.0,0.0,0.0,0.0,0.0,DPR,T5
269,who plays dylan in now you see me,Mark Ruffalo,Danny Lloyd,1,1,1,1,1.0,3.333.333.333.333.330,0.2,0.1,1.0,1.0,1.0,1.0,0.0,0.0,0.0,0.0,DPR,T5
270,where was the ark of the covenant taken,Kiriath-Jearim,"between Eben - ezer, where the Israelites encamped, and Aphek ( probably Antipatris ), where the Philistines encamped.",0,0,0,0,0.0,0.0,0.0,0.0,0.0,0.0,0.0,0.0,0.0,0.0,0.0,0.0,DPR,T5
271,harrow on the hill height above sea level,124 metres (408 ft),knoll,0,0,0,0,0.0,0.0,0.0,0.0,0.0,0.0,0.0,0.0,0.0,0.0,0.0,0.0,DPR,T5
272,who plays hitler in man in the high castle,Wolf Muser,I don't know.,0,0,0,0,0.0,0.0,0.0,0.0,0.0,0.0,0.0,0.0,0.0,0.0,0.0,0.0,DPR,T5
273,lowest city below sea level in the world,"Jericho, West Bank",Paris,0,0,0,0,0.0,0.0,0.0,0.0,0.0,0.0,0.0,0.0,0.0,0.0,0.0,0.0,DPR,T5
275,who voiced jack in rise of the guardians,Chris Pine,Chris Pine,1,1,1,1,1.0,3.333.333.333.333.330,0.4,0.2,1.0,1.0,1.0,1.0,1.0,1.0,1.0,0.0,DPR,T5
277,what type of hybrid is the ford fusion,gasoline-electric,gasoline - electric hybrid,1,1,1,1,1.0,3.333.333.333.333.330,0.2,0.1,1.0,1.0,1.0,1.0,0.0,0.8,0.8,0.0,DPR,T5
280,how many states is there in united states,50,Forty - eight,1,1,1,1,1.0,3.333.333.333.333.330,0.4,0.4,1.0,1.0,1.0,1.0,0.0,0.0,0.0,0.0,DPR,T5
281,what is the first harry potter book called in england,Harry Potter and the Philosopher's Stone,The Tales of Beedle the Bard,0,1,1,1,0.0,3.333.333.333.333.330,0.2,0.1,0.0,0.5,0.5,0.5,0.0,15.384.615.384.615.300,15.384.615.384.615.300,0.0,DPR,T5
282,when did montgomery ward's go out of business,2001,2001,1,1,1,1,1.0,6.666.666.666.666.660,0.4,0.2,1.0,1.0,1.0,1.0,1.0,1.0,1.0,0.0,DPR,T5
283,who won series 7 of great british bake off,Candice Brown,Candice Brown,1,1,1,1,1.0,3.333.333.333.333.330,0.2,0.1,1.0,1.0,1.0,1.0,1.0,1.0,1.0,0.0,DPR,T5
284,who does the voice of special ed on crank yankers,Jim Florentine,Matthew Lyn Lillard,0,0,0,0,0.0,0.0,0.0,0.0,0.0,0.0,0.0,0.0,0.0,0.0,0.0,0.0,DPR,T5
289,who sings nothings gonna hurt you baby,Cigarettes After Sex,Journey,0,0,0,0,0.0,0.0,0.0,0.0,0.0,0.0,0.0,0.0,0.0,0.0,0.0,0.0,DPR,T5
290,where in the bible does it talk about manna from heaven,Exodus 16:1–36,Numbers 11 : 1 -- 9,0,0,0,0,0.0,0.0,0.0,0.0,0.0,0.0,0.0,0.0,0.0,0.0,0.25,0.0,DPR,T5
291,winds that blow predominantly from the northeast and the southeast are the,The trade winds,The trade winds,1,1,1,1,1.0,6.666.666.666.666.660,0.4,0.2,1.0,1.0,1.0,1.0,1.0,1.0,1.0,0.0,DPR,T5
297,what is the use of symbolic link in linux,to reorder the file system hierarchy,shortcut files,0,0,0,0,0.0,0.0,0.0,0.0,0.0,0.0,0.0,0.0,0.0,0.0,0.0,0.0,DPR,T5
299,time after time song was in what movie,John Tucker Must Die,My Fair Lady,0,0,0,0,0.0,0.0,0.0,0.0,0.0,0.0,0.0,0.0,0.0,0.0,0.0,0.0,DPR,T5
305,who sings i'm the one your mother warned you about,Mickey Gilley,Mickey Gilley,1,1,1,1,1.0,3.333.333.333.333.330,0.2,0.1,1.0,1.0,1.0,1.0,1.0,1.0,1.0,0.0,DPR,T5
309,who made the song london bridge is falling down,Unknown,"Robin Thicke, T.I., and Pharrell Williams",0,0,0,0,0.0,0.0,0.0,0.0,0.0,0.0,0.0,0.0,0.0,0.0,0.0,0.0,DPR,T5
310,when does love simon come out in canada,"March 16, 2018","September 19, 2018",0,0,0,0,0.0,0.0,0.0,0.0,0.0,0.0,0.0,0.0,0.0,3.333.333.333.333.330,3.333.333.333.333.330,0.0,DPR,T5
317,what were the major components of clays american system,a tariff to protect and promote American industry,"tariff to protect and promote American industry ; a national bank to foster commerce ; and federal subsidies for roads, canals, and other'internal improvements'to develop profitable markets for agriculture",1,1,1,1,1.0,6.666.666.666.666.660,0.4,0.2,1.0,1.0,1.0,1.0,0.0,4.324.324.324.324.320,3.783.783.783.783.780,18.882.437.844.970.700,DPR,T5
325,who sings i wanna be like you jungle book,Louis Prima,American rapper T.I.,0,0,1,1,0.0,0.0,0.2,0.1,0.0,0.0,0.25,0.25,0.0,0.0,0.0,0.0,DPR,T5
327,who wrote the book of philippians in the bible,Paul of Tarsus,Philip the Apostle,0,0,0,0,0.0,0.0,0.0,0.0,0.0,0.0,0.0,0.0,0.0,0.0,0.0,0.0,DPR,T5
330,who sold more albums carrie underwood vs kelly clarkson,Carrie Underwood,kelly clarkson,0,0,0,0,0.0,0.0,0.0,0.0,0.0,0.0,0.0,0.0,0.0,0.0,0.0,0.0,DPR,T5
331,who is the oldest child in queen sugar,Nova Bordelon,Malcolm,0,0,0,0,0.0,0.0,0.0,0.0,0.0,0.0,0.0,0.0,0.0,0.0,0.0,0.0,DPR,T5
332,when did second world war start and end,1 September 1939 – 2 September 1945,"July 7, 1937",0,0,0,0,0.0,0.0,0.0,0.0,0.0,0.0,0.0,0.0,0.0,0.0,0.0,0.0,DPR,T5
340,a spider with a skull on its back,Steatoda nobilis,I don't know,0,0,0,0,0.0,0.0,0.0,0.0,0.0,0.0,0.0,0.0,0.0,0.0,0.0,0.0,DPR,T5
349,when did the waltz become popular in england,the Regency period,mid-eighteenth century,0,0,0,0,0.0,0.0,0.0,0.0,0.0,0.0,0.0,0.0,0.0,0.0,0.0,0.0,DPR,T5
352,what is expelled out of the body as faeces through the anus,"solid, semisolid, or liquid waste material",waste,0,0,0,0,0.0,0.0,0.0,0.0,0.0,0.0,0.0,0.0,0.0,2.857.142.857.142.850,2.857.142.857.142.850,0.0,DPR,T5
357,who was the chief guest of the official ceremony in the republic day,Crown Prince Mohammed bin Zayed Al Nahyan,John F. Kennedy,0,0,0,0,0.0,0.0,0.0,0.0,0.0,0.0,0.0,0.0,0.0,0.0,0.0,0.0,DPR,T5
365,who wrote the practice of the presence of god,"Brother Lawrence (born Nicholas Herman), a 17th-century Carmelite monk",Brother Lawrence,1,1,1,1,1.0,3.333.333.333.333.330,0.2,0.1,1.0,1.0,1.0,1.0,0.0,33.333.333.333.333.300,33.333.333.333.333.300,0.0,DPR,T5
367,what cities have been capital of the united states,New York City,Washington,0,0,0,1,0.0,0.0,0.0,0.1,0.0,0.0,0.0,125,0.0,0.0,0.0,0.0,DPR,T5
372,when did india conduct the nuclear test at pokhran,May 1998,May 1998,1,1,1,1,1.0,6.666.666.666.666.660,0.6,0.3,1.0,1.0,1.0,1.0,1.0,1.0,1.0,0.0,DPR,T5
373,nhl record for shots on goal in a game,"Ray Bourque (March 21, 1991), 19",I don't know,0,0,0,0,0.0,0.0,0.0,0.0,0.0,0.0,0.0,0.0,0.0,0.0,0.0,0.0,DPR,T5
374,where does the sagging pants trend come from,1990s,popularity of wearing brightly colored and patterned  boxer shorts,0,1,1,1,0.0,3.333.333.333.333.330,0.2,0.1,0.0,0.5,0.5,0.5,0.0,0.0,0.0,0.0,DPR,T5
375,who has played in the most nba finals games,Bill Russell,Bill Russell,0,1,1,1,0.0,3.333.333.333.333.330,0.2,0.1,0.0,3.333.333.333.333.330,3.333.333.333.333.330,3.333.333.333.333.330,1.0,1.0,1.0,0.0,DPR,T5
378,moment of inertia of a rod about a point,radius of gyration,I don't know.,0,0,0,0,0.0,0.0,0.0,0.0,0.0,0.0,0.0,0.0,0.0,0.0,0.0,0.0,DPR,T5
380,list of hum tv dramas based on novels,Dayar-e-Dil,I don't know,0,0,0,1,0.0,0.0,0.0,0.1,0.0,0.0,0.0,14.285.714.285.714.200,0.0,0.0,0.0,0.0,DPR,T5
381,when does mark show up in grey anatomy,season two,season ten finale,0,0,0,0,0.0,0.0,0.0,0.0,0.0,0.0,0.0,0.0,0.0,0.4,0.4,0.0,DPR,T5
385,in the 1st century bc egypt became a colony of,the Roman Empire,Britain,1,1,1,1,1.0,3.333.333.333.333.330,0.4,0.3,1.0,1.0,1.0,1.0,0.0,0.0,0.0,0.0,DPR,T5
387,who is the cheif minister of uttar pradesh up,Yogi Adityanath,Devendra Gangadharrao Fadnavis,0,1,1,1,0.0,3.333.333.333.333.330,0.2,0.1,0.0,0.5,0.5,0.5,0.0,0.0,0.0,0.0,DPR,T5
388,who played jono on star trek next generation,Chad Allen,I don't know,0,0,0,0,0.0,0.0,0.0,0.0,0.0,0.0,0.0,0.0,0.0,0.0,0.0,0.0,DPR,T5
390,this bear lives in the hundred acre wood,Winnie-the-Pooh,I don't know,0,0,0,0,0.0,0.0,0.0,0.0,0.0,0.0,0.0,0.0,0.0,0.0,0.0,0.0,DPR,T5
398,what is the holy book of lslam called,Quran,Quran,1,1,1,1,1.0,3.333.333.333.333.330,0.2,0.2,1.0,1.0,1.0,1.0,1.0,1.0,1.0,0.0,DPR,T5
409,who won the women's championship at wimbledon this year,Garbiñe Muguruza,Angelique Kerber,0,1,1,1,0.0,3.333.333.333.333.330,0.4,0.2,0.0,0.5,0.5,0.5,0.0,0.0,0.0,0.0,DPR,T5
415,who won second place in miss universe 2017,Laura González,I don't know,0,1,1,1,0.0,3.333.333.333.333.330,0.2,0.1,0.0,0.5,0.5,0.5,0.0,0.0,0.0,0.0,DPR,T5
417,when does the new wheel of fortune season start,"September 10, 2018","March 22, 2018",0,0,0,0,0.0,0.0,0.0,0.0,0.0,0.0,0.0,0.0,0.0,3.333.333.333.333.330,3.333.333.333.333.330,0.0,DPR,T5
422,who has been elected next president of united nations 2018,María Fernanda Espinosa,Paul - Henri Spaak,0,0,0,0,0.0,0.0,0.0,0.0,0.0,0.0,0.0,0.0,0.0,0.0,0.0,0.0,DPR,T5
424,when was the myers briggs type indicator developed,during World War II,I don't know,0,0,0,0,0.0,0.0,0.0,0.0,0.0,0.0,0.0,0.0,0.0,0.0,0.0,0.0,DPR,T5
425,when was the last time australia won the rugby world cup,1999,I don't know,0,0,0,0,0.0,0.0,0.0,0.0,0.0,0.0,0.0,0.0,0.0,0.0,0.0,0.0,DPR,T5
428,where was the movie it's complicated filmed,New York City,"Vancouver, British Columbia",0,0,0,0,0.0,0.0,0.0,0.0,0.0,0.0,0.0,0.0,0.0,0.0,0.0,0.0,DPR,T5
435,who wrote the story for the shape of water,Guillermo del Toro,Oscar Wilde,1,1,1,1,1.0,3.333.333.333.333.330,0.2,0.1,1.0,1.0,1.0,1.0,0.0,0.0,0.0,0.0,DPR,T5
437,when do fifty shades of freed come out,"February 9, 2018",March 2,0,0,0,0,0.0,0.0,0.0,0.0,0.0,0.0,0.0,0.0,0.0,0.0,0.0,0.0,DPR,T5
444,where is the lighthouse in lighthouse point fl,Hillsboro Beach,Hillsboro Beach,1,1,1,1,1.0,3.333.333.333.333.330,0.2,0.1,1.0,1.0,1.0,1.0,1.0,1.0,1.0,0.0,DPR,T5
445,who founded the first university in the world,Fatima bint Muhammad Al-Fihriya Al-Qurashiya,Fatima bint Muhammad Al - Fihriya Al - Qurashiya,1,1,1,1,1.0,3.333.333.333.333.330,0.2,0.1,1.0,1.0,1.0,1.0,1.0,1.0,1.0,0.0,DPR,T5
448,when did tiger win his last pga tournament,2007,I don't know,0,0,0,1,0.0,0.0,0.0,0.1,0.0,0.0,0.0,16.666.666.666.666.600,0.0,0.0,0.0,0.0,DPR,T5
450,who wrote aerosmith i don't want to miss a thing,Diane Warren,Diane Warren,1,1,1,1,1.0,6.666.666.666.666.660,0.6,0.4,1.0,1.0,1.0,1.0,1.0,1.0,1.0,0.0,DPR,T5
459,what was the capital of brazil before brasilia,Rio de Janeiro,Salvador,0,1,1,1,0.0,3.333.333.333.333.330,0.2,0.1,0.0,0.5,0.5,0.5,0.0,0.0,0.0,0.0,DPR,T5
460,where was the kath and kim movie filmed,Positano,"Wayne County, New York",0,0,0,0,0.0,0.0,0.0,0.0,0.0,0.0,0.0,0.0,0.0,0.0,0.0,0.0,DPR,T5
462,what is red's real name on that 70's show,"Reginald Albert ""Red"" Forman",Deandra  Sweet Dee '' Reynolds,0,0,0,0,0.0,0.0,0.0,0.0,0.0,0.0,0.0,0.0,0.0,0.0,0.0,0.0,DPR,T5
470,when did nhl start 3 on 3 overtime,2015–16 NHL season,I don't know,0,0,0,0,0.0,0.0,0.0,0.0,0.0,0.0,0.0,0.0,0.0,0.0,0.0,0.0,DPR,T5
471,who is the founder of red cross society,Henry Dunant,Henry Dunant,0,1,1,1,0.0,3.333.333.333.333.330,0.2,0.1,0.0,0.5,0.5,0.5,1.0,1.0,1.0,0.0,DPR,T5
472,what are the three rivers of pittsburgh pennsylvania,Allegheny,Ohio River,1,1,1,1,1.0,3.333.333.333.333.330,0.2,0.1,1.0,1.0,1.0,1.0,0.0,0.0,0.0,0.0,DPR,T5
476,what were the two super powers during the cold war,Soviet Union,Soviet Union and the United States,1,1,1,1,1.0,6.666.666.666.666.660,0.8,0.6,1.0,1.0,1.0,1.0,0.0,0.5,0.5,0.0,DPR,T5
477,at present who is the speaker of lok sabha,Sumitra Mahajan,Yogi Adityanath,0,0,1,1,0.0,0.0,0.2,0.2,0.0,0.0,0.2,0.2,0.0,0.0,0.0,0.0,DPR,T5
478,who voices the faceless old woman who secretly lives in your home,Mara Wilson,Idina Menzel,0,0,0,0,0.0,0.0,0.0,0.0,0.0,0.0,0.0,0.0,0.0,0.0,0.0,0.0,DPR,T5
481,when did sweet dreams are made of this come out,1983,1983,1,1,1,1,1.0,3.333.333.333.333.330,0.2,0.2,1.0,1.0,1.0,1.0,1.0,1.0,1.0,0.0,DPR,T5
484,who plays wendy the waitress in how i met your mother,Charlene Amoia,Charlene Amoia,1,1,1,1,1.0,3.333.333.333.333.330,0.2,0.1,1.0,1.0,1.0,1.0,1.0,1.0,1.0,0.0,DPR,T5
486,where did the night at the museum take place,New York City's American Museum of Natural History,New York City,1,1,1,1,1.0,3.333.333.333.333.330,0.2,0.1,1.0,1.0,1.0,1.0,0.0,0.5,0.5,0.0,DPR,T5
492,what are freshmen called at the air force academy,Fourth class cadets,cadets,0,0,0,0,0.0,0.0,0.0,0.0,0.0,0.0,0.0,0.0,0.0,0.5,0.5,0.0,DPR,T5
500,how many gold medals did nz win in the 2018 commonwealth,46,I don't know,0,1,1,1,0.0,3.333.333.333.333.330,0.2,0.1,0.0,0.5,0.5,0.5,0.0,0.0,0.0,0.0,DPR,T5
501,who is the actor playing terry on general hospital,Cassandra James,I don't know,0,0,0,0,0.0,0.0,0.0,0.0,0.0,0.0,0.0,0.0,0.0,0.0,0.0,0.0,DPR,T5
505,who is the leader of the state government in australia,the Queen of Australia,The Prime Minister of India,0,0,0,0,0.0,0.0,0.0,0.0,0.0,0.0,0.0,0.0,0.0,4.444.444.444.444.440,4.444.444.444.444.440,0.0,DPR,T5
506,when was national food security act introduced in rajasthan,22 December 2011,12 September 2013,0,0,0,0,0.0,0.0,0.0,0.0,0.0,0.0,0.0,0.0,0.0,0.0,0.0,0.0,DPR,T5
513,what are the main sources of vitamin k,green leafy vegetables,protein,0,0,0,0,0.0,0.0,0.0,0.0,0.0,0.0,0.0,0.0,0.0,0.0,0.0,0.0,DPR,T5
514,when did the edwardian era start and end,1901 to 1910,1901 -- 1914,0,0,0,0,0.0,0.0,0.0,0.0,0.0,0.0,0.0,0.0,0.0,0.4,0.4,0.0,DPR,T5
521,when was rudolph the red nosed reindeer written,1939,1907,0,0,0,0,0.0,0.0,0.0,0.0,0.0,0.0,0.0,0.0,0.0,0.0,0.0,0.0,DPR,T5
527,when does season 3 of lucifer come out,"October 2, 2017",2019,0,0,0,0,0.0,0.0,0.0,0.0,0.0,0.0,0.0,0.0,0.0,0.0,0.0,0.0,DPR,T5
529,what kind of currency is used in new zealand,New Zealand dollar,New Zealand dollar,1,1,1,1,1.0,3.333.333.333.333.330,0.4,0.2,1.0,1.0,1.0,1.0,1.0,1.0,1.0,0.0,DPR,T5
531,when was the last time mount shasta was active,about two centuries ago,I don't know,0,0,0,0,0.0,0.0,0.0,0.0,0.0,0.0,0.0,0.0,0.0,0.0,0.0,0.0,DPR,T5
539,which is first dawn of the planet of the apes or rise of the planet of the apes,Rise of the Planet of the Apes,Rise of the Planet of the Apes,1,1,1,1,1.0,6.666.666.666.666.660,0.6,0.3,1.0,1.0,1.0,1.0,1.0,1.0,1.0,1.0,DPR,T5
543,coriolosis component of acceleration can be found in,the Earth,physics,0,0,0,1,0.0,0.0,0.0,0.1,0.0,0.0,0.0,1.111.111.111.111.110,0.0,0.0,0.0,0.0,DPR,T5
547,who sings i always feel like somebody's watching me,TRU,Rockwell,0,1,1,1,0.0,3.333.333.333.333.330,0.2,0.1,0.0,3.333.333.333.333.330,3.333.333.333.333.330,3.333.333.333.333.330,0.0,0.0,0.0,0.0,DPR,T5
548,where is lebron on the all time scoring list,7,He is the all - time NBA playoffs scoring leader,1,1,1,1,1.0,6.666.666.666.666.660,0.8,0.7,1.0,1.0,1.0,1.0,0.0,0.0,0.0,0.0,DPR,T5
549,who wrote there's nothing holdin me back,Shawn Mendes,Shawn Mendes,1,1,1,1,1.0,6.666.666.666.666.660,0.4,0.2,1.0,1.0,1.0,1.0,1.0,1.0,1.0,0.0,DPR,T5
550,when was silicon added to the periodic table,1823,1823,1,1,1,1,1.0,6.666.666.666.666.660,0.4,0.2,1.0,1.0,1.0,1.0,1.0,1.0,1.0,0.0,DPR,T5
556,where is black sea located in the world,"between Eastern Europe, the Caucasus, and Western Asia","between Eastern Europe, the Caucasus, and Western Asia",1,1,1,1,1.0,3.333.333.333.333.330,0.2,0.1,1.0,1.0,1.0,1.0,1.0,1.0,1.0,1.0,DPR,T5
560,when was central statistical organisation of india established,2 May 1951,7 April 1948,0,0,0,0,0.0,0.0,0.0,0.0,0.0,0.0,0.0,0.0,0.0,0.0,0.0,0.0,DPR,T5
564,who plays red's voice in angry birds,Jason Sudeikis,Joe Alaskey,1,1,1,1,1.0,3.333.333.333.333.330,0.2,0.1,1.0,1.0,1.0,1.0,0.0,0.0,0.0,0.0,DPR,T5
568,what was the first book that charles dickens published,The Pickwick Papers,The Modern Prometheus,0,0,0,0,0.0,0.0,0.0,0.0,0.0,0.0,0.0,0.0,0.0,3.333.333.333.333.330,3.333.333.333.333.330,0.0,DPR,T5
571,how many episodes is there in season 14 of greys anatomy,24,24,1,1,1,1,1.0,1.0,0.6,0.4,1.0,1.0,1.0,1.0,1.0,1.0,1.0,0.0,DPR,T5
573,who is the highest paid nba player in 2016,LeBron James,LeBron James,1,1,1,1,1.0,3.333.333.333.333.330,0.2,0.3,1.0,1.0,1.0,1.0,1.0,1.0,1.0,0.0,DPR,T5
575,who has been on the throne the longest in england,Queen Elizabeth II,Queen Elizabeth II,0,0,1,1,0.0,0.0,0.2,0.3,0.0,0.0,0.25,0.25,1.0,1.0,1.0,0.0,DPR,T5
576,where is earth within the milky way galaxy,Orion Arm,The Milky Way,0,0,0,0,0.0,0.0,0.0,0.0,0.0,0.0,0.0,0.0,0.0,0.0,0.0,0.0,DPR,T5
577,who plays shiv's ex boyfriend on succession,Ashley Zukerman,I don't know.,0,0,0,0,0.0,0.0,0.0,0.0,0.0,0.0,0.0,0.0,0.0,0.0,0.0,0.0,DPR,T5
578,what is the population of yukon in 2017,"35,874 people",I don't know,1,1,1,1,1.0,3.333.333.333.333.330,0.2,0.1,1.0,1.0,1.0,1.0,0.0,0.0,0.0,0.0,DPR,T5
579,when was a whiter shade of pale recorded,1967,12 May 1967,1,1,1,1,1.0,6.666.666.666.666.660,0.4,0.2,1.0,1.0,1.0,1.0,0.0,0.5,0.5,0.0,DPR,T5
589,when did the song all by myself come out,in 1975,1975,1,1,1,1,1.0,3.333.333.333.333.330,0.2,0.1,1.0,1.0,1.0,1.0,0.0,6.666.666.666.666.660,6.666.666.666.666.660,0.0,DPR,T5
597,when does arrow season 6 episode 21 air,"May 3, 2018","April 12, 2017",0,0,0,0,0.0,0.0,0.0,0.0,0.0,0.0,0.0,0.0,0.0,0.0,0.0,0.0,DPR,T5
598,who starred in the original movie cape fear,Robert Mitchum,"Robert Mitchum, Gregory Peck, Martin Balsam, and Polly Bergen",1,1,1,1,1.0,3.333.333.333.333.330,0.2,0.2,1.0,1.0,1.0,1.0,0.0,3.636.363.636.363.630,3.636.363.636.363.630,0.0,DPR,T5
599,who is the bloke in the go compare advert,Wynne Evans,Wynne Evans,1,1,1,1,1.0,3.333.333.333.333.330,0.2,0.1,1.0,1.0,1.0,1.0,1.0,1.0,1.0,0.0,DPR,T5
600,where does a jury of her peers take place,"fictional Dickson County (representing Dickinson County, Iowa)",fictional small town in South Carolina,0,0,0,0,0.0,0.0,0.0,0.0,0.0,0.0,0.0,0.0,0.0,15.384.615.384.615.300,15.384.615.384.615.300,0.0,DPR,T5
603,what language do they speak in the czech republic,Czech,Czech,1,1,1,1,1.0,6.666.666.666.666.660,0.4,0.2,1.0,1.0,1.0,1.0,1.0,1.0,1.0,0.0,DPR,T5
604,who is el senor de los cielos based on,Amado Carrillo Fuentes,Amado Carrillo,1,1,1,1,1.0,3.333.333.333.333.330,0.2,0.2,1.0,1.0,1.0,1.0,0.0,0.8,0.8,0.0,DPR,T5
607,what year did the drummer lose his arm,1985,1985,1,1,1,1,1.0,3.333.333.333.333.330,0.2,0.1,1.0,1.0,1.0,1.0,1.0,1.0,1.0,0.0,DPR,T5
613,when does celebs go dating series 3 start,4 September 2017,March 2011,0,0,1,1,0.0,0.0,0.2,0.1,0.0,0.0,0.25,0.25,0.0,0.0,0.0,0.0,DPR,T5
619,what is the newest jurassic park movie called,Jurassic World: Fallen Kingdom,Jurassic World: Fallen Kingdom,1,1,1,1,1.0,3.333.333.333.333.330,0.2,0.1,1.0,1.0,1.0,1.0,1.0,1.0,1.0,1.0,DPR,T5
622,who wrote the song one wing from sparkle,R. Kelly,Jane Taylor,0,0,0,1,0.0,0.0,0.0,0.1,0.0,0.0,0.0,1.111.111.111.111.110,0.0,0.0,0.0,0.0,DPR,T5
623,who sang wish you were here pink floyd,David Gilmour,David Gilmour and Roger Waters,1,1,1,1,1.0,6.666.666.666.666.660,0.4,0.2,1.0,1.0,1.0,1.0,0.0,5.714.285.714.285.710,5.714.285.714.285.710,0.0,DPR,T5
627,who won the women's 400 meter dash in the olympics,Shaunae Miller,Wayde van Niekerk,0,1,1,1,0.0,3.333.333.333.333.330,0.2,0.1,0.0,0.5,0.5,0.5,0.0,0.0,0.0,0.0,DPR,T5
628,who has the most points in nba history career,LeBron James,Wilt Chamberlain,0,0,0,1,0.0,0.0,0.0,0.1,0.0,0.0,0.0,16.666.666.666.666.600,0.0,0.0,0.0,0.0,DPR,T5
629,who is paige on days of our lives,True O'Brien,a fictional character,0,0,0,0,0.0,0.0,0.0,0.0,0.0,0.0,0.0,0.0,0.0,0.0,0.0,0.0,DPR,T5
634,bible verse if your hand causes you sin cut off,Matthew 5:30,And if thy right hand offend thee,0,1,1,1,0.0,3.333.333.333.333.330,0.2,0.1,0.0,0.5,0.5,0.5,0.0,0.0,0.0,0.0,DPR,T5
638,when did the first slender game come out,2012,"November 29, 2002",0,0,0,0,0.0,0.0,0.0,0.0,0.0,0.0,0.0,0.0,0.0,0.0,0.0,0.0,DPR,T5
640,when do the red sox play sweet caroline,in the middle of the eighth inning,"On August 10, 2017",0,0,0,0,0.0,0.0,0.0,0.0,0.0,0.0,0.0,0.0,0.0,0.0,0.0,0.0,DPR,T5
644,who plays the black knight in monty python,John Cleese,John Cleese,1,1,1,1,1.0,3.333.333.333.333.330,0.2,0.1,1.0,1.0,1.0,1.0,1.0,1.0,1.0,0.0,DPR,T5
645,secreted by cells in the walls of the hearts atria,Atrial natriuretic peptide (ANP),Atrial natriuretic peptide,1,1,1,1,1.0,3.333.333.333.333.330,0.2,0.1,1.0,1.0,1.0,1.0,0.0,8.571.428.571.428.570,8.571.428.571.428.570,0.0,DPR,T5
649,which nba player has scored the most points,Kareem Abdul-Jabbar,Wilt Chamberlain,0,0,1,1,0.0,0.0,0.2,0.1,0.0,0.0,0.25,0.25,0.0,0.0,0.0,0.0,DPR,T5
651,who did the soviet union support in china civil war,the CCP,I don't know,0,0,0,0,0.0,0.0,0.0,0.0,0.0,0.0,0.0,0.0,0.0,0.0,0.0,0.0,DPR,T5
653,when was the last time a total eclipse happened,"August 21, 2017",I don't know,0,0,0,0,0.0,0.0,0.0,0.0,0.0,0.0,0.0,0.0,0.0,0.0,0.0,0.0,DPR,T5
656,who played the scare crow in wizard of oz,Raymond Wallace Bolger,Raymond Wallace Bolger,1,1,1,1,1.0,3.333.333.333.333.330,0.2,0.1,1.0,1.0,1.0,1.0,1.0,1.0,1.0,0.0,DPR,T5
667,where is the femur located on the human body,proximal (closest to the hip joint) bone of the leg,proximal,1,1,1,1,1.0,3.333.333.333.333.330,0.2,0.1,1.0,1.0,1.0,1.0,0.0,18.181.818.181.818.100,18.181.818.181.818.100,0.0,DPR,T5
668,who said truth justice and the american way,the comic-book character Superman,Superman,1,1,1,1,1.0,3.333.333.333.333.330,0.2,0.1,1.0,1.0,1.0,1.0,0.0,33.333.333.333.333.300,33.333.333.333.333.300,0.0,DPR,T5
669,who won the first stage of the 2018 tour de france,Fernando Gaviria of Quick-Step Floors,Geraint Thomas,0,0,0,0,0.0,0.0,0.0,0.0,0.0,0.0,0.0,0.0,0.0,0.0,0.0,0.0,DPR,T5
672,where is kuala lumpur located on a map,3°8′N 101°41′E﻿ / ﻿3.133°N 101.683°E,Malaysia,0,0,0,0,0.0,0.0,0.0,0.0,0.0,0.0,0.0,0.0,0.0,0.0,0.0,0.0,DPR,T5
673,when did falcon first appear in the mcu,in the 2014 film Captain America: The Winter Soldier,first appeared in Marvel Preview # 7 ( Summer 1976,0,0,0,0,0.0,0.0,0.0,0.0,0.0,0.0,0.0,0.0,0.0,11.764.705.882.352.900,11.764.705.882.352.900,0.0,DPR,T5
675,when did the battle of bannockburn take place,24 June 1314,23 -- 24 June 1314,0,1,1,1,0.0,3.333.333.333.333.330,0.2,0.1,0.0,3.333.333.333.333.330,3.333.333.333.333.330,3.333.333.333.333.330,0.0,8.571.428.571.428.570,8.571.428.571.428.570,0.0,DPR,T5
677,who does danny end up with in just go with it,Katherine,I don't know,0,0,0,0,0.0,0.0,0.0,0.0,0.0,0.0,0.0,0.0,0.0,0.0,0.0,0.0,DPR,T5
678,who played tj on head of the class,Rain Pryor,I don't know,0,0,0,0,0.0,0.0,0.0,0.0,0.0,0.0,0.0,0.0,0.0,0.0,0.0,0.0,DPR,T5
684,what is free trade area of the americas,agreement to eliminate or reduce the trade barriers,FTAA,1,1,1,1,1.0,3.333.333.333.333.330,0.2,0.1,1.0,1.0,1.0,1.0,0.0,0.0,0.0,0.0,DPR,T5
685,who was the first to suggest an atom existed,the ancient Greek philosophers Leucippus and his pupil Democritus,J.J. Thomson,0,0,0,0,0.0,0.0,0.0,0.0,0.0,0.0,0.0,0.0,0.0,0.0,0.0,0.0,DPR,T5
686,what percentage of the us population is east of the mississippi,58.28%,I don't know,0,0,0,0,0.0,0.0,0.0,0.0,0.0,0.0,0.0,0.0,0.0,0.0,0.0,0.0,DPR,T5
687,who is gertrude bell queen of the desert,"an English writer, traveller, political officer, administrator, and archaeologist",I don't know,0,1,1,1,0.0,3.333.333.333.333.330,0.2,0.1,0.0,0.5,0.5,0.5,0.0,0.0,0.0,0.0,DPR,T5
688,what is the name given to the rows in the periodic table,periods,periods,1,1,1,1,1.0,3.333.333.333.333.330,0.2,0.1,1.0,1.0,1.0,1.0,1.0,1.0,1.0,0.0,DPR,T5
689,who is the current director of the national park service,"Mike Reynolds, Acting Director",Mike Reynolds,0,1,1,1,0.0,3.333.333.333.333.330,0.2,0.1,0.0,0.5,0.5,0.5,0.0,6.666.666.666.666.660,6.666.666.666.666.660,0.0,DPR,T5
691,who was the first person who discovered gravitational pull,Aryabhata,Isaac Newton,0,0,0,0,0.0,0.0,0.0,0.0,0.0,0.0,0.0,0.0,0.0,0.0,0.0,0.0,DPR,T5
695,can't help falling in love who wrote it,Hugo Peretti,Norman Whitfield,0,0,0,0,0.0,0.0,0.0,0.0,0.0,0.0,0.0,0.0,0.0,0.0,0.0,0.0,DPR,T5
697,where is finland located on a map of europe,Northern Europe,Fennoscandia,1,1,1,1,1.0,3.333.333.333.333.330,0.2,0.1,1.0,1.0,1.0,1.0,0.0,0.0,0.0,0.0,DPR,T5
700,who wrote the i had a dream speech,Martin Luther King Jr.,Kavi Pradeep,1,1,1,1,1.0,6.666.666.666.666.660,0.4,0.2,1.0,1.0,1.0,1.0,0.0,0.0,0.0,0.0,DPR,T5
701,who is the highest paid player in all of sports,Cristiano Ronaldo,Kevin Garnett,0,0,0,1,0.0,0.0,0.0,0.1,0.0,0.0,0.0,1.111.111.111.111.110,0.0,0.0,0.0,0.0,DPR,T5
706,who won the battle of charleston in the revolutionary war,the British,U.S.,0,1,1,1,0.0,3.333.333.333.333.330,0.2,0.3,0.0,0.5,0.5,0.5,0.0,0.0,0.0,0.0,DPR,T5
710,which of the following are components of the pns,nerves and ganglia outside the brain and spinal cord,nerves and ganglia outside the brain and spinal cord,1,1,1,1,1.0,3.333.333.333.333.330,0.2,0.1,1.0,1.0,1.0,1.0,1.0,1.0,1.0,1.0,DPR,T5
711,who wrote the song come thou fount of every blessing,18th century pastor and hymnist Robert Robinson,Franck Pourcel and Paul Mauriat,0,0,0,0,0.0,0.0,0.0,0.0,0.0,0.0,0.0,0.0,0.0,16.666.666.666.666.600,16.666.666.666.666.600,0.0,DPR,T5
716,a series of unfortunate events season 1 episode 2,The Bad Beginning: Part Two,I don't know.,0,0,0,0,0.0,0.0,0.0,0.0,0.0,0.0,0.0,0.0,0.0,0.0,0.0,0.0,DPR,T5
719,who is the present speaker in lok sabha,Sumitra Mahajan of the Bharatiya Janata Party,Ram Nath Kovind,0,0,0,0,0.0,0.0,0.0,0.0,0.0,0.0,0.0,0.0,0.0,0.0,0.0,0.0,DPR,T5
720,who is said be the father of volleyball,William George Morgan,George Mikan,0,0,0,0,0.0,0.0,0.0,0.0,0.0,0.0,0.0,0.0,0.0,0.4,0.4,0.0,DPR,T5
722,who has the most medals in this year's winter olympics,Norway,Great Britain,0,0,0,0,0.0,0.0,0.0,0.0,0.0,0.0,0.0,0.0,0.0,0.0,0.0,0.0,DPR,T5
723,when was the internet introduced in the philippines,"on March 29, 1994","March 29, 1994",1,1,1,1,1.0,3.333.333.333.333.330,0.2,0.1,1.0,1.0,1.0,1.0,0.0,8.571.428.571.428.570,8.571.428.571.428.570,7.788.007.830.714.040,DPR,T5
729,who is the heroine of quit india movement,Aruna Asaf Ali,Gandhi,0,0,0,0,0.0,0.0,0.0,0.0,0.0,0.0,0.0,0.0,0.0,0.0,0.0,0.0,DPR,T5
731,when can a med student be called doctor,Upon successful completion of medical school,I don't know,0,0,0,0,0.0,0.0,0.0,0.0,0.0,0.0,0.0,0.0,0.0,0.0,0.0,0.0,DPR,T5
736,who played piggy in lord of the flies,Hugh Edwards,Judy Garland,0,0,0,0,0.0,0.0,0.0,0.0,0.0,0.0,0.0,0.0,0.0,0.0,0.0,0.0,DPR,T5
741,when did disney's 101 dalmations come out,"January 25, 1961",1961,0,0,0,0,0.0,0.0,0.0,0.0,0.0,0.0,0.0,0.0,0.0,0.5,0.5,0.0,DPR,T5
742,when did they stop putting cigarettes in rations,1975,1975,1,1,1,1,1.0,3.333.333.333.333.330,0.2,0.1,1.0,1.0,1.0,1.0,1.0,1.0,1.0,0.0,DPR,T5
743,when did reese's peanut butter cups first come out,1928,1928,0,1,1,1,0.0,3.333.333.333.333.330,0.2,0.1,0.0,0.5,0.5,0.5,1.0,1.0,1.0,0.0,DPR,T5
749,who does christopher walken play in the jungle book,King Louie,Mowgli,0,0,0,0,0.0,0.0,0.0,0.0,0.0,0.0,0.0,0.0,0.0,0.0,0.0,0.0,DPR,T5
751,what is the name of the island of haiti and dominican republic,Hispaniola,Hispaniola,1,1,1,1,1.0,3.333.333.333.333.330,0.2,0.2,1.0,1.0,1.0,1.0,1.0,1.0,1.0,0.0,DPR,T5
754,where have the mescalero apache settled in new mexico,Mescalero Apache Reservation,Tinm Municipality,0,0,0,0,0.0,0.0,0.0,0.0,0.0,0.0,0.0,0.0,0.0,0.0,0.0,0.0,DPR,T5
756,where is the new texas rangers stadium being built,Arlington,Arlington,1,1,1,1,1.0,6.666.666.666.666.660,0.4,0.2,1.0,1.0,1.0,1.0,1.0,1.0,1.0,0.0,DPR,T5
761,where was mash 4077 supposed to be in korea,"Uijeongbu, South Korea",Uijeongbu,1,1,1,1,1.0,3.333.333.333.333.330,0.2,0.1,1.0,1.0,1.0,1.0,0.0,0.5,0.5,0.0,DPR,T5
763,theme of the movie akeelah and the bee,overcoming obstacles despite difficult challenges along the way,I don't know.,0,0,0,0,0.0,0.0,0.0,0.0,0.0,0.0,0.0,0.0,0.0,0.0,0.0,0.0,DPR,T5
764,who has the most nba championships in nba history,Bill Russell,Bill Russell,0,1,1,1,0.0,3.333.333.333.333.330,0.2,0.1,0.0,0.5,0.5,0.5,1.0,1.0,1.0,0.0,DPR,T5
765,when will ios 10 be released for ipad mini,"September 13, 2016",I don't know,1,1,1,1,1.0,6.666.666.666.666.660,0.4,0.2,1.0,1.0,1.0,1.0,0.0,0.0,0.0,0.0,DPR,T5
770,when did north america arrive at the location it is in today,mid-Cretaceous period,"40,000 to 17,000 years ago",0,0,0,0,0.0,0.0,0.0,0.0,0.0,0.0,0.0,0.0,0.0,0.0,0.0,0.0,DPR,T5
772,who said off with their heads in alice in wonderland,The Queen of Hearts,I don't know,0,0,0,0,0.0,0.0,0.0,0.0,0.0,0.0,0.0,0.0,0.0,0.0,0.0,0.0,DPR,T5
774,who devised the first test for detection of arsenic in 1775,Carl Wilhelm Scheele,James Marsh,0,0,0,0,0.0,0.0,0.0,0.0,0.0,0.0,0.0,0.0,0.0,0.0,0.0,0.0,DPR,T5
777,who plays the bad guy in looney tunes back in action,Steve Martin,Steve Martin,1,1,1,1,1.0,3.333.333.333.333.330,0.2,0.1,1.0,1.0,1.0,1.0,1.0,1.0,1.0,0.0,DPR,T5
779,when did dr seuss wrote his first book,1936,1818,0,1,1,1,0.0,3.333.333.333.333.330,0.2,0.1,0.0,3.333.333.333.333.330,3.333.333.333.333.330,3.333.333.333.333.330,0.0,0.0,0.0,0.0,DPR,T5
783,what is the average age to die in the uk,81.2,I don't know.,0,0,0,0,0.0,0.0,0.0,0.0,0.0,0.0,0.0,0.0,0.0,0.0,0.0,0.0,DPR,T5
790,who sings the theme song for miami vice,Jan Hammer,Bryan Adams,0,0,0,0,0.0,0.0,0.0,0.0,0.0,0.0,0.0,0.0,0.0,0.0,0.0,0.0,DPR,T5
791,where is red dog mine located in alaska,68°04′19″N 162°52′34″W﻿ / ﻿68.071989°N 162.876044°W,Northwest Arctic Borough,0,0,0,0,0.0,0.0,0.0,0.0,0.0,0.0,0.0,0.0,0.0,0.0,0.0,0.0,DPR,T5
795,where does the name iron maiden come from,iron maiden torture device,Bastille Day,0,0,0,0,0.0,0.0,0.0,0.0,0.0,0.0,0.0,0.0,0.0,0.0,0.0,0.0,DPR,T5
796,where is orange county choppers located in new york,"the town of Newburgh, located in Orange County, New York",Town of Newburgh,0,0,0,0,0.0,0.0,0.0,0.0,0.0,0.0,0.0,0.0,0.0,4.615.384.615.384.610,4.615.384.615.384.610,0.0,DPR,T5
797,when did my girl by the temptations come out,"December 21, 1964","August 17, 2018",0,0,0,0,0.0,0.0,0.0,0.0,0.0,0.0,0.0,0.0,0.0,0.0,0.0,0.0,DPR,T5
799,when did the first winter olympic games take place,1924,1948,0,1,1,1,0.0,3.333.333.333.333.330,0.2,0.2,0.0,0.5,0.5,0.5,0.0,0.0,0.0,0.0,DPR,T5
802,when is the raiders first game in las vegas,2020,2020,1,1,1,1,1.0,3.333.333.333.333.330,0.2,0.1,1.0,1.0,1.0,1.0,1.0,1.0,1.0,0.0,DPR,T5
805,who is chief executive of marks and spencer,Stephen Joseph Rowe,Marc Bolland,0,0,0,0,0.0,0.0,0.0,0.0,0.0,0.0,0.0,0.0,0.0,0.0,0.0,0.0,DPR,T5
809,what race is aaron judge of the new york yankees,African-American,American,0,0,0,0,0.0,0.0,0.0,0.0,0.0,0.0,0.0,0.0,0.0,6.666.666.666.666.660,6.666.666.666.666.660,0.0,DPR,T5
811,when did the secret service start guarding the president,After the 1901 assassination of President William McKinley,2003,0,0,0,0,0.0,0.0,0.0,0.0,0.0,0.0,0.0,0.0,0.0,0.0,0.0,0.0,DPR,T5
812,what percent of the english language is greek,5.32%,I don't know,0,0,0,0,0.0,0.0,0.0,0.0,0.0,0.0,0.0,0.0,0.0,0.0,0.0,0.0,DPR,T5
813,who played alice in seven brides for seven brothers,Nancy Kilgas,Melissa McBride,0,1,1,1,0.0,3.333.333.333.333.330,0.2,0.1,0.0,3.333.333.333.333.330,3.333.333.333.333.330,3.333.333.333.333.330,0.0,0.0,0.0,0.0,DPR,T5
815,when does the 2018 mn legislative session end,"January 7, 2019","January 7, 2019",1,1,1,1,1.0,6.666.666.666.666.660,0.4,0.2,1.0,1.0,1.0,1.0,1.0,1.0,1.0,1.0,DPR,T5
819,when did dallas cowboys go to the superbowl,1970,1991,0,0,1,1,0.0,0.0,0.4,0.2,0.0,0.0,0.25,0.25,0.0,0.0,0.0,0.0,DPR,T5
820,when did the last episode of code black air,"July 18, 2018","October 31, 2017",0,0,0,0,0.0,0.0,0.0,0.0,0.0,0.0,0.0,0.0,0.0,0.0,0.0,0.0,DPR,T5
822,who plays marnie in bring it on again,Bethany Joy Lenz,Christine Jane Baranski,0,0,0,0,0.0,0.0,0.0,0.0,0.0,0.0,0.0,0.0,0.0,0.0,0.0,0.0,DPR,T5
827,when was the last time byu won utah,"November 28, 2009",2010 -- present,0,0,0,0,0.0,0.0,0.0,0.0,0.0,0.0,0.0,0.0,0.0,0.0,0.0,0.0,DPR,T5
828,who flew to close to the sun and his wings melted,Icarus,Icarus,1,1,1,1,1.0,3.333.333.333.333.330,0.2,0.1,1.0,1.0,1.0,1.0,1.0,1.0,1.0,0.0,DPR,T5
834,when was amen first used in the bible,Numbers 5:22,First recorded in the 1860s,0,0,0,0,0.0,0.0,0.0,0.0,0.0,0.0,0.0,0.0,0.0,0.0,0.0,0.0,DPR,T5
838,who sings don't get around much anymore,Duke Ellington,Duke Ellington,1,1,1,1,1.0,3.333.333.333.333.330,0.2,0.2,1.0,1.0,1.0,1.0,1.0,1.0,1.0,0.0,DPR,T5
842,when did the battle of fort sumter happen,"April 12–13, 1861","April 19, 1775",0,0,0,0,0.0,0.0,0.0,0.0,0.0,0.0,0.0,0.0,0.0,3.333.333.333.333.330,28.571.428.571.428.500,0.0,DPR,T5
843,tallest person in the world guinness world record,Robert Wadlow,I don't know,0,1,1,1,0.0,3.333.333.333.333.330,0.2,0.1,0.0,0.5,0.5,0.5,0.0,0.0,0.0,0.0,DPR,T5
844,at what output is marginal product of labour the highest,at the point of diminishing returns,I don't know,0,0,0,0,0.0,0.0,0.0,0.0,0.0,0.0,0.0,0.0,0.0,0.0,0.0,0.0,DPR,T5
850,who sing the theme song for good times,Jim Gilstrap,Whitney Houston,0,0,0,0,0.0,0.0,0.0,0.0,0.0,0.0,0.0,0.0,0.0,0.0,0.0,0.0,DPR,T5
857,what is area code 01446 in the uk,Barry,I don't know,0,0,0,0,0.0,0.0,0.0,0.0,0.0,0.0,0.0,0.0,0.0,0.0,0.0,0.0,DPR,T5
858,when is halley's comet coming around again,mid-2061,mid-2061,1,1,1,1,1.0,3.333.333.333.333.330,0.2,0.1,1.0,1.0,1.0,1.0,1.0,1.0,1.0,0.0,DPR,T5
863,is tomato a fruit or vegetable us supreme court,vegetable,vegetable,1,1,1,1,1.0,3.333.333.333.333.330,0.2,0.1,1.0,1.0,1.0,1.0,1.0,1.0,1.0,0.0,DPR,T5
866,who plays dean and sam dad in supernatural,Jeffrey Dean Morgan,Jeffrey Dean Morgan,1,1,1,1,1.0,3.333.333.333.333.330,0.2,0.1,1.0,1.0,1.0,1.0,1.0,1.0,1.0,0.0,DPR,T5
867,the first railway line between karachi and kotri was constructed in,April 1858,April 1858,1,1,1,1,1.0,3.333.333.333.333.330,0.2,0.1,1.0,1.0,1.0,1.0,1.0,1.0,1.0,0.0,DPR,T5
870,when does jacob find out he's a werewolf,In the second book of the series (New Moon),second book of the series,1,1,1,1,1.0,3.333.333.333.333.330,0.2,0.1,1.0,1.0,1.0,1.0,0.0,7.142.857.142.857.140,7.142.857.142.857.140,301.194.211.912.202,DPR,T5
873,who is the creator of star vs the forces of evil,Daron Nefcy,Daron Nefcy,1,1,1,1,1.0,1.0,0.6,0.3,1.0,1.0,1.0,1.0,1.0,1.0,1.0,0.0,DPR,T5
878,where does it always sunny in philadelphia take place,Philadelphia,in the years before and after the American Revolutionary War,1,1,1,1,1.0,6.666.666.666.666.660,0.4,0.2,1.0,1.0,1.0,1.0,0.0,0.0,0.0,0.0,DPR,T5
879,who is the longest reigning wwe united states champion,Lex Luger,I don't know.,0,0,0,0,0.0,0.0,0.0,0.0,0.0,0.0,0.0,0.0,0.0,0.0,0.0,0.0,DPR,T5
880,when did we start the pledge of allegiance,1942,1887,1,1,1,1,1.0,3.333.333.333.333.330,0.2,0.1,1.0,1.0,1.0,1.0,0.0,0.0,0.0,0.0,DPR,T5
884,total number of articles in indian constitution at present,448,I don't know,0,0,0,0,0.0,0.0,0.0,0.0,0.0,0.0,0.0,0.0,0.0,0.0,0.0,0.0,DPR,T5
887,who teaches defense against the dark arts after snape,Amycus Carrow,I don't know,0,0,0,0,0.0,0.0,0.0,0.0,0.0,0.0,0.0,0.0,0.0,0.0,0.0,0.0,DPR,T5
888,who does the voice for the aflac duck,Gilbert Gottfried,Gilbert Gottfried,1,1,1,1,1.0,3.333.333.333.333.330,0.2,0.1,1.0,1.0,1.0,1.0,1.0,1.0,1.0,0.0,DPR,T5
889,when was the last time celtics won nba championship,2008,1968,0,0,0,1,0.0,0.0,0.0,0.1,0.0,0.0,0.0,0.1,0.0,0.0,0.0,0.0,DPR,T5
895,when was the national world war ii memorial built,"April 29, 2004",I don't know.,0,0,0,0,0.0,0.0,0.0,0.0,0.0,0.0,0.0,0.0,0.0,0.0,0.0,0.0,DPR,T5
898,who wrote the book of obadiah in the bible,Obadiah,Balaam,1,1,1,1,1.0,3.333.333.333.333.330,0.2,0.1,1.0,1.0,1.0,1.0,0.0,0.0,0.0,0.0,DPR,T5
901,who plays janine's mom on house of payne,Anne-Marie Johnson,I don't know,0,0,0,0,0.0,0.0,0.0,0.0,0.0,0.0,0.0,0.0,0.0,0.0,0.0,0.0,DPR,T5
903,where was the lowest temperature ever recorded on earth,Soviet Vostok Station in Antarctica,Verkhoyansk and Oymyakon,1,1,1,1,1.0,3.333.333.333.333.330,0.2,0.1,1.0,1.0,1.0,1.0,0.0,0.0,0.0,0.0,DPR,T5
908,who wrote the strange case of dr jekyll and mr hyde,Robert Louis Stevenson,Robert Louis Stevenson,1,1,1,1,1.0,6.666.666.666.666.660,0.4,0.2,1.0,1.0,1.0,1.0,1.0,1.0,1.0,0.0,DPR,T5
910,a large collection of servers is called a(n),server farm or server cluster,mega-classification,0,0,0,0,0.0,0.0,0.0,0.0,0.0,0.0,0.0,0.0,0.0,0.0,0.0,0.0,DPR,T5
914,when did the first rocket launched into space,1944,2008,0,0,0,0,0.0,0.0,0.0,0.0,0.0,0.0,0.0,0.0,0.0,0.0,0.0,0.0,DPR,T5
916,daniel bedingfield if you're not the one album,Gotta Get Thru This,Gotta Get Thru This,1,1,1,1,1.0,6.666.666.666.666.660,0.4,0.2,1.0,1.0,1.0,1.0,1.0,1.0,1.0,1.0,DPR,T5
918,when did winning colors win the kentucky derby,1988,1988,0,1,1,1,0.0,3.333.333.333.333.330,0.2,0.1,0.0,0.5,0.5,0.5,1.0,1.0,1.0,0.0,DPR,T5
919,when was the last time the la kings made the playoffs,2017–18,2017,0,0,0,0,0.0,0.0,0.0,0.0,0.0,0.0,0.0,0.0,0.0,0.0,6.666.666.666.666.660,0.0,DPR,T5
922,list three offices included in the executive office of the president,Office of Administration,"Vice President, Speaker of the House of Representatives, President pro tempore of the Senate",0,0,0,0,0.0,0.0,0.0,0.0,0.0,0.0,0.0,0.0,0.0,11.764.705.882.352.900,11.764.705.882.352.900,0.0,DPR,T5
923,how many national parks are there in karnataka,five,I don't know,0,0,1,1,0.0,0.0,0.2,0.2,0.0,0.0,0.25,0.25,0.0,0.0,0.0,0.0,DPR,T5
945,how many sports are there in the 2018 commonwealth games,19 Commonwealth sports,17,0,0,0,0,0.0,0.0,0.0,0.0,0.0,0.0,0.0,0.0,0.0,0.0,0.0,0.0,DPR,T5
947,queer eye for the straight guy catch phrase,American reality television series,occam's razor,1,1,1,1,1.0,3.333.333.333.333.330,0.2,0.1,1.0,1.0,1.0,1.0,0.0,0.0,0.0,0.0,DPR,T5
952,who won britain's got talent 2012 winner,Ashleigh and Pudsey,Ashleigh and Pudsey,1,1,1,1,1.0,3.333.333.333.333.330,0.2,0.1,1.0,1.0,1.0,1.0,1.0,1.0,1.0,0.0,DPR,T5
953,what three offices made up virginia's representative government,lieutenant governor and attorney general,Senate,0,0,0,0,0.0,0.0,0.0,0.0,0.0,0.0,0.0,0.0,0.0,0.0,0.0,0.0,DPR,T5
957,who plays the evil queen on once upon a time,Lana Maria Parrilla,Lana Maria Parrilla,1,1,1,1,1.0,3.333.333.333.333.330,0.2,0.1,1.0,1.0,1.0,1.0,1.0,1.0,1.0,0.0,DPR,T5
962,what children's book was set in camp green lake texas,Holes,Holes,1,1,1,1,1.0,3.333.333.333.333.330,0.2,0.1,1.0,1.0,1.0,1.0,1.0,1.0,1.0,0.0,DPR,T5
968,who sings the song hey ho let's go,Ramones,Starship,0,0,0,0,0.0,0.0,0.0,0.0,0.0,0.0,0.0,0.0,0.0,0.0,0.0,0.0,DPR,T5
970,when was harry potter first published in the us,1 September 1998,1998,0,0,0,0,0.0,0.0,0.0,0.0,0.0,0.0,0.0,0.0,0.0,0.5,0.5,0.0,DPR,T5
973,when was oman given the official name sultanate of oman,9 August 1970,I don't know,0,1,1,1,0.0,3.333.333.333.333.330,0.2,0.1,0.0,0.5,0.5,0.5,0.0,0.0,0.0,0.0,DPR,T5
976,who sang backing vocals on you're so vain,Mick Jagger,Little Big Town,0,0,0,0,0.0,0.0,0.0,0.0,0.0,0.0,0.0,0.0,0.0,0.0,0.0,0.0,DPR,T5
977,what episode did jim die on ghost whisperer,"""Imaginary Friends and Enemies""",Flight,0,0,0,0,0.0,0.0,0.0,0.0,0.0,0.0,0.0,0.0,0.0,0.0,0.0,0.0,DPR,T5
979,who plays becky on the us cellular commercial,Darien Sills-Evans,I don't know,0,0,0,0,0.0,0.0,0.0,0.0,0.0,0.0,0.0,0.0,0.0,0.0,0.0,0.0,DPR,T5
990,what is an example of a natural climate record/proxy,ice cores,ice cores,0,1,1,1,0.0,3.333.333.333.333.330,0.2,0.1,0.0,0.5,0.5,0.5,1.0,1.0,1.0,0.0,DPR,T5
991,where does the book of daniel take place,Babylon,Babylon,0,1,1,1,0.0,3.333.333.333.333.330,0.2,0.1,0.0,3.333.333.333.333.330,3.333.333.333.333.330,3.333.333.333.333.330,1.0,1.0,1.0,0.0,DPR,T5
997,who plays victoria in young and the restless,Amelia Heinle Luckinbill,I don't know,0,0,0,0,0.0,0.0,0.0,0.0,0.0,0.0,0.0,0.0,0.0,0.0,0.0,0.0,DPR,T5
1001,who won the cfp national championship last year,Alabama,the Seahawks,0,0,0,0,0.0,0.0,0.0,0.0,0.0,0.0,0.0,0.0,0.0,0.0,0.0,0.0,DPR,T5
1004,where was last song filmed on tybee island,on the island's beach and pier,The Blue Lagoon,0,0,0,0,0.0,0.0,0.0,0.0,0.0,0.0,0.0,0.0,0.0,0.2,0.2,0.0,DPR,T5
1008,who led the brewers in home runs in 1982,Gorman Thomas,Barry Bonds,0,0,0,0,0.0,0.0,0.0,0.0,0.0,0.0,0.0,0.0,0.0,0.0,0.0,0.0,DPR,T5
1010,who won season 3 rupaul's drag race all stars,Trixie Mattel,Trixie Mattel,0,1,1,1,0.0,3.333.333.333.333.330,0.2,0.1,0.0,0.5,0.5,0.5,1.0,1.0,1.0,0.0,DPR,T5
1012,how far is the horsehead nebula from earth,approximately 1500 light years,1500 light years,1,1,1,1,1.0,3.333.333.333.333.330,0.2,0.1,1.0,1.0,1.0,1.0,0.0,8.571.428.571.428.570,8.571.428.571.428.570,0.0,DPR,T5
1014,who was the song i'll be missing you about,"Christopher ""The Notorious B.I.G."" Wallace",Christopher  The Notorious B.I.G. '' Wallace,1,1,1,1,1.0,3.333.333.333.333.330,0.2,0.1,1.0,1.0,1.0,1.0,1.0,1.0,1.0,6.552.276.436.414.590,DPR,T5
1019,who played sunshine in the movie harlem nights,Rochon,I don't know,0,0,0,0,0.0,0.0,0.0,0.0,0.0,0.0,0.0,0.0,0.0,0.0,0.0,0.0,DPR,T5
1022,where do the chicago white sox play spring training,Camelback Ranch–Glendale,Camelback Ranch -- Glendale,0,0,0,0,0.0,0.0,0.0,0.0,0.0,0.0,0.0,0.0,0.0,0.4,1.0,0.0,DPR,T5
1031,where does the last name haugen come from,the old Norse word haugr,Norse,1,1,1,1,1.0,3.333.333.333.333.330,0.2,0.1,1.0,1.0,1.0,1.0,0.0,33.333.333.333.333.300,33.333.333.333.333.300,0.0,DPR,T5
1038,when was the last time north korea fired a missile,September 15,I don't know.,0,0,0,0,0.0,0.0,0.0,0.0,0.0,0.0,0.0,0.0,0.0,0.0,0.0,0.0,DPR,T5
1041,who played professor wilder on dawson's creek,"Kenneth Joseph ""Ken"" Marino",I don't know,0,0,0,1,0.0,0.0,0.0,0.1,0.0,0.0,0.0,16.666.666.666.666.600,0.0,0.0,0.0,0.0,DPR,T5
1043,who sang can't get enough of your love baby,Barry White,Kylie Minogue,1,1,1,1,1.0,3.333.333.333.333.330,0.2,0.1,1.0,1.0,1.0,1.0,0.0,0.0,0.0,0.0,DPR,T5
1044,who is nana saheb in bajirao mastani movie,Ayush Tandon,I don't know,0,0,0,0,0.0,0.0,0.0,0.0,0.0,0.0,0.0,0.0,0.0,0.0,0.0,0.0,DPR,T5
1045,what is the color of hyperlink in html,blue,I don't know,0,0,0,0,0.0,0.0,0.0,0.0,0.0,0.0,0.0,0.0,0.0,0.0,0.0,0.0,DPR,T5
1048,who is the managing director of hdfc bank,Aditya Puri,Aditya Puri,1,1,1,1,1.0,3.333.333.333.333.330,0.4,0.2,1.0,1.0,1.0,1.0,1.0,1.0,1.0,0.0,DPR,T5
1050,how old do you have to be to run for the president of the united states,thirty-five Years,I don't know,0,0,1,1,0.0,0.0,0.2,0.1,0.0,0.0,0.25,0.25,0.0,0.0,0.0,0.0,DPR,T5
1053,when did israel adopt the star of david,"October 28, 1948",the sixteenth century,0,0,0,0,0.0,0.0,0.0,0.0,0.0,0.0,0.0,0.0,0.0,0.0,0.0,0.0,DPR,T5
1059,where are the ascii characters found in the utf-8 code points,The first 128 characters,"in computers, telecommunications equipment, and other devices",0,0,0,0,0.0,0.0,0.0,0.0,0.0,0.0,0.0,0.0,0.0,0.0,0.0,0.0,DPR,T5
1069,is an encoding for english alphanumeric characters as 7-bit numbers,ASCII,UTF-8,1,1,1,1,1.0,3.333.333.333.333.330,0.2,0.1,1.0,1.0,1.0,1.0,0.0,0.0,0.0,0.0,DPR,T5
1071,who played lucky on king of the hill,Tom Petty,Elroy,0,0,0,0,0.0,0.0,0.0,0.0,0.0,0.0,0.0,0.0,0.0,0.0,0.0,0.0,DPR,T5
1074,when did they start the draft for the vietnam war,"December 1, 1969","December 1, 1969",1,1,1,1,1.0,3.333.333.333.333.330,0.2,0.1,1.0,1.0,1.0,1.0,1.0,1.0,1.0,1.0,DPR,T5
1077,who plays the mother in a monster calls,Felicity Jones,Felicity Jones,1,1,1,1,1.0,3.333.333.333.333.330,0.2,0.1,1.0,1.0,1.0,1.0,1.0,1.0,1.0,0.0,DPR,T5
1078,when does the 16 days of activism campaign start,25 November,25 November,1,1,1,1,1.0,3.333.333.333.333.330,0.2,0.1,1.0,1.0,1.0,1.0,1.0,1.0,1.0,0.0,DPR,T5
1079,when did bud lose his leg in jag,2002,I don't know,0,0,0,0,0.0,0.0,0.0,0.0,0.0,0.0,0.0,0.0,0.0,0.0,0.0,0.0,DPR,T5
1080,who does mary camden marry in 7th heaven,Carlos Rivera,Kevin,0,0,0,0,0.0,0.0,0.0,0.0,0.0,0.0,0.0,0.0,0.0,0.0,0.0,0.0,DPR,T5
1083,who wrote the music for dances with wolves,John Barry Prendergast,John Barry Prendergast,1,1,1,1,1.0,3.333.333.333.333.330,0.2,0.1,1.0,1.0,1.0,1.0,1.0,1.0,1.0,0.0,DPR,T5
1084,who did the donkey talk to in the bible,Balaam,Balaam,1,1,1,1,1.0,3.333.333.333.333.330,0.2,0.1,1.0,1.0,1.0,1.0,1.0,1.0,1.0,0.0,DPR,T5
1085,what movie has the song here comes the sun,Sgt. Pepper's Lonely Hearts Club Band,my fair lady,0,0,0,0,0.0,0.0,0.0,0.0,0.0,0.0,0.0,0.0,0.0,0.0,0.0,0.0,DPR,T5
1089,when did the song colt 45 come out,"September 6, 2001","June 5, 1948",0,0,0,0,0.0,0.0,0.0,0.0,0.0,0.0,0.0,0.0,0.0,0.0,0.0,0.0,DPR,T5
1090,what is the main train station in milan,Milan Central,Milan Central,1,1,1,1,1.0,3.333.333.333.333.330,0.2,0.1,1.0,1.0,1.0,1.0,1.0,1.0,1.0,0.0,DPR,T5
1092,who handles the money in the us government,Department of the Treasury,Treasury,1,1,1,1,1.0,6.666.666.666.666.660,0.4,0.3,1.0,1.0,1.0,1.0,0.0,0.4,0.4,0.0,DPR,T5
1097,when did the center of the roman empire moved from rome to constantinople,11 May 330 AD,300 AD,0,0,0,0,0.0,0.0,0.0,0.0,0.0,0.0,0.0,0.0,0.0,3.333.333.333.333.330,3.333.333.333.333.330,0.0,DPR,T5
1106,where did they film the first twilight movie,"primarily in Portland, Oregon","Hammond, Louisiana",0,0,0,0,0.0,0.0,0.0,0.0,0.0,0.0,0.0,0.0,0.0,0.0,0.0,0.0,DPR,T5
1112,the evil queen's name in snow white,Queen Grimhilde,Queen Grimhilde,1,1,1,1,1.0,3.333.333.333.333.330,0.2,0.2,1.0,1.0,1.0,1.0,1.0,1.0,1.0,0.0,DPR,T5
1113,who was the ruler of india when east india company was set up,Queen Elizabeth I,British,0,0,0,0,0.0,0.0,0.0,0.0,0.0,0.0,0.0,0.0,0.0,0.0,0.0,0.0,DPR,T5
1114,who is considered to be the first pope,St Peter,Augustine of Canterbury,0,1,1,1,0.0,3.333.333.333.333.330,0.2,0.1,0.0,3.333.333.333.333.330,3.333.333.333.333.330,3.333.333.333.333.330,0.0,0.0,0.0,0.0,DPR,T5
1119,where does the red river begin and end,"Harmon County, Oklahoma",The mouth of the river,0,1,1,1,0.0,3.333.333.333.333.330,0.2,0.1,0.0,0.5,0.5,0.5,0.0,0.0,0.0,0.0,DPR,T5
1120,when did sachin tendulkar win the world cup,2011,I don't know,0,0,0,0,0.0,0.0,0.0,0.0,0.0,0.0,0.0,0.0,0.0,0.0,0.0,0.0,DPR,T5
1122,when did beverly hills cop 2 come out,1987,1987,1,1,1,1,1.0,3.333.333.333.333.330,0.2,0.1,1.0,1.0,1.0,1.0,1.0,1.0,1.0,0.0,DPR,T5
1124,which leader halted the muslim invasion of western europe at the battle of tours,Charles Martel,Emperor Claudius,0,0,0,0,0.0,0.0,0.0,0.0,0.0,0.0,0.0,0.0,0.0,0.0,0.0,0.0,DPR,T5
1126,what is the largest state in america by size,Alaska,Alaska,1,1,1,1,1.0,6.666.666.666.666.660,0.4,0.4,1.0,1.0,1.0,1.0,1.0,1.0,1.0,0.0,DPR,T5
1127,actor who plays jack in will and grace,Sean Patrick Hayes,Sean Patrick Hayes,1,1,1,1,1.0,3.333.333.333.333.330,0.2,0.1,1.0,1.0,1.0,1.0,1.0,1.0,1.0,0.0,DPR,T5
1129,who was the first person to die in romeo and juliet,Mercutio,Rosaline,0,1,1,1,0.0,3.333.333.333.333.330,0.4,0.3,0.0,0.5,0.5,0.5,0.0,0.0,0.0,0.0,DPR,T5
1131,who does chris griffin's voice on family guy,Seth Green,I don't know,0,0,0,0,0.0,0.0,0.0,0.0,0.0,0.0,0.0,0.0,0.0,0.0,0.0,0.0,DPR,T5
1135,how many republicans are in the senate in 2018,51,Nine seats up for election,0,1,1,1,0.0,3.333.333.333.333.330,0.4,0.3,0.0,0.5,0.5,0.5,0.0,0.0,0.0,0.0,DPR,T5
1142,who did cleveland play in the finals last year,Golden State Warriors,Golden State Warriors,1,1,1,1,1.0,6.666.666.666.666.660,0.6,0.4,1.0,1.0,1.0,1.0,1.0,1.0,1.0,0.0,DPR,T5
1145,how many athletes does great britain have in the 2018 olympics,58,58,1,1,1,1,1.0,6.666.666.666.666.660,0.6,0.3,1.0,1.0,1.0,1.0,1.0,1.0,1.0,0.0,DPR,T5
1149,who got the highest paid contract in the nba,Stephen Curry,Kevin Garnett,1,1,1,1,1.0,3.333.333.333.333.330,0.2,0.1,1.0,1.0,1.0,1.0,0.0,0.0,0.0,0.0,DPR,T5
1151,the south african institute of tax practitioners was constituted as,a Not for Profit professional body,2007,0,0,0,0,0.0,0.0,0.0,0.0,0.0,0.0,0.0,0.0,0.0,0.0,0.0,0.0,DPR,T5
1152,which president was the president of columbia university,Dwight D. Eisenhower,Luis Guillermo Sols,0,0,0,1,0.0,0.0,0.0,0.1,0.0,0.0,0.0,14.285.714.285.714.200,0.0,0.0,0.0,0.0,DPR,T5
1153,who played spur in man from snowy river,Kirk Douglas,Kirk Douglas,1,1,1,1,1.0,3.333.333.333.333.330,0.2,0.1,1.0,1.0,1.0,1.0,1.0,1.0,1.0,0.0,DPR,T5
1155,where is xanthophyll found in a plant's cell,leaves,throughout,0,1,1,1,0.0,3.333.333.333.333.330,0.2,0.1,0.0,0.5,0.5,0.5,0.0,0.0,0.0,0.0,DPR,T5
1156,who pioneered the little black dress or lbd back in 1926,Coco Chanel,Coco Chanel,1,1,1,1,1.0,3.333.333.333.333.330,0.2,0.1,1.0,1.0,1.0,1.0,1.0,1.0,1.0,0.0,DPR,T5
1161,who were the first to start a company to trade with india,the Portuguese Estado da Índia,the Spanish and Portuguese,0,0,0,0,0.0,0.0,0.0,0.0,0.0,0.0,0.0,0.0,0.0,4.444.444.444.444.440,4.444.444.444.444.440,0.0,DPR,T5
1162,pay scale of section officer in central secretariat,Junior Time Scale,pension,0,0,0,0,0.0,0.0,0.0,0.0,0.0,0.0,0.0,0.0,0.0,0.0,0.0,0.0,DPR,T5
1163,who is the actor that plays jax in sons of anarchy,Charles Matthew Hunnam,Charles Matthew Hunnam,1,1,1,1,1.0,3.333.333.333.333.330,0.2,0.1,1.0,1.0,1.0,1.0,1.0,1.0,1.0,0.0,DPR,T5
1169,who is the yankees all-time leader in pitching wins,Roger Clemens,Cy Young,0,0,0,0,0.0,0.0,0.0,0.0,0.0,0.0,0.0,0.0,0.0,0.0,0.0,0.0,DPR,T5
1170,where did the 2010 world cup take place,South Africa,South Africa,1,1,1,1,1.0,6.666.666.666.666.660,0.4,0.2,1.0,1.0,1.0,1.0,1.0,1.0,1.0,0.0,DPR,T5
1171,who plays the character dog in game of thrones,Rory McCann,Rory McCann,1,1,1,1,1.0,6.666.666.666.666.660,0.4,0.2,1.0,1.0,1.0,1.0,1.0,1.0,1.0,0.0,DPR,T5
1174,the president of the united states is a member of what branch of government,the executive branch of the federal government,executive,1,1,1,1,1.0,3.333.333.333.333.330,0.2,0.1,1.0,1.0,1.0,1.0,0.0,0.25,0.25,0.0,DPR,T5
1179,who sings the song ain't no stopping us now,McFadden & Whitehead,McFadden & Whitehead,1,1,1,1,1.0,3.333.333.333.333.330,0.2,0.1,1.0,1.0,1.0,1.0,1.0,1.0,1.0,0.0,DPR,T5
1183,what kind of boat is used in the everglades,Airboats,Airboats,1,1,1,1,1.0,3.333.333.333.333.330,0.2,0.1,1.0,1.0,1.0,1.0,1.0,1.0,1.0,0.0,DPR,T5
1193,where do the amino acids come from in protein synthesis,tRNA molecules,RNA,0,0,0,0,0.0,0.0,0.0,0.0,0.0,0.0,0.0,0.0,0.0,0.0,0.0,0.0,DPR,T5
1195,who replaced ringo starr on thomas the tank engine,Michael Angelis,I don't know,0,0,0,0,0.0,0.0,0.0,0.0,0.0,0.0,0.0,0.0,0.0,0.0,0.0,0.0,DPR,T5
1197,who was the first president born a citizen of the united states,Martin Van Buren,Martin Van Buren,1,1,1,1,1.0,3.333.333.333.333.330,0.2,0.2,1.0,1.0,1.0,1.0,1.0,1.0,1.0,0.0,DPR,T5
1199,who sings the song reunited and it feels so good,Peaches & Herb,the Eagles,1,1,1,1,1.0,3.333.333.333.333.330,0.2,0.1,1.0,1.0,1.0,1.0,0.0,0.0,0.0,0.0,DPR,T5
1200,where do the st louis cardinals do spring training,Roger Dean Stadium,Camelback Ranch -- Glendale,1,1,1,1,1.0,3.333.333.333.333.330,0.2,0.1,1.0,1.0,1.0,1.0,0.0,0.0,0.0,0.0,DPR,T5
1201,when was the last time the mavericks made the playoffs,2015–16,1988,0,0,0,0,0.0,0.0,0.0,0.0,0.0,0.0,0.0,0.0,0.0,0.0,0.0,0.0,DPR,T5
1205,when did the age of majority change from 21 to 18 in the uk,1970,1970s,1,1,1,1,1.0,3.333.333.333.333.330,0.2,0.1,1.0,1.0,1.0,1.0,0.0,0.0,0.0,0.0,DPR,T5
1206,who plays taylor on bold and the beautiful,Hunter Tylo,Hunter Tylo,1,1,1,1,1.0,3.333.333.333.333.330,0.2,0.1,1.0,1.0,1.0,1.0,1.0,1.0,1.0,0.0,DPR,T5
1207,who played phil in phil of the future,Raviv Ullman,Raviv Ullman,1,1,1,1,1.0,3.333.333.333.333.330,0.2,0.1,1.0,1.0,1.0,1.0,1.0,1.0,1.0,0.0,DPR,T5
1209,what is the clean up hitter in baseball,fourth player in the batting order,No - hitter,0,0,0,0,0.0,0.0,0.0,0.0,0.0,0.0,0.0,0.0,0.0,0.0,0.0,0.0,DPR,T5
1210,what is the song anything you can do from,Annie Get Your Gun,Annie Get Your Gun,1,1,1,1,1.0,6.666.666.666.666.660,0.4,0.2,1.0,1.0,1.0,1.0,1.0,1.0,1.0,1.0,DPR,T5
1212,what is the most popular car in russia,the classic Lada Riva,I don't know,0,0,0,0,0.0,0.0,0.0,0.0,0.0,0.0,0.0,0.0,0.0,0.0,0.0,0.0,DPR,T5
1214,what was mrs howell's first name on gilligan's island,Lovey,I don't know,0,0,0,1,0.0,0.0,0.0,0.1,0.0,0.0,0.0,14.285.714.285.714.200,0.0,0.0,0.0,0.0,DPR,T5
1218,who plays ruby on anne with an e,Kyla Matthews,Kelly McCreary,0,0,0,0,0.0,0.0,0.0,0.0,0.0,0.0,0.0,0.0,0.0,0.0,0.0,0.0,DPR,T5
1222,how many points did robert parish score in his career,"23,334","1,611",0,1,1,1,0.0,3.333.333.333.333.330,0.2,0.1,0.0,0.5,0.5,0.5,0.0,0.0,0.0,0.0,DPR,T5
1231,where is folic acid absorbed in the body,intestine,I don't know,0,1,1,1,0.0,3.333.333.333.333.330,0.2,0.1,0.0,0.5,0.5,0.5,0.0,0.0,0.0,0.0,DPR,T5
1235,what is the website for the united states postal service,www.usps.com,www.usps.com,0,1,1,1,0.0,3.333.333.333.333.330,0.2,0.1,0.0,0.5,0.5,0.5,1.0,1.0,1.0,1.0,DPR,T5
1236,who owns the rio casino in las vegas,Caesars Entertainment Corporation,Caesars Entertainment Corporation,1,1,1,1,1.0,3.333.333.333.333.330,0.2,0.2,1.0,1.0,1.0,1.0,1.0,1.0,1.0,0.0,DPR,T5
1237,who has scored the most goals in the world cup final,Geoff Hurst,I don't know,1,1,1,1,1.0,3.333.333.333.333.330,0.2,0.1,1.0,1.0,1.0,1.0,0.0,0.0,0.0,0.0,DPR,T5
1243,what was the name of the last planet of the apes movie,War for the Planet of the Apes,Earth,1,1,1,1,1.0,6.666.666.666.666.660,0.4,0.2,1.0,1.0,1.0,1.0,0.0,0.0,0.0,0.0,DPR,T5
1247,the condemnation of private property for public use is allowed under the state's right of,Eminent domain,resumption,1,1,1,1,1.0,6.666.666.666.666.660,0.4,0.2,1.0,1.0,1.0,1.0,0.0,0.0,0.0,0.0,DPR,T5
1254,how much is a table spoon in ounces,0.50 US fl oz,0.50,1,1,1,1,1.0,3.333.333.333.333.330,0.2,0.1,1.0,1.0,1.0,1.0,0.0,5.714.285.714.285.710,5.714.285.714.285.710,0.0,DPR,T5
1258,what is the wimbledon runner up prize money,"£1,125,000",I don't know,0,0,0,0,0.0,0.0,0.0,0.0,0.0,0.0,0.0,0.0,0.0,0.0,0.0,0.0,DPR,T5
1263,who stars in the man in the high castle,Alexa Davalos,Isa Dick Hackett,0,0,0,0,0.0,0.0,0.0,0.0,0.0,0.0,0.0,0.0,0.0,0.0,0.0,0.0,DPR,T5
1267,when was the lion the witch and the wardrobe first published,16 October 1950,1950,0,1,1,1,0.0,3.333.333.333.333.330,0.2,0.1,0.0,0.5,0.5,0.5,0.0,0.5,0.5,0.0,DPR,T5
1269,this refers to an old ritual of formalizing an engagement to marry,Betrothal (also called espousal),betrothal,0,0,0,0,0.0,0.0,0.0,0.0,0.0,0.0,0.0,0.0,0.0,0.4,0.4,0.0,DPR,T5
1271,how many years is the term for a member of the house of representatives,two-year terms,I don't know,0,0,0,0,0.0,0.0,0.0,0.0,0.0,0.0,0.0,0.0,0.0,0.0,0.0,0.0,DPR,T5
1277,what is the moon festival called in chinese,Mid-Autumn Festival,Chinese lunar new year,0,0,0,0,0.0,0.0,0.0,0.0,0.0,0.0,0.0,0.0,0.0,0.0,0.0,0.0,DPR,T5
1283,spain and portugal divide the world between them in,The Treaty of Tordesillas,1479,1,1,1,1,1.0,3.333.333.333.333.330,0.2,0.1,1.0,1.0,1.0,1.0,0.0,0.0,0.0,0.0,DPR,T5
1287,who plays the clown in american horror story season 4,John Carroll Lynch,John Carroll Lynch,1,1,1,1,1.0,6.666.666.666.666.660,0.4,0.2,1.0,1.0,1.0,1.0,1.0,1.0,1.0,0.0,DPR,T5
1288,when was dragon ball z first aired in the us,"September 13, 1996",I don't know,0,0,0,0,0.0,0.0,0.0,0.0,0.0,0.0,0.0,0.0,0.0,0.0,0.0,0.0,DPR,T5
1289,who played the kangaroo in horton hears a who,Carol Burnett,I don't know,0,0,0,0,0.0,0.0,0.0,0.0,0.0,0.0,0.0,0.0,0.0,0.0,0.0,0.0,DPR,T5
1290,who sang the theme song to quantum of solace,Jack White,The Fray,0,0,0,0,0.0,0.0,0.0,0.0,0.0,0.0,0.0,0.0,0.0,0.0,0.0,0.0,DPR,T5
1293,who was the song hey jude written for,"John Lennon's son, Julian",John Lennon's son,1,1,1,1,1.0,3.333.333.333.333.330,0.2,0.1,1.0,1.0,1.0,1.0,0.0,888.888.888.888.889,888.888.888.888.889,0.0,DPR,T5
1297,who said this quote ask not what your country can do for you,John F. Kennedy,I don't know,0,0,0,0,0.0,0.0,0.0,0.0,0.0,0.0,0.0,0.0,0.0,0.0,0.0,0.0,DPR,T5
1303,where did helium come from the early universe,Primordial nucleosynthesis,I don't know,0,0,0,0,0.0,0.0,0.0,0.0,0.0,0.0,0.0,0.0,0.0,0.0,0.0,0.0,DPR,T5
1305,what is meant by cyst in the ovary,a fluid-filled sac within the ovary,fluid - filled sac,1,1,1,1,1.0,3.333.333.333.333.330,0.2,0.1,1.0,1.0,1.0,1.0,0.0,0.6,0.6,0.0,DPR,T5
1307,who plays the little girl in field of dreams,Gabrielle Mary Hoffmann,Gabrielle Mary Hoffmann,1,1,1,1,1.0,3.333.333.333.333.330,0.2,0.1,1.0,1.0,1.0,1.0,1.0,1.0,1.0,0.0,DPR,T5
1311,who produced as long as you love me,"Rodney ""Darkchild"" Jerkins",Rodney  Darkchild '' Jerkins and Andre Lindal,1,1,1,1,1.0,3.333.333.333.333.330,0.2,0.1,1.0,1.0,1.0,1.0,0.0,6.666.666.666.666.660,6.666.666.666.666.660,0.0,DPR,T5
1317,when is season 3 of star vs the forces of evil come out,"July 15, 2017","January 25, 2018",0,0,0,0,0.0,0.0,0.0,0.0,0.0,0.0,0.0,0.0,0.0,0.0,0.0,0.0,DPR,T5
1318,most points ever averaged in a nba season,"1,389",I don't know,0,0,0,0,0.0,0.0,0.0,0.0,0.0,0.0,0.0,0.0,0.0,0.0,0.0,0.0,DPR,T5
1319,where was the titanic going when it sunk,New York City,Southampton to New York City,1,1,1,1,1.0,6.666.666.666.666.660,0.4,0.2,1.0,1.0,1.0,1.0,0.0,7.499.999.999.999.990,7.499.999.999.999.990,0.0,DPR,T5
1320,who sings it all started with a beer,Frankie Ballard,Frankie Ballard,1,1,1,1,1.0,3.333.333.333.333.330,0.2,0.1,1.0,1.0,1.0,1.0,1.0,1.0,1.0,0.0,DPR,T5
1321,who was the first sri lankan politician who held the office of the prime minister for four times,Ranil Wickramasinghe,Lal Bahadur Shastri,0,0,0,0,0.0,0.0,0.0,0.0,0.0,0.0,0.0,0.0,0.0,0.0,0.0,0.0,DPR,T5
1323,how many games did the cowboys win last year,9,I don't know,1,1,1,1,1.0,6.666.666.666.666.660,0.4,0.5,1.0,1.0,1.0,1.0,0.0,0.0,0.0,0.0,DPR,T5
1327,where is the aqueous humor located in a cow eye,ciliary epithelium,the anterior and posterior chambers,1,1,1,1,1.0,3.333.333.333.333.330,0.2,0.1,1.0,1.0,1.0,1.0,0.0,0.0,0.0,0.0,DPR,T5
1335,which branch of government commands the army and navy,executive branch,Department of Defense,1,1,1,1,1.0,3.333.333.333.333.330,0.2,0.2,1.0,1.0,1.0,1.0,0.0,0.0,0.0,0.0,DPR,T5
1336,who played lincoln in steven spielberg's lincoln,Daniel Day-Lewis,Hugo Wallace Weaving,1,1,1,1,1.0,3.333.333.333.333.330,0.2,0.1,1.0,1.0,1.0,1.0,0.0,0.0,0.0,0.0,DPR,T5
1344,who plays daniel in descendants of the sun,Cho Tae-gwan,Daniel Day - Lewis,0,0,0,0,0.0,0.0,0.0,0.0,0.0,0.0,0.0,0.0,0.0,0.0,0.0,0.0,DPR,T5
1353,who plays leonard snart in legends of tomorrow,Wentworth Earl Miller III,Wentworth Earl Miller III,1,1,1,1,1.0,3.333.333.333.333.330,0.2,0.1,1.0,1.0,1.0,1.0,1.0,1.0,1.0,1.0,DPR,T5
1366,what was the composition of the estate general of france,clergy,"a separate assembly for each of the three estates ( clergy, nobility and commoners ), which were called and dismissed by the king",1,1,1,1,1.0,3.333.333.333.333.330,0.2,0.1,1.0,1.0,1.0,1.0,0.0,909.090.909.090.909,909.090.909.090.909,0.0,DPR,T5
1372,who won season one of rupaul's drag race,BeBe Zahara Benet,BeBe Zahara Benet,0,1,1,1,0.0,3.333.333.333.333.330,0.2,0.1,0.0,3.333.333.333.333.330,3.333.333.333.333.330,3.333.333.333.333.330,1.0,1.0,1.0,0.0,DPR,T5
1373,who plays 15 cent in the proud family movie,Omarion,Dwayne Johnson,1,1,1,1,1.0,3.333.333.333.333.330,0.2,0.1,1.0,1.0,1.0,1.0,0.0,0.0,0.0,0.0,DPR,T5
1375,who won the gold metal for men's ice hockey in 2014,Canada,Canada,0,1,1,1,0.0,3.333.333.333.333.330,0.2,0.2,0.0,0.5,0.5,0.5,1.0,1.0,1.0,0.0,DPR,T5
1376,what is the name of the pig in charlotte's web,Wilbur,Wilbur,1,1,1,1,1.0,3.333.333.333.333.330,0.2,0.1,1.0,1.0,1.0,1.0,1.0,1.0,1.0,0.0,DPR,T5
1381,who sang i want to change the world,Alvin Lee,Ten Years After,1,1,1,1,1.0,3.333.333.333.333.330,0.2,0.1,1.0,1.0,1.0,1.0,0.0,0.0,0.0,0.0,DPR,T5
1382,who has won the race to liquefy helium,Heike Kamerlingh Onnes,Marie Skodowska Curie,0,0,0,0,0.0,0.0,0.0,0.0,0.0,0.0,0.0,0.0,0.0,0.0,0.0,0.0,DPR,T5
1383,who voices captain dog in puppy dog pals,Patrick Warburton,Bill Murray,0,0,0,0,0.0,0.0,0.0,0.0,0.0,0.0,0.0,0.0,0.0,0.0,0.0,0.0,DPR,T5
1387,who is known as the father of the internet,Vinton Gray Cerf,Vinton Gray Cerf ForMemRS,1,1,1,1,1.0,3.333.333.333.333.330,0.2,0.1,1.0,1.0,1.0,1.0,0.0,8.571.428.571.428.570,8.571.428.571.428.570,0.0,DPR,T5
1388,when was the first speed camera introduced in the uk,1991,1968,0,0,0,0,0.0,0.0,0.0,0.0,0.0,0.0,0.0,0.0,0.0,0.0,0.0,0.0,DPR,T5
1389,when is the new year day celebrated according to the indian national calendar,March 22/21,14 August,0,0,0,1,0.0,0.0,0.0,0.2,0.0,0.0,0.0,1.111.111.111.111.110,0.0,0.0,0.0,0.0,DPR,T5
1397,willy wonka and the chocolate factory 1971 cast charlie,Peter Ostrum,Gene Wilder,0,0,0,0,0.0,0.0,0.0,0.0,0.0,0.0,0.0,0.0,0.0,0.0,0.0,0.0,DPR,T5
1398,who sings the most wonderful time of the year,Andy Williams,Andy Williams,1,1,1,1,1.0,6.666.666.666.666.660,0.4,0.2,1.0,1.0,1.0,1.0,1.0,1.0,1.0,0.0,DPR,T5
1407,in the kansas city style of jazz arrangements were based on,memory,Dixieland,0,0,0,0,0.0,0.0,0.0,0.0,0.0,0.0,0.0,0.0,0.0,0.0,0.0,0.0,DPR,T5
1409,when did they start putting vin numbers on cars,1954,1981,0,0,0,0,0.0,0.0,0.0,0.0,0.0,0.0,0.0,0.0,0.0,0.0,0.0,0.0,DPR,T5
1410,where did the concept of informed consent first appear officially,a medical malpractice United States court case in 1957,The Signing of the United States Constitution,0,0,0,0,0.0,0.0,0.0,0.0,0.0,0.0,0.0,0.0,0.0,0.25,0.25,0.0,DPR,T5
1413,who played roxy in the story of tracy beaker,Sophie Borja,Dani Harmer,0,0,0,0,0.0,0.0,0.0,0.0,0.0,0.0,0.0,0.0,0.0,0.0,0.0,0.0,DPR,T5
1414,when does the regular season start for the nfl 2018,"September 6, 2018","September 6, 2018 ( 2018 - 09 - 06 ) -- December 30, 2018 ( 2018 - 12 - 30 )",1,1,1,1,1.0,6.666.666.666.666.660,0.4,0.2,1.0,1.0,1.0,1.0,0.0,0.4,0.4,10.308.675.254.291.900,DPR,T5
1417,what is the source of the yangtze river,Qinghai,Forest of Arrouaise,0,0,0,1,0.0,0.0,0.0,0.1,0.0,0.0,0.0,16.666.666.666.666.600,0.0,0.0,0.0,0.0,DPR,T5
1418,when does season 2 of spirit riding free come out,"September 8, 2017","September 8, 2017",1,1,1,1,1.0,3.333.333.333.333.330,0.2,0.1,1.0,1.0,1.0,1.0,1.0,1.0,1.0,1.0,DPR,T5
1419,who does flag go to at a military funeral,the next of kin,guards of honor,0,0,0,0,0.0,0.0,0.0,0.0,0.0,0.0,0.0,0.0,0.0,28.571.428.571.428.500,28.571.428.571.428.500,0.0,DPR,T5
1422,whose voice is the robot on the orville,Rachael MacFarlane,Steve Carell,0,0,0,0,0.0,0.0,0.0,0.0,0.0,0.0,0.0,0.0,0.0,0.0,0.0,0.0,DPR,T5
1424,every morning in africa a gazelle wakes up author,Abe Gubegna,I don't know,0,0,0,0,0.0,0.0,0.0,0.0,0.0,0.0,0.0,0.0,0.0,0.0,0.0,0.0,DPR,T5
1428,who did sweet pea belong to on popeye,Popeye,Santa Claus,0,0,0,0,0.0,0.0,0.0,0.0,0.0,0.0,0.0,0.0,0.0,0.0,0.0,0.0,DPR,T5
1429,average salary of a person in the united states,"$31,099",median,1,1,1,1,1.0,3.333.333.333.333.330,0.2,0.1,1.0,1.0,1.0,1.0,0.0,0.0,0.0,0.0,DPR,T5
1432,where did the saudi foreign minister go to school,University of North Texas,Gesu Parish School,0,1,1,1,0.0,3.333.333.333.333.330,0.2,0.1,0.0,0.5,0.5,0.5,0.0,0.0,0.0,0.0,DPR,T5
1433,who is bone thugs n harmony signed to,eOne Entertainment,Ruthless Records,0,0,0,0,0.0,0.0,0.0,0.0,0.0,0.0,0.0,0.0,0.0,0.0,0.0,0.0,DPR,T5
1436,winner of comedy circus ke ajoobe grand finale,Krishna Abhishek,I don't know.,0,0,0,0,0.0,0.0,0.0,0.0,0.0,0.0,0.0,0.0,0.0,0.0,0.0,0.0,DPR,T5
1438,who wrote the song don t want to miss a thing,Diane Warren,Diane Warren,1,1,1,1,1.0,3.333.333.333.333.330,0.4,0.4,1.0,1.0,1.0,1.0,1.0,1.0,1.0,0.0,DPR,T5
1439,who won the most fa cups in england,Arsenal,Liverpool,0,0,1,1,0.0,0.0,0.2,0.1,0.0,0.0,0.25,0.25,0.0,0.0,0.0,0.0,DPR,T5
1443,when is the last time an 11 seed made it to the elite 8,2018,1951,0,0,1,1,0.0,0.0,0.2,0.1,0.0,0.0,0.2,0.2,0.0,0.0,0.0,0.0,DPR,T5
1445,where was avril lavigne's head above water video filmed,Iceland,Turtle Island in Fiji,0,0,0,0,0.0,0.0,0.0,0.0,0.0,0.0,0.0,0.0,0.0,0.0,0.0,0.0,DPR,T5
1448,who are the associate justices of the supreme court,Anthony Kennedy,Clarence Thomas /Dd> Ruth Bader Ginsburg /Dd> Stephen Breyer /Dd> Samuel Alito /Dd> Sonia Sotomayor /Dd> Elena Kagan /Dd> Neil Gorsuch,0,1,1,1,0.0,3.333.333.333.333.330,0.6,0.6,0.0,3.333.333.333.333.330,3.333.333.333.333.330,3.333.333.333.333.330,0.0,0.0,0.0,0.0,DPR,T5
1451,college that has produced the most nfl quarterbacks,Purdue,Purdue,1,1,1,1,1.0,3.333.333.333.333.330,0.2,0.1,1.0,1.0,1.0,1.0,1.0,1.0,1.0,0.0,DPR,T5
1454,who's opening for justin timberlake in chicago,The Shadowboxers,jimmy carter,0,0,0,0,0.0,0.0,0.0,0.0,0.0,0.0,0.0,0.0,0.0,0.0,0.0,0.0,DPR,T5
1456,who is representing mexico in little league world series,"Matamoros, Tamaulipas",I don't know,0,0,0,0,0.0,0.0,0.0,0.0,0.0,0.0,0.0,0.0,0.0,0.0,0.0,0.0,DPR,T5
1457,the fa premier league is owned by 20 shareholders who are,the 20 member clubs,members,0,0,0,0,0.0,0.0,0.0,0.0,0.0,0.0,0.0,0.0,0.0,0.0,0.0,0.0,DPR,T5
1458,who plays jack on secret life of the american teenager,Gregory P. Finley II,Sean Patrick Hayes,0,0,0,0,0.0,0.0,0.0,0.0,0.0,0.0,0.0,0.0,0.0,0.0,0.0,0.0,DPR,T5
1459,who has the most grammys of all time,Sir Georg Solti,I don't know,0,0,0,0,0.0,0.0,0.0,0.0,0.0,0.0,0.0,0.0,0.0,0.0,0.0,0.0,DPR,T5
1466,who wrote dr dre verse on forgot about dre,Eminem,Linda Creed,1,1,1,1,1.0,3.333.333.333.333.330,0.2,0.2,1.0,1.0,1.0,1.0,0.0,0.0,0.0,0.0,DPR,T5
1470,who does the voice of elsa on frozen,primarily by Broadway actress and singer Idina Menzel,Idina Menzel,1,1,1,1,1.0,3.333.333.333.333.330,0.2,0.1,1.0,1.0,1.0,1.0,0.0,0.4,0.4,0.0,DPR,T5
1477,what does code red mean in the emergency room,fire has broken out somewhere in the hospital facility,fire has broken out somewhere in the hospital facility,0,1,1,1,0.0,3.333.333.333.333.330,0.2,0.1,0.0,0.5,0.5,0.5,1.0,1.0,1.0,1.0,DPR,T5
1479,who played the frog in gnomeo and juliet,Ashley Jensen,I don't know,1,1,1,1,1.0,6.666.666.666.666.660,0.4,0.2,1.0,1.0,1.0,1.0,0.0,0.0,0.0,0.0,DPR,T5
1488,when is super girl season three coming out,"October 9, 2017","October 9, 2017",1,1,1,1,1.0,3.333.333.333.333.330,0.2,0.1,1.0,1.0,1.0,1.0,1.0,1.0,1.0,1.0,DPR,T5
1489,who received the most electoral votes in the 2000 presidential election,George Walker Bush,Al Gore,0,0,0,0,0.0,0.0,0.0,0.0,0.0,0.0,0.0,0.0,0.0,0.0,0.0,0.0,DPR,T5
1491,where did the battle of chattanooga take place,October and November 1863,New Orleans,0,0,0,0,0.0,0.0,0.0,0.0,0.0,0.0,0.0,0.0,0.0,0.0,0.0,0.0,DPR,T5
1492,when did the cross become a symbol of christianity,from the 4th century,During the 19th century,0,0,0,0,0.0,0.0,0.0,0.0,0.0,0.0,0.0,0.0,0.0,0.5,0.5,0.0,DPR,T5
1494,when did anime become popular in the west,The 1960s,1970s,0,0,0,0,0.0,0.0,0.0,0.0,0.0,0.0,0.0,0.0,0.0,0.0,0.0,0.0,DPR,T5
1496,where has the us manufacturing belt been traditionally located (specific cities),Chicago,Midwest and Great Lakes,0,0,0,0,0.0,0.0,0.0,0.0,0.0,0.0,0.0,0.0,0.0,0.0,0.0,0.0,DPR,T5
1504,punjab and haryana high court chief justice name,Krishna Murari,Jagdish Singh Khehar,0,1,1,1,0.0,3.333.333.333.333.330,0.2,0.1,0.0,0.5,0.5,0.5,0.0,0.0,0.0,0.0,DPR,T5
1505,who is the highest ranking member of the senate,president pro tempore,Presiding officer,1,1,1,1,1.0,3.333.333.333.333.330,0.4,0.3,1.0,1.0,1.0,1.0,0.0,0.0,0.0,0.0,DPR,T5
1507,who was the president when nafta was passed,Clinton,Harry S. Truman,0,0,0,0,0.0,0.0,0.0,0.0,0.0,0.0,0.0,0.0,0.0,0.0,0.0,0.0,DPR,T5
1513,when is a breast cancer patient considered a survivor,"""living with or beyond cancer""",after completing treatment,0,0,0,0,0.0,0.0,0.0,0.0,0.0,0.0,0.0,0.0,0.0,0.0,0.0,0.0,DPR,T5
1517,where did system of a down come from,"Glendale, California","Glendale, California, U.S.",0,1,1,1,0.0,3.333.333.333.333.330,0.2,0.1,0.0,3.333.333.333.333.330,3.333.333.333.333.330,3.333.333.333.333.330,0.0,6.666.666.666.666.660,6.666.666.666.666.660,0.0,DPR,T5
1523,who played katherine chancellor's son on y&r,Beau Kazer,James Mackay,0,0,0,0,0.0,0.0,0.0,0.0,0.0,0.0,0.0,0.0,0.0,0.0,0.0,0.0,DPR,T5
1531,who is the original singer of sitting on the dock of the bay,Otis Redding,Otis Redding,1,1,1,1,1.0,6.666.666.666.666.660,0.4,0.2,1.0,1.0,1.0,1.0,1.0,1.0,1.0,0.0,DPR,T5
1540,where is bile made and what does it do,produced by the liver of most vertebrates,liver,1,1,1,1,1.0,3.333.333.333.333.330,0.2,0.1,1.0,1.0,1.0,1.0,0.0,0.25,0.25,0.0,DPR,T5
1542,who is dr altman on grey's anatomy,Kim Raver,I don't know,0,0,1,1,0.0,0.0,0.2,0.1,0.0,0.0,0.2,0.2,0.0,0.0,0.0,0.0,DPR,T5
1543,when does the haunted mansion turn to nightmare before christmas,late summer,I don't know,0,0,0,0,0.0,0.0,0.0,0.0,0.0,0.0,0.0,0.0,0.0,0.0,0.0,0.0,DPR,T5
1545,when was the united states founded as a country,1776,"July 4, 1776",1,1,1,1,1.0,6.666.666.666.666.660,0.8,0.5,1.0,1.0,1.0,1.0,0.0,0.5,0.5,0.0,DPR,T5
1546,who plays it in stephen king's it,Bill Skarsgård,Steve Martin,0,0,0,0,0.0,0.0,0.0,0.0,0.0,0.0,0.0,0.0,0.0,0.0,0.0,0.0,DPR,T5
1554,what happens in the battle between beowulf and the dragon,the dragon wounds Beowulf fatally,the dragon wounds Beowulf fatally,1,1,1,1,1.0,3.333.333.333.333.330,0.2,0.1,1.0,1.0,1.0,1.0,1.0,1.0,1.0,1.0,DPR,T5
1556,who plays the old lady in jackass 2,Spike Jonze,Christine Jane Baranski,0,0,0,0,0.0,0.0,0.0,0.0,0.0,0.0,0.0,0.0,0.0,0.0,0.0,0.0,DPR,T5
1562,where is the wheel and axle plant of indian railway situated,"Yelahanka, Bangalore in the Indian state of Karnataka","Yelahanka, Bangalore, India",0,0,0,0,0.0,0.0,0.0,0.0,0.0,0.0,0.0,0.0,0.0,36.363.636.363.636.300,36.363.636.363.636.300,0.0,DPR,T5
1563,present chairman of public accounts committee of lok sabha,Mapanna Mallikarjun Kharge,2,0,0,0,0,0.0,0.0,0.0,0.0,0.0,0.0,0.0,0.0,0.0,0.0,0.0,0.0,DPR,T5
1565,when did india win the first t20 world cup,2007,1973,0,0,1,1,0.0,0.0,0.4,0.3,0.0,0.0,0.25,0.25,0.0,0.0,0.0,0.0,DPR,T5
1566,who got the biggest contract in the nfl,"Johnson, Calvin",Michael Jordan,0,0,0,1,0.0,0.0,0.0,0.1,0.0,0.0,0.0,14.285.714.285.714.200,0.0,0.0,0.0,0.0,DPR,T5
1567,where was the salvation army founded in australia,"a small house in Lygon Street, Carlton",California,0,0,0,0,0.0,0.0,0.0,0.0,0.0,0.0,0.0,0.0,0.0,0.0,0.0,0.0,DPR,T5
1569,the average length of life of members of a species is called,mean life span,Life expectancy,0,0,0,0,0.0,0.0,0.0,0.0,0.0,0.0,0.0,0.0,0.0,0.4,0.4,0.0,DPR,T5
1571,where did they film war for planet of the apes,"in the Lower Mainland in Vancouver,",American,0,0,0,0,0.0,0.0,0.0,0.0,0.0,0.0,0.0,0.0,0.0,0.0,0.0,0.0,DPR,T5
1573,barney in how i met your mother real name,Neil Patrick Harris,Neil Patrick Harris,1,1,1,1,1.0,3.333.333.333.333.330,0.2,0.1,1.0,1.0,1.0,1.0,1.0,1.0,1.0,0.0,DPR,T5
1574,how many cards do you get when you play uno,seven cards,108,0,0,0,0,0.0,0.0,0.0,0.0,0.0,0.0,0.0,0.0,0.0,0.0,0.0,0.0,DPR,T5
1575,who provided the voice of the geico insurance company geico in its tv-ad debut,"Kelsey Grammer,",Wynne Evans,0,0,0,0,0.0,0.0,0.0,0.0,0.0,0.0,0.0,0.0,0.0,0.0,0.0,0.0,DPR,T5
1576,who is the present captain of indian army,General Bipin Rawat,Ibok Ekwe Ibas,1,1,1,1,1.0,3.333.333.333.333.330,0.2,0.1,1.0,1.0,1.0,1.0,0.0,0.0,0.0,0.0,DPR,T5
1579,how much impact does the tourist industry have on the icelandic economy,10 percent to the Icelandic GDP,10 percent,1,1,1,1,1.0,3.333.333.333.333.330,0.2,0.1,1.0,1.0,1.0,1.0,0.0,0.5,0.5,0.0,DPR,T5
1583,what type of government do we have in the united states today,Republic,federal republic,1,1,1,1,1.0,1.0,0.8,0.6,1.0,1.0,1.0,1.0,0.0,6.666.666.666.666.660,6.666.666.666.666.660,0.0,DPR,T5
1585,where is the ileum located in the body,the final section of the small intestine,in the right upper quadrant of the abdomen,1,1,1,1,1.0,3.333.333.333.333.330,0.2,0.1,1.0,1.0,1.0,1.0,0.0,39.999.999.999.999.900,39.999.999.999.999.900,0.0,DPR,T5
1588,when does season 2 a series of unfortunate events come out,"March 30, 2018","February 25, 2018",0,0,0,0,0.0,0.0,0.0,0.0,0.0,0.0,0.0,0.0,0.0,3.333.333.333.333.330,3.333.333.333.333.330,0.0,DPR,T5
1589,who plays the goblin in harry potter 8,Warwick Ashley Davis,I don't know,1,1,1,1,1.0,3.333.333.333.333.330,0.2,0.1,1.0,1.0,1.0,1.0,0.0,0.0,0.0,0.0,DPR,T5
1590,how did american popular culture change around the turn of the 20th century,developed a series of new forms of music,The rise of popular styles that have had a significant influence on music across the world,0,0,0,0,0.0,0.0,0.0,0.0,0.0,0.0,0.0,0.0,0.0,0.25,16.666.666.666.666.600,0.0,DPR,T5
1591,how soon after death does rigamortis set in,as soon as 4 hours post mortem,4 hours post mortem,0,1,1,1,0.0,3.333.333.333.333.330,0.2,0.1,0.0,3.333.333.333.333.330,3.333.333.333.333.330,3.333.333.333.333.330,0.0,7.272.727.272.727.270,7.272.727.272.727.270,4.723.665.527.410.140,DPR,T5
1593,who played cotton in pirates of the caribbean,David Bailie,I don't know,0,0,0,0,0.0,0.0,0.0,0.0,0.0,0.0,0.0,0.0,0.0,0.0,0.0,0.0,DPR,T5
1598,who is sasha on dancing with the stars engaged to,Emma Slater,Kim,1,1,1,1,1.0,3.333.333.333.333.330,0.2,0.2,1.0,1.0,1.0,1.0,0.0,0.0,0.0,0.0,DPR,T5
1606,when was the 22nd amendment proposed and ratified,"March 21, 1947","February 27, 1951",0,1,1,1,0.0,3.333.333.333.333.330,0.2,0.1,0.0,3.333.333.333.333.330,3.333.333.333.333.330,3.333.333.333.333.330,0.0,0.0,0.0,0.0,DPR,T5
1608,who played little jack in meet the fockers,Spencer and Bradley Pickren,Sean Patrick Hayes,0,0,0,0,0.0,0.0,0.0,0.0,0.0,0.0,0.0,0.0,0.0,0.0,0.0,0.0,DPR,T5
1610,when did the pixel 2 xl come out,"October 19, 2017","October 19, 2017",1,1,1,1,1.0,6.666.666.666.666.660,0.4,0.2,1.0,1.0,1.0,1.0,1.0,1.0,1.0,1.0,DPR,T5
1612,who beat the carolina panthers in the super bowl,New England Patriots,Patriots,1,1,1,1,1.0,6.666.666.666.666.660,0.6,0.3,1.0,1.0,1.0,1.0,0.0,0.5,0.5,0.0,DPR,T5
1616,when does iron and wines new album come out,August 2017,"April 20, 2018",0,0,0,0,0.0,0.0,0.0,0.0,0.0,0.0,0.0,0.0,0.0,0.0,0.0,0.0,DPR,T5
1621,the joy of life was painted in which style,early modernism,monumental,1,1,1,1,1.0,3.333.333.333.333.330,0.2,0.1,1.0,1.0,1.0,1.0,0.0,0.0,0.0,0.0,DPR,T5
1625,camila cabello - crying in the club album,Camila,Camila,1,1,1,1,1.0,3.333.333.333.333.330,0.2,0.1,1.0,1.0,1.0,1.0,1.0,1.0,1.0,0.0,DPR,T5
1631,who wrote the kill by 30 seconds to mars,Jared Leto,Jared Leto,0,0,1,1,0.0,0.0,0.2,0.1,0.0,0.0,0.25,0.25,1.0,1.0,1.0,0.0,DPR,T5
1641,who was the owner of the dodgers when jackie robinson played,Wesley Branch Rickey,Harry Frazee,0,0,0,0,0.0,0.0,0.0,0.0,0.0,0.0,0.0,0.0,0.0,0.0,0.0,0.0,DPR,T5
1643,who figured out a way to determine the type of blood,Karl Landsteiner,Karl Landsteiner,1,1,1,1,1.0,6.666.666.666.666.660,0.4,0.2,1.0,1.0,1.0,1.0,1.0,1.0,1.0,0.0,DPR,T5
1645,to vote an election a person should be above the age of,18,16,1,1,1,1,1.0,6.666.666.666.666.660,0.4,0.4,1.0,1.0,1.0,1.0,0.0,0.0,0.0,0.0,DPR,T5
1654,the children's online privacy protection act (1998) is a law designed to protect consumers' right to,privacy,storing and using of personally identifiable information,1,1,1,1,1.0,3.333.333.333.333.330,0.4,0.2,1.0,1.0,1.0,1.0,0.0,0.0,0.0,0.0,DPR,T5
1655,1 million dollar winner on who wants to be a millionaire,John Carpenter,I don't know,0,0,0,0,0.0,0.0,0.0,0.0,0.0,0.0,0.0,0.0,0.0,0.0,0.0,0.0,DPR,T5
1657,where is wall drug located in south dakota,in the town of Wall,town of Wall,1,1,1,1,1.0,3.333.333.333.333.330,0.2,0.1,1.0,1.0,1.0,1.0,0.0,7.499.999.999.999.990,7.499.999.999.999.990,0.0,DPR,T5
1662,which is the nearest star to earth after sun,Proxima Centauri,Venus,0,0,0,0,0.0,0.0,0.0,0.0,0.0,0.0,0.0,0.0,0.0,0.0,0.0,0.0,DPR,T5
1663,when is season 6 of voltron coming out,"June 15, 2018",I don't know,0,0,0,0,0.0,0.0,0.0,0.0,0.0,0.0,0.0,0.0,0.0,0.0,0.0,0.0,DPR,T5
1664,when is ariana grande's album sweetener coming out,"August 17, 2018","August 17, 2018 ( 2018 - 08 - 17 ) /Td> /Tr> Tr> Th colspan=""2""> /Tr> /Tr> Th colspan=""2"">",1,1,1,1,1.0,6.666.666.666.666.660,0.4,0.2,1.0,1.0,1.0,1.0,0.0,0.3,0.3,5.904.929.315.722.780,DPR,T5
1665,when does the 2018 19 nba schedule come out,"August 10, 2018",October 16,0,0,0,0,0.0,0.0,0.0,0.0,0.0,0.0,0.0,0.0,0.0,0.0,0.0,0.0,DPR,T5
1666,what is the hierarchy in the roman catholic church,"bishops, priests, and deacons",pope,0,0,0,0,0.0,0.0,0.0,0.0,0.0,0.0,0.0,0.0,0.0,0.0,0.0,0.0,DPR,T5
1668,when is the new barbie movie coming out,"May 8, 2020",I don't know,0,0,0,0,0.0,0.0,0.0,0.0,0.0,0.0,0.0,0.0,0.0,0.0,0.0,0.0,DPR,T5
1674,how many new zealand soldiers died in ww1,"16,697","16,697",1,1,1,1,1.0,3.333.333.333.333.330,0.2,0.1,1.0,1.0,1.0,1.0,1.0,1.0,1.0,0.0,DPR,T5
1675,how many secondary schools are there in wales,205,I don't know,0,0,0,0,0.0,0.0,0.0,0.0,0.0,0.0,0.0,0.0,0.0,0.0,0.0,0.0,DPR,T5
1676,where is the oval office in the white house,at the West Wing's southeast corner,The room,0,0,0,0,0.0,0.0,0.0,0.0,0.0,0.0,0.0,0.0,0.0,22.222.222.222.222.200,22.222.222.222.222.200,0.0,DPR,T5
1682,who was the queen of britain during ww1,George V,Elizabeth II,0,0,1,1,0.0,0.0,0.2,0.2,0.0,0.0,0.2,0.2,0.0,0.0,0.0,0.0,DPR,T5
1685,who is the minister of karnataka in 2018,H. D. Kumaraswamy,Devendra Gangadharrao Fadnavis,0,1,1,1,0.0,3.333.333.333.333.330,0.2,0.1,0.0,3.333.333.333.333.330,3.333.333.333.333.330,3.333.333.333.333.330,0.0,0.0,0.0,0.0,DPR,T5
1692,who wrote beauty is truth truth is beauty,Keats,John Keats,1,1,1,1,1.0,6.666.666.666.666.660,0.4,0.2,1.0,1.0,1.0,1.0,0.0,6.666.666.666.666.660,6.666.666.666.666.660,0.0,DPR,T5
1694,who is the speaker of the house in the house of representatives,Congressman Paul Ryan from Wisconsin,Paul Ryan,0,0,0,0,0.0,0.0,0.0,0.0,0.0,0.0,0.0,0.0,0.0,5.714.285.714.285.710,5.714.285.714.285.710,0.0,DPR,T5
1696,who wrote the song can't you see,Toy Caldwell,Toy Caldwell,1,1,1,1,1.0,3.333.333.333.333.330,0.2,0.1,1.0,1.0,1.0,1.0,1.0,1.0,1.0,0.0,DPR,T5
1697,who plays grace in grace stirs up success,Olivia Rodrigo,Jane Fonda,1,1,1,1,1.0,3.333.333.333.333.330,0.2,0.1,1.0,1.0,1.0,1.0,0.0,0.0,0.0,0.0,DPR,T5
1703,what is the biggest convention center in the us,McCormick Place,I don't know.,0,0,0,0,0.0,0.0,0.0,0.0,0.0,0.0,0.0,0.0,0.0,0.0,0.0,0.0,DPR,T5
1705,harry potter the name that cannot be said,Voldemort,J.K. Rowling,1,1,1,1,1.0,6.666.666.666.666.660,0.4,0.3,1.0,1.0,1.0,1.0,0.0,0.0,0.0,0.0,DPR,T5
1706,what area of san diego is sdsu in,The College Area,The College Area,1,1,1,1,1.0,3.333.333.333.333.330,0.2,0.1,1.0,1.0,1.0,1.0,1.0,1.0,1.0,0.0,DPR,T5
1709,what mlb team has the most perfect games,Dodgers,New York Yankees,0,0,0,1,0.0,0.0,0.0,0.1,0.0,0.0,0.0,1.111.111.111.111.110,0.0,0.0,0.0,0.0,DPR,T5
1712,when was the last time jacksonville jaguars went to superbowl,2017,2002,0,1,1,1,0.0,3.333.333.333.333.330,0.2,0.1,0.0,0.5,0.5,0.5,0.0,0.0,0.0,0.0,DPR,T5
1717,what is the boy's name in paw patrol,Ryder,Jamie,0,0,0,0,0.0,0.0,0.0,0.0,0.0,0.0,0.0,0.0,0.0,0.0,0.0,0.0,DPR,T5
1719,who was mission san juan capistrano named after,Saint John the Baptist,Didacus of Alcalá,1,1,1,1,1.0,3.333.333.333.333.330,0.2,0.1,1.0,1.0,1.0,1.0,0.0,0.0,0.0,0.0,DPR,T5
1724,who wrote the poem a host of golden daffodils,William Wordsworth,Wordsworth,0,0,0,0,0.0,0.0,0.0,0.0,0.0,0.0,0.0,0.0,0.0,6.666.666.666.666.660,6.666.666.666.666.660,0.0,DPR,T5
1725,who starred in one flew over the cuckoos nest,Jack Nicholson,Jack Nicholson,1,1,1,1,1.0,6.666.666.666.666.660,0.4,0.2,1.0,1.0,1.0,1.0,1.0,1.0,1.0,0.0,DPR,T5
1728,who plays my old kentucky home at the derby,the University of Louisville Marching Band,I don't know,0,0,0,0,0.0,0.0,0.0,0.0,0.0,0.0,0.0,0.0,0.0,0.0,0.0,0.0,DPR,T5
1731,who wrote if a picture paints a thousand words,David Gates,David Gates,1,1,1,1,1.0,3.333.333.333.333.330,0.2,0.1,1.0,1.0,1.0,1.0,1.0,1.0,1.0,0.0,DPR,T5
1732,how many cigarettes in a pack in the us,at least 20,About 500 million are produced annually in at least 21 varieties,0,0,0,0,0.0,0.0,0.0,0.0,0.0,0.0,0.0,0.0,0.0,28.571.428.571.428.500,28.571.428.571.428.500,0.0,DPR,T5
1741,when did the song rubberband man come out,August 1976,1968,0,0,0,0,0.0,0.0,0.0,0.0,0.0,0.0,0.0,0.0,0.0,0.0,0.0,0.0,DPR,T5
1742,how many times have spain won world cup,one,I don't know,0,0,0,1,0.0,0.0,0.0,0.2,0.0,0.0,0.0,125,0.0,0.0,0.0,0.0,DPR,T5
1744,the federal depository insurance corporation (fdic) has the power to close a bank when,When the bank becomes critically undercapitalized,I don't know,0,0,0,0,0.0,0.0,0.0,0.0,0.0,0.0,0.0,0.0,0.0,0.0,0.0,0.0,DPR,T5
1747,where do they film still open all hours,MediaCityUK in Salford,"Covington, Georgia",0,0,0,0,0.0,0.0,0.0,0.0,0.0,0.0,0.0,0.0,0.0,0.0,0.0,0.0,DPR,T5
1749,when did we become the united states of america,1776,"July 4, 1776",1,1,1,1,1.0,6.666.666.666.666.660,0.8,0.5,1.0,1.0,1.0,1.0,0.0,0.5,0.5,0.0,DPR,T5
1751,who was the leader of the bolsheviks when they overthrew the russian monarchy,Vladimir Lenin,Nicholas II,0,0,0,0,0.0,0.0,0.0,0.0,0.0,0.0,0.0,0.0,0.0,0.0,0.0,0.0,DPR,T5
1752,when did the song 99 problems come out,"April 27, 2004",2004,0,0,0,0,0.0,0.0,0.0,0.0,0.0,0.0,0.0,0.0,0.0,0.5,0.5,0.0,DPR,T5
1753,where is shooting of yeh rishta kya kehlata hai,Mumbai,"Goa, India",0,0,0,0,0.0,0.0,0.0,0.0,0.0,0.0,0.0,0.0,0.0,0.0,0.0,0.0,DPR,T5
1754,who served as president of the united states from 1901 to 1909,Theodore Roosevelt Jr.,I don't know,0,1,1,1,0.0,3.333.333.333.333.330,0.2,0.1,0.0,0.5,0.5,0.5,0.0,0.0,0.0,0.0,DPR,T5
1755,who played harmonica on the wizard black sabbath,Ozzy Osbourne,Roger Dean Miller,0,0,0,0,0.0,0.0,0.0,0.0,0.0,0.0,0.0,0.0,0.0,0.0,0.0,0.0,DPR,T5
1756,my life as a teenage robot series finale,Turncoats,"On November 14, 2017",0,0,0,0,0.0,0.0,0.0,0.0,0.0,0.0,0.0,0.0,0.0,0.0,0.0,0.0,DPR,T5
1761,where is catholic university of east africa located,Nairobi Kenya,Nairobi,1,1,1,1,1.0,3.333.333.333.333.330,0.2,0.1,1.0,1.0,1.0,1.0,0.0,6.666.666.666.666.660,6.666.666.666.666.660,0.0,DPR,T5
1763,when did the kings of comedy come out,2000,2000,1,1,1,1,1.0,3.333.333.333.333.330,0.2,0.1,1.0,1.0,1.0,1.0,1.0,1.0,1.0,0.0,DPR,T5
1768,when was the first issue of vogue published,1892,November 1988,1,1,1,1,1.0,6.666.666.666.666.660,0.4,0.2,1.0,1.0,1.0,1.0,0.0,0.0,0.0,0.0,DPR,T5
1770,where is the united kingdom located on the world map,off the north-western coast of the European mainland,western Europe,1,1,1,1,1.0,3.333.333.333.333.330,0.2,0.1,1.0,1.0,1.0,1.0,0.0,1.818.181.818.181.810,1.818.181.818.181.810,0.0,DPR,T5
1773,when is bring your daughter to work day,the fourth Thursday in April every year,on the fourth Thursday in April every year,1,1,1,1,1.0,3.333.333.333.333.330,0.2,0.1,1.0,1.0,1.0,1.0,0.0,9.333.333.333.333.330,9.333.333.333.333.330,8.408.964.152.537.140,DPR,T5
1774,who were the two scientists who proposed the theory of seafloor spreading in the early 1960s,Harry Hess,I don't know.,0,0,0,0,0.0,0.0,0.0,0.0,0.0,0.0,0.0,0.0,0.0,0.0,0.0,0.0,DPR,T5
1779,what was number one on 21st march 1999,"""Believe""",I don't know,0,0,0,0,0.0,0.0,0.0,0.0,0.0,0.0,0.0,0.0,0.0,0.0,0.0,0.0,DPR,T5
1781,queen of the south season 3 episode 12 air date,"September 6, 2018","June 21, 2018",0,0,0,0,0.0,0.0,0.0,0.0,0.0,0.0,0.0,0.0,0.0,3.333.333.333.333.330,3.333.333.333.333.330,0.0,DPR,T5
1793,who got second place on the world cup,Croatia,Argentina,0,0,1,1,0.0,0.0,0.2,0.4,0.0,0.0,0.2,0.2,0.0,0.0,0.0,0.0,DPR,T5
1794,what percentage of the uk population say they have no religion,26.1,I don't know,0,0,0,0,0.0,0.0,0.0,0.0,0.0,0.0,0.0,0.0,0.0,0.0,0.0,0.0,DPR,T5
1801,when did the tax free savings account start in canada,"January 1, 2009",1987,0,0,0,0,0.0,0.0,0.0,0.0,0.0,0.0,0.0,0.0,0.0,0.0,0.0,0.0,DPR,T5
1802,who get the flag at a military funeral,the next of kin,soldiers,0,0,0,0,0.0,0.0,0.0,0.0,0.0,0.0,0.0,0.0,0.0,0.0,0.0,0.0,DPR,T5
1803,who was indian president when first nuclear test were conduct,Dr. Abdul Kalam,Jawaharlal Nehru,0,0,0,0,0.0,0.0,0.0,0.0,0.0,0.0,0.0,0.0,0.0,0.0,0.0,0.0,DPR,T5
1804,when did great britain win the davis cup,2015,1900,0,0,0,1,0.0,0.0,0.0,0.1,0.0,0.0,0.0,16.666.666.666.666.600,0.0,0.0,0.0,0.0,DPR,T5
1805,a quorum for a decision in the supreme court is,six,Six,0,1,1,1,0.0,3.333.333.333.333.330,0.2,0.1,0.0,0.5,0.5,0.5,1.0,1.0,1.0,0.0,DPR,T5
1818,where are receptors for water soluble hormones located,on the plasma membrane,within the plasma membrane,0,0,0,0,0.0,0.0,0.0,0.0,0.0,0.0,0.0,0.0,0.0,0.75,0.75,0.0,DPR,T5
1819,what are the different kinds of mike's hard lemonade,lemonade,Flavored Malt Beverages,1,1,1,1,1.0,6.666.666.666.666.660,0.4,0.2,1.0,1.0,1.0,1.0,0.0,0.0,0.0,0.0,DPR,T5
1820,what percentage of blood is composed of plasma,55%,55 %,1,1,1,1,1.0,3.333.333.333.333.330,0.2,0.1,1.0,1.0,1.0,1.0,1.0,1.0,1.0,0.0,DPR,T5
1822,who was the winner of season 1 skin wars,Natalie Fletcher,Ditya Bhande,0,0,0,0,0.0,0.0,0.0,0.0,0.0,0.0,0.0,0.0,0.0,0.0,0.0,0.0,DPR,T5
1826,where was the movie lady in white filmed,"Wayne County, New York","Wayne County, New York",1,1,1,1,1.0,3.333.333.333.333.330,0.2,0.1,1.0,1.0,1.0,1.0,1.0,1.0,1.0,1.0,DPR,T5
1827,when was steph curry drafted in the nba,2009,2009,1,1,1,1,1.0,3.333.333.333.333.330,0.4,0.2,1.0,1.0,1.0,1.0,1.0,1.0,1.0,0.0,DPR,T5
1832,the first public playhouse ( the theatre ) is built in london,1576,yes,0,1,1,1,0.0,3.333.333.333.333.330,0.2,0.1,0.0,3.333.333.333.333.330,3.333.333.333.333.330,3.333.333.333.333.330,0.0,0.0,0.0,0.0,DPR,T5
1838,who is the current chief minister of kerala,Pinarayi Vijayan,Devendra Gangadharrao Fadnavis,0,1,1,1,0.0,3.333.333.333.333.330,0.2,0.1,0.0,0.5,0.5,0.5,0.0,0.0,0.0,0.0,DPR,T5
1841,who played entwistle in last of the summer wine,"Herbert Tsangtse ""Burt"" Kwouk",I don't know,0,0,0,0,0.0,0.0,0.0,0.0,0.0,0.0,0.0,0.0,0.0,0.0,0.0,0.0,DPR,T5
1847,where does the last name shinn come from,Korea,Basque,0,0,0,0,0.0,0.0,0.0,0.0,0.0,0.0,0.0,0.0,0.0,0.0,0.0,0.0,DPR,T5
1850,when does the new season of legion come out,February 2018,2019,0,0,0,0,0.0,0.0,0.0,0.0,0.0,0.0,0.0,0.0,0.0,0.0,0.0,0.0,DPR,T5
1853,game of thrones season 7 season 3 release date,"July 30, 2017",I don't know,0,0,0,0,0.0,0.0,0.0,0.0,0.0,0.0,0.0,0.0,0.0,0.0,0.0,0.0,DPR,T5
1854,where did the king of france live before versailles,Tuileries Palace,I don't know.,0,1,1,1,0.0,3.333.333.333.333.330,0.2,0.1,0.0,0.5,0.5,0.5,0.0,0.0,0.0,0.0,DPR,T5
1856,who won season 11 of food network star,Eddie Jackson,Michael Grimm,0,0,0,1,0.0,0.0,0.0,0.1,0.0,0.0,0.0,14.285.714.285.714.200,0.0,0.0,0.0,0.0,DPR,T5
1858,when is the last time the capitals made it to the stanley cup,2017–18,1997 -- 98,0,0,0,0,0.0,0.0,0.0,0.0,0.0,0.0,0.0,0.0,0.0,0.0,0.0,0.0,DPR,T5
1864,who played the clown on american horror story,John Carroll Lynch,John Carroll Lynch,1,1,1,1,1.0,6.666.666.666.666.660,0.4,0.2,1.0,1.0,1.0,1.0,1.0,1.0,1.0,0.0,DPR,T5
1867,who managed the estate when the lord was away,the steward,I don't know.,0,0,0,0,0.0,0.0,0.0,0.0,0.0,0.0,0.0,0.0,0.0,0.0,0.0,0.0,DPR,T5
1868,how do you say great britain in french,Grande-Bretagne,GB,0,0,0,0,0.0,0.0,0.0,0.0,0.0,0.0,0.0,0.0,0.0,0.0,0.0,0.0,DPR,T5
1870,when was the last time man u was in the champions league,2017–18,I don't know,0,0,0,0,0.0,0.0,0.0,0.0,0.0,0.0,0.0,0.0,0.0,0.0,0.0,0.0,DPR,T5
1876,when did i can only imagine get released,2001,1990,1,1,1,1,1.0,3.333.333.333.333.330,0.2,0.1,1.0,1.0,1.0,1.0,0.0,0.0,0.0,0.0,DPR,T5
1879,who played the ice queen in once upon a time,Elizabeth Mitchell,Lana Maria Parrilla,0,1,1,1,0.0,3.333.333.333.333.330,0.2,0.1,0.0,0.5,0.5,0.5,0.0,0.0,0.0,0.0,DPR,T5
1881,where is dirty dancing supposed to take place,a resort in the Catskill Mountains,New York,0,0,0,0,0.0,0.0,0.0,0.0,0.0,0.0,0.0,0.0,0.0,0.0,0.0,0.0,DPR,T5
1884,who did the marlins beat in the 2003 world series,New York Yankees,Yankees,1,1,1,1,1.0,3.333.333.333.333.330,0.4,0.3,1.0,1.0,1.0,1.0,0.0,0.5,0.5,0.0,DPR,T5
1890,david tennant's last episode of doctor who,The End of Time,Flight,0,1,1,1,0.0,3.333.333.333.333.330,0.2,0.1,0.0,3.333.333.333.333.330,3.333.333.333.333.330,3.333.333.333.333.330,0.0,0.0,0.0,0.0,DPR,T5
1891,who is the actor that plays the hound,Rory McCann,Rory McCann,1,1,1,1,1.0,6.666.666.666.666.660,0.4,0.2,1.0,1.0,1.0,1.0,1.0,1.0,1.0,0.0,DPR,T5
1894,who wrote love so soft by kelly clarkson,Mozella,"Mozella, Priscilla Renea, and Jesse Shatkin",1,1,1,1,1.0,3.333.333.333.333.330,0.2,0.1,1.0,1.0,1.0,1.0,0.0,2.857.142.857.142.850,2.857.142.857.142.850,0.0,DPR,T5
1895,who is the home minister of india 2013,Sushilkumar Shinde,Yogi Adityanath,0,0,0,0,0.0,0.0,0.0,0.0,0.0,0.0,0.0,0.0,0.0,0.0,0.0,0.0,DPR,T5
1899,who survives the plane crash on grey's anatomy,Dr. Meredith Grey (Ellen Pompeo),Dr. Lexie Grey,0,0,0,0,0.0,0.0,0.0,0.0,0.0,0.0,0.0,0.0,0.0,0.5,0.5,0.0,DPR,T5
1900,where is the united states located on earth,38°00′00″N 97°00′00″W﻿ / ﻿38.000°N 97.000°W,North America,0,0,0,0,0.0,0.0,0.0,0.0,0.0,0.0,0.0,0.0,0.0,0.0,0.0,0.0,DPR,T5
1913,who is the famous painter who painted shakunthala,Raja Ravi Varma.,Raja Ravi Varma,0,0,1,1,0.0,0.0,0.2,0.1,0.0,0.0,0.25,0.25,1.0,1.0,1.0,0.0,DPR,T5
1916,the highest yield of rice per hectare in india is in which state,West Bengal,Karnataka,0,0,0,1,0.0,0.0,0.0,0.1,0.0,0.0,0.0,0.1,0.0,0.0,0.0,0.0,DPR,T5
1917,who wrote have a little talk with jesus,Cleavant Derricks,Cleavant Derricks,1,1,1,1,1.0,3.333.333.333.333.330,0.2,0.1,1.0,1.0,1.0,1.0,1.0,1.0,1.0,0.0,DPR,T5
1918,who owns the pawn shop on pawn stars,Richard (Rick) Kevin Harrison,"patriarch Richard  Old Man '' Harrison, his son Rick Harrison, Rick's son Corey  Big Hoss '' Harrison, and Corey's childhood friend, Austin  Chumlee '' Russell",0,0,0,0,0.0,0.0,0.0,0.0,0.0,0.0,0.0,0.0,0.0,21.428.571.428.571.400,21.428.571.428.571.400,0.0,DPR,T5
1920,who wrote the song i'm coming home,Jermaine Cole,"Jermaine Cole, Diddy, Jay - Z, Alex da Kid, Skylar Grey",1,1,1,1,1.0,3.333.333.333.333.330,0.2,0.1,1.0,1.0,1.0,1.0,0.0,33.333.333.333.333.300,33.333.333.333.333.300,0.0,DPR,T5
1922,who has won the mens single title in the australian open tennis tournament 2018,Roger Federer,Roger Federer,0,1,1,1,0.0,6.666.666.666.666.660,0.4,0.2,0.0,0.5,0.5,0.5,1.0,1.0,1.0,0.0,DPR,T5
1924,when does episode 5 come out for game of thrones,"April 12, 2015","June 9, 2017",0,0,0,0,0.0,0.0,0.0,0.0,0.0,0.0,0.0,0.0,0.0,0.0,0.0,0.0,DPR,T5
1928,who sang best of my love by the eagles,Don Henley,Beyoncé,1,1,1,1,1.0,3.333.333.333.333.330,0.2,0.1,1.0,1.0,1.0,1.0,0.0,0.0,0.0,0.0,DPR,T5
1936,where is the baseball all-star game being played,"July 11, 2017",Marlins Park,1,1,1,1,1.0,3.333.333.333.333.330,0.4,0.2,1.0,1.0,1.0,1.0,0.0,0.0,0.0,0.0,DPR,T5
1937,who plays second base for the boston red sox,Dustin Luis Pedroia,Aaron James Judge,0,0,0,0,0.0,0.0,0.0,0.0,0.0,0.0,0.0,0.0,0.0,0.0,0.0,0.0,DPR,T5
1943,when did the transcontinental railroad start being built,"January 8, 1863","May 10, 1869",0,0,0,0,0.0,0.0,0.0,0.0,0.0,0.0,0.0,0.0,0.0,0.0,0.0,0.0,DPR,T5
1957,who plays the role of julian on instinct,Naveen Andrews,Thomas John Ellis,0,0,0,0,0.0,0.0,0.0,0.0,0.0,0.0,0.0,0.0,0.0,0.0,0.0,0.0,DPR,T5
1960,when does dynasty come back for season 2,"October 12, 2018","On September 6, 2016, USA Network renewed the series for a second season which premiered June 8, 2017.",0,0,0,0,0.0,0.0,0.0,0.0,0.0,0.0,0.0,0.0,0.0,0.0,0.0,0.0,DPR,T5
1972,who was prime minister when we joined europe,Edward Heath,I don't know,0,0,0,0,0.0,0.0,0.0,0.0,0.0,0.0,0.0,0.0,0.0,0.0,0.0,0.0,DPR,T5
1973,who wrote turn me on by norah jones,John D. Loudermilk,Al Green,0,0,0,0,0.0,0.0,0.0,0.0,0.0,0.0,0.0,0.0,0.0,0.0,0.0,0.0,DPR,T5
1974,who sings the song tequila makes my clothes fall off,Joe Nichols,Joe Nichols,1,1,1,1,1.0,3.333.333.333.333.330,0.2,0.1,1.0,1.0,1.0,1.0,1.0,1.0,1.0,0.0,DPR,T5
1975,when is the next dragonball movie coming out,January 2019 (January 2019) (U.S. theatrical),"January 17, 2018",0,0,0,0,0.0,0.0,0.0,0.0,0.0,0.0,0.0,0.0,0.0,0.2,0.2,0.0,DPR,T5
1977,what country has the most medals in olympic history,United States,Brazil,0,0,0,0,0.0,0.0,0.0,0.0,0.0,0.0,0.0,0.0,0.0,0.0,0.0,0.0,DPR,T5
1978,what do the aliens from toy story say,"You have saved our lives, we are eternally grateful,""","Truth, Justice, and the American Way",0,0,0,0,0.0,0.0,0.0,0.0,0.0,0.0,0.0,0.0,0.0,0.0,0.0,0.0,DPR,T5
1979,which country has the largest population in europe,Germany,Germany,1,1,1,1,1.0,6.666.666.666.666.660,0.6,0.3,1.0,1.0,1.0,1.0,1.0,1.0,1.0,0.0,DPR,T5
1983,who directed taylor swift out of the woods,Joseph Kahn,Ron Howard,0,0,0,0,0.0,0.0,0.0,0.0,0.0,0.0,0.0,0.0,0.0,0.0,0.0,0.0,DPR,T5
1985,who plays tom buchanan in the great gatsby 2013,Joel Edgerton,I don't know,1,1,1,1,1.0,3.333.333.333.333.330,0.2,0.1,1.0,1.0,1.0,1.0,0.0,0.0,0.0,0.0,DPR,T5
1987,when does greys anatomy season 13 come on now tv,"September 22, 2016",I don't know,1,1,1,1,1.0,3.333.333.333.333.330,0.2,0.2,1.0,1.0,1.0,1.0,0.0,0.0,0.0,0.0,DPR,T5
1989,what type of paint are cars painted with,Enamel,Modern automobile paint,0,0,0,0,0.0,0.0,0.0,0.0,0.0,0.0,0.0,0.0,0.0,0.0,0.0,0.0,DPR,T5
2004,what transmission is in a 2003 jeep liberty,manual transmission,4 - speed Ultradrive 42RLE automatic,0,1,1,1,0.0,3.333.333.333.333.330,0.2,0.1,0.0,0.5,0.5,0.5,0.0,0.0,0.0,0.0,DPR,T5
2007,what family is rosaline from in romeo and juliet,Capulet,Capulet,1,1,1,1,1.0,1.0,0.6,0.3,1.0,1.0,1.0,1.0,1.0,1.0,1.0,0.0,DPR,T5
2009,when does the next godzilla anime come out,November 2018,"January 17, 2018",0,0,0,0,0.0,0.0,0.0,0.0,0.0,0.0,0.0,0.0,0.0,0.4,0.4,0.0,DPR,T5
2012,how many harry potter rides are at universal,four,I don't know,0,0,1,1,0.0,0.0,0.2,0.2,0.0,0.0,0.2,0.2,0.0,0.0,0.0,0.0,DPR,T5
2014,when did what happens in vegas stays in vegas start,2004,"July 26, 2009",0,0,0,0,0.0,0.0,0.0,0.0,0.0,0.0,0.0,0.0,0.0,0.0,0.0,0.0,DPR,T5
2016,where did the shot heard around the world happen,at the Polo Grounds in New York City,New York City,1,1,1,1,1.0,3.333.333.333.333.330,0.2,0.1,1.0,1.0,1.0,1.0,0.0,5.454.545.454.545.450,5.454.545.454.545.450,0.0,DPR,T5
2019,who sings i'm trying to leave something behind,Sean Rowe,Diddy,0,0,0,0,0.0,0.0,0.0,0.0,0.0,0.0,0.0,0.0,0.0,0.0,0.0,0.0,DPR,T5
2020,when did sendong enter the philippine area of responsibility,Early on December 15,late 2011,0,0,0,0,0.0,0.0,0.0,0.0,0.0,0.0,0.0,0.0,0.0,0.0,0.0,0.0,DPR,T5
2023,who played the godfather in the movie the godfather,Marlon Brando,Marlon Brando,1,1,1,1,1.0,6.666.666.666.666.660,0.6,0.4,1.0,1.0,1.0,1.0,1.0,1.0,1.0,0.0,DPR,T5
2028,when did the pepsi max open in blackpool,28 May 1994,1994 - 05 - 28,0,0,0,0,0.0,0.0,0.0,0.0,0.0,0.0,0.0,0.0,0.0,6.666.666.666.666.660,3.333.333.333.333.330,0.0,DPR,T5
2034,when has the eagles been to the super bowl,1960,1948,1,1,1,1,1.0,1.0,0.8,0.5,1.0,1.0,1.0,1.0,0.0,0.0,0.0,0.0,DPR,T5
2036,composition of the inner core of the earth,iron–nickel alloy and some light elements,iron -- nickel alloy and some light elements,0,0,0,0,0.0,0.0,0.0,0.0,0.0,0.0,0.0,0.0,0.0,7.692.307.692.307.690,1.0,5.169.731.539.571.700,DPR,T5
2037,who was nominated first woman for rajya sabha,Rukmini Devi Arundale,Reita Faria Powell,0,0,0,0,0.0,0.0,0.0,0.0,0.0,0.0,0.0,0.0,0.0,0.0,0.0,0.0,DPR,T5
2039,which is the first news paper in malayalam,Rajyasamacharam,Rajyasamacharam,1,1,1,1,1.0,3.333.333.333.333.330,0.2,0.1,1.0,1.0,1.0,1.0,1.0,1.0,1.0,0.0,DPR,T5
2041,who is the girl in the bon jovi it's my life video,Shiri Appleby,Donna Ludwig,0,0,0,0,0.0,0.0,0.0,0.0,0.0,0.0,0.0,0.0,0.0,0.0,0.0,0.0,DPR,T5
2043,an animal that eat both plants and animals,Omnivore,Omnivore,1,1,1,1,1.0,6.666.666.666.666.660,0.4,0.2,1.0,1.0,1.0,1.0,1.0,1.0,1.0,0.0,DPR,T5
2044,who plays the little girl in christopher robin,Elsa Minell Solak,I don't know,0,0,0,0,0.0,0.0,0.0,0.0,0.0,0.0,0.0,0.0,0.0,0.0,0.0,0.0,DPR,T5
2046,taarak mehta ka ooltah chashmah sonu original name,Jheel Mehta as Sonalika Aatmaram Bhide (Sonu),P>,0,0,0,0,0.0,0.0,0.0,0.0,0.0,0.0,0.0,0.0,0.0,0.0,0.0,0.0,DPR,T5
2049,who plays gwen stacy in into the spiderverse,Hailee Steinfeld,Aimee Richelle Teegarden,0,0,0,0,0.0,0.0,0.0,0.0,0.0,0.0,0.0,0.0,0.0,0.0,0.0,0.0,DPR,T5
2051,when does kanye come on keeping up with the kardashians,season seven,season seven,0,1,1,1,0.0,3.333.333.333.333.330,0.2,0.1,0.0,0.5,0.5,0.5,1.0,1.0,1.0,0.0,DPR,T5
2055,what does mono no aware mean in japanese,the pathos of things,awareness of impermanence,1,1,1,1,1.0,3.333.333.333.333.330,0.2,0.1,1.0,1.0,1.0,1.0,0.0,28.571.428.571.428.500,28.571.428.571.428.500,0.0,DPR,T5
2056,who sings i always feel like someone is watching me,Rockwell,"Johnny Christopher, Mark James and Wayne Carson",1,1,1,1,1.0,6.666.666.666.666.660,0.4,0.2,1.0,1.0,1.0,1.0,0.0,0.0,0.0,0.0,DPR,T5
2059,the blueprint of any database system is the,schema,structure,1,1,1,1,1.0,6.666.666.666.666.660,0.4,0.2,1.0,1.0,1.0,1.0,0.0,0.0,0.0,0.0,DPR,T5
2060,where is the groundhog for groundhog's day located,Punxsutawney in western Pennsylvania,Pennsylvania,0,0,0,0,0.0,0.0,0.0,0.0,0.0,0.0,0.0,0.0,0.0,0.4,0.4,0.0,DPR,T5
2066,what does the dc in washington dc stand for,District of Columbia,District of Columbia,1,1,1,1,1.0,6.666.666.666.666.660,0.6,0.3,1.0,1.0,1.0,1.0,1.0,1.0,1.0,0.0,DPR,T5
2067,what is the medical term for webbed toes,syndactyly,femur,0,0,0,1,0.0,0.0,0.0,0.1,0.0,0.0,0.0,14.285.714.285.714.200,0.0,0.0,0.0,0.0,DPR,T5
2070,who was president of the united states when katrina hit louisiana,President George W. Bush,I don't know,0,0,0,0,0.0,0.0,0.0,0.0,0.0,0.0,0.0,0.0,0.0,0.0,0.0,0.0,DPR,T5
2073,voice of peggy on king of the hill,Kathy Ann Najimy,Kathy Ann Najimy,1,1,1,1,1.0,3.333.333.333.333.330,0.2,0.1,1.0,1.0,1.0,1.0,1.0,1.0,1.0,0.0,DPR,T5
2076,when did the chinese new year start 2018,15 Feb.,I don't know,0,0,0,0,0.0,0.0,0.0,0.0,0.0,0.0,0.0,0.0,0.0,0.0,0.0,0.0,DPR,T5
2079,who has the power to create post offices,Congress,Congress,0,1,1,1,0.0,3.333.333.333.333.330,0.2,0.2,0.0,3.333.333.333.333.330,3.333.333.333.333.330,3.333.333.333.333.330,1.0,1.0,1.0,0.0,DPR,T5
2083,when does the new season of major crimes start 2015,"June 8, 2015",I don't know,0,0,0,0,0.0,0.0,0.0,0.0,0.0,0.0,0.0,0.0,0.0,0.0,0.0,0.0,DPR,T5
2085,how many seats do the democrats hold in the senate,46,24,0,1,1,1,0.0,3.333.333.333.333.330,0.2,0.1,0.0,3.333.333.333.333.330,3.333.333.333.333.330,3.333.333.333.333.330,0.0,0.0,0.0,0.0,DPR,T5
2087,when does once upon a time season 7 episode 11 come on,"March 2, 2018","October 6, 2017",0,0,0,0,0.0,0.0,0.0,0.0,0.0,0.0,0.0,0.0,0.0,0.0,0.0,0.0,DPR,T5
2089,what were the original m and m colors,tan,"red, yellow, and green",0,0,0,0,0.0,0.0,0.0,0.0,0.0,0.0,0.0,0.0,0.0,0.0,0.0,0.0,DPR,T5
2090,who landed the first 900 on a skateboard,Tony Hawk,Danny Way,0,1,1,1,0.0,3.333.333.333.333.330,0.2,0.1,0.0,0.5,0.5,0.5,0.0,0.0,0.0,0.0,DPR,T5
2093,why do the british wear a red flower,commemorate their servicemen and women killed in all conflicts,to commemorate their servicemen and women killed in all conflicts,1,1,1,1,1.0,3.333.333.333.333.330,0.2,0.1,1.0,1.0,1.0,1.0,0.0,9.473.684.210.526.310,9.473.684.210.526.310,8.801.117.367.933.930,DPR,T5
2095,which team won most of the fifa world cup,Brazil,Brazil,1,1,1,1,1.0,6.666.666.666.666.660,0.4,0.4,1.0,1.0,1.0,1.0,1.0,1.0,1.0,0.0,DPR,T5
2098,who developed the great man theory of leadership,Scottish writer Thomas Carlyle,Thomas Carlyle,1,1,1,1,1.0,3.333.333.333.333.330,0.2,0.1,1.0,1.0,1.0,1.0,0.0,6.666.666.666.666.660,6.666.666.666.666.660,0.0,DPR,T5
2100,what is the function of the super vena cava,carries deoxygenated blood from the upper half of the body,carries deoxygenated blood,0,0,0,0,0.0,0.0,0.0,0.0,0.0,0.0,0.0,0.0,0.0,4.615.384.615.384.610,4.615.384.615.384.610,0.0,DPR,T5
2102,who is doing the half time super bowl,Justin Timberlake,Justin Timberlake,1,1,1,1,1.0,6.666.666.666.666.660,0.6,0.3,1.0,1.0,1.0,1.0,1.0,1.0,1.0,0.0,DPR,T5
2105,when did gareth southgate first play for england,1995,I don't know,1,1,1,1,1.0,6.666.666.666.666.660,0.4,0.2,1.0,1.0,1.0,1.0,0.0,0.0,0.0,0.0,DPR,T5
2110,what is the elevation of klamath falls oregon,"4,099 ft (1,249.4 m)",14179 feet,0,0,0,1,0.0,0.0,0.0,0.1,0.0,0.0,0.0,125,0.0,0.0,0.0,0.0,DPR,T5
2111,when did phantom of the opera take place,in the 1890s,18th to 14th centuries,0,0,0,0,0.0,0.0,0.0,0.0,0.0,0.0,0.0,0.0,0.0,0.0,0.0,0.0,DPR,T5
2116,oriental bank of commerce is govt or private,public sector,private,0,0,0,0,0.0,0.0,0.0,0.0,0.0,0.0,0.0,0.0,0.0,0.0,0.0,0.0,DPR,T5
2117,who is kyles mom on y & r,Diane Jenkins (Maura West),Kris Jenner,0,1,1,1,0.0,3.333.333.333.333.330,0.2,0.1,0.0,3.333.333.333.333.330,3.333.333.333.333.330,3.333.333.333.333.330,0.0,0.0,0.0,0.0,DPR,T5
2129,what are the names of the two rovers currently exploring mars,MER-A Spirit,MER - A Spirit,1,1,1,1,1.0,3.333.333.333.333.330,0.2,0.1,1.0,1.0,1.0,1.0,1.0,1.0,1.0,0.0,DPR,T5
2137,who writes the script for big bang theory,Chuck Lorre,Steven Molaro,1,1,1,1,1.0,3.333.333.333.333.330,0.2,0.3,1.0,1.0,1.0,1.0,0.0,0.0,0.0,0.0,DPR,T5
2138,who plays tom riddle in the half blood prince,Frank Stephenson Dillane,Frank Stephenson Dillane,1,1,1,1,1.0,3.333.333.333.333.330,0.2,0.1,1.0,1.0,1.0,1.0,1.0,1.0,1.0,0.0,DPR,T5
2140,is pure gold an element or a compound,chemical element,I don't know,1,1,1,1,1.0,1.0,0.6,0.6,1.0,1.0,1.0,1.0,0.0,0.0,0.0,0.0,DPR,T5
2143,the doctrine of lapse was causes of which rebellion,Indian Rebellion of 1857,Adam and Eve,0,0,0,0,0.0,0.0,0.0,0.0,0.0,0.0,0.0,0.0,0.0,0.0,0.0,0.0,DPR,T5
2144,original singer of get your kicks on route 66,Nat King Cole,Roger Dean Miller,0,0,0,0,0.0,0.0,0.0,0.0,0.0,0.0,0.0,0.0,0.0,0.0,0.0,0.0,DPR,T5
2145,who played dumbledore in the goblet of fire,Michael Gambon,Michael Gambon,0,1,1,1,0.0,3.333.333.333.333.330,0.2,0.1,0.0,0.5,0.5,0.5,1.0,1.0,1.0,0.0,DPR,T5
2147,what agency was created to secure america from terrorist attacks,United States Department of Homeland Security (DHS),Department of Homeland Security,0,1,1,1,0.0,3.333.333.333.333.330,0.2,0.1,0.0,0.5,0.5,0.5,0.0,7.272.727.272.727.270,7.272.727.272.727.270,2.865.047.968.601.900,DPR,T5
2148,where in the bible is the story of ruth and naomi,The Book of Ruth,Book of Numbers,1,1,1,1,1.0,3.333.333.333.333.330,0.2,0.1,1.0,1.0,1.0,1.0,0.0,5.714.285.714.285.710,5.714.285.714.285.710,0.0,DPR,T5
2149,what country gave united states the statue of liberty,France,France,1,1,1,1,1.0,3.333.333.333.333.330,0.2,0.3,1.0,1.0,1.0,1.0,1.0,1.0,1.0,0.0,DPR,T5
2150,what part of the brain is memory affected by alcohol,hippocampus,hippocampal,1,1,1,1,1.0,6.666.666.666.666.660,0.4,0.2,1.0,1.0,1.0,1.0,0.0,0.0,0.0,0.0,DPR,T5
2152,who sang the song my heart will go on,Celine Dion,Celine Dion,1,1,1,1,1.0,3.333.333.333.333.330,0.2,0.1,1.0,1.0,1.0,1.0,1.0,1.0,1.0,0.0,DPR,T5
2153,relaying signals from the neuron to other cells is a function of the,thalamus,thalamus,1,1,1,1,1.0,3.333.333.333.333.330,0.2,0.1,1.0,1.0,1.0,1.0,1.0,1.0,1.0,0.0,DPR,T5
2156,where does black lightning tv show take place,Freeland,New York's Catskill Mountains,0,0,0,0,0.0,0.0,0.0,0.0,0.0,0.0,0.0,0.0,0.0,0.0,0.0,0.0,DPR,T5
2157,who killed peter on the tv show soap,Chester,Lord Voldemort,0,0,0,0,0.0,0.0,0.0,0.0,0.0,0.0,0.0,0.0,0.0,0.0,0.0,0.0,DPR,T5
2161,where did our lady of mount carmel appear,England,Mexico City,0,0,0,0,0.0,0.0,0.0,0.0,0.0,0.0,0.0,0.0,0.0,0.0,0.0,0.0,DPR,T5
2162,when did that 70's show first air,"August 23, 1998",1998,1,1,1,1,1.0,3.333.333.333.333.330,0.2,0.1,1.0,1.0,1.0,1.0,0.0,0.5,0.5,0.0,DPR,T5
2169,how many terms can a governor serve in oklahoma,two consecutive terms,Four years,0,0,0,0,0.0,0.0,0.0,0.0,0.0,0.0,0.0,0.0,0.0,0.0,0.0,0.0,DPR,T5
2176,where did jason voorhees get the hockey mask,from a victim,I don't know.,0,0,0,0,0.0,0.0,0.0,0.0,0.0,0.0,0.0,0.0,0.0,0.0,0.0,0.0,DPR,T5
2177,who is the first miss world in india,Reita Faria Powell,Reita Faria Powell,1,1,1,1,1.0,3.333.333.333.333.330,0.2,0.1,1.0,1.0,1.0,1.0,1.0,1.0,1.0,0.0,DPR,T5
2178,where was the first ice hockey game played,"at the Victoria Skating Rink in Montreal, Quebec, Canada",Victoria Skating Rink,1,1,1,1,1.0,3.333.333.333.333.330,0.2,0.1,1.0,1.0,1.0,1.0,0.0,0.5,0.5,0.0,DPR,T5
2181,what channel is the love station on sirius,channel 70,70,1,1,1,1,1.0,3.333.333.333.333.330,0.2,0.1,1.0,1.0,1.0,1.0,0.0,6.666.666.666.666.660,6.666.666.666.666.660,0.0,DPR,T5
2188,who does liam neeson play in star wars 1,Qui-Gon Jinn,Qui - Gon Jinn,1,1,1,1,1.0,3.333.333.333.333.330,0.4,0.2,1.0,1.0,1.0,1.0,1.0,1.0,1.0,0.0,DPR,T5
2192,when did the us leave japan after wwii,"April 28, 1952","September 2, 1945",0,1,1,1,0.0,3.333.333.333.333.330,0.2,0.1,0.0,0.5,0.5,0.5,0.0,0.0,0.0,0.0,DPR,T5
2194,what is the name for the smell of rain,Petrichor,Petrichor,1,1,1,1,1.0,3.333.333.333.333.330,0.2,0.1,1.0,1.0,1.0,1.0,1.0,1.0,1.0,0.0,DPR,T5
2195,who invented the greater than and less than sign,Thomas Harriot,I don't know,0,1,1,1,0.0,3.333.333.333.333.330,0.2,0.1,0.0,0.5,0.5,0.5,0.0,0.0,0.0,0.0,DPR,T5
2205,who has scored the most goals for arsenal,Thierry Henry,I don't know,0,0,0,0,0.0,0.0,0.0,0.0,0.0,0.0,0.0,0.0,0.0,0.0,0.0,0.0,DPR,T5
2210,what was the deadliest tornado in the united states,the Tri-State Tornado,Oklahoma City bombing,1,1,1,1,1.0,3.333.333.333.333.330,0.2,0.1,1.0,1.0,1.0,1.0,0.0,0.0,0.0,0.0,DPR,T5
2215,who founded the first french colony in north america,Jacques Cartier,Sir Humphrey Gilbert,0,0,0,0,0.0,0.0,0.0,0.0,0.0,0.0,0.0,0.0,0.0,0.0,0.0,0.0,DPR,T5
2218,what are the types of alternative dispute resolution,negotiation,Arbitration /Li> Conciliation /Li> Conciliation /Li> Mediation /Li> Negotiation /Li> Collaborative law /Li> Conflict resolution /Li> Dispute resolution,1,1,1,1,1.0,3.333.333.333.333.330,0.2,0.1,1.0,1.0,1.0,1.0,0.0,10.526.315.789.473.600,10.526.315.789.473.600,0.0,DPR,T5
2219,who was the first draft pick in the 2018 nba,Deandre Ayton,Deandre Ayton,1,1,1,1,1.0,1.0,0.8,0.4,1.0,1.0,1.0,1.0,1.0,1.0,1.0,0.0,DPR,T5
2220,what is a box spring called in the uk,divan,divan,1,1,1,1,1.0,3.333.333.333.333.330,0.2,0.1,1.0,1.0,1.0,1.0,1.0,1.0,1.0,0.0,DPR,T5
2224,where does publishers clearing house get their funding,merchandise,I don't know,0,0,0,0,0.0,0.0,0.0,0.0,0.0,0.0,0.0,0.0,0.0,0.0,0.0,0.0,DPR,T5
2226,who plays louie in stuck in the middle,Nicolas Bechtel,I don't know,1,1,1,1,1.0,3.333.333.333.333.330,0.2,0.1,1.0,1.0,1.0,1.0,0.0,0.0,0.0,0.0,DPR,T5
2228,which structure in the urinary system carries urine to the bladder,ureters,ureters,1,1,1,1,1.0,6.666.666.666.666.660,0.4,0.2,1.0,1.0,1.0,1.0,1.0,1.0,1.0,0.0,DPR,T5
2229,when was the spca established in south africa,1872,20 May 1872,1,1,1,1,1.0,3.333.333.333.333.330,0.2,0.1,1.0,1.0,1.0,1.0,0.0,0.5,0.5,0.0,DPR,T5
2232,when did northern ireland become its own country,1921,1921,0,1,1,1,0.0,3.333.333.333.333.330,0.4,0.2,0.0,0.5,0.5,0.5,1.0,1.0,1.0,0.0,DPR,T5
2233,how many times has itay won the world cup,four,I don't know,1,1,1,1,1.0,6.666.666.666.666.660,0.6,0.4,1.0,1.0,1.0,1.0,0.0,0.0,0.0,0.0,DPR,T5
2235,who plays babita in taarak mehta ka ooltah chashmah,Munmun Dutta,I don't know,0,0,0,0,0.0,0.0,0.0,0.0,0.0,0.0,0.0,0.0,0.0,0.0,0.0,0.0,DPR,T5
2237,who is the minister of local government and housing,The Rt Hon. James Brokenshire,James Brokenshire,1,1,1,1,1.0,3.333.333.333.333.330,0.2,0.1,1.0,1.0,1.0,1.0,0.0,5.714.285.714.285.710,5.714.285.714.285.710,0.0,DPR,T5
2238,where did cypress hill get their name from,after a street in South Gate,I don't know,0,0,0,0,0.0,0.0,0.0,0.0,0.0,0.0,0.0,0.0,0.0,0.0,0.0,0.0,DPR,T5
2239,who plays brittany on young and the restless,Vanessa Lee Evigan,Vanessa Lee Evigan,1,1,1,1,1.0,3.333.333.333.333.330,0.2,0.1,1.0,1.0,1.0,1.0,1.0,1.0,1.0,0.0,DPR,T5
2243,tremors a cold day in hell filming location,in the Cape Town area,"Sparta, Illinois",0,0,0,0,0.0,0.0,0.0,0.0,0.0,0.0,0.0,0.0,0.0,0.0,0.0,0.0,DPR,T5
2249,who wanted to create a railroad from cape town to cairo,Cecil Rhodes,Cecil Rhodes,1,1,1,1,1.0,3.333.333.333.333.330,0.2,0.1,1.0,1.0,1.0,1.0,1.0,1.0,1.0,0.0,DPR,T5
2250,when did half pennies stop being legal tender,December 1984,1971,0,0,0,0,0.0,0.0,0.0,0.0,0.0,0.0,0.0,0.0,0.0,0.0,0.0,0.0,DPR,T5
2254,when was the first weather satellite launched into space,"February 17, 1959","January 3, 1999",0,0,0,0,0.0,0.0,0.0,0.0,0.0,0.0,0.0,0.0,0.0,0.0,0.0,0.0,DPR,T5
2255,what is the most popular music in cuba,Son,I don't know.,1,1,1,1,1.0,6.666.666.666.666.660,0.4,0.4,1.0,1.0,1.0,1.0,0.0,0.0,0.0,0.0,DPR,T5
2257,how long is the ferry from bainbridge to seattle,8.6 miles,8.6 miles,0,1,1,1,0.0,3.333.333.333.333.330,0.2,0.1,0.0,0.5,0.5,0.5,1.0,1.0,1.0,0.0,DPR,T5
2258,achievement of a cricketer out first ball for zero in both innings,a king pair,hat - trick,0,0,0,0,0.0,0.0,0.0,0.0,0.0,0.0,0.0,0.0,0.0,0.0,0.0,0.0,DPR,T5
2260,psych episode where shawn and juliet start dating,"""In Plain Fright"" (5.11)",I don't know,0,0,0,0,0.0,0.0,0.0,0.0,0.0,0.0,0.0,0.0,0.0,0.0,0.0,0.0,DPR,T5
2265,the galápagos islands are part of what country quizlet,the Republic of Ecuador,Ecuador,1,1,1,1,1.0,3.333.333.333.333.330,0.2,0.1,1.0,1.0,1.0,1.0,0.0,0.4,0.4,0.0,DPR,T5
2267,when did dancing with the stars start this season,"September 24, 2018","June 1, 2005",1,1,1,1,1.0,3.333.333.333.333.330,0.2,0.1,1.0,1.0,1.0,1.0,0.0,0.0,0.0,0.0,DPR,T5
2270,who was the basketball player that died on the court,"Eric ""Hank"" Gathers",Eric Gathers,1,1,1,1,1.0,3.333.333.333.333.330,0.2,0.1,1.0,1.0,1.0,1.0,0.0,0.8,0.8,0.0,DPR,T5
2271,when was the first satellite put in space,"October 4, 1957",1969,0,0,0,0,0.0,0.0,0.0,0.0,0.0,0.0,0.0,0.0,0.0,0.0,0.0,0.0,DPR,T5
2279,who played mini-me in the austin power movies,Verne Jay Troyer,Verne Jay Troyer,1,1,1,1,1.0,3.333.333.333.333.330,0.2,0.1,1.0,1.0,1.0,1.0,1.0,1.0,1.0,0.0,DPR,T5
2284,the pollution of love canal in new york was caused by ____,massive dumping of toxic waste,Superfund cleanup operation,0,0,0,0,0.0,0.0,0.0,0.0,0.0,0.0,0.0,0.0,0.0,0.0,0.0,0.0,DPR,T5
2285,who is responsible for founding the american financial system,the Bank of the United States,Alexander Hamilton,1,1,1,1,1.0,3.333.333.333.333.330,0.2,0.1,1.0,1.0,1.0,1.0,0.0,0.0,0.0,0.0,DPR,T5
2286,who built the san diego de alcala mission,Spanish friar Junípero Serra,Franciscan,1,1,1,1,1.0,3.333.333.333.333.330,0.2,0.1,1.0,1.0,1.0,1.0,0.0,0.0,0.0,0.0,DPR,T5
2288,who won the fifa under 17 world cup 2017,England,England,1,1,1,1,1.0,3.333.333.333.333.330,0.2,0.1,1.0,1.0,1.0,1.0,1.0,1.0,1.0,0.0,DPR,T5
2292,what is the hottest temperature ever recorded in utah,117 °F / 47 °C,95 ° C,0,0,0,0,0.0,0.0,0.0,0.0,0.0,0.0,0.0,0.0,0.0,0.0,3.333.333.333.333.330,0.0,DPR,T5
2296,who sings the 4 song on sesame street,Feist,Bobby Vee and The Strangers,0,0,0,0,0.0,0.0,0.0,0.0,0.0,0.0,0.0,0.0,0.0,0.0,0.0,0.0,DPR,T5
2298,who is the highest goal scorer for real madrid,Cristiano Ronaldo,I don't know,0,0,0,0,0.0,0.0,0.0,0.0,0.0,0.0,0.0,0.0,0.0,0.0,0.0,0.0,DPR,T5
2299,what's the name of the little rascals dog,Pete the Pup,Pete the Pup,1,1,1,1,1.0,3.333.333.333.333.330,0.2,0.1,1.0,1.0,1.0,1.0,1.0,1.0,1.0,0.0,DPR,T5
2307,when did nigeria launched its first satellite nigeriasat-1,27 September 2003,22 October 2008,0,0,0,0,0.0,0.0,0.0,0.0,0.0,0.0,0.0,0.0,0.0,0.0,0.0,0.0,DPR,T5
2308,when did the medieval times start and finish,5th to the 15th century,5th to the 15th century,1,1,1,1,1.0,3.333.333.333.333.330,0.2,0.1,1.0,1.0,1.0,1.0,1.0,1.0,1.0,1.0,DPR,T5
2315,where are the withers located on a horse,the ridge between the shoulder blades,between the shoulder blades,1,1,1,1,1.0,3.333.333.333.333.330,0.2,0.1,1.0,1.0,1.0,1.0,0.0,0.8,0.8,6.065.306.597.126.330,DPR,T5
2323,when did lean wit it rock wit it come out,"January 17, 2006","January 17, 2006 ( 2006 - 01 - 17 ) /Td> /Tr> Tr> Tr> Th colspan=""2""> /Tr> /Tr> Th cols",0,1,1,1,0.0,3.333.333.333.333.330,0.2,0.1,0.0,3.333.333.333.333.330,3.333.333.333.333.330,3.333.333.333.333.330,0.0,0.3,0.3,6.418.919.953.889.850,DPR,T5
2324,brightest star in the constellation lyra dan word,Vega,I don't know,0,0,0,1,0.0,0.0,0.0,0.1,0.0,0.0,0.0,16.666.666.666.666.600,0.0,0.0,0.0,0.0,DPR,T5
2329,who did auburn lose to in football this year,Oklahoma,Georgia,0,0,0,1,0.0,0.0,0.0,0.1,0.0,0.0,0.0,14.285.714.285.714.200,0.0,0.0,0.0,0.0,DPR,T5
2333,who has the longest win streak in mma,Anderson Silva,I don't know,0,0,0,0,0.0,0.0,0.0,0.0,0.0,0.0,0.0,0.0,0.0,0.0,0.0,0.0,DPR,T5
2335,mercedes benz a class front or rear wheel drive,front wheel drive,I don't know,0,0,0,1,0.0,0.0,0.0,0.1,0.0,0.0,0.0,125,0.0,0.0,0.0,0.0,DPR,T5
2336,who are the candidates running for governor of maine,Shawn Moody,Paul LePage,1,1,1,1,1.0,3.333.333.333.333.330,0.2,0.1,1.0,1.0,1.0,1.0,0.0,0.0,0.0,0.0,DPR,T5
2337,who sings i can't fight this feeling,REO Speedwagon,Aerosmith,1,1,1,1,1.0,3.333.333.333.333.330,0.2,0.1,1.0,1.0,1.0,1.0,0.0,0.0,0.0,0.0,DPR,T5
2341,what's the highest elevation in new mexico,Wheeler Peak,Wheeler Peak,1,1,1,1,1.0,3.333.333.333.333.330,0.2,0.1,1.0,1.0,1.0,1.0,1.0,1.0,1.0,0.0,DPR,T5
2342,when did the vikings first reach the shores of britain,793,c. 1000,0,0,0,0,0.0,0.0,0.0,0.0,0.0,0.0,0.0,0.0,0.0,0.0,0.0,0.0,DPR,T5
2348,what is made up of charged particles that continually escape from the corona,solar wind,solar wind,1,1,1,1,1.0,3.333.333.333.333.330,0.2,0.1,1.0,1.0,1.0,1.0,1.0,1.0,1.0,0.0,DPR,T5
2349,who is the winner of supper dancer 2018,Bishal Sharma,Bishal Sharma,0,1,1,1,0.0,3.333.333.333.333.330,0.2,0.1,0.0,0.5,0.5,0.5,1.0,1.0,1.0,0.0,DPR,T5
2350,advantages of drying as a method of food preservation,"inhibits the growth of bacteria, yeasts, and mold","Drying inhibits the growth of bacteria, yeasts, and mold through the removal of water",1,1,1,1,1.0,3.333.333.333.333.330,0.2,0.1,1.0,1.0,1.0,1.0,0.0,7.272.727.272.727.270,7.272.727.272.727.270,5.828.233.954.152.650,DPR,T5
2351,what uses the energy found within a proton gradient to drive the synthesis of atp,oxidative phosphorylation or photophosphorylation,oxidative phosphorylation or photophosphorylation,0,1,1,1,0.0,3.333.333.333.333.330,0.2,0.1,0.0,0.5,0.5,0.5,1.0,1.0,1.0,1.0,DPR,T5
2355,who are the characters in green eggs and ham,Sam-I-am,Sam - I - am and the first - person narrator,1,1,1,1,1.0,6.666.666.666.666.660,0.4,0.2,1.0,1.0,1.0,1.0,0.0,5.454.545.454.545.450,5.454.545.454.545.450,0.0,DPR,T5
2358,which waterway connects the mediterranean sea with red sea,Suez Canal,Suez Canal,1,1,1,1,1.0,3.333.333.333.333.330,0.2,0.1,1.0,1.0,1.0,1.0,1.0,1.0,1.0,0.0,DPR,T5
2359,when did typhoon haiyan hit the philippines 2013,At 2040 UTC on November 7,November 3,0,0,0,0,0.0,0.0,0.0,0.0,0.0,0.0,0.0,0.0,0.0,0.25,0.25,0.0,DPR,T5
2361,who are the current justices of the u.s. supreme court,John Roberts,John Roberts,0,1,1,1,0.0,3.333.333.333.333.330,0.4,0.7,0.0,0.5,0.5,0.5,1.0,1.0,1.0,0.0,DPR,T5
2363,how many seasons is there in the originals,5,I don't know,0,1,1,1,0.0,3.333.333.333.333.330,0.6,0.5,0.0,3.333.333.333.333.330,3.333.333.333.333.330,3.333.333.333.333.330,0.0,0.0,0.0,0.0,DPR,T5
2366,in the first century c.e. much of europe north africa and the middle east were under the rule of the,Roman Empire,Umayyad Caliphate,0,1,1,1,0.0,6.666.666.666.666.660,0.8,0.6,0.0,0.5,0.5,0.5,0.0,0.0,0.0,0.0,DPR,T5
2369,when did the allies break out of normandy,25–31 July 1944,10 June 1940,0,0,0,0,0.0,0.0,0.0,0.0,0.0,0.0,0.0,0.0,0.0,0.0,0.0,0.0,DPR,T5
2376,when did pubg mobile come out in china,"February 9, 2018",I don't know,0,0,0,0,0.0,0.0,0.0,0.0,0.0,0.0,0.0,0.0,0.0,0.0,0.0,0.0,DPR,T5
2377,is leeds in the north west or north east,north-northwest of London,north west,0,0,0,0,0.0,0.0,0.0,0.0,0.0,0.0,0.0,0.0,0.0,3.333.333.333.333.330,3.333.333.333.333.330,0.0,DPR,T5
2379,when does frank become president in house of cards,Chapter 26,"January 20, 2017",0,0,0,0,0.0,0.0,0.0,0.0,0.0,0.0,0.0,0.0,0.0,0.0,0.0,0.0,DPR,T5
2382,what is the name of current indian president,Ram Nath Kovind,Ram Nath Kovind,1,1,1,1,1.0,6.666.666.666.666.660,0.4,0.2,1.0,1.0,1.0,1.0,1.0,1.0,1.0,0.0,DPR,T5
2384,where is late night with stephen colbert filmed,Ed Sullivan Theater in New York City,Chicago,0,0,0,0,0.0,0.0,0.0,0.0,0.0,0.0,0.0,0.0,0.0,0.0,0.0,0.0,DPR,T5
2387,who plays han solo in the new star wars movie,Alden Ehrenreich,Alden Ehrenreich,1,1,1,1,1.0,3.333.333.333.333.330,0.2,0.1,1.0,1.0,1.0,1.0,1.0,1.0,1.0,0.0,DPR,T5
2388,acids are ionic compounds that relate to which element,water,nitrogenous,1,1,1,1,1.0,6.666.666.666.666.660,0.4,0.5,1.0,1.0,1.0,1.0,0.0,0.0,0.0,0.0,DPR,T5
2390,when was the first gun law passed in the us,in 1813,18th United States Congress,0,0,0,0,0.0,0.0,0.0,0.0,0.0,0.0,0.0,0.0,0.0,0.0,0.0,0.0,DPR,T5
2393,when does call of duty blackops 4 come out,"October 12, 2018","October 12, 2018",1,1,1,1,1.0,3.333.333.333.333.330,0.2,0.1,1.0,1.0,1.0,1.0,1.0,1.0,1.0,1.0,DPR,T5
2396,who is the author of al capone does my shirts,Gennifer Choldenko,Gennifer Choldenko,1,1,1,1,1.0,6.666.666.666.666.660,0.4,0.2,1.0,1.0,1.0,1.0,1.0,1.0,1.0,0.0,DPR,T5
2397,what is the correct order of the chronicles of narnia movies,"The Lion, the Witch and the Wardrobe",I don't know,1,1,1,1,1.0,3.333.333.333.333.330,0.2,0.1,1.0,1.0,1.0,1.0,0.0,0.0,0.0,0.0,DPR,T5
2399,what do you call a pyramid with a triangular base,a tetrahedron,polyhedron,0,0,0,0,0.0,0.0,0.0,0.0,0.0,0.0,0.0,0.0,0.0,0.0,0.0,0.0,DPR,T5
2404,who was the shrew in taming ofthe shrew,Katherina,Petruchio,1,1,1,1,1.0,3.333.333.333.333.330,0.2,0.1,1.0,1.0,1.0,1.0,0.0,0.0,0.0,0.0,DPR,T5
2405,when is opening day for the nba 2017,"October 17, 2017",April 15,1,1,1,1,1.0,3.333.333.333.333.330,0.2,0.2,1.0,1.0,1.0,1.0,0.0,0.0,0.0,0.0,DPR,T5
2408,who won men's college basketball last year,North Carolina,Villanova Wildcats,0,0,0,0,0.0,0.0,0.0,0.0,0.0,0.0,0.0,0.0,0.0,0.0,0.0,0.0,DPR,T5
2410,where does the show the office take place,"Scranton, Pennsylvania","Scranton, Pennsylvania branch of the fictitious Dunder Mifflin Paper Company",1,1,1,1,1.0,3.333.333.333.333.330,0.2,0.1,1.0,1.0,1.0,1.0,0.0,33.333.333.333.333.300,33.333.333.333.333.300,0.0,DPR,T5
2411,who is the current president commission of ecowas,Marcel Alain de Souza,Ram Nath Kovind,0,0,0,0,0.0,0.0,0.0,0.0,0.0,0.0,0.0,0.0,0.0,0.0,0.0,0.0,DPR,T5
2412,when did the united states leave the philippines,"July 4, 1946",1960,0,0,0,0,0.0,0.0,0.0,0.0,0.0,0.0,0.0,0.0,0.0,0.0,0.0,0.0,DPR,T5
2417,who had cameo roles in mamma mia here we go again,Björn Ulvaeus,Will Ferrell,0,0,0,0,0.0,0.0,0.0,0.0,0.0,0.0,0.0,0.0,0.0,0.0,0.0,0.0,DPR,T5
2419,when was the last time someone lived in biltmore house,1956,I don't know,0,0,0,0,0.0,0.0,0.0,0.0,0.0,0.0,0.0,0.0,0.0,0.0,0.0,0.0,DPR,T5
2423,when did the first tim hortons open in the usa,1981,I don't know.,0,0,0,0,0.0,0.0,0.0,0.0,0.0,0.0,0.0,0.0,0.0,0.0,0.0,0.0,DPR,T5
2425,what season did george die on grey's anatomy,fifth season,eighth,0,0,0,1,0.0,0.0,0.0,0.1,0.0,0.0,0.0,125,0.0,0.0,0.0,0.0,DPR,T5
2431,who views crime as a desire for success when the legitimate means to achieve it are limited,Robert K. Merton,I don't know,0,0,0,0,0.0,0.0,0.0,0.0,0.0,0.0,0.0,0.0,0.0,0.0,0.0,0.0,DPR,T5
2433,who said sun is the center of the solar system,Aristarchus of Samos,Aristarchus of Samos,1,1,1,1,1.0,3.333.333.333.333.330,0.2,0.1,1.0,1.0,1.0,1.0,1.0,1.0,1.0,0.0,DPR,T5
2434,what are the fox and the hounds names,red fox named Tod,Tod,1,1,1,1,1.0,3.333.333.333.333.330,0.2,0.1,1.0,1.0,1.0,1.0,0.0,0.4,0.4,0.0,DPR,T5
2435,what is the weather like in the eye of a hurricane,mostly calm,mostly calm,1,1,1,1,1.0,3.333.333.333.333.330,0.2,0.1,1.0,1.0,1.0,1.0,1.0,1.0,1.0,0.0,DPR,T5
2436,when does new season of blind spot start,"October 27, 2017",February 2016,0,0,0,0,0.0,0.0,0.0,0.0,0.0,0.0,0.0,0.0,0.0,0.0,0.0,0.0,DPR,T5
2459,who appointed the current members of the supreme court,Donald Trump,the president,0,0,0,0,0.0,0.0,0.0,0.0,0.0,0.0,0.0,0.0,0.0,0.0,0.0,0.0,DPR,T5
2460,when does the diary of a wimpy kid the getaway come out,"November 7, 2017",November 7,0,1,1,1,0.0,3.333.333.333.333.330,0.2,0.1,0.0,0.5,0.5,0.5,0.0,0.8,0.8,0.0,DPR,T5
2463,who has a grammy oscar tony and emmy,Richard Rodgers,I don't know,0,0,0,0,0.0,0.0,0.0,0.0,0.0,0.0,0.0,0.0,0.0,0.0,0.0,0.0,DPR,T5
2468,when does pam come back to the office,"in ""Jury Duty""",The Farm,0,0,0,0,0.0,0.0,0.0,0.0,0.0,0.0,0.0,0.0,0.0,0.0,0.0,0.0,DPR,T5
2469,who plays mabel's voice on gravity falls,Kristen Joy Schaal,Kristen Joy Schaal,1,1,1,1,1.0,3.333.333.333.333.330,0.2,0.1,1.0,1.0,1.0,1.0,1.0,1.0,1.0,0.0,DPR,T5
2472,who was defeated in the battle of yorktown,British Army,British,0,1,1,1,0.0,6.666.666.666.666.660,0.4,0.2,0.0,0.5,0.5,0.5,0.0,6.666.666.666.666.660,6.666.666.666.666.660,0.0,DPR,T5
2475,when did countrywide merge with bank of america,2008,2008,1,1,1,1,1.0,3.333.333.333.333.330,0.2,0.1,1.0,1.0,1.0,1.0,1.0,1.0,1.0,0.0,DPR,T5
2478,hawaii is in the center of the ring of fire and is caused by,plate tectonics,I don't know,1,1,1,1,1.0,3.333.333.333.333.330,0.2,0.1,1.0,1.0,1.0,1.0,0.0,0.0,0.0,0.0,DPR,T5
2479,when was the last time england went to a world cup final,1966,I don't know,0,0,0,0,0.0,0.0,0.0,0.0,0.0,0.0,0.0,0.0,0.0,0.0,0.0,0.0,DPR,T5
2481,who won season 9 of americas got talent,magician Mat Franco,magician Mat Franco,1,1,1,1,1.0,3.333.333.333.333.330,0.2,0.1,1.0,1.0,1.0,1.0,1.0,1.0,1.0,0.0,DPR,T5
2483,where is ferris bueller's day off filmed,Chicago,Biltmore Estate,0,0,0,0,0.0,0.0,0.0,0.0,0.0,0.0,0.0,0.0,0.0,0.0,0.0,0.0,DPR,T5
2484,who banned all public meetings and procession in amritsar,Colonel Reginald Dyer,the British Indian Army,0,1,1,1,0.0,3.333.333.333.333.330,0.2,0.1,0.0,3.333.333.333.333.330,3.333.333.333.333.330,3.333.333.333.333.330,0.0,0.0,0.0,0.0,DPR,T5
2494,what is the dog called in midsomer murders,Sykes,Sykes,1,1,1,1,1.0,3.333.333.333.333.330,0.2,0.1,1.0,1.0,1.0,1.0,1.0,1.0,1.0,0.0,DPR,T5
2496,who does karen gillian play in the avengers,Nebula,Nebula,1,1,1,1,1.0,3.333.333.333.333.330,0.2,0.1,1.0,1.0,1.0,1.0,1.0,1.0,1.0,0.0,DPR,T5
2497,who did the cavs trade for kyle korver,Mike Dunleavy,Marcus Morris Sr.,0,0,0,0,0.0,0.0,0.0,0.0,0.0,0.0,0.0,0.0,0.0,0.0,0.0,0.0,DPR,T5
2498,first african-american female actress who won the emmy awards,Gail Fisher,Doris Roberts,0,0,0,0,0.0,0.0,0.0,0.0,0.0,0.0,0.0,0.0,0.0,0.0,0.0,0.0,DPR,T5
2503,who plays dwight's brother on the office,Thomas Middleditch,Thomas Middleditch,1,1,1,1,1.0,3.333.333.333.333.330,0.2,0.1,1.0,1.0,1.0,1.0,1.0,1.0,1.0,0.0,DPR,T5
2515,when did the new york mets became a team,1962,1962,1,1,1,1,1.0,3.333.333.333.333.330,0.2,0.2,1.0,1.0,1.0,1.0,1.0,1.0,1.0,0.0,DPR,T5
2517,where does us route 42 start and end,"Louisville, Kentucky to Cleveland, Ohio","Louisville, Kentucky",1,1,1,1,1.0,3.333.333.333.333.330,0.2,0.1,1.0,1.0,1.0,1.0,0.0,5.714.285.714.285.710,5.714.285.714.285.710,0.0,DPR,T5
2521,when does the second half of fuller house air,"December 9, 2016","February 26, 2016",0,0,0,0,0.0,0.0,0.0,0.0,0.0,0.0,0.0,0.0,0.0,3.333.333.333.333.330,3.333.333.333.333.330,0.0,DPR,T5
2524,what is the name of the vaccine for tuberculosis,bacilli Calmette-Guérin (BCG),BCG,1,1,1,1,1.0,3.333.333.333.333.330,0.2,0.1,1.0,1.0,1.0,1.0,0.0,0.4,33.333.333.333.333.300,0.0,DPR,T5
2525,where is lake george located in new. york,in Warren County,within the state of new york,1,1,1,1,1.0,6.666.666.666.666.660,0.4,0.2,1.0,1.0,1.0,1.0,0.0,0.0,0.0,0.0,DPR,T5
2526,the structure found in the cell that contains strands of dna is called a(n),chromosomes,chromin,0,0,0,0,0.0,0.0,0.0,0.0,0.0,0.0,0.0,0.0,0.0,0.0,0.0,0.0,DPR,T5
2527,who are the surviving members of the beatles,McCartney,"John Lennon, Paul McCartney, George Harrison and Ringo Starr",1,1,1,1,1.0,3.333.333.333.333.330,0.4,0.3,1.0,1.0,1.0,1.0,0.0,19.999.999.999.999.900,19.999.999.999.999.900,0.0,DPR,T5
2528,where was war on the planet of the apes filmed,Lower Mainland in Vancouver,Turtle Island,0,0,0,0,0.0,0.0,0.0,0.0,0.0,0.0,0.0,0.0,0.0,0.0,0.0,0.0,DPR,T5
2532,who gave the name cape of good hope,John II of Portugal,John Winthrop,0,0,0,0,0.0,0.0,0.0,0.0,0.0,0.0,0.0,0.0,0.0,3.333.333.333.333.330,3.333.333.333.333.330,0.0,DPR,T5
2538,what is the youngest state in the usa,Hawaii,Hawaii,0,1,1,1,0.0,3.333.333.333.333.330,0.2,0.1,0.0,3.333.333.333.333.330,3.333.333.333.333.330,3.333.333.333.333.330,1.0,1.0,1.0,0.0,DPR,T5
2546,who sings don't stand so close to me,The Police,The Police,1,1,1,1,1.0,3.333.333.333.333.330,0.2,0.1,1.0,1.0,1.0,1.0,1.0,1.0,1.0,0.0,DPR,T5
2547,who plays adam's mom on man with a plan,Swoosie Kurtz,Christine Jane Baranski,0,0,0,0,0.0,0.0,0.0,0.0,0.0,0.0,0.0,0.0,0.0,0.0,0.0,0.0,DPR,T5
2550,who owns mgm resorts international in las vegas,Tracinda Corporation,MGM China Holdings Limited,0,0,1,1,0.0,0.0,0.2,0.1,0.0,0.0,0.2,0.2,0.0,0.0,0.0,0.0,DPR,T5
2552,what does thou shalt not bear false witness against thy neighbour mean,perjury,moral imperatives,0,0,0,0,0.0,0.0,0.0,0.0,0.0,0.0,0.0,0.0,0.0,0.0,0.0,0.0,DPR,T5
2553,who won fifa world cup 2018 final match,France,France,1,1,1,1,1.0,3.333.333.333.333.330,0.6,0.4,1.0,1.0,1.0,1.0,1.0,1.0,1.0,0.0,DPR,T5
2568,when did delegates begin to sign the completed document,"September 17, 1787",July 4,1,1,1,1,1.0,3.333.333.333.333.330,0.2,0.2,1.0,1.0,1.0,1.0,0.0,0.0,0.0,0.0,DPR,T5
2569,within the townships created by the land ordinance of 1785 one section was set aside for,the maintenance of public schools,a survey system,0,0,0,0,0.0,0.0,0.0,0.0,0.0,0.0,0.0,0.0,0.0,0.0,0.0,0.0,DPR,T5
2570,when was the last time browns had a winning record,1994,1996,0,0,0,1,0.0,0.0,0.0,0.1,0.0,0.0,0.0,1.111.111.111.111.110,0.0,0.0,0.0,0.0,DPR,T5
2572,when does the latest riverdale episode come out,"May 16, 2018","August 14, 2018",0,0,0,0,0.0,0.0,0.0,0.0,0.0,0.0,0.0,0.0,0.0,3.333.333.333.333.330,3.333.333.333.333.330,0.0,DPR,T5
2578,who is morgan freeman in the lego movie,Vitruvius,I don't know,0,0,0,0,0.0,0.0,0.0,0.0,0.0,0.0,0.0,0.0,0.0,0.0,0.0,0.0,DPR,T5
2582,when was the eiffel tower finished being built,15 March 1889,15 March 1889,0,1,1,1,0.0,3.333.333.333.333.330,0.4,0.2,0.0,3.333.333.333.333.330,3.333.333.333.333.330,3.333.333.333.333.330,1.0,1.0,1.0,0.0,DPR,T5
2583,who was the first president identified as a democrat,Andrew Jackson,Martin Van Buren,1,1,1,1,1.0,3.333.333.333.333.330,0.2,0.2,1.0,1.0,1.0,1.0,0.0,0.0,0.0,0.0,DPR,T5
2585,where is promontory point utah on a map,in Box Elder County,Box Elder County,1,1,1,1,1.0,3.333.333.333.333.330,0.2,0.1,1.0,1.0,1.0,1.0,0.0,8.571.428.571.428.570,8.571.428.571.428.570,0.0,DPR,T5
2587,who came up with the 2nd law of thermodynamics,Sadi Carnot,Isaac Newton,0,0,0,0,0.0,0.0,0.0,0.0,0.0,0.0,0.0,0.0,0.0,0.0,0.0,0.0,DPR,T5
2589,who played penny in lost in space 2018,Mina Sundwall,Karen Gillan,0,0,0,0,0.0,0.0,0.0,0.0,0.0,0.0,0.0,0.0,0.0,0.0,0.0,0.0,DPR,T5
2594,when did mike trout come into the league,"July 8, 2011","July 8, 2011",0,1,1,1,0.0,3.333.333.333.333.330,0.2,0.1,0.0,0.5,0.5,0.5,1.0,1.0,1.0,1.0,DPR,T5
2595,the central dogma of molecular biology concerns the,flow of genetic information within a biological system,flow of genetic information within a biological system,1,1,1,1,1.0,3.333.333.333.333.330,0.2,0.1,1.0,1.0,1.0,1.0,1.0,1.0,1.0,1.0,DPR,T5
2596,how many episodes of beyblade burst god are there,48,I don't know,0,0,0,0,0.0,0.0,0.0,0.0,0.0,0.0,0.0,0.0,0.0,0.0,0.0,0.0,DPR,T5
2598,where is the chichen itza located in mexico,"Tinúm Municipality, Yucatán State, Mexico","Tinm Municipality, Yucatán State",1,1,1,1,1.0,3.333.333.333.333.330,0.2,0.1,1.0,1.0,1.0,1.0,0.0,6.666.666.666.666.660,6.666.666.666.666.660,4.482.700.320.176.820,DPR,T5
2599,where did the invasion of normandy take place,6 June 1944,I don't know.,1,1,1,1,1.0,3.333.333.333.333.330,0.2,0.2,1.0,1.0,1.0,1.0,0.0,0.0,0.0,0.0,DPR,T5
2603,the hobbit desolation of smaug bard's son,John Bell,I don't know,1,1,1,1,1.0,3.333.333.333.333.330,0.2,0.1,1.0,1.0,1.0,1.0,0.0,0.0,0.0,0.0,DPR,T5
2605,what law describes how a planet orbits the sun,laws of planetary motion,The cube of the semi-major axis of its orbit,0,0,0,0,0.0,0.0,0.0,0.0,0.0,0.0,0.0,0.0,0.0,14.285.714.285.714.200,14.285.714.285.714.200,0.0,DPR,T5
2606,other than water what is the most important ingredient of brown stock,bones,meat,1,1,1,1,1.0,3.333.333.333.333.330,0.4,0.3,1.0,1.0,1.0,1.0,0.0,0.0,0.0,0.0,DPR,T5
2608,who played buck rogers in the 25th century,Gil Gerard,John Carroll Lynch,0,0,0,1,0.0,0.0,0.0,0.1,0.0,0.0,0.0,14.285.714.285.714.200,0.0,0.0,0.0,0.0,DPR,T5
2611,how far south does the san andreas fault run,southern California,I don't know,0,0,0,0,0.0,0.0,0.0,0.0,0.0,0.0,0.0,0.0,0.0,0.0,0.0,0.0,DPR,T5
2616,who does phoebe from charmed end up with,Coop,Cole,0,1,1,1,0.0,3.333.333.333.333.330,0.2,0.1,0.0,0.5,0.5,0.5,0.0,0.0,0.0,0.0,DPR,T5
2630,how many countries are still in the british commonwealth,53,I don't know,1,1,1,1,1.0,6.666.666.666.666.660,0.4,0.2,1.0,1.0,1.0,1.0,0.0,0.0,0.0,0.0,DPR,T5
2631,what is an example of a radical in chemistry,hydroxyl radical (HO•),hydroxyl radical,0,0,0,0,0.0,0.0,0.0,0.0,0.0,0.0,0.0,0.0,0.0,0.8,0.8,0.0,DPR,T5
2632,who was portrayed as the anderson brothers cousin,Ric Flair,Arn Anderson,0,0,0,0,0.0,0.0,0.0,0.0,0.0,0.0,0.0,0.0,0.0,0.0,0.0,0.0,DPR,T5
2633,the stimulus for the formation of a platelet plug or a blood clot is,endothelial injury,injury,1,1,1,1,1.0,3.333.333.333.333.330,0.2,0.1,1.0,1.0,1.0,1.0,0.0,6.666.666.666.666.660,6.666.666.666.666.660,0.0,DPR,T5
2635,who became the first pope of the roman catholic church,St Peter,Pope Leo VIII,1,1,1,1,1.0,3.333.333.333.333.330,0.2,0.1,1.0,1.0,1.0,1.0,0.0,0.0,0.0,0.0,DPR,T5
2637,who is the song we belong together about,a woman's desperation for her former lover to return,a woman,1,1,1,1,1.0,3.333.333.333.333.330,0.2,0.1,1.0,1.0,1.0,1.0,0.0,33.333.333.333.333.300,33.333.333.333.333.300,0.0,DPR,T5
2638,dividing up africa among european countries was the goal of the,Berlin Conference of 1884,colonial empires,0,0,0,0,0.0,0.0,0.0,0.0,0.0,0.0,0.0,0.0,0.0,0.0,0.0,0.0,DPR,T5
2646,what player in the nfl has the most rings,Bill Belichick,Bill Russell,0,0,0,0,0.0,0.0,0.0,0.0,0.0,0.0,0.0,0.0,0.0,0.5,0.5,0.0,DPR,T5
2648,when will the 2018 nba all stars be announced,"January 18, 2018","February 17, 2019",0,0,0,0,0.0,0.0,0.0,0.0,0.0,0.0,0.0,0.0,0.0,0.0,0.0,0.0,DPR,T5
2653,which english comedian became the first moomba king in 1967,Robert Morley,I don't know,0,0,0,0,0.0,0.0,0.0,0.0,0.0,0.0,0.0,0.0,0.0,0.0,0.0,0.0,DPR,T5
2660,who sings bring me back to life with evanescence,Paul McCoy of the band 12 Stones,the band,1,1,1,1,1.0,3.333.333.333.333.330,0.2,0.1,1.0,1.0,1.0,1.0,0.0,4.444.444.444.444.440,4.444.444.444.444.440,0.0,DPR,T5
2663,when is celebrity big brother coming to cbs,"February 7, 2018","February 7, 2018",1,1,1,1,1.0,3.333.333.333.333.330,0.2,0.1,1.0,1.0,1.0,1.0,1.0,1.0,1.0,1.0,DPR,T5
2668,when is dragon ball super 130 episode coming out,"March 18, 2018","February 5, 2018",0,0,0,0,0.0,0.0,0.0,0.0,0.0,0.0,0.0,0.0,0.0,3.333.333.333.333.330,3.333.333.333.333.330,0.0,DPR,T5
2669,zones of upwelling near the shores of land masses have high primary production because such zones,"are rich in nutrients, including nitrate, phosphate and silicic acid",I don't know,0,0,0,0,0.0,0.0,0.0,0.0,0.0,0.0,0.0,0.0,0.0,0.0,0.0,0.0,DPR,T5
2672,when do birth of the dragon come out,"August 25, 2017","March 30, 2013",1,1,1,1,1.0,3.333.333.333.333.330,0.2,0.1,1.0,1.0,1.0,1.0,0.0,0.0,0.0,0.0,DPR,T5
2684,what poem is engraved on the statue of liberty,"""The New Colossus",The New Colossus,1,1,1,1,1.0,3.333.333.333.333.330,0.4,0.2,1.0,1.0,1.0,1.0,1.0,1.0,1.0,0.0,DPR,T5
2689,what is the fifth letter of the greek alphabet,epsilon,,0,0,0,0,0.0,0.0,0.0,0.0,0.0,0.0,0.0,0.0,0.0,0.0,0.0,0.0,DPR,T5
2693,who did greece beat to win euro 2004,Portugal,Spain,1,1,1,1,1.0,6.666.666.666.666.660,0.4,0.2,1.0,1.0,1.0,1.0,0.0,0.0,0.0,0.0,DPR,T5
2694,what speed does the space shuttle re-enter earth,100 km,25020 mph,0,0,0,0,0.0,0.0,0.0,0.0,0.0,0.0,0.0,0.0,0.0,0.0,0.0,0.0,DPR,T5
2698,who does the voice of diane on family guy,Lori Alan,Lori Alan,0,0,1,1,0.0,0.0,0.2,0.1,0.0,0.0,0.25,0.25,1.0,1.0,1.0,0.0,DPR,T5
2699,who is the second robot in i am frankie,Andrew,Alex Hook,0,0,0,0,0.0,0.0,0.0,0.0,0.0,0.0,0.0,0.0,0.0,0.0,0.0,0.0,DPR,T5
2701,where is the final of u17 world cup,India,India,1,1,1,1,1.0,6.666.666.666.666.660,0.4,0.2,1.0,1.0,1.0,1.0,1.0,1.0,1.0,0.0,DPR,T5
2704,when did the lion king movie come out,1994,1994,1,1,1,1,1.0,3.333.333.333.333.330,0.2,0.1,1.0,1.0,1.0,1.0,1.0,1.0,1.0,0.0,DPR,T5
2706,what kind of milk is gouda cheese made from,cow's milk,cow,1,1,1,1,1.0,3.333.333.333.333.330,0.2,0.1,1.0,1.0,1.0,1.0,0.0,0.5,0.5,0.0,DPR,T5
2709,who plays lord elrond in lord of the rings,Hugo Wallace Weaving,Hugo Wallace Weaving,1,1,1,1,1.0,3.333.333.333.333.330,0.2,0.1,1.0,1.0,1.0,1.0,1.0,1.0,1.0,0.0,DPR,T5
2711,who won season 5 of america's got talent,Michael Grimm,Soul singer Michael Grimm,1,1,1,1,1.0,3.333.333.333.333.330,0.2,0.2,1.0,1.0,1.0,1.0,0.0,6.666.666.666.666.660,6.666.666.666.666.660,0.0,DPR,T5
2713,the current chief of naval staff in nigeria,Ibok Ekwe Ibas,Ibok Ekwe Ibas,1,1,1,1,1.0,3.333.333.333.333.330,0.2,0.1,1.0,1.0,1.0,1.0,1.0,1.0,1.0,0.0,DPR,T5
2715,who won the womens battle royal wrestlemania 34,Naomi,Cara Maria Sorbello,0,0,0,0,0.0,0.0,0.0,0.0,0.0,0.0,0.0,0.0,0.0,0.0,0.0,0.0,DPR,T5
2716,the news print paper is obtained from which state in india,Madhya Pradesh,Madhya Pradesh,1,1,1,1,1.0,3.333.333.333.333.330,0.2,0.1,1.0,1.0,1.0,1.0,1.0,1.0,1.0,0.0,DPR,T5
2717,who plays henry on once upon a time season 7,Andrew J. West,Jared S. Gilmore,1,1,1,1,1.0,1.0,0.6,0.4,1.0,1.0,1.0,1.0,0.0,0.0,0.0,0.0,DPR,T5
2718,when did english merchants form the east india company,31 December 1600,31 December 1600,1,1,1,1,1.0,6.666.666.666.666.660,0.6,0.3,1.0,1.0,1.0,1.0,1.0,1.0,1.0,0.0,DPR,T5
2724,who is the football coach at georgia southern,Chad Lunsford,Chad Lunsford,1,1,1,1,1.0,6.666.666.666.666.660,0.4,0.2,1.0,1.0,1.0,1.0,1.0,1.0,1.0,0.0,DPR,T5
2727,when did medicare begin in the united states,1966,1966,1,1,1,1,1.0,6.666.666.666.666.660,0.4,0.2,1.0,1.0,1.0,1.0,1.0,1.0,1.0,0.0,DPR,T5
2729,where does a baker's cyst come from,knee arthritis,"It is named after the surgeon who first described it, William Morrant Baker",0,0,0,0,0.0,0.0,0.0,0.0,0.0,0.0,0.0,0.0,0.0,0.0,0.0,0.0,DPR,T5
2733,who has the most triple-doubles ever in the nba,Oscar Robertson,LeBron James,0,0,0,0,0.0,0.0,0.0,0.0,0.0,0.0,0.0,0.0,0.0,0.0,0.0,0.0,DPR,T5
2736,who died from the movie fast and furious,Paul Walker,Paul Walker,0,1,1,1,0.0,6.666.666.666.666.660,0.4,0.2,0.0,0.5,0.5,0.5,1.0,1.0,1.0,0.0,DPR,T5
2738,where is the big 12 baseball tournament held,"at Chickasaw Bricktown Ballpark in Oklahoma City, Oklahoma","Chickasaw Bricktown Ballpark /Li> Oklahoma City, OK",0,0,0,0,0.0,0.0,0.0,0.0,0.0,0.0,0.0,0.0,0.0,6.666.666.666.666.660,6.666.666.666.666.660,0.0,DPR,T5
2739,who is the chairman of the lok sabha,the Vice President of India,Yogi Adityanath,0,0,0,1,0.0,0.0,0.0,0.1,0.0,0.0,0.0,0.1,0.0,0.0,0.0,0.0,DPR,T5
2745,who played the beast in the movie shot caller,Holt McCallany,Kevin Spacey Fowler,1,1,1,1,1.0,3.333.333.333.333.330,0.2,0.1,1.0,1.0,1.0,1.0,0.0,0.0,0.0,0.0,DPR,T5
2749,who plays the frog on gnomeo and juliet,Ashley Jensen,I don't know,1,1,1,1,1.0,6.666.666.666.666.660,0.4,0.2,1.0,1.0,1.0,1.0,0.0,0.0,0.0,0.0,DPR,T5
2750,who was the pale rider supposed to be,Death,Death,1,1,1,1,1.0,6.666.666.666.666.660,0.4,0.2,1.0,1.0,1.0,1.0,1.0,1.0,1.0,0.0,DPR,T5
2751,guy who played opie on sons of anarchy,Ryan Douglas Hurst,Ryan Douglas Hurst,1,1,1,1,1.0,3.333.333.333.333.330,0.2,0.1,1.0,1.0,1.0,1.0,1.0,1.0,1.0,0.0,DPR,T5
2752,who does the green arrow marry in the comics,Black Canary,Gwen Stacy,0,1,1,1,0.0,3.333.333.333.333.330,0.2,0.1,0.0,0.5,0.5,0.5,0.0,0.0,0.0,0.0,DPR,T5
2754,who did the peoples party nominate for president in 1892,James B. Weaver,George Washington,0,0,0,1,0.0,0.0,0.0,0.1,0.0,0.0,0.0,1.111.111.111.111.110,0.0,0.0,0.0,0.0,DPR,T5
2757,who took the israelites to the promised land,Joshua,the Philistines,0,0,0,1,0.0,0.0,0.0,0.1,0.0,0.0,0.0,0.1,0.0,0.0,0.0,0.0,DPR,T5
2759,what is the meaning of sap erp system,enterprise resource planning software,Developer,0,0,0,0,0.0,0.0,0.0,0.0,0.0,0.0,0.0,0.0,0.0,0.0,0.0,0.0,DPR,T5
2760,when did ha long bay become a world heritage site,1994,2000,1,1,1,1,1.0,3.333.333.333.333.330,0.2,0.1,1.0,1.0,1.0,1.0,0.0,0.0,0.0,0.0,DPR,T5
2763,who sang the original version of red red wine,Neil Diamond,Neil Diamond,1,1,1,1,1.0,3.333.333.333.333.330,0.2,0.1,1.0,1.0,1.0,1.0,1.0,1.0,1.0,0.0,DPR,T5
2766,who appoints the governor and deputy governors of rbi,The Government of India,the President of India,0,0,0,1,0.0,0.0,0.0,0.1,0.0,0.0,0.0,0.1,0.0,0.75,0.75,0.0,DPR,T5
2768,who voices the bears in we bare bears,Eric Edelstein,Eric Edelstein,1,1,1,1,1.0,3.333.333.333.333.330,0.2,0.1,1.0,1.0,1.0,1.0,1.0,1.0,1.0,0.0,DPR,T5
2769,who was amy dowden partner on strictly 2017,comedian Brian Conley,Brian Conley,1,1,1,1,1.0,3.333.333.333.333.330,0.2,0.1,1.0,1.0,1.0,1.0,0.0,0.8,0.8,0.0,DPR,T5
2770,who played the bird woman in mary poppins,Jane Darwell,Shirley Henderson,0,0,0,0,0.0,0.0,0.0,0.0,0.0,0.0,0.0,0.0,0.0,0.0,0.0,0.0,DPR,T5
2773,where did the phrase when pigs fly come from,Scottish proverb,An ancient dispute between the Merchant Taylors and Skinners livery companies,0,0,0,0,0.0,0.0,0.0,0.0,0.0,0.0,0.0,0.0,0.0,0.0,0.0,0.0,DPR,T5
2774,where is the setting for leave it to beaver,United States,Airstrip One,1,1,1,1,1.0,3.333.333.333.333.330,0.2,0.2,1.0,1.0,1.0,1.0,0.0,0.0,0.0,0.0,DPR,T5
2778,where did clap and a half come from,Patrick reclaimed from his seventh grade Social Studies teacher,"The phrase is related to the expression the whole six yards, used around the same time in Kentucky and South Carolina",0,0,0,0,0.0,0.0,0.0,0.0,0.0,0.0,0.0,0.0,0.0,0.0,0.0,0.0,DPR,T5
2782,scientist who lost life in their own discovery,Marie Curie,I don't know,0,0,0,0,0.0,0.0,0.0,0.0,0.0,0.0,0.0,0.0,0.0,0.0,0.0,0.0,DPR,T5
2786,who wrote the song i will follow him,Norman Gimbel,Franck Pourcel,1,1,1,1,1.0,3.333.333.333.333.330,0.2,0.1,1.0,1.0,1.0,1.0,0.0,0.0,0.0,0.0,DPR,T5
2789,snow white and the huntsman movie heroine name,Kristen Stewart,Queen Ravenna,0,0,0,1,0.0,0.0,0.0,0.1,0.0,0.0,0.0,0.1,0.0,0.0,0.0,0.0,DPR,T5
2790,how many teams from asia will qualify for world cup 2018,five,31,0,0,0,0,0.0,0.0,0.0,0.0,0.0,0.0,0.0,0.0,0.0,0.0,0.0,0.0,DPR,T5
2791,who would take over if the president dies,Vice President,Vice President,1,1,1,1,1.0,3.333.333.333.333.330,0.2,0.3,1.0,1.0,1.0,1.0,1.0,1.0,1.0,0.0,DPR,T5
2795,who does the voice of dory in finding dory,Ellen DeGeneres,Bryan Cranston,1,1,1,1,1.0,3.333.333.333.333.330,0.2,0.1,1.0,1.0,1.0,1.0,0.0,0.0,0.0,0.0,DPR,T5
2800,when do we vote for a new governor in california,"November 6, 2018","November 6, 2018",1,1,1,1,1.0,3.333.333.333.333.330,0.4,0.2,1.0,1.0,1.0,1.0,1.0,1.0,1.0,1.0,DPR,T5
2801,when does season 5 of the blacklist come out,"November 15, 2017","September 27, 2017",1,1,1,1,1.0,3.333.333.333.333.330,0.2,0.1,1.0,1.0,1.0,1.0,0.0,3.333.333.333.333.330,3.333.333.333.333.330,0.0,DPR,T5
2807,who discovered that animals were made of cells,Henri Dutrochet,Robert Hooke,0,0,0,0,0.0,0.0,0.0,0.0,0.0,0.0,0.0,0.0,0.0,0.0,0.0,0.0,DPR,T5
2810,who plays sherman in mr peabody and sherman,Max Charles,I don't know,1,1,1,1,1.0,3.333.333.333.333.330,0.2,0.1,1.0,1.0,1.0,1.0,0.0,0.0,0.0,0.0,DPR,T5
2811,who plays oz in oz the great and powerful,James Franco,Henry William Dalgliesh Cavill,1,1,1,1,1.0,3.333.333.333.333.330,0.2,0.2,1.0,1.0,1.0,1.0,0.0,0.0,0.0,0.0,DPR,T5
2812,when was the last superbowl the cowboys won,1995,I don't know,0,0,0,0,0.0,0.0,0.0,0.0,0.0,0.0,0.0,0.0,0.0,0.0,0.0,0.0,DPR,T5
2817,who has the executive power in south carolina,the governor,the governor,0,1,1,1,0.0,3.333.333.333.333.330,0.2,0.4,0.0,0.5,0.5,0.5,1.0,1.0,1.0,0.0,DPR,T5
2824,when did the first pacific rim come out,2013,"July 26, 2009",1,1,1,1,1.0,3.333.333.333.333.330,0.2,0.1,1.0,1.0,1.0,1.0,0.0,0.0,0.0,0.0,DPR,T5
2826,when is the start of the 2018 nba season,"October 16, 2018",October 16,1,1,1,1,1.0,6.666.666.666.666.660,0.8,0.4,1.0,1.0,1.0,1.0,0.0,0.8,0.8,0.0,DPR,T5
2828,who sings i dreamed a dream in les miserables,the character Fantine,the British new wave music duo Eurythmics,0,0,0,0,0.0,0.0,0.0,0.0,0.0,0.0,0.0,0.0,0.0,0.2,0.2,0.0,DPR,T5
2836,when did the last harry potter movie come out in theaters,2011,9 January 2011,1,1,1,1,1.0,3.333.333.333.333.330,0.6,0.4,1.0,1.0,1.0,1.0,0.0,0.5,0.5,0.0,DPR,T5
2842,when did old 10p go out of circulation,January 2013,2018,0,0,0,0,0.0,0.0,0.0,0.0,0.0,0.0,0.0,0.0,0.0,0.0,0.0,0.0,DPR,T5
2843,where is the origin of the frontalis muscle,Galea aponeurotica,I don't know.,0,0,0,0,0.0,0.0,0.0,0.0,0.0,0.0,0.0,0.0,0.0,0.0,0.0,0.0,DPR,T5
2844,the four essential elements for life are _,Freedom of speech,DNA and ribonucleic acid,0,1,1,1,0.0,3.333.333.333.333.330,0.2,0.2,0.0,3.333.333.333.333.330,3.333.333.333.333.330,3.333.333.333.333.330,0.0,0.0,0.0,0.0,DPR,T5
2845,when is the last time england got to the semi final,1990,I don't know,0,0,0,0,0.0,0.0,0.0,0.0,0.0,0.0,0.0,0.0,0.0,0.0,0.0,0.0,DPR,T5
2850,who is the singing voice of jasmine in aladdin,Maria Lea Carmen Imutan Salonga,Maria Lea Carmen Imutan Salonga,1,1,1,1,1.0,3.333.333.333.333.330,0.2,0.1,1.0,1.0,1.0,1.0,1.0,1.0,1.0,1.0,DPR,T5
2852,when did the mint start making proof sets,1936,1999,0,0,0,0,0.0,0.0,0.0,0.0,0.0,0.0,0.0,0.0,0.0,0.0,0.0,0.0,DPR,T5
2860,when did the affordable healthcare act go into effect,"March 23, 2010","March 23, 2010",1,1,1,1,1.0,3.333.333.333.333.330,0.2,0.1,1.0,1.0,1.0,1.0,1.0,1.0,1.0,1.0,DPR,T5
2861,the first vice president of india who became the president later,Sarvepalli Radhakrishnan,Lal Bahadur Shastri,0,1,1,1,0.0,3.333.333.333.333.330,0.2,0.1,0.0,3.333.333.333.333.330,3.333.333.333.333.330,3.333.333.333.333.330,0.0,0.0,0.0,0.0,DPR,T5
2862,who played cindy brady in a very brady christmas,Jennifer Runyon,Jennifer Runyon,1,1,1,1,1.0,3.333.333.333.333.330,0.2,0.1,1.0,1.0,1.0,1.0,1.0,1.0,1.0,0.0,DPR,T5
2863,what episode of american dad is krampus on,the eighth episode of the tenth season,eighth episode,1,1,1,1,1.0,3.333.333.333.333.330,0.2,0.1,1.0,1.0,1.0,1.0,0.0,4.444.444.444.444.440,4.444.444.444.444.440,0.0,DPR,T5
2864,when was the last time world cup was held in england,1966,1950,0,0,0,0,0.0,0.0,0.0,0.0,0.0,0.0,0.0,0.0,0.0,0.0,0.0,0.0,DPR,T5
2867,what type of car does dwight schrute drive,1987 Pontiac Trans Am,No. 33 Skoal Bandit car,0,0,0,0,0.0,0.0,0.0,0.0,0.0,0.0,0.0,0.0,0.0,0.0,0.0,0.0,DPR,T5
2869,what is apollo the god of in roman mythology,music,Myrmidons,0,1,1,1,0.0,3.333.333.333.333.330,0.2,0.1,0.0,0.5,0.5,0.5,0.0,0.0,0.0,0.0,DPR,T5
2870,what do you get with diablo 3 ultimate evil edition,the original console version of Diablo III,I don't know,0,0,0,0,0.0,0.0,0.0,0.0,0.0,0.0,0.0,0.0,0.0,0.0,0.0,0.0,DPR,T5
2871,where did the chinese tallow tree come from,eastern Asia,China,0,0,0,0,0.0,0.0,0.0,0.0,0.0,0.0,0.0,0.0,0.0,0.0,0.0,0.0,DPR,T5
2874,the virus in rise of the planet of the apes,ALZ-113,I don't know,0,0,0,0,0.0,0.0,0.0,0.0,0.0,0.0,0.0,0.0,0.0,0.0,0.0,0.0,DPR,T5
2876,who used the term element for the first time,Plato,19th century chemists,0,0,0,0,0.0,0.0,0.0,0.0,0.0,0.0,0.0,0.0,0.0,0.0,0.0,0.0,DPR,T5
2884,how many times have patriots been to the superbowl,nine times,I don't know,0,0,0,0,0.0,0.0,0.0,0.0,0.0,0.0,0.0,0.0,0.0,0.0,0.0,0.0,DPR,T5
2886,who is credited with the first idea of a nuclear atom,Ernest Rutherford,J.J. Thomson,1,1,1,1,1.0,3.333.333.333.333.330,0.2,0.1,1.0,1.0,1.0,1.0,0.0,0.0,0.0,0.0,DPR,T5
2887,who are the twins in better call saul,The Sklar brothers,Grayson Dolan,0,0,0,0,0.0,0.0,0.0,0.0,0.0,0.0,0.0,0.0,0.0,0.0,0.0,0.0,DPR,T5
2890,when did america become the united states of america,1776,"July 4, 1776",1,1,1,1,1.0,6.666.666.666.666.660,0.8,0.5,1.0,1.0,1.0,1.0,0.0,0.5,0.5,0.0,DPR,T5
2894,who has sold the most albums world wide,The Beatles,The Beatles,1,1,1,1,1.0,3.333.333.333.333.330,0.2,0.2,1.0,1.0,1.0,1.0,1.0,1.0,1.0,0.0,DPR,T5
2900,who plays laura croft in tomb raider 2018,Alicia Vikander,Alicia Vikander,1,1,1,1,1.0,3.333.333.333.333.330,0.2,0.1,1.0,1.0,1.0,1.0,1.0,1.0,1.0,0.0,DPR,T5
2901,how many centuries of rohit sharma in international cricket,24,24,1,1,1,1,1.0,6.666.666.666.666.660,0.4,0.2,1.0,1.0,1.0,1.0,1.0,1.0,1.0,0.0,DPR,T5
2902,twilight zone the mind and the matter cast,Shelley Berman,I don't know.,0,0,0,0,0.0,0.0,0.0,0.0,0.0,0.0,0.0,0.0,0.0,0.0,0.0,0.0,DPR,T5
2908,a glowing cloud of hot interstellar gas inside of which stars are being formed is called a(n),diffuse nebulae,GMC,0,0,0,0,0.0,0.0,0.0,0.0,0.0,0.0,0.0,0.0,0.0,0.0,0.0,0.0,DPR,T5
2914,when does the new diary of a wimpy kid movie come out on dvd,"August 8, 2017",November 7,0,0,0,0,0.0,0.0,0.0,0.0,0.0,0.0,0.0,0.0,0.0,0.0,0.0,0.0,DPR,T5
2916,cytosine is an example of a nitrogen base found on what acids,nucleic,nucleic acids,1,1,1,1,1.0,3.333.333.333.333.330,0.2,0.2,1.0,1.0,1.0,1.0,0.0,6.666.666.666.666.660,6.666.666.666.666.660,0.0,DPR,T5
2919,where does jacob wrestle with an angel in the bible,Genesis,a riverside,1,1,1,1,1.0,6.666.666.666.666.660,0.4,0.3,1.0,1.0,1.0,1.0,0.0,0.0,0.0,0.0,DPR,T5
2922,when did the cask of amontillado take place,in an unnamed Italian city,in an unspecified year,1,1,1,1,1.0,3.333.333.333.333.330,0.2,0.1,1.0,1.0,1.0,1.0,0.0,4.444.444.444.444.440,4.444.444.444.444.440,0.0,DPR,T5
2929,who is associated with the concept of power elite,sociologist C. Wright Mills,C. Wright Mills,1,1,1,1,1.0,3.333.333.333.333.330,0.2,0.1,1.0,1.0,1.0,1.0,0.0,8.571.428.571.428.570,8.571.428.571.428.570,7.788.007.830.714.040,DPR,T5
2935,where did the terrorists strike in munich germany in 1972,"Munich, West Germany",Munich Olympic village Building 31,1,1,1,1,1.0,3.333.333.333.333.330,0.2,0.1,1.0,1.0,1.0,1.0,0.0,0.25,0.25,0.0,DPR,T5
2936,when was the treaty of sugauli concluded and between whom,signed on 2 December 1815,4 March 1816,0,1,1,1,0.0,3.333.333.333.333.330,0.2,0.1,0.0,0.5,0.5,0.5,0.0,0.0,0.0,0.0,DPR,T5
2937,episode of the office where jim kisses pam,Casino Night,Casino Night,1,1,1,1,1.0,3.333.333.333.333.330,0.2,0.1,1.0,1.0,1.0,1.0,1.0,1.0,1.0,0.0,DPR,T5
2939,where is dna stored in the cell as chromatin,within the nucleoid region,within the nucleoid region,1,1,1,1,1.0,3.333.333.333.333.330,0.2,0.1,1.0,1.0,1.0,1.0,1.0,1.0,1.0,1.0,DPR,T5
2943,where did ali do his rope a dope,his 1974 Rumble in the Jungle match against George Foreman,I don't know,0,0,0,0,0.0,0.0,0.0,0.0,0.0,0.0,0.0,0.0,0.0,0.0,0.0,0.0,DPR,T5
2945,how much did raiders of the lost ark cost to make,$18 million,I don't know,0,0,0,0,0.0,0.0,0.0,0.0,0.0,0.0,0.0,0.0,0.0,0.0,0.0,0.0,DPR,T5
2948,where was football first played in the world,China,China,1,1,1,1,1.0,3.333.333.333.333.330,0.2,0.3,1.0,1.0,1.0,1.0,1.0,1.0,1.0,0.0,DPR,T5
2949,who is responsible for issuing accounting standard in india,Accounting Standards Board,Financial Accounting Standards Board,1,1,1,1,1.0,3.333.333.333.333.330,0.2,0.1,1.0,1.0,1.0,1.0,0.0,8.571.428.571.428.570,8.571.428.571.428.570,0.0,DPR,T5
2954,where are most of the potatoes grown in idaho,The Eastern Idaho region,I don't know,0,0,0,0,0.0,0.0,0.0,0.0,0.0,0.0,0.0,0.0,0.0,0.0,0.0,0.0,DPR,T5
2958,where did the expression throw under the bus come from,President Galtieri had pushed her under the bus,William Shakespeare,0,0,0,0,0.0,0.0,0.0,0.0,0.0,0.0,0.0,0.0,0.0,0.0,0.0,0.0,DPR,T5
2960,how i met your mother barney 200th girl,bodybuilder,I don't know,0,0,0,0,0.0,0.0,0.0,0.0,0.0,0.0,0.0,0.0,0.0,0.0,0.0,0.0,DPR,T5
2961,who has the legal authority to bind the us government on a us government contract,Federal Acquisition Regulation,Congress,0,0,0,0,0.0,0.0,0.0,0.0,0.0,0.0,0.0,0.0,0.0,0.0,0.0,0.0,DPR,T5
2963,who wrote about peter rabbit and jemima puddle duck,Beatrix Potter,Beatrix Potter,1,1,1,1,1.0,3.333.333.333.333.330,0.2,0.1,1.0,1.0,1.0,1.0,1.0,1.0,1.0,0.0,DPR,T5
2965,which disorder involves the retrograde passage of infected urine,Vesicoureteral reflux (VUR),hypersalivation,0,0,0,0,0.0,0.0,0.0,0.0,0.0,0.0,0.0,0.0,0.0,0.0,0.0,0.0,DPR,T5
2966,who played kayla brady on days of our lives,Catherine Mary Stewart,I don't know,0,1,1,1,0.0,3.333.333.333.333.330,0.2,0.1,0.0,0.5,0.5,0.5,0.0,0.0,0.0,0.0,DPR,T5
2969,what is one of the greatest structural achievements of the bronze age,the corbelled arch,Roman bridges,0,0,0,0,0.0,0.0,0.0,0.0,0.0,0.0,0.0,0.0,0.0,0.0,0.0,0.0,DPR,T5
2970,who does chris hemsworth play in home and away,"Kimberly Jonathan ""Kim"" Hyde",Kimberly Jonathan  Kim '' Hyde,1,1,1,1,1.0,3.333.333.333.333.330,0.2,0.1,1.0,1.0,1.0,1.0,1.0,1.0,1.0,0.0,DPR,T5
2976,how many episodes is season 6 of mindy project,10,13,0,0,0,1,0.0,0.0,0.0,0.4,0.0,0.0,0.0,14.285.714.285.714.200,0.0,0.0,0.0,0.0,DPR,T5
2978,when did to kill a mockingbird come out,1960,"July 11, 1960",1,1,1,1,1.0,6.666.666.666.666.660,0.4,0.3,1.0,1.0,1.0,1.0,0.0,0.5,0.5,0.0,DPR,T5
2981,who did ariel winter play in cloudy with a chance of meatballs,Various characters,Alex Dunphy,0,0,0,0,0.0,0.0,0.0,0.0,0.0,0.0,0.0,0.0,0.0,0.0,0.0,0.0,DPR,T5
2985,where is the carlsbad caverns national park located,Guadalupe Mountains of southeastern New Mexico,"Eddy County, New Mexico, U.S.",1,1,1,1,1.0,3.333.333.333.333.330,0.2,0.1,1.0,1.0,1.0,1.0,0.0,3.333.333.333.333.330,3.333.333.333.333.330,0.0,DPR,T5
2986,who was playing during the las vegas shooting,Jason Aldean,I don't know,0,0,0,0,0.0,0.0,0.0,0.0,0.0,0.0,0.0,0.0,0.0,0.0,0.0,0.0,DPR,T5
2988,when did courage the cowardly dog stop airing,"November 22, 2002",December 2008,0,0,0,0,0.0,0.0,0.0,0.0,0.0,0.0,0.0,0.0,0.0,0.0,0.0,0.0,DPR,T5
2992,how many different species of mosquitoes are there,"Over 3,500",I don't know,0,0,0,0,0.0,0.0,0.0,0.0,0.0,0.0,0.0,0.0,0.0,0.0,0.0,0.0,DPR,T5
2994,the back of the leg is called what,calf,gastrocnemius muscle,0,1,1,1,0.0,3.333.333.333.333.330,0.2,0.1,0.0,3.333.333.333.333.330,3.333.333.333.333.330,3.333.333.333.333.330,0.0,0.0,0.0,0.0,DPR,T5
2995,what is the name of our diocese in sydney,Armidale,Diocese of Ballarat,0,0,0,0,0.0,0.0,0.0,0.0,0.0,0.0,0.0,0.0,0.0,0.0,0.0,0.0,DPR,T5
2997,when was the last time rangers won the treble,2002–03,1997,0,0,0,0,0.0,0.0,0.0,0.0,0.0,0.0,0.0,0.0,0.0,0.0,0.0,0.0,DPR,T5