idx,question,gold,has_gold,pred_A,em_A,f1_A,hit@10_A,ent_label_A,ent_faith_A,ent_score_A,pred_B,em_B,f1_B,hit@10_B,ent_label_B,ent_faith_B,ent_score_B
0,when is the last episode of season 8 of the walking dead,"March 18, 2018",True,I don't know,0.0,0.0,0.0,contradiction,0,0.11653642356395721,The Walking Dead ( season 2) /Th> /Tr> /Tr> /Th> /Th> /Th> /Th> /Th> /Th> /Th> /Th> ,0.0,0.0,0.0,entailment,1,0.6973808407783508
1,in greek mythology who was the goddess of spring growth,"Persephone (/pərˈsɛfəni/; Greek: Περσεφόνη), also called Kore (/ˈkɔːriː/; ""the maiden"")",True,I don't know,0.0,0.0,0.0,contradiction,0,0.18433451652526855,Achilles is the son of the sea nymph.,0.0,0.11764705882352941,0.0,neutral,0,0.1382342427968979
6,what is the name of the most important jewish text,the Shulchan Aruch,True,I don't know,0.0,0.0,0.0,neutral,0,0.07940264046192169,"translators must revise errors as necessary and confirm that the translation is accurate, rather than simply copy - pasting machine - translated text into the English Wikipedia. /Li> Li> Do not translate text that appears unreliable or low - quality.",0.0,0.05,0.0,entailment,1,0.9585715532302856
8,what is the name of spain's most famous soccer team,Real Madrid,True,I don't know,0.0,0.0,0.0,neutral,0,0.017978930845856667,NBA Finals is the championship series for the NBA and the conclusion of the postseason.,0.0,0.0,0.0,neutral,0,0.010107270441949368
9,when was the first robot used in surgery,1983,True,I don't know,0.0,0.0,0.0,neutral,0,0.18656185269355774,"The Marsh test is a highly sensitive method in the detection of arsenic, especially useful in the field of forensic toxicology when arsenic was used as a poison.",0.0,0.0,0.0,entailment,1,0.9717356562614441
13,who sings the song i don't care i love it,Icona Pop and Charli XCX,True,I don't know,0.0,0.0,0.0,neutral,0,0.17921778559684753,The song was written by Homer Banks and Bettye Crutcher.,0.0,0.13333333333333333,0.0,contradiction,0,0.009022409096360207
16,who are uncle owen and aunt beru related to,Shmi,True,I don't know,0.0,0.0,0.0,neutral,0,0.2541215121746063,The person becomes a survivor after completing treatment.,0.0,0.0,0.0,neutral,0,0.013342253863811493
19,where is zimbabwe located in the world map,"in southern Africa, between the Zambezi and Limpopo Rivers, bordered by South Africa, Botswana, Zambia and Mozambique",True,I don't know,0.0,0.0,0.0,neutral,0,0.017630398273468018,"The headwaters of the Cedar River are located in Dodge County, Minnesota, consisting of a west fork and middle fork approximately three miles northeast of the town of Blooming Prairie, and an east fork approximately one mile south of the town of Hayfield.",0.0,0.16666666666666666,0.0,entailment,1,0.6717451214790344
20,100 acres is equal to how many hectares,1 square hectometre (hm2),True,electrolytes ( salts in solution) in the various body fluids,0.0,0.0,0.0,neutral,0,0.15646828711032867,The basic principle of fluid balance is that the amount of water lost from the body must equal the amount of water.,0.0,0.0,0.0,neutral,0,0.05533498153090477
22,where was donovan mitchell picked in the draft,13th,True,I don't know,0.0,0.0,0.0,entailment,1,0.7341489195823669,"The series was officially picked up on May 6, 2015, and received a full season order on November 30, 2015.",0.0,0.0,0.0,neutral,0,0.0470287911593914
26,where did the beatles final live performance take place,the roof of the headquarters of the band's multimedia corporation Apple Corps at 3 Savile Row,True,I don't know,0.0,0.0,0.0,neutral,0,0.027941595762968063,"The field grew from eight teams in the beginning to sixty - five teams by 2001 ; as of 2011, sixty five teams",0.0,0.16216216216216214,0.0,neutral,0,0.0038951991591602564
27,who is the president of costa rica 2017,Luis Guillermo Solís Rivera,True,I don't know,0.0,0.0,0.0,contradiction,0,0.16036725044250488,Luis Guillermo Sols /Th> /Tr> /Tr> /Tr> /Tr> /Tr> /Tr> /Tr> /Tr> ,0.0,0.375,0.0,entailment,1,0.6372531652450562
29,when did power rangers tv show come out,"August 28, 1993",True,Power Rangers : The Movie,0.0,0.0,0.0,entailment,1,0.6157565712928772,Morphin Power Rangers : The Movie Turbo : A Power Rangers Movie,0.0,0.0,0.0,contradiction,0,0.2784056067466736
31,how many beverly hills cops movies are there,three,True,I don't know,0.0,0.0,1.0,neutral,0,0.019912581890821457,"The meaning of the word "" national consciousness "" is that it is a shared sense of national identity ; that is, it is a shared sense of national identity.",0.0,0.0,1.0,neutral,0,0.15250957012176514
32,who holds the most women's wimbledon titles,Martina Navratilova,True,NBA championships,0.0,0.0,1.0,contradiction,0,0.013572344556450844,"NBA championships, NBA championships, NBA championships, NBA championships, NBA championships, NBA championships, NBA championships, NBA championships, NBA championships, NBA championships, NBA championships, NBA championships, NBA championships ",0.0,0.0,1.0,contradiction,0,0.005057935137301683
34,where does jinx you owe me a coke come from,Jinx is a children's game with varying rules and penalties that occur when two people unintentionally speak the same word or phrase simultaneously,True,I don't know,0.0,0.0,0.0,neutral,0,0.156317338347435,The Supremes ),0.0,0.08,0.0,entailment,1,0.5777339339256287
39,where does the last name hickey come from,Irish origin,True,I don't know,0.0,0.0,1.0,contradiction,0,0.15057320892810822,"The sentence "" Atomism "" means "" uncuttable "".",0.0,0.0,1.0,entailment,1,0.335949182510376
43,where is the greatest royal rumble taking place,"Jeddah, Saudi Arabia",True,I don't know,0.0,0.0,1.0,neutral,0,0.1744142323732376,The WWE Network event chronology is a chronology of WWE events.,0.0,0.0,1.0,entailment,1,0.6843938231468201
44,who sang my name is tallulah in bugsy malone,"Louise ""Liberty"" Williams",True,I don't know,0.0,0.0,0.0,neutral,0,0.14969223737716675,The Black Knight.,0.0,0.0,0.0,entailment,1,0.7066320180892944
48,what is andy's sisters name in toy story,Molly,True,I don't know,0.0,0.0,0.0,contradiction,0,0.06842055916786194,The originals is an American supernatural drama television series created by Julie Plec for The CW.,0.0,0.0,0.0,neutral,0,0.09070170670747757
49,who sings with shaggy on it wasn me,English-Jamaican singer Rikrok,True,I don't know,0.0,0.0,0.0,neutral,0,0.2523895502090454,"Shaggy /Th> /Tr> Tr> Td colspan=""2""> /Tr> /Tr> Tr> Th colspan=""2""> Single by Shaggy /Th",0.0,0.0,0.0,entailment,1,0.5983932614326477
51,what is the largest catholic high school in america,St. Francis Preparatory School,True,I don't know,0.0,0.0,0.0,neutral,0,0.09007739275693893,"The ties between the United States and most of Latin America are generally cordial, but there remain areas of tension between the two sides.",0.0,0.0,0.0,neutral,0,0.024010779336094856
52,who established the peoples republic of china in 1949,Mao Zedong,True,Empire of Japan,0.0,0.0,0.0,entailment,1,0.4982996881008148,The Imperial Seal was a symbol of Japan during the Allied occupation of Japan.,0.0,0.0,0.0,entailment,1,0.7316758632659912
54,who sang take that look off your face,Marti Webb,True,I don't know,0.0,0.0,1.0,neutral,0,0.20843525230884552,The song was written by Marti Webb and Don Black.,0.0,0.33333333333333337,1.0,neutral,0,0.012457636184990406
55,who plays percy in the lost city of z,Charlie Hunnam,True,I don't know,0.0,0.0,0.0,contradiction,0,0.041705403476953506,The Theatre,0.0,0.0,0.0,entailment,1,0.3956010043621063
58,who plays the first lady on house of cards,Joanna C. Going,True,I don't know,0.0,0.0,0.0,contradiction,0,0.15836721658706665,"The title of the episode titled "" President of the United States /Td> /Tr> /Tr> /Tr> /Tr> /Tr> /Tr> /Tr> /",0.0,0.0,0.0,neutral,0,0.0064392550848424435
65,who owns st andrews golf course in scotland,The St Andrews Links Trust,True,I don't know,0.0,0.0,0.0,contradiction,0,0.14890681207180023,The Old Course Tr> Tr> Tr> Th> coordinates /Th> 56 ° 20 ′ 35 '' N 2 ° 48 ′ 11 '' W / 56.343 ° N 2.803 °,0.0,0.08000000000000002,0.0,entailment,1,0.8583596348762512
68,which city and state hosts the annual college world series,"Omaha, Nebraska",True,Earth,0.0,0.0,0.0,neutral,0,0.009058769792318344,"The State of the Union Address is an annual message presented by the President of the United States to a joint session of the United States Congress, except in the first year of a new president's term.",0.0,0.0,0.0,neutral,0,0.004646075423806906
69,who is ted talking about in how i met your mother,Tracy McConnell,True,I don't know,0.0,0.0,1.0,contradiction,0,0.26613903045654297,The Mother appearing in  The Locket /Td> /Tr> Tr> Tr> Th> First appearance /Th> Td>  Lucky Penny ( unseen ) /Td,0.0,0.0,1.0,contradiction,0,0.1818726509809494
72,when does grey's anatomy season 14 premiere,"September 28, 2017",True,I don't know,0.0,0.0,1.0,contradiction,0,0.23095132410526276,The thirteenth season of Grey's Anatomy /Td> /Tr> /Tr> Tr> Tr> Tr> Tr> Tr> Tr> Tr,0.0,0.0,1.0,entailment,1,0.8078404664993286
73,the partial pressure of carbon dioxide in arterial blood is approximately,at sea level (765 mmHg) in arterial blood is between 35 mmHg and 45 mmHg,True,I don't know,0.0,0.0,0.0,contradiction,0,0.10530539602041245,Industrial Revolution,0.0,0.0,0.0,neutral,0,0.15485242009162903
76,what was uncle jesse's original last name on full house,Cochran,True,I don't know,0.0,0.0,0.0,contradiction,0,0.13347862660884857,The show was renewed for a fourth season.,0.0,0.0,0.0,entailment,1,0.9476199150085449
78,who pays the judgements on the judge mathis show,Greg Mathis,True,I don't know,0.0,0.0,0.0,neutral,0,0.06385689973831177,The Wonderful World of Make Believe is a list of episodes of the American comedy series Blue Mountain State.,0.0,0.0,0.0,contradiction,0,0.13129466772079468
79,who made up the elf on the shelf,Chanda Bell,True,I don't know,0.0,0.0,1.0,neutral,0,0.12938863039016724,"From 1998 to 2000 and since 2015, it was reverted to five but only up to the second runner - up was awarded ( regardless if the pageant post-announces the placements of the other 2 delegates who made it to the Top 5 ).",0.0,0.0,1.0,neutral,0,0.013962856493890285
82,who warned concord that the british were coming,Samuel Prescott,True,I don't know,0.0,0.0,1.0,neutral,0,0.1391402781009674,"The remembrance poppy is an artificial flower that has been used since 1921 to commemorate military personnel who have died in war, and represents a common or field poppy, Papaver rhoeas.",0.0,0.0,1.0,entailment,1,0.7508549094200134
83,who lasted the longest on alone season 2,David McIntyre,True,I don't know,0.0,0.0,0.0,neutral,0,0.010295460000634193,The season was a regular season.,0.0,0.0,0.0,neutral,0,0.08705095201730728
88,where is the us military base in japan,"Yokota Air Base, Fussa, Western Tokyo",True,I don't know,0.0,0.0,1.0,contradiction,0,0.1827121526002884,"The Pentagon is located in Arlington County, Virginia.",0.0,0.0,1.0,neutral,0,0.005617173854261637
89,who determines the size of the supreme court,Congress,True,I don't know,0.0,0.0,1.0,contradiction,0,0.3056687116622925,The current members of the Supreme Court of the United States /Th> /Th> /Tr> Tr> Tr> Td> Dl> Dt> Chief Justice /Dt> Dd,0.0,0.0,1.0,entailment,1,0.9546589255332947
90,who is the actor that plays lucifer on tv,Thomas John Ellis,True,I don't know,0.0,0.0,0.0,neutral,0,0.25950026512145996,The Dumping Ground.,0.0,0.0,0.0,neutral,0,0.21496464312076569
96,who designed the national coat of arms of south africa,Iaan Bekker,True,I don't know,0.0,0.0,0.0,contradiction,0,0.18771231174468994,"The Coat of arms of the Republic of South Africa /Th> /Tr> Tr> Td colspan=""2""> /Tr> /Tr> /Tr> /Tr> ",0.0,0.0,0.0,entailment,1,0.8103969097137451
98,when does model code of conduct come into force,immediately on announcement of the election schedule by the commission,True,MVC design pattern has been used.,0.0,0.0,0.0,neutral,0,0.084851935505867,"The EU's predecessor, the European Economic Community, was founded with the Inner Six member states in 1958.",0.0,0.14814814814814817,0.0,neutral,0,0.07343825697898865
111,when did now thats what i call music come out,28 November 1983,True,I don't know,0.0,0.0,0.0,neutral,0,0.1725672334432602,"The focus was primarily on Klaus ( Joseph Morgan ), Elijah ( Daniel Gillies ), and Rebekah ( Claire Holt ) who found out in the backdoor pilot, aired on April 25, 2013, how Hayley Marshall ( Pho",0.0,0.0,0.0,contradiction,0,0.03971138596534729
113,where is the 2018 grey cup being played,"The Brick Field at Commonwealth Stadium in Edmonton, Alberta",True,I don't know,0.0,0.0,0.0,contradiction,0,0.23796440660953522,American.,0.0,0.0,0.0,contradiction,0,0.04764697700738907
116,where did the band bastille get their name,Bastille Day,True,carotenoid group,0.0,0.0,0.0,neutral,0,0.06122897192835808,"The name is from Greek xanthos ( ,  yellow '' ) and phyllon ( ,  leaf '' ), due to their formation of the yellow pigments",0.0,0.0,0.0,neutral,0,0.00454669026657939
117,where is arkansas river located on a map,"The Arkansas River flows through Colorado, Kansas, Oklahoma, and Arkansas, and its watershed also drains parts of Texas, New Mexico and Missouri.",True,I don't know,0.0,0.0,1.0,contradiction,0,0.1488589346408844,Cedar River,0.0,0.08333333333333334,1.0,entailment,1,0.5362709760665894
118,who plays nicholas in the princess diaries 2,Chris Pine,True,I don't know,0.0,0.0,0.0,neutral,0,0.009578995406627655,/Tr> P>,0.0,0.0,0.0,neutral,0,0.009500047191977501
122,the p-wave phase of an electrocardiogram (ecg) represents,atrial depolarization,True,I don't know,0.0,0.0,1.0,entailment,1,0.8601085543632507,The confidence level represents the frequency (,0.0,0.0,1.0,entailment,1,0.4132109582424164
123,when did star trek the next generation first air,"September 28, 1987",True,I don't know,0.0,0.0,1.0,contradiction,0,0.22882625460624695,"/Th> /Tr> Th colspan=""2"">  Suddenly Human '' /Th> /Tr> Tr> Tr> Th> Episode no. /Th> ",0.0,0.0,1.0,contradiction,0,0.34097564220428467
132,who sang the most wonderful summer of my life,Jackie Ward,True,I don't know,0.0,0.0,0.0,contradiction,0,0.2519533634185791,The studio album by Johnny Mathis /Th> /Th> /Th> /Th> /Th> /Th> /Th> Released /Th> /Th> /Th> /Tr,0.0,0.0,0.0,entailment,1,0.9509999752044678
137,how many oscars did on golden pond win,three,True,I don't know,0.0,0.0,1.0,contradiction,0,0.13287973403930664,"On Golden Pond /Th> /Th> /Tr> Tr> Td colspan=""2""> Movie poster by Bill Gold /Th> /Th> /Tr> Tr> T",0.0,0.0,1.0,entailment,1,0.5995727777481079
139,who won season 4 of america's got talent,Kevin Skinner,True,I don't know,0.0,0.0,1.0,contradiction,0,0.24512879550457,The Sacred Riana /Th> /Th> /Th> /Th> /Th> /Th> /Th> /Th> /Th> /Th> /Th> /Th,0.0,0.0,1.0,entailment,1,0.7611809372901917
140,how many episodes on queen of the south season 1,13,True,I don't know,0.0,0.0,1.0,contradiction,0,0.05465874448418617,"The first season aired from August 29, 2005 to May 15, 2006, with a four - month break after Thanksgiving.",0.0,0.0,1.0,contradiction,0,0.12626062333583832
143,who is the existing prime minister of pakistan,Imran Khan,True,I don't know,0.0,0.0,0.0,neutral,0,0.10666010528802872,The Prime Minister of India is the chief executive of the Government of India.,0.0,0.0,0.0,entailment,1,0.9836142063140869
144,who is known as the father of texas,Stephen Fuller Austin,True,I don't know,0.0,0.0,1.0,neutral,0,0.035849664360284805,muggle is known as a squib.,0.0,0.0,1.0,contradiction,0,0.08896924555301666
146,what is the orange stuff on my sushi,tobiko,True,I don't know,0.0,0.0,0.0,neutral,0,0.1892148107290268,"The album Deep Thoughts from a Shallow Mind was released on January 9, 1995.",0.0,0.0,0.0,neutral,0,0.0022605983540415764
149,when did nsw last won a state of origin series,2018,True,NCAA was ruled by the National Association of Basketball Coaches,0.0,0.0,1.0,contradiction,0,0.10838306695222855,The National Association of Basketball Coaches was the governing body of the NCAA Tournament.,0.0,0.0,1.0,neutral,0,0.07807563990354538
150,when does life is strange before the storm part 2,October 2017,True,I don't know,0.0,0.0,1.0,contradiction,0,0.20547565817832947,"Th colspan=""2""> Life Is Strange : Before the Storm /Th> /Tr> Tr> Td colspan=""2""> /Tr> /Tr> Tr> ",0.0,0.0,1.0,entailment,1,0.7438646554946899
152,where is sodom and gomorrah located in the bible,on the Jordan River plain in the southern region of the land of Canaan,True,re,0.0,0.0,1.0,contradiction,0,0.10647092014551163,The source of energy is redox.,0.0,0.2,1.0,contradiction,0,0.07509379088878632
154,when did the xbox 360 slim come out,in 2010,True,I don't know,0.0,0.0,0.0,contradiction,0,0.09415274113416672,"The Xbox One gaming console has received updates from Microsoft since its launch in 2013 that enable it to play select games from its two predecessor consoles, Xbox and Xbox 360.",0.0,0.06060606060606061,0.0,entailment,1,0.9722364544868469
166,who spread the theory that one is a product of the mind and body,René Descartes,True,I don't know,0.0,0.0,1.0,neutral,0,0.048292964696884155,"The MBTI is based on the conceptual theory proposed by Carl Jung, who had speculated that humans experience the world using four principal psychological functions -- sensation, intuition, feeling, and thinking -- and that one of these four functions is dominant for a person most of the time.",0.0,0.0,1.0,neutral,0,0.00332908914424479
168,how many goals scored ronaldo in his career,over 670,True,I don't know,0.0,0.0,0.0,contradiction,0,0.021936194971203804,Rohit made his ODI debut against Ireland in June 2007.,0.0,0.0,0.0,contradiction,0,0.017316294834017754
176,who played tess on touched by an angel,"Delloreese Patricia Early (July 6, 1931 – November 19, 2017), known professionally as Della Reese",True,I don't know,0.0,0.0,0.0,neutral,0,0.02652747742831707,"The first two pitchers to accomplish the feat did so in 1880, under rules that differed in many important respects from those of today's game.",0.0,0.0,0.0,neutral,0,0.01989368535578251
178,when did the hornets move to new orleans,2002–03 season,True,I don't know,0.0,0.0,0.0,contradiction,0,0.21389338374137878,"The New Orleans Pelicans are a professional basketball team based in New Orleans, Louisiana.",0.0,0.0,0.0,entailment,1,0.9007149934768677
186,fish appeared in the fossil record during the,the Cambrian explosion,True,I don't know,0.0,0.0,0.0,contradiction,0,0.19124184548854828,"The Devonian period 419 -- 359 Ma ( Age of Fishes ) saw the development of early sharks, armoured placoderms and various lobe - finned fishes including the tetrapod transitional species.",0.0,0.06666666666666667,0.0,entailment,1,0.9723389148712158
190,who died from the band faith no more,singer Chuck Mosley,True,I don't know,0.0,0.0,0.0,contradiction,0,0.29799923300743103,"Faith No More /Th> /Th> /Tr> Tr> Th> Td colspan=""2""> Background information /Th> /Th> /Tr> Tr> ",0.0,0.0,0.0,entailment,1,0.49677717685699463
193,who signed the gun control act of 1968,President Lyndon B. Johnson,True,I don't know,0.0,0.0,1.0,contradiction,0,0.15940308570861816,U.S.C. : Crimes and Criminal Procedure,0.0,0.0,1.0,contradiction,0,0.14709843695163727
195,where do frankenstein and the monster first meet,the mountains,True,I don't know,0.0,0.0,0.0,contradiction,0,0.01939091458916664,The song was first performed in Annie Get Your Gun by Ethel Merman and Ray Middleton.,0.0,0.1111111111111111,0.0,contradiction,0,0.008155726827681065
196,the human tendency to mimic other people’s behavior is an example of,Mirroring,True,I don't know,0.0,0.0,0.0,neutral,0,0.015025736764073372,unified impression,0.0,0.0,0.0,neutral,0,0.030962347984313965
197,when does season five of the killing come out,a fourth season consisting of six episodes to conclude the series,True,I don't know,0.0,0.0,0.0,neutral,0,0.08798263221979141,"Moses asked for an assessment of the geographical features of the land, the strength and numbers of the population, the agricultural potential and actual performance of the land, civic organization (whether their cities were like camps or strongholds ), and forestry conditions.",0.0,0.07692307692307693,0.0,neutral,0,0.18392427265644073
199,how is the head of the church of england,the monarch is the supreme governor,True,I don't know,0.0,0.0,0.0,neutral,0,0.08430555462837219,The term pope is used in several Churches to denote their high spiritual leaders ( for example Coptic Pope ).,0.0,0.16666666666666666,0.0,neutral,0,0.09994994848966599
205,how to remove a methyl group from benzene,replacement of a methyl group by a hydrogen atom,True,I don't know,0.0,0.0,1.0,neutral,0,0.2235332727432251,/Tr> /Tr> /Table> Table> Tr> Tr> Tr> Tr> Tr> Tr> Tr> Tr> T,0.0,0.0,1.0,entailment,1,0.478880375623703
207,what does a nose ring mean in india,"a mark of beauty and social standing as well as a Hindu's honor to Parvati, the goddess of marriage",True,I don't know,0.0,0.0,0.0,neutral,0,0.15175428986549377,"is associated with a nearly continuous series of oceanic trenches, volcanic arcs, and volcanic belts and plate movements.",0.0,0.16216216216216214,0.0,neutral,0,0.3097967803478241
209,the cuban missile crisis began in 1962 when which country placed nuclear missiles in cuba,Soviet Union,True,I don't know,0.0,0.0,1.0,contradiction,0,0.12987542152404785,"The Cuban Missile Crisis /Tr> /Tr> /Tr> Td colspan=""2""> Part of the Cold War /Tr> /Tr> Td colspan=""2""> ",0.0,0.0,1.0,entailment,1,0.8843926191329956
212,when did fasb codification become authoritative u.s. gaap,"after September 15, 2009",True,I don't know,0.0,0.0,0.0,neutral,0,0.03336848318576813,California applies to become a free state,0.0,0.0,0.0,neutral,0,0.12860015034675598
213,who plays frank in f is for family,Bill Burr,True,I don't know,0.0,0.0,0.0,neutral,0,0.08328436315059662,"The concept is valued as a descriptor for particularly strong inter-species interactions, and it has allowed easier communication between ecologists and conservation policy makers.",0.0,0.0,0.0,neutral,0,0.08454151451587677
216,android operating system was acquired by google in,July 2005,True,I don't know,0.0,0.0,0.0,neutral,0,0.09014856815338135,"Android 8.1 Oreo home screen /Td> /Tr> /Tr> Th> Developer /Th> Td> Google, Open Handset Alliance /Th> /Tr> Tr>",0.0,0.0,0.0,entailment,1,0.5269138216972351
217,where does the flexor digitorum superficialis distally attach,The tendons attach to the anterior margins on the bases of the intermediate phalanges of the four fingers. These tendons have a split (Camper's Chiasm) at the end of them through which the tendons of flexor digitorum profundus pass.,True,I don't know,0.0,0.0,0.0,neutral,0,0.22476385533809662,"/Td> /Tr> /Tr> Tr> Th colspan=""2""> Flexor digitorum superficialis /Th> /Tr> /Tr> Tr> ",0.0,0.07692307692307693,0.0,contradiction,0,0.3113935589790344
219,who played daniel in the bible mini series,Jake Canuso,True,I don't know,0.0,0.0,0.0,neutral,0,0.23527725040912628,"The Eagles were in four pre-Super Bowl Era NFL Championships ( 1947, 1948, 1947, 1948, 1947, 1948, 1947, 1948, 1947, 1948, 1947, 1948, 1947, 1948, 1947, 1948,",0.0,0.0,0.0,neutral,0,0.287034809589386
221,what does the star on the ghana flag mean,"adopted from the flag of the Black Star Line, a shipping line incorporated by Marcus Garvey that operated from 1919 to 1922",True,I don't know,0.0,0.0,0.0,neutral,0,0.25752606987953186,Ghana Tr> /Tr> /Tr> /Tr> /Tr> /Tr> /Tr> /Tr> Th> Use /Th> Td> National,0.0,0.0,0.0,entailment,1,0.8530080914497375
222,when is the last movie of divergent coming out,TBA,True,I don't know,0.0,0.0,1.0,neutral,0,0.13744623959064484,The Twelve Spies (,0.0,0.0,1.0,neutral,0,0.10176526755094528
223,the former peterlee campus of east durham college,East Durham & Houghall Community College,True,I don't know,0.0,0.0,0.0,neutral,0,0.2869510352611542,"The Ohio State Buckeyes college football team competes as part of the National Jonny Red Athletic Association ( NCAA ) Division I Football Bowl Subdivision, representing the Ohio State University in the East Division of the Big Ten Conference.",0.0,0.09523809523809523,0.0,entailment,1,0.9723753333091736
225,the amount of light reflected from the front surface of common window glass is about,about 4% per surface,True,reflective properties,0.0,0.0,0.0,neutral,0,0.22230802476406097,reflective ( ultraviolet) spectral characteristics.,0.0,0.0,0.0,neutral,0,0.17547298967838287
227,how many cm is a 24 inch tv,61,True,I don't know,0.0,0.0,1.0,neutral,0,0.13310261070728302,"The primary purpose of ploughing is to turn over the upper layer of the soil, bringing fresh nutrients to the surface, while burying weeds and the remains of previous crops and allowing them to break down.",0.0,0.0,1.0,entailment,1,0.9273068904876709
233,where was the walking dead season 7 filmed,Georgia,True,I don't know,0.0,0.0,1.0,contradiction,0,0.2214241474866867,The Walking Dead ( season 8 ) /Th> /Tr> /Tr> /Th> /Th> /Th> /Th> /Th> /Th> /Th> /Th,0.0,0.0,1.0,entailment,1,0.63118976354599
236,who plays male lead in far from the madding crowd,Carey Mulligan,True,I don't know,0.0,0.0,1.0,contradiction,0,0.17057712376117706,The film was directed by Thomas Vinterberg.,0.0,0.0,1.0,entailment,1,0.8754848837852478
241,who is in the cast of the handmaid's tale,Elisabeth Moss,True,I don't know,0.0,0.0,1.0,neutral,0,0.005902067758142948,The Twentieth Amendment requires each elector to cast one vote for president and another vote for vice president.,0.0,0.0,1.0,neutral,0,0.010411020368337631
242,who owned the first casino in las vegas,local Las Vegas business owners,True,I don't know,0.0,0.0,0.0,neutral,0,0.02634025737643242,"The Raiders'move to Las Vegas comes after years of failed efforts to renovate or replace the Oakland -- Alameda County Coliseum, which has been rated by multiple sources as one of the worst stadiums in the NFL.",0.0,0.09756097560975609,0.0,neutral,0,0.0016115539474412799
244,who is the lead singer of portugal the man,John Baldwin Gourley,True,I don't know,0.0,0.0,1.0,neutral,0,0.3756481111049652,Jacob spent the night alone on a riverside during his journey back to Canaan.,0.0,0.0,1.0,neutral,0,0.08732239156961441
253,who does billy russo become on the punisher,Jigsaw,True,I don't know,0.0,0.0,1.0,neutral,0,0.17865435779094696,The Amazing Spider - Man # 162 (November 1976 ) /Td> /Tr> /Tr> Th> Created by /Th> Td> Len Wein Ross Andru /Tr> /,0.0,0.0,1.0,contradiction,0,0.03537371754646301
255,who was the founder of chick fil a,S. Truett Cathy,True,I don't know,0.0,0.0,0.0,contradiction,0,0.1512097418308258,The period is often quoted as 18 months because of Intel executive David House.,0.0,0.0,0.0,neutral,0,0.0037146375980228186
256,when was asbestos first found to be dangerous,began with the 20th century and escalated during the 1920s and 1930s,True,I don't know,0.0,0.0,0.0,contradiction,0,0.03883067145943642,The final version of the constitution was voted on and sent to the states.,0.0,0.23076923076923075,0.0,neutral,0,0.025935618206858635
257,where is the black box located on an airplane,usually mounted in the aircraft's tail section,True,I don't know,0.0,0.0,0.0,contradiction,0,0.1639804244041443,"The Cedar River is located in Dodge County, Minnesota, consisting of a west fork and middle fork approximately three miles northeast of the town of Blooming Prairie, and an east fork approximately one mile south of the town of Hayfield.",0.0,0.0851063829787234,0.0,entailment,1,0.955351710319519
267,when did the brewers go to national league,1998,True,I don't know,0.0,0.0,1.0,neutral,0,0.156317338347435,The Supremes ),0.0,0.0,1.0,entailment,1,0.5777339339256287
268,who are the songwriters for the greatest showman,Benj Pasek,True,U.S. citizens.,0.0,0.0,0.0,neutral,0,0.23692570626735687,The United States Electoral College is the mechanism established by the United States Constitution for the election of the president and vice president of the United States by small groups.,0.0,0.0,0.0,neutral,0,0.26286640763282776
269,who plays dylan in now you see me,Mark Ruffalo,True,I don't know,0.0,0.0,0.0,neutral,0,0.16169625520706177,You Can Lie to Me Tonight '' /Td> /Tr> /Tr> Tr> Th> B - side /Tr> Td> Td> Td> ,0.0,0.0,0.0,entailment,1,0.5514122247695923
270,where was the ark of the covenant taken,Kiriath-Jearim,True,I don't know,0.0,0.0,0.0,contradiction,0,0.05554331839084625,The first Test hat - trick was recorded in the year 1897.,0.0,0.0,0.0,contradiction,0,0.0013646978186443448
271,harrow on the hill height above sea level,124 metres (408 ft),True,Peru,0.0,0.0,0.0,contradiction,0,0.06573401391506195,Mountains.,0.0,0.0,0.0,contradiction,0,0.09393429011106491
272,who plays hitler in man in the high castle,Wolf Muser,True,I don't know,0.0,0.0,0.0,neutral,0,0.18041785061359406,The Man in the High Castle Tr> Td> /Tr> P> /Tr> P> /Tr> P> /Tr> P> /Tr> ,0.0,0.0,0.0,neutral,0,0.28660905361175537
273,lowest city below sea level in the world,"Jericho, West Bank",True,Georgia,0.0,0.0,0.0,neutral,0,0.015054186806082726,Georgia.,0.0,0.0,0.0,neutral,0,0.01200187299400568
275,who voiced jack in rise of the guardians,Chris Pine,True,I don't know,0.0,0.0,1.0,neutral,0,0.13704155385494232,The Constitution of India also empowers the governor to act upon his or her own discretionary powers.,0.0,0.0,1.0,neutral,0,0.003985715098679066
277,what type of hybrid is the ford fusion,gasoline-electric,True,Sermon on the Mount,0.0,0.0,0.0,neutral,0,0.31531962752342224,The fifth chapter of the Gospel of Matthew in the New Testament is the fifth chapter of the Gospel of Matthew.,0.0,0.0,0.0,entailment,1,0.9175335168838501
280,how many states is there in united states,50,True,I don't know,0.0,0.0,1.0,contradiction,0,0.026839716359972954,VINs.,0.0,0.0,1.0,contradiction,0,0.022608822211623192
281,what is the first harry potter book called in england,Harry Potter and the Philosopher's Stone,True,I don't know,0.0,0.0,0.0,contradiction,0,0.16639594733715057,The Harry Potter logo was created by J.K. Rowling.,0.0,0.4,0.0,entailment,1,0.9444326758384705
282,when did montgomery ward's go out of business,2001,True,I don't know,0.0,0.0,1.0,contradiction,0,0.2533702254295349,"The store's logo, also the store's 1982 -- 1995 and 2004 -- present logo /Td> /Tr> Tr> Th> Former type /Th> Td> Private -- Original incarnation, mail",0.0,0.0,1.0,entailment,1,0.7667186856269836
283,who won series 7 of great british bake off,Candice Brown,True,I don't know,0.0,0.0,0.0,neutral,0,0.3702833950519562,"Queen Elizabeth II, Queen Elizabeth II was the longest - reigning British monarch.",0.0,0.0,0.0,neutral,0,0.2729136645793915
284,who does the voice of special ed on crank yankers,Jim Florentine,True,I don't know,0.0,0.0,0.0,neutral,0,0.02063029445707798,The originals is an American supernatural drama television series created by Julie Plec for The CW.,0.0,0.0,0.0,neutral,0,0.05405004322528839
287,what does the ministry of trade and industry do,directs the formulation of policies related to the development of trade and industry in Singapore,True,I don't know,0.0,0.0,0.0,neutral,0,0.15047882497310638,The metric system is an internationally recognised decimalised system of measurement.,0.0,0.15384615384615383,0.0,entailment,1,0.9876188039779663
289,who sings nothings gonna hurt you baby,Cigarettes After Sex,True,I don't know,0.0,0.0,0.0,contradiction,0,0.21404902637004852,"You're Gonna Miss This '' /Th> /Th> /Tr> Tr> Td colspan=""2""> /Tr> /Tr> Tr> Th col",0.0,0.0,0.0,entailment,1,0.6890072226524353
290,where in the bible does it talk about manna from heaven,Exodus 16:1–36,True,I don't know,0.0,0.0,0.0,neutral,0,0.03679899498820305,Heorot.,0.0,0.0,0.0,neutral,0,0.12238336354494095
291,winds that blow predominantly from the northeast and the southeast are the,The trade winds,True,I don't know,0.0,0.0,1.0,neutral,0,0.0787612572312355,in the lower portion of the Earth's atmosphere near the Earth's equator.,0.0,0.13333333333333333,1.0,entailment,1,0.8293190598487854
297,what is the use of symbolic link in linux,to reorder the file system hierarchy,True,I don't know,0.0,0.0,0.0,contradiction,0,0.1720409095287323,"The following is a list of the types of links that are supported by the POSIX operating system standard, most Unix - like operating systems such as FreeBSD, Linux, and Mac OS X.",0.0,0.10526315789473684,0.0,entailment,1,0.8398042321205139
299,time after time song was in what movie,John Tucker Must Die,True,I don't know,0.0,0.0,0.0,neutral,0,0.18899957835674286,"The core of English language descends from Old English, the language brought with the Angles, Saxon, and Jutish settlers to what was to be called England in and after the 500s.",0.0,0.0,0.0,neutral,0,0.3292282223701477
305,who sings i'm the one your mother warned you about,Mickey Gilley,True,I don't know,0.0,0.0,1.0,neutral,0,0.15592969954013824,"I'm the One Mama Warned You About '' /Th> /Tr> Tr> Th colspan=""2""> Single by Mickey Gilley /Th> /Tr> Th> ",0.0,0.1904761904761905,1.0,entailment,1,0.6775557994842529
307,who is considered a foreign official under fcpa,"any officer or employee of a foreign government or any department, agency, or instrumentality thereof, or of a public international organization, or any person acting in an official capacity for or on behalf of any such government or department, agency, or instrumentality, or for or on behalf of any such public international organization",True,I don't know,0.0,0.0,0.0,neutral,0,0.0040679615922272205,The Bank Holidays Act 1871.,0.0,0.0,0.0,neutral,0,0.0035437941551208496
309,who made the song london bridge is falling down,Unknown,True,I don't know,0.0,0.0,1.0,neutral,0,0.16538937389850616,The Cookie Jar Song is a song written in 1925 by James Campbell and Reginald Connelly.,0.0,0.0,1.0,neutral,0,0.05340009182691574
310,when does love simon come out in canada,"March 16, 2018",True,I don't know,0.0,0.0,0.0,neutral,0,0.1847425401210785,Jackson is a great guy.,0.0,0.0,0.0,entailment,1,0.884104311466217
317,what were the major components of clays american system,a tariff to protect and promote American industry,True,American,0.0,0.2222222222222222,0.0,neutral,0,0.3830733001232147,American invaders,0.0,0.2,0.0,neutral,0,0.2491856962442398
318,where was pirates of the carribean on stranger tides filmed,"Principal photography began on June 14, 2010, in Hawaii.[17][47] Filming was moved to California in August 2010,[48] primarily at the Long Beach shore[33] and a recreation of Whitecap Bay done in the Universal Studios backlot,[17] as the original Hawaiian location on Halona Cove was plagued with strong tides.[22] After a brief shoot in Puerto Rico,[33] with locations in both Palomino Island and the Fort of San Cristóbal in San Juan,[49] production moved to the United Kingdom in September, where principal photography wrapped on November 18 after 106 days of shooting.[17] Locations included Hampton Court Palace in London,[23] Knole House in Kent,[33] and Old Royal Naval College at Greenwich.[50] Interiors were shot at London's Pinewood Studios, and a replica of an 18th-century London street was built on the backlot alongside the soundstages",True,I don't know,0.0,0.0,0.0,neutral,0,0.265654057264328,The language of the film is English.,0.0,0.04347826086956522,0.0,neutral,0,0.13944970071315765
325,who sings i wanna be like you jungle book,Louis Prima,True,I don't know,0.0,0.0,0.0,contradiction,0,0.1949102133512497,"The Jungle Book /Th> /Th> /Th> /Tr> Tr> Td colspan=""2""> Theatrical release poster /Td> /Tr> Tr>",0.0,0.0,0.0,entailment,1,0.869377076625824
327,who wrote the book of philippians in the bible,Paul of Tarsus,True,"Rome, the most sought after wines -- Falernian and Surrentine -- were prized for their ability to age for decades",0.0,0.0,0.0,neutral,0,0.13095423579216003,"Romans, the most sought after wines were Falernian and Surrentine.",0.0,0.0,0.0,contradiction,0,0.057591963559389114
330,who sold more albums carrie underwood vs kelly clarkson,Carrie Underwood,True,I don't know,0.0,0.0,0.0,contradiction,0,0.09869500994682312,"The Voice /Th> /Tr> /Tr> Th colspan=""2""> Season 14 /Th> /Tr> Th> Broadcast from /Th> Td> February 26 -- May 22",0.0,0.0,0.0,entailment,1,0.5278865098953247
331,who is the oldest child in queen sugar,Nova Bordelon,True,I don't know,0.0,0.0,0.0,neutral,0,0.17145606875419617,"The team receives help from the Lance family ; Laurel ( Katie Cassidy ), Sara ( Caity Lotz ), and Quentin ( Paul Blackthorne ), sharing the goal of bringing justice to Starling City ( later, Star City",0.0,0.0,0.0,neutral,0,0.014062953181564808
332,when did second world war start and end,1 September 1939 – 2 September 1945,True,I don't know,0.0,0.0,0.0,contradiction,0,0.0689898431301117,The United States Navy was the first to develop the concept of a Joint Task Force.,0.0,0.0,0.0,neutral,0,0.08499772846698761
340,a spider with a skull on its back,Steatoda nobilis,True,India,0.0,0.0,0.0,contradiction,0,0.23448164761066437,Ancient India and ancient Greece are both ancient.,0.0,0.0,0.0,entailment,1,0.4522917866706848
349,when did the waltz become popular in england,the Regency period,True,I don't know,0.0,0.0,0.0,contradiction,0,0.22671224176883698,the original form of the waltz,0.0,0.2222222222222222,0.0,neutral,0,0.12273059785366058
352,what is expelled out of the body as faeces through the anus,"solid, semisolid, or liquid waste material",True,I don't know,0.0,0.0,0.0,neutral,0,0.11349812150001526,"The primary purpose of ploughing is to turn over the upper layer of the soil, bringing fresh nutrients to the surface, while burying weeds and the remains of previous crops and allowing the remains of previous crops to turn over the upper layer of the soil, while burying",0.0,0.0,0.0,entailment,1,0.4367564916610718
357,who was the chief guest of the official ceremony in the republic day,Crown Prince Mohammed bin Zayed Al Nahyan,True,powers has increased,0.0,0.0,0.0,contradiction,0,0.040609996765851974,"The Governor of India also empowered the governor to act upon his or her own discretion, such as the ability to appoint or dismiss a ministry, recommend President's rule, or reserve bills for the President's assent.",0.0,0.0,0.0,neutral,0,0.0066969930194318295
365,who wrote the practice of the presence of god,"Brother Lawrence (born Nicholas Herman), a 17th-century Carmelite monk",True,I don't know,0.0,0.0,0.0,neutral,0,0.15712328255176544,Jesus.,0.0,0.0,0.0,contradiction,0,0.17388194799423218
367,what cities have been capital of the united states,New York City,True,Ohio,0.0,0.0,0.0,neutral,0,0.07262108474969864,"The Rust Belt begins in western New York and traverses west through Pennsylvania, West Virginia, Ohio, Indiana, and the Lower Peninsula of Michigan.",0.0,0.15384615384615383,0.0,entailment,1,0.45956140756607056
372,when did india conduct the nuclear test at pokhran,May 1998,True,I don't know,0.0,0.0,1.0,neutral,0,0.1861899048089981,The test range was in Rajasthan.,0.0,0.0,1.0,entailment,1,0.9780805110931396
373,nhl record for shots on goal in a game,"Ray Bourque (March 21, 1991), 19",True,I don't know,0.0,0.0,0.0,neutral,0,0.07013046741485596,"The first two pitchers to accomplish the feat did so in 1880, under rules that differed in many important respects from those of today's game : for example, only underhand pitching -- from a flat, marked - out box 45 feet from home plate --",0.0,0.0,0.0,entailment,1,0.8438243269920349
374,where does the sagging pants trend come from,1990s,True,I don't know,0.0,0.0,0.0,neutral,0,0.20859499275684357,"Cassius Dio, Suetonius and Tacitus.",0.0,0.0,0.0,neutral,0,0.2609426975250244
375,who has played in the most nba finals games,Bill Russell,True,championships won by MLB players,0.0,0.0,1.0,contradiction,0,0.03233989328145981,championships won by players.,0.0,0.0,1.0,entailment,1,0.9415168166160583
378,moment of inertia of a rod about a point,radius of gyration,True,I don't know,0.0,0.0,0.0,neutral,0,0.05098913237452507,The mass moment of inertia is an additive function.,0.0,0.16666666666666666,0.0,entailment,1,0.9658688902854919
380,list of hum tv dramas based on novels,Dayar-e-Dil,True,I don't know,0.0,0.0,0.0,contradiction,0,0.17465892434120178,/Th> /Th> /Th> /Th> /Th> /Th> /Th> /Th> /Th> /Th> /Th> /Th> /Th,0.0,0.0,0.0,contradiction,0,0.3658122420310974
381,when does mark show up in grey anatomy,season two,True,I don't know,0.0,0.0,0.0,contradiction,0,0.12595196068286896,"Grey's Anatomy ( season 13 ) /Th> /Tr> /Tr> Th colspan=""2""> Grey's Anatomy ( season 14 ) /Th> /Tr> ",0.0,0.11764705882352941,0.0,neutral,0,0.28768739104270935
384,where is the iguazu falls located on a map,on the border of the Argentine province of Misiones and the Brazilian state of Paraná,True,"Electron transport chains are used for extracting energy via redox reactions from sunlight in photosynthesis or, such as in the case of the oxidation of sugars or, such as in the case of the oxidation of sugars, cellular respiration",0.0,0.2222222222222222,0.0,neutral,0,0.2416866570711136,"Electron transport chains are used for extracting energy via redox reactions from sunlight in photosynthesis or, such as in the case of the oxidation of sugars, cellular respiration.",0.0,0.18604651162790697,0.0,neutral,0,0.3494738042354584
385,in the 1st century bc egypt became a colony of,the Roman Empire,True,I don't know,0.0,0.0,0.0,contradiction,0,0.2256532907485962,The Millennium : /Th> Td> 1st millennium /Td> /Tr> Tr> Th> Centuries : /Th> Td> Ul> ,0.0,0.11764705882352941,0.0,entailment,1,0.5616661310195923
387,who is the cheif minister of uttar pradesh up,Yogi Adityanath,True,I don't know,0.0,0.0,1.0,neutral,0,0.14926953613758087,"The Governor must be appointed by the President of India for a term of five years, and holds office at the President's pleasure.",0.0,0.0,1.0,neutral,0,0.01768307201564312
388,who played jono on star trek next generation,Chad Allen,True,I don't know,0.0,0.0,1.0,neutral,0,0.2287748008966446,Star Trek : The Next Generation episode /Td> /Tr> Tr> Th> Episode no. /Th> Td> Tr> Th> Season 4 Episode 4 /Td> ,0.0,0.0,1.0,contradiction,0,0.33015310764312744
390,this bear lives in the hundred acre wood,Winnie-the-Pooh,True,I don't know,0.0,0.0,0.0,contradiction,0,0.17488637566566467,xylem is a type of transport tissue in vascular plants.,0.0,0.0,0.0,neutral,0,0.22562123835086823
398,what is the holy book of lslam called,Quran,True,I don't know,0.0,0.0,0.0,neutral,0,0.05755120515823364,"The story of Edgar Cayce, a 1997 book by Thomas Sugrue, originally published in 1969 as The story of Edgar Cayce : There Is a River",0.0,0.0,0.0,contradiction,0,0.01864626072347164
409,who won the women's championship at wimbledon this year,Garbiñe Muguruza,True,Bill Russell),0.0,0.0,0.0,contradiction,0,0.0481744222342968,The NBA.,0.0,0.0,0.0,contradiction,0,0.030929753556847572
415,who won second place in miss universe 2017,Laura González,True,Steelers).,0.0,0.0,0.0,contradiction,0,0.0072677708230912685,Steelers ).,0.0,0.0,0.0,contradiction,0,0.0066534290090203285
417,when does the new wheel of fortune season start,"September 10, 2018",True,I don't know,0.0,0.0,0.0,neutral,0,0.09704098105430603,"NBA games, the players are rewarded with trophies.",0.0,0.0,0.0,neutral,0,0.11250518262386322
422,who has been elected next president of united nations 2018,María Fernanda Espinosa,True,Priesthood,0.0,0.0,0.0,contradiction,0,0.056432705372571945,Priesthood calling in The Church of Jesus Christ of Latter - day Saints ( LDS Church ).,0.0,0.0,0.0,neutral,0,0.08783791214227676
424,when was the myers briggs type indicator developed,during World War II,True,I don't know,0.0,0.0,0.0,neutral,0,0.16666294634342194,"The Miami, Florida, meeting was held in Florida, Florida, United States.",0.0,0.0,0.0,neutral,0,0.16770406067371368
425,when was the last time australia won the rugby world cup,1999,True,I don't know,0.0,0.0,0.0,contradiction,0,0.028511565178632736,The trophy has been won 100 times from 1914 to the end of the 2018 season.,0.0,0.0,0.0,entailment,1,0.9790709018707275
428,where was the movie it's complicated filmed,New York City,True,I don't know,0.0,0.0,0.0,neutral,0,0.20785124599933624,/P> P>,0.0,0.0,0.0,neutral,0,0.3457536995410919
435,who wrote the story for the shape of water,Guillermo del Toro,True,I don't know,0.0,0.0,0.0,contradiction,0,0.04174992814660072,"The term is believed to come from the shape of the number  0 '' being similar to that of a duck's egg, as in the case of the American slang term  goose - egg ''.",0.0,0.0,0.0,neutral,0,0.019317522644996643
437,when do fifty shades of freed come out,"February 9, 2018",True,I don't know,0.0,0.0,1.0,neutral,0,0.24311082065105438,Fifty Shades of Grey /Tr> /Tr> /Tr> /Tr> Th> Author /Th> Td> /Tr> /Tr> Th> Th,0.0,0.0,1.0,entailment,1,0.7187163233757019
444,where is the lighthouse in lighthouse point fl,Hillsboro Beach,True,I don't know,0.0,0.0,0.0,contradiction,0,0.25809141993522644,"Lighthouse Point is located in Broward County, Florida, United States of America.",0.0,0.0,0.0,entailment,1,0.9677135944366455
445,who founded the first university in the world,Fatima bint Muhammad Al-Fihriya Al-Qurashiya,True,supernatural,0.0,0.0,0.0,neutral,0,0.09981992840766907,The author of the book remained fascinated by the possibilities of human psychology.,0.0,0.0,0.0,neutral,0,0.07131554931402206
448,when did tiger win his last pga tournament,2007,True,I don't know,0.0,0.0,1.0,contradiction,0,0.20368675887584686,Tiger Woods /Th> /Th> /Th> /Th> /Th> /Th> /Th> /Th> /Th> /Th> /Th> /Th> ,0.0,0.0,1.0,entailment,1,0.6281131505966187
450,who wrote aerosmith i don't want to miss a thing,Diane Warren,True,I don't know,0.0,0.0,1.0,contradiction,0,0.20313508808612823,Aerosmith /Th> /Th> /Tr> /Tr> /Tr> /Tr> /Th> /Th> /Th> /Th> /Th> /,0.0,0.0,1.0,entailment,1,0.7391864061355591
459,what was the capital of brazil before brasilia,Rio de Janeiro,True,I don't know,0.0,0.0,0.0,neutral,0,0.23319457471370697,The Netherlands and Chile were eliminated after suffering two defeats in their opening two matches.,0.0,0.0,0.0,neutral,0,0.1783238649368286
460,where was the kath and kim movie filmed,Positano,True,I don't know,0.0,0.0,0.0,contradiction,0,0.09437395632266998,Vinland,0.0,0.0,0.0,neutral,0,0.10470696538686752
462,what is red's real name on that 70's show,"Reginald Albert ""Red"" Forman",True,Hiibel v. Sixth Judicial District Court of Nevada,0.0,0.0,0.0,neutral,0,0.021921884268522263,Court held that the name disclosure did not violate the Fourth Amendment prohibition on unreasonable searches and seizures.,0.0,0.0,0.0,neutral,0,0.024622684344649315
470,when did nhl start 3 on 3 overtime,2015–16 NHL season,True,I don't know,0.0,0.0,0.0,neutral,0,0.17336489260196686,The 2017 season was the second season in which the trophy has been won 100 times.,0.0,0.10526315789473684,0.0,neutral,0,0.12346585094928741
471,who is the founder of red cross society,Henry Dunant,True,I don't know,0.0,0.0,1.0,contradiction,0,0.1460733413696289,"The Geneva Conventions'three emblems in use : Red Cross, Red Crescent, Red Crystal /Td> /Tr> Tr> Tr> Th> Founded /Th> Ul> L",0.0,0.0,1.0,entailment,1,0.8228268027305603
472,what are the three rivers of pittsburgh pennsylvania,Allegheny,True,Yellow River,0.0,0.0,0.0,contradiction,0,0.18832214176654816,Yellow River.,0.0,0.0,0.0,contradiction,0,0.1371670365333557
476,what were the two super powers during the cold war,Soviet Union,True,Communist state,0.0,0.0,1.0,neutral,0,0.3098616600036621,"The Cold War split the temporary wartime alliance against Nazi Germany, leaving the Soviet Union and the United States as two superpowers with profound economic and political differences.",0.0,0.13333333333333333,1.0,neutral,0,0.03723908215761185
477,at present who is the speaker of lok sabha,Sumitra Mahajan,True,I don't know,0.0,0.0,0.0,neutral,0,0.05594190955162048,The maximum size of the Lok Sabha as outlined in the Constitution of India is 552 members made up of up to 530 members representing people of the states of India and up to 20 members representing people from the Union Territories.,0.0,0.0,0.0,contradiction,0,0.02054067887365818
478,who voices the faceless old woman who secretly lives in your home,Mara Wilson,True,I don't know,0.0,0.0,0.0,neutral,0,0.050766780972480774,jumbuck you've got in your tucker bag.,0.0,0.0,0.0,neutral,0,0.059611156582832336
481,when did sweet dreams are made of this come out,1983,True,I don't know,0.0,0.0,1.0,neutral,0,0.26130083203315735,"Eurythmics /Th> /Th> Tr> Th colspan=""2""> /Tr> /Tr> Th colspan=""2""> Single by Eurythmics /Th>",0.0,0.0,1.0,entailment,1,0.7267634272575378
482,when were catholic churches allowed back in england,Dioceses (replacing districts) were re-established by Pope Pius IX in 1850,True,I don't know,0.0,0.0,0.0,neutral,0,0.139422208070755,The term pope is used in several Churches to denote their high spiritual leaders ( for example Coptic Pope ).,0.0,0.13793103448275862,0.0,entailment,1,0.9843547344207764
484,who plays wendy the waitress in how i met your mother,Charlene Amoia,True,I don't know,0.0,0.0,0.0,neutral,0,0.2731808125972748,The Mother appearing in  The Locket '' /Td> /Tr> /Tr> Tr> Tr> Tr> Td> Td> Td> T,0.0,0.0,0.0,neutral,0,0.1599029302597046
486,where did the night at the museum take place,New York City's American Museum of Natural History,True,I don't know,0.0,0.0,0.0,neutral,0,0.09015602618455887,The reaction rate or rate of reaction is the speed at which reactants are converted into products.,0.0,0.07999999999999999,0.0,neutral,0,0.204755961894989
492,what are freshmen called at the air force academy,Fourth class cadets,True,I don't know,0.0,0.0,0.0,contradiction,0,0.10843649506568909,"The United States Air Force Academy, Colorado, U.S. /Td> /Tr> Tr> Th> motto is Integrity First, Service Before Self, Excellence in All We Do /Td> /Tr",0.0,0.0,0.0,neutral,0,0.06129879131913185
500,how many gold medals did nz win in the 2018 commonwealth,46,True,I don't know,0.0,0.0,1.0,contradiction,0,0.0726877823472023,The medals were ranked 5th in the medals table.,0.0,0.0,1.0,neutral,0,0.003750166855752468
501,who is the actor playing terry on general hospital,Cassandra James,True,I don't know,0.0,0.0,0.0,neutral,0,0.0833648070693016,American military seniority is higher than the average.,0.0,0.0,0.0,neutral,0,0.1803598552942276
505,who is the leader of the state government in australia,the Queen of Australia,True,I don't know,0.0,0.0,0.0,neutral,0,0.04827037453651428,The Prime Minister of India is the chief executive of the Government of India.,0.0,0.22222222222222224,0.0,neutral,0,0.05017394199967384
506,when was national food security act introduced in rajasthan,22 December 2011,True,I don't know,0.0,0.0,0.0,contradiction,0,0.12533684074878693,/P>,0.0,0.0,0.0,contradiction,0,0.06045330688357353
507,good morning america what time does it start,7:00 to 9:00 a.m. in all U.S. time zones (live in the Eastern Time Zone and on tape delay elsewhere across the country),True,I don't know,0.0,0.0,0.0,neutral,0,0.22852705419063568,EMI,0.0,0.0,0.0,entailment,1,0.45255956053733826
513,what are the main sources of vitamin k,green leafy vegetables,True,List of abbreviations used in medical prescriptions,0.0,0.0,0.0,neutral,0,0.19127154350280762,'s are used in medical prescriptions.,0.0,0.0,0.0,neutral,0,0.031250834465026855
514,when did the edwardian era start and end,1901 to 1910,True,I don't know,0.0,0.0,0.0,neutral,0,0.01323652919381857,"The war was a war between Great Britain and the United States, 1812 - 1815.",0.0,0.0,0.0,entailment,1,0.9492056965827942
519,what was the copperheads position on fighting the war,opposed the American Civil War and wanted an immediate peace settlement with the Confederates,True,America's honour,0.0,0.0,0.0,neutral,0,0.10693395137786865,"The Cold War was a state of geopolitical tension after World War II between powers in the Eastern Bloc ( the Soviet Union and its satellite states ) and powers in the Western Bloc ( the United States, its NATO allies and others and others ).",0.0,0.14285714285714285,0.0,entailment,1,0.9822743535041809
521,when was rudolph the red nosed reindeer written,1939,True,I don't know,0.0,0.0,1.0,contradiction,0,0.19265638291835785,The Red Nosed Reindeer /Td> /Tr> /Tr> /Tr> /Tr> /Tr> /Tr> /Tr> /Tr> /,0.0,0.0,1.0,entailment,1,0.5326351523399353
527,when does season 3 of lucifer come out,"October 2, 2017",True,I don't know,0.0,0.0,0.0,neutral,0,0.13414372503757477,The land of Canaan.,0.0,0.0,0.0,neutral,0,0.18112213909626007
529,what kind of currency is used in new zealand,New Zealand dollar,True,I don't know,0.0,0.0,1.0,contradiction,0,0.06621995568275452,"The Universal Product Code ( UPC ) is a barcode symbology that is widely used in the United States, Canada, United Kingdom, Australia and New Zealand, to commemorate their servicemen and women killed in all conflicts.",0.0,0.10810810810810811,1.0,neutral,0,0.13673675060272217
531,when was the last time mount shasta was active,about two centuries ago,True,I don't know,0.0,0.0,0.0,neutral,0,0.20160669088363647,"1919, because of the Spanish flu epidemic, and 1919, because of the American flu epidemic.",0.0,0.0,0.0,contradiction,0,0.05897451937198639
539,which is first dawn of the planet of the apes or rise of the planet of the apes,Rise of the Planet of the Apes,True,I don't know,0.0,0.0,1.0,contradiction,0,0.12583240866661072,The original series of Planet of the Apes was created by Pierre Boulle.,0.0,0.6,1.0,entailment,1,0.8784406781196594
543,coriolosis component of acceleration can be found in,the Earth,True,I don't know,0.0,0.0,0.0,neutral,0,0.07037138938903809,Aluminium is recycled.,0.0,0.0,0.0,neutral,0,0.03719724714756012
547,who sings i always feel like somebody's watching me,TRU,True,I don't know,0.0,0.0,1.0,neutral,0,0.26698482036590576,Rockwell /Th> /Th> /Th> /Th> /Th> /Th> /Th> /Th> /Th> /Th> /Th> /Th> ,0.0,0.0,1.0,entailment,1,0.44734853506088257
548,where is lebron on the all time scoring list,7,True,Japanese,0.0,0.0,1.0,neutral,0,0.06995061784982681,Japan.,0.0,0.0,1.0,neutral,0,0.038518957793712616
549,who wrote there's nothing holdin me back,Shawn Mendes,True,I don't know,0.0,0.0,1.0,contradiction,0,0.20875678956508636,"Shawn Mendes /Th> /Th> Tr> Th colspan=""2""> /Th> /Tr> Tr> Th colspan=""2""> Single by Shawn Mendes /",0.0,0.2222222222222222,1.0,entailment,1,0.6582978367805481
550,when was silicon added to the periodic table,1823,True,I don't know,0.0,0.0,0.0,neutral,0,0.028099043294787407,The ball was a baseball.,0.0,0.0,0.0,neutral,0,0.01810172200202942
555,where do the golden knights hockey team play,"at T-Mobile Arena on the Las Vegas Strip in Paradise, Nevada",True,"Washington, D.C.",0.0,0.0,0.0,contradiction,0,0.09133739024400711,The Capitals were founded in 1875.,0.0,0.23529411764705885,0.0,contradiction,0,0.030972465872764587
556,where is black sea located in the world,"between Eastern Europe, the Caucasus, and Western Asia",True,I don't know,0.0,0.0,0.0,neutral,0,0.037602487951517105,"The Cedar River is located in Dodge County, Minnesota, consisting of a west fork and middle fork approximately three miles northeast of the town of Blooming Prairie, and an east fork approximately one mile south of the town of Hayfield.",0.0,0.08333333333333334,0.0,contradiction,0,0.012891389429569244
558,when can a person be held for a capital crime without benefit of presentment,"in cases arising in the land or naval forces, or in the Militia, when in actual service in time of War or public danger",True,I don't know,0.0,0.0,0.0,contradiction,0,0.010973739437758923,The Fifth Amendment does not apply to self - incrimination.,0.0,0.06060606060606061,0.0,neutral,0,0.018067022785544395
560,when was central statistical organisation of india established,2 May 1951,True,I don't know,0.0,0.0,0.0,neutral,0,0.06054661422967911,The British segregated Indians by caste.,0.0,0.0,0.0,neutral,0,0.1105012521147728
564,who plays red's voice in angry birds,Jason Sudeikis,True,Iduna's,0.0,0.0,1.0,entailment,1,0.6591355204582214,The story of Tracy Beaker is a story about a young girl who is a wolf.,0.0,0.0,1.0,contradiction,0,0.00975573156028986
568,what was the first book that charles dickens published,The Pickwick Papers,True,I don't know,0.0,0.0,1.0,contradiction,0,0.27111348509788513,The Pickwick Papers is a collection of poems by Joyce Kilmer.,0.0,0.42857142857142855,1.0,contradiction,0,0.1573757827281952
571,how many episodes is there in season 14 of greys anatomy,24,True,I don't know,0.0,0.0,1.0,contradiction,0,0.20460763573646545,The original network of Grey's Anatomy was ABC.,0.0,0.0,1.0,neutral,0,0.018667807802557945
573,who is the highest paid nba player in 2016,LeBron James,True,I don't know,0.0,0.0,1.0,neutral,0,0.3162080943584442,Arsenal.,0.0,0.0,1.0,neutral,0,0.2272334098815918
575,who has been on the throne the longest in england,Queen Elizabeth II,True,I don't know,0.0,0.0,1.0,contradiction,0,0.05867322161793709,The Tri-State Tornado was the deadliest single tornado in United States history with 695 fatalities.,0.0,0.0,1.0,neutral,0,0.005790949799120426
576,where is earth within the milky way galaxy,Orion Arm,True,I don't know,0.0,0.0,0.0,contradiction,0,0.10038191080093384,The Milky Way Galaxy is located in the Orion -- Cygnus Arm of the Milky Way.,0.0,0.23529411764705882,0.0,entailment,1,0.9718960523605347
577,who plays shiv's ex boyfriend on succession,Ashley Zukerman,True,I don't know,0.0,0.0,0.0,contradiction,0,0.0970773696899414,"Pretty Little Liars character /Td> /Tr> /Tr> Td colspan=""2""> Spencer Hastings /Tr> /Tr> Td colspan=""2""> Troi",0.0,0.0,0.0,contradiction,0,0.3081262707710266
578,what is the population of yukon in 2017,"35,874 people",True,Florida cracker,0.0,0.0,0.0,entailment,1,0.44708630442619324,"The core of English language descends from Old English, the language brought with the Angles, Saxon, and Jutish settlers to what was to be called England in and after the 500s.",0.0,0.0,0.0,neutral,0,0.4447939991950989
579,when was a whiter shade of pale recorded,1967,True,I don't know,0.0,0.0,1.0,neutral,0,0.20755048096179962,"Procol Harum /Th> /Tr> /Tr> Tr> Th colspan=""2""> Single by Procol Harum /Th> /Tr> Th colspan=""2""> Single",0.0,0.0,1.0,entailment,1,0.7176164984703064
589,when did the song all by myself come out,in 1975,True,I don't know,0.0,0.0,0.0,neutral,0,0.20095452666282654,"The poem was written in June 1922 at his house in Shaftsbury, Vermont.",0.0,0.13333333333333336,0.0,entailment,1,0.9755170941352844
593,what is the meaning of region in english,"areas that are broadly divided by physical characteristics (physical geography), human impact characteristics (human geography), and the interaction of humanity and the environment (environmental geography)",True,I don't know,0.0,0.0,0.0,neutral,0,0.0812523290514946,British colonial settlers,0.0,0.0,0.0,neutral,0,0.3030121922492981
597,when does arrow season 6 episode 21 air,"May 3, 2018",True,I don't know,0.0,0.0,0.0,contradiction,0,0.18203489482402802,/Th>,0.0,0.0,0.0,contradiction,0,0.3215554654598236
598,who starred in the original movie cape fear,Robert Mitchum,True,I don't know,0.0,0.0,1.0,neutral,0,0.1892043948173523,The movie is based on a true story.,0.0,0.0,1.0,neutral,0,0.037120360881090164
599,who is the bloke in the go compare advert,Wynne Evans,True,I don't know,0.0,0.0,1.0,neutral,0,0.03282419592142105,British colonies in America declared their independence from Great Britain in 1776,0.0,0.0,1.0,neutral,0,0.037834640592336655
600,where does a jury of her peers take place,"fictional Dickson County (representing Dickinson County, Iowa)",True,United States,0.0,0.0,0.0,entailment,1,0.8018935322761536,"The United States is one of only two common law jurisdictions in the world, along with Liberia, that continues to use the grand jury to screen criminal indictments.",0.0,0.0,0.0,neutral,0,0.01712709292769432
603,what language do they speak in the czech republic,Czech,True,Czech Republic /Td> /Tr> /Tr> /Tr> /Tr> /Tr> /Tr> /Tr> /Tr> /Tr> ,0.0,0.15384615384615385,1.0,entailment,1,0.6514089107513428,Czech /Th> /Tr> Tr> Tr> Tr> Tr> Tr> Tr> Tr> Tr> Th> Native to /Th> ,0.0,0.125,1.0,entailment,1,0.6384727954864502
604,who is el senor de los cielos based on,Amado Carrillo Fuentes,True,I don't know,0.0,0.0,1.0,neutral,0,0.21405702829360962,"The original name,  El Nio de Navidad '', traces its origin centuries back to Peruvian fishermen, who named the weather phenomenon in reference to the newborn Christ.",0.0,0.0,1.0,entailment,1,0.9422621130943298
607,what year did the drummer lose his arm,1985,True,I don't know,0.0,0.0,0.0,neutral,0,0.0045282309874892235,college.,0.0,0.0,0.0,neutral,0,0.004342257976531982
609,where is redding california located on a map,"along the Sacramento River, 162 miles (261 kilometers) north of Sacramento, and 120 miles (190 km) south of California's northern border, shared with the state of Oregon",True,I don't know,0.0,0.0,0.0,contradiction,0,0.2482786476612091,"Redding is located in Shasta County, California.",0.0,0.0,0.0,entailment,1,0.9851264953613281
613,when does celebs go dating series 3 start,4 September 2017,True,I don't know,0.0,0.0,0.0,neutral,0,0.1071992740035057,The power of the power of the power of the power of the power of the power of the power of the power of the power of the power of the power of the power of the power of the power of the power of the power of the power of the power of the power of the power of the power of the,0.0,0.0,0.0,neutral,0,0.24773307144641876
619,what is the newest jurassic park movie called,Jurassic World: Fallen Kingdom,True,I don't know,0.0,0.0,0.0,contradiction,0,0.09194817394018173,"The first systematic Hollywood blacklist was instituted on November 25, 1947, the day after ten writers and directors were cited for contempt of Congress for refusing to testify to the House Un-American Activities Committee.",0.0,0.0,0.0,neutral,0,0.13449662923812866
622,who wrote the song one wing from sparkle,R. Kelly,True,I don't know,0.0,0.0,0.0,neutral,0,0.2742607593536377,West Side Story is  Who Stole the Cookie from the Cookie Jar? '',0.0,0.0,0.0,entailment,1,0.5863733887672424
623,who sang wish you were here pink floyd,David Gilmour,True,I don't know,0.0,0.0,1.0,contradiction,0,0.19641678035259247,The song was written by David Gilmour and Roger Waters.,0.0,0.33333333333333337,1.0,neutral,0,0.03630832955241203
627,who won the women's 400 meter dash in the olympics,Shaunae Miller,True,Morse code symbol represents either a text character ( letter or numeral) or a prosign and is represented by a unique sequence of dots and dashes.,0.0,0.0,1.0,neutral,0,0.0776863768696785,The dot duration is three times the duration of a dot.,0.0,0.0,1.0,contradiction,0,0.036288995295763016
628,who has the most points in nba history career,LeBron James,True,I don't know,0.0,0.0,1.0,contradiction,0,0.010949697345495224,"The NBA scoring title was originally determined by total points scored through the 1968 -- 69 season, after which points per game was used to determine the leader instead.",0.0,0.0,1.0,contradiction,0,0.004482603166252375
629,who is paige on days of our lives,True O'Brien,True,I don't know,0.0,0.0,0.0,contradiction,0,0.10706459730863571,"Days of Our Lives) /Th> /Th> /Th> /Tr> Td colspan=""2""> /Tr> /Tr> Tr> Th> Genre /",0.0,0.0,0.0,entailment,1,0.4941541254520416
634,bible verse if your hand causes you sin cut off,Matthew 5:30,True,I don't know,0.0,0.0,0.0,neutral,0,0.09058599174022675,"The concept of original sin was first alluded to in the 2nd century by Irenaeus, Bishop of Lyon in his controversy with certain dualist Gnostics.",0.0,0.0,0.0,neutral,0,0.03482288867235184
638,when did the first slender game come out,2012,True,I don't know,0.0,0.0,0.0,neutral,0,0.29631903767585754,"The first two pitchers to accomplish the feat did so in 1880, under rules that differed in many important respects from those of today's game : for example, only underhand pitching -- from a flat, marked - out box 45 feet from home plate --",0.0,0.0,0.0,entailment,1,0.9834380745887756
640,when do the red sox play sweet caroline,in the middle of the eighth inning,True,Sox,0.0,0.0,0.0,contradiction,0,0.3706437349319458,The Yankees won the series 12 -- 11.,0.0,0.2857142857142857,0.0,contradiction,0,0.2852942943572998
644,who plays the black knight in monty python,John Cleese,True,I don't know,0.0,0.0,1.0,neutral,0,0.1224781721830368,The Black Knight is a fictional character who appears in a scene of the film Monty Python and the Holy Grail.,0.0,0.0,1.0,entailment,1,0.8250766396522522
645,secreted by cells in the walls of the hearts atria,Atrial natriuretic peptide (ANP),True,Matthias Schleiden and Theodor Schwann,0.0,0.0,0.0,neutral,0,0.06251070648431778,Matthias Schleiden and Theodor Schwann were credited with the development of cell theory.,0.0,0.0,0.0,neutral,0,0.009061615914106369
649,which nba player has scored the most points,Kareem Abdul-Jabbar,True,draft,0.0,0.0,0.0,neutral,0,0.13817965984344482,NBA draft.,0.0,0.0,0.0,neutral,0,0.19687491655349731
651,who did the soviet union support in china civil war,the CCP,True,I don't know,0.0,0.0,0.0,contradiction,0,0.15200331807136536,The Soviet Union was a Soviet Socialist Republic during the Soviet era.,0.0,0.14285714285714285,0.0,entailment,1,0.9621918797492981
653,when was the last time a total eclipse happened,"August 21, 2017",True,I don't know,0.0,0.0,0.0,contradiction,0,0.10641620308160782,"The show was ordered to series on May 8, 2014, followed by a full season order on October 21, 2014.",0.0,0.08695652173913045,0.0,contradiction,0,0.021923204883933067
656,who played the scare crow in wizard of oz,Raymond Wallace Bolger,True,I don't know,0.0,0.0,1.0,neutral,0,0.04144984856247902,The Wizard of Oz /Th> /Th> /Th> /Th> /Th> /Th> /Th> /Th> /Th> /Th> /Th> /Th>,0.0,0.0,1.0,entailment,1,0.8660954236984253
667,where is the femur located on the human body,proximal (closest to the hip joint) bone of the leg,True,I don't know,0.0,0.0,0.0,contradiction,0,0.0618489533662796,The thylakoid membrane of the chloroplast is also found in the inner mitochondrial membrane.,0.0,0.25,0.0,neutral,0,0.040372177958488464
668,who said truth justice and the american way,the comic-book character Superman,True,"influence, have a great influence on history",0.0,0.0,0.0,neutral,0,0.3565942049026489,"The great man theory is a 19th - century idea according to which history can be largely explained by the impact of great men, or heroes ; highly influential individuals who, due to either their personal charisma, intelligence, wisdom, or political",0.0,0.04651162790697674,0.0,neutral,0,0.24089625477790833
669,who won the first stage of the 2018 tour de france,Fernando Gaviria of Quick-Step Floors,True,I don't know,0.0,0.0,0.0,neutral,0,0.11861579865217209,"The knockout stage of the 2018 FIFA World Cup was the second and final stage of the competition, following the group stage.",0.0,0.07407407407407407,0.0,neutral,0,0.029571043327450752
672,where is kuala lumpur located on a map,3°8′N 101°41′E﻿ / ﻿3.133°N 101.683°E,True,"Jalan Istana, Kuala Lumpur /Td> /Tr> /Tr> /Tr> /Tr> /Tr> /Tr> /Tr> /T",0.0,0.0,0.0,neutral,0,0.07920503616333008,"Td> Jalan Istana, Kuala Lumpur /Td> /Tr> /Tr> /Tr> /Tr> /Tr> /Tr> /Tr",0.0,0.0,0.0,neutral,0,0.13993829488754272
673,when did falcon first appear in the mcu,in the 2014 film Captain America: The Winter Soldier,True,I don't know,0.0,0.0,0.0,neutral,0,0.168795645236969,The symbols  and > first appear in Artis Analyticae Praxis ad Aequationes Algebraicas Resolvendas ( The Analytical Arts Applied to Solving Algebraic Equations ) by Thomas Harriot ( 1560 -- 1621 ,0.0,0.17142857142857146,0.0,neutral,0,0.10400623828172684
675,when did the battle of bannockburn take place,24 June 1314,True,I don't know,0.0,0.0,0.0,neutral,0,0.170413538813591,The Black Knight defeats the Green Knight by throwing his sword straight through the eye slot of the Green Knight's great helm.,0.0,0.0,0.0,neutral,0,0.014896904118359089
677,who does danny end up with in just go with it,Katherine,True,I don't know,0.0,0.0,0.0,contradiction,0,0.13078193366527557,Jackson.,0.0,0.0,0.0,neutral,0,0.19589084386825562
678,who played tj on head of the class,Rain Pryor,True,Governor,0.0,0.0,0.0,entailment,1,0.6968019604682922,Governor.,0.0,0.0,0.0,entailment,1,0.7845112681388855
684,what is free trade area of the americas,agreement to eliminate or reduce the trade barriers,True,I don't know,0.0,0.0,1.0,neutral,0,0.015358736738562584,"The Free Trade Area of the Americas ( FTAA ; Spanish : rea de Libre Comercio de las Américas, ALCA ; French : Zone de libre - échange des Amériques, ZLÉA ; Portuguese : ",0.0,0.11764705882352941,1.0,contradiction,0,0.0650092139840126
685,who was the first to suggest an atom existed,the ancient Greek philosophers Leucippus and his pupil Democritus,True,I don't know,0.0,0.0,0.0,neutral,0,0.09150263667106628,The British Empire was a country that had been ruled by the monarch until the end of World War II.,0.0,0.06896551724137932,0.0,neutral,0,0.08032099157571793
686,what percentage of the us population is east of the mississippi,58.28%,True,I don't know,0.0,0.0,0.0,neutral,0,0.15281030535697937,"Florida Panhandle is an informal, unofficial term for the northwestern part of the U.S. state of Florida",0.0,0.0,0.0,entailment,1,0.9810521602630615
687,who is gertrude bell queen of the desert,"an English writer, traveller, political officer, administrator, and archaeologist",True,Gertrude Bell,0.0,0.0,0.0,entailment,1,0.8176339864730835,Gertrude Bell /Th> /Th> /Th> /Th> /Th> /Th> /Th> /Th> /Th> /Th> /Th> /Th>,0.0,0.0,0.0,entailment,1,0.4904212951660156
688,what is the name given to the rows in the periodic table,periods,True,Ochotorena,0.0,0.0,0.0,contradiction,0,0.024003535509109497,Ochotorena or Otxotorena.,0.0,0.0,0.0,contradiction,0,0.1252223253250122
689,who is the current director of the national park service,"Mike Reynolds, Acting Director",True,I don't know,0.0,0.0,1.0,contradiction,0,0.16306807100772858,The National Park Service is the parent agency of the Department of the Interior.,0.0,0.0,1.0,neutral,0,0.007681670598685741
691,who was the first person who discovered gravitational pull,Aryabhata,True,I don't know,0.0,0.0,0.0,neutral,0,0.11625345796346664,"The MBTI is based on the conceptual theory proposed by Carl Jung, who had speculated that humans experience the world using four principal psychological functions -- sensation, sensation, and sensation.",0.0,0.0,0.0,neutral,0,0.05098705738782883
695,can't help falling in love who wrote it,Hugo Peretti,True,to say it,0.0,0.0,0.0,entailment,1,0.6244213581085205,say it,0.0,0.0,0.0,entailment,1,0.6112394332885742
697,where is finland located on a map of europe,Northern Europe,True,thylakoid membrane of the chloroplast,0.0,0.0,0.0,neutral,0,0.17180615663528442,thylakoid membrane of the chloroplast in photosynthetic eukaryotes.,0.0,0.0,0.0,neutral,0,0.23167748749256134
700,who wrote the i had a dream speech,Martin Luther King Jr.,True,New York in 2008,0.0,0.0,0.0,contradiction,0,0.05038540065288544,"The dogs are wealthy and glamorous and seem to lead charmed lives -- but they find adjusting to the modern world difficult, and when a young woman, Cleo Pira, befriends them",0.0,0.0,0.0,neutral,0,0.003486671717837453
701,who is the highest paid player in all of sports,Cristiano Ronaldo,True,I don't know,0.0,0.0,0.0,neutral,0,0.024067940190434456,The Chief of Naval Staff is the highest ranking military officer of the Nigerian Navy.,0.0,0.0,0.0,neutral,0,0.009354728274047375
706,who won the battle of charleston in the revolutionary war,the British,True,Dutch,0.0,0.0,0.0,neutral,0,0.1951863020658493,Dutch men,0.0,0.0,0.0,neutral,0,0.17546714842319489
710,which of the following are components of the pns,nerves and ganglia outside the brain and spinal cord,True,I don't know,0.0,0.0,0.0,neutral,0,0.01729263737797737,"The artists in the table below are listed with both their claimed sales figure along with their total of certified units and are ranked in descending order, with the artist with the highest amount of claimed sales at the top.",0.0,0.0816326530612245,0.0,neutral,0,0.021574489772319794
711,who wrote the song come thou fount of every blessing,18th century pastor and hymnist Robert Robinson,True,I don't know,0.0,0.0,0.0,contradiction,0,0.17714928090572357,Frost.,0.0,0.0,0.0,contradiction,0,0.11108866333961487
716,a series of unfortunate events season 1 episode 2,The Bad Beginning: Part Two,True,I don't know,0.0,0.0,0.0,contradiction,0,0.34236404299736023,The show will be moving from Disney XD to Disney Channel for its fourth season.,0.0,0.1,0.0,contradiction,0,0.17702916264533997
719,who is the present speaker in lok sabha,Sumitra Mahajan of the Bharatiya Janata Party,True,I don't know,0.0,0.0,0.0,neutral,0,0.05594190955162048,The maximum size of the Lok Sabha as outlined in the Constitution of India is 552 members made up of up to 530 members representing people of the states of India and up to 20 members representing people from the Union Territories.,0.0,0.08163265306122448,0.0,contradiction,0,0.02054067887365818
720,who is said be the father of volleyball,William George Morgan,True,New Testament,0.0,0.0,0.0,neutral,0,0.07120564579963684,The Lord's Prayer is a venerated Christian prayer that Jesus taught as the way to pray.,0.0,0.0,0.0,neutral,0,0.07779844850301743
722,who has the most medals in this year's winter olympics,Norway,True,I don't know,0.0,0.0,0.0,contradiction,0,0.24741673469543457,The medals were ranked 19th.,0.0,0.0,0.0,neutral,0,0.007624181918799877
723,when was the internet introduced in the philippines,"on March 29, 1994",True,Christmas Day,0.0,0.0,1.0,neutral,0,0.15627595782279968,"Scotland was treated separately because of its separate traditions : for example, New Year is a more important holiday",0.0,0.0,1.0,neutral,0,0.013658114708960056
729,who is the heroine of quit india movement,Aruna Asaf Ali,True,is de jure,0.0,0.0,0.0,neutral,0,0.20033270120620728,The governor is de jure head of the state government ; all its executive actions,0.0,0.0,0.0,neutral,0,0.052448928356170654
731,when can a med student be called doctor,Upon successful completion of medical school,True,I don't know,0.0,0.0,0.0,contradiction,0,0.23731090128421783,The Tenth Doctor is a fictional character in the Doctor Who series.,0.0,0.0,0.0,neutral,0,0.25377577543258667
736,who played piggy in lord of the flies,Hugh Edwards,True,I don't know,0.0,0.0,1.0,neutral,0,0.04387114197015762,The first sentence of the passage refers to the following:,0.0,0.0,1.0,neutral,0,0.24071255326271057
741,when did disney's 101 dalmations come out,"January 25, 1961",True,I don't know,0.0,0.0,0.0,neutral,0,0.17041409015655518,"The album Come Back When You Grow Up /Th> /Tr> Tr> Tr> Tr> Th colspan=""2""> from the album Come Back When You Grow Up /Th> /Tr>",0.0,0.0,0.0,entailment,1,0.793170690536499
742,when did they stop putting cigarettes in rations,1975,True,I don't know,0.0,0.0,1.0,neutral,0,0.006865459494292736,United States military personnel,0.0,0.0,1.0,neutral,0,0.0070655164308846
743,when did reese's peanut butter cups first come out,1928,True,I don't know,0.0,0.0,0.0,neutral,0,0.1285189688205719,"The first two pitchers to accomplish the feat did so in 1880, under rules that differed in many important respects from those of today's game : for example, only underhand pitching -- from a flat, marked - out box 45 feet from home plate --",0.0,0.0,0.0,neutral,0,0.02682371623814106
749,who does christopher walken play in the jungle book,King Louie,True,I don't know,0.0,0.0,0.0,contradiction,0,0.1706821769475937,The Jungle Book /Th> /Th> /Tr> Tr> Tr> Th> Directed by /Th> Td> Jon Favreau /Td> /Tr>,0.0,0.0,0.0,entailment,1,0.46568313241004944
751,what is the name of the island of haiti and dominican republic,Hispaniola,True,I don't know,0.0,0.0,0.0,neutral,0,0.11788181215524673,The governor is de jure head of the state government ; all its executive actions are taken in the governor's name.,0.0,0.0,0.0,neutral,0,0.05625767260789871
754,where have the mescalero apache settled in new mexico,Mescalero Apache Reservation,True,Brazil have participated in all 21 tournaments,0.0,0.0,0.0,neutral,0,0.048315562307834625,participated in all 21 tournaments.,0.0,0.0,0.0,neutral,0,0.033142201602458954
756,where is the new texas rangers stadium being built,Arlington,True,I don't know,0.0,0.0,1.0,contradiction,0,0.20978358387947083,The Architect /Th> was a professional architect.,0.0,0.0,1.0,neutral,0,0.04530825838446617
761,where was mash 4077 supposed to be in korea,"Uijeongbu, South Korea",True,I don't know,0.0,0.0,0.0,entailment,1,0.40295207500457764,Jackson,0.0,0.0,0.0,entailment,1,0.501604437828064
763,theme of the movie akeelah and the bee,overcoming obstacles despite difficult challenges along the way,True,I don't know,0.0,0.0,0.0,contradiction,0,0.016182543709874153,"The show's first opening theme song is  Netsuj no Spectrum '' (   , Netsuj no Supekutoramu,  Spectrum of Passion '' ) performed by Ikimono - ga",0.0,0.07142857142857144,0.0,entailment,1,0.9513617157936096
764,who has the most nba championships in nba history,Bill Russell,True,Larry O'Brien,0.0,0.0,1.0,contradiction,0,0.04365632310509682,The NBA Finals is the championship series for the NBA and the conclusion of the sport's postseason.,0.0,0.0,1.0,contradiction,0,0.013309107162058353
765,when will ios 10 be released for ipad mini,"September 13, 2016",True,I don't know,0.0,0.0,1.0,contradiction,0,0.15283960103988647,iOS 10 Tr> Tr> Tr> Tr> Tr> Tr> Tr> Tr> Tr> Tr> Tr> Tr> ,0.0,0.0,1.0,contradiction,0,0.23728704452514648
770,when did north america arrive at the location it is in today,mid-Cretaceous period,True,I don't know,0.0,0.0,0.0,neutral,0,0.05738651752471924,The NBA is a professional basketball league in North America.,0.0,0.0,0.0,neutral,0,0.0706683099269867
772,who said off with their heads in alice in wonderland,The Queen of Hearts,True,I don't know,0.0,0.0,0.0,contradiction,0,0.0959930568933487,The sentence is true because the sentence is true.,0.0,0.15384615384615383,0.0,neutral,0,0.24113360047340393
774,who devised the first test for detection of arsenic in 1775,Carl Wilhelm Scheele,True,I don't know,0.0,0.0,0.0,contradiction,0,0.11650749295949936,The most recent bowler to achieve the feat was English spin bowler Moeen Ali against South Africa on 31 July 2017.,0.0,0.0,0.0,neutral,0,0.0021925217006355524
777,who plays the bad guy in looney tunes back in action,Steve Martin,True,rushing play,0.0,0.0,1.0,neutral,0,0.05765041336417198,a last - minute desperation strategy.,0.0,0.0,1.0,neutral,0,0.1325472891330719
779,when did dr seuss wrote his first book,1936,True,I don't know,0.0,0.0,0.0,contradiction,0,0.1622600555419922,"Theodor Seuss Geisel was born in Springfield, Massachusetts, U.S. /Td> /Tr> Th> Th> Th> Td> Theodor Seuss Geisel ( 1904 ",0.0,0.0,0.0,entailment,1,0.8914235830307007
783,what is the average age to die in the uk,81.2,True,I don't know,0.0,0.0,0.0,neutral,0,0.010680707171559334,The legal drinking age is the age at which a person can legally consume or purchase alcoholic beverages.,0.0,0.0,0.0,entailment,1,0.9877879023551941
784,when do we use the process of centrifugation,"to separate two miscible substances, but also to analyze the hydrodynamic properties of macromolecules",True,I don't know,0.0,0.0,0.0,neutral,0,0.21605244278907776,"The sentence "" The after market library binding is the method of binding serials, and re-binding paperback or hardcover books, for use within libraries.",0.0,0.1081081081081081,0.0,entailment,1,0.9292054772377014
790,who sings the theme song for miami vice,Jan Hammer,True,I don't know,0.0,0.0,0.0,contradiction,0,0.033469829708337784,The sixth ending theme for episodes 60 to 72 is  Chao Han Music '' (,0.0,0.0,0.0,contradiction,0,0.034786105155944824
791,where is red dog mine located in alaska,68°04′19″N 162°52′34″W﻿ / ﻿68.071989°N 162.876044°W,True,I don't know,0.0,0.0,0.0,neutral,0,0.27277126908302307,"Red Dog Mine, Alaska /Th> /Th> /Tr> Tr> Tr> Td colspan=""2""> Census - designated place /Td> /Tr> /T",0.0,0.0,0.0,entailment,1,0.6410926580429077
795,where does the name iron maiden come from,iron maiden torture device,True,the artist.,0.0,0.0,0.0,neutral,0,0.41075360774993896,criteria provided by certifying bodies.,0.0,0.0,0.0,neutral,0,0.3029897212982178
796,where is orange county choppers located in new york,"the town of Newburgh, located in Orange County, New York",True,I don't know,0.0,0.0,0.0,neutral,0,0.09587585180997849,It has been translated into eight languages and made into a stage play.,0.0,0.0,0.0,neutral,0,0.00220258510671556
797,when did my girl by the temptations come out,"December 21, 1964",True,I don't know,0.0,0.0,0.0,neutral,0,0.17008709907531738,"The album Where Did Our Love Go was released on June 17, 1964",0.0,0.125,0.0,neutral,0,0.012742295861244202
799,when did the first winter olympic games take place,1924,True,I don't know,0.0,0.0,0.0,contradiction,0,0.09539803117513657,"/Th> /Tr> Th colspan=""2""> Ice hockey at the XXII Olympic Winter Games /Th> /Tr> Tr> Td colspan=""2""> /T",0.0,0.0,0.0,contradiction,0,0.3858809173107147
802,when is the raiders first game in las vegas,2020,True,Ice Hockey,0.0,0.0,1.0,neutral,0,0.01832924596965313,Ice Hockey rink,0.0,0.0,1.0,neutral,0,0.03209846466779709
805,who is chief executive of marks and spencer,Stephen Joseph Rowe,True,I don't know,0.0,0.0,1.0,contradiction,0,0.04210681840777397,parliamentary system,0.0,0.0,1.0,contradiction,0,0.0659034475684166
809,what race is aaron judge of the new york yankees,African-American,True,I don't know,0.0,0.0,0.0,neutral,0,0.21964773535728455,"Aaron Judge /Th> /Tr> /Tr> Th colspan=""2""> Aaron Judge /Th> /Tr> Th colspan=""2""> Aaron Judge /Th> /Tr",0.0,0.0,0.0,entailment,1,0.7008717656135559
811,when did the secret service start guarding the president,After the 1901 assassination of President William McKinley,True,I don't know,0.0,0.0,0.0,neutral,0,0.04909186810255051,The United States Secret Service /Tr> /Tr> /Tr> /Tr> /Tr> /Tr> /Tr> /Tr> /Tr> /Tr,0.0,0.08695652173913045,0.0,entailment,1,0.5663974285125732
812,what percent of the english language is greek,5.32%,True,Matthew account,0.0,0.0,0.0,neutral,0,0.12219996005296707,Epiousios.,0.0,0.0,0.0,neutral,0,0.06776204705238342
813,who played alice in seven brides for seven brothers,Nancy Kilgas,True,churches,0.0,0.0,1.0,contradiction,0,0.013646351173520088,Christians worship.,0.0,0.0,1.0,contradiction,0,0.01638324186205864
815,when does the 2018 mn legislative session end,"January 7, 2019",True,I don't know,0.0,0.0,0.0,neutral,0,0.0945729985833168,"The 2017 -- 18 UEFA Champions League knockout phase began on 13 February and will end on 26 May 2018 with the final at the NSC Olimpiyskiy Stadium in Kiev, Ukraine, to decide the champions of the 2017 -- 18 UEFA Champions League.",0.0,0.0,0.0,neutral,0,0.003913556691259146
819,when did dallas cowboys go to the superbowl,1970,True,I don't know,0.0,0.0,0.0,neutral,0,0.34763145446777344,"The album Where Did Our Love Go was released on June 17, 1964.",0.0,0.0,0.0,neutral,0,0.0051397294737398624
820,when did the last episode of code black air,"July 18, 2018",True,I don't know,0.0,0.0,0.0,contradiction,0,0.21861834824085236,The episode number for the 12th South Park episode is.,0.0,0.0,0.0,entailment,1,0.6695730686187744
822,who plays marnie in bring it on again,Bethany Joy Lenz,True,I don't know,0.0,0.0,0.0,neutral,0,0.03409965708851814,"The title of the episode is a list of characters who have appeared in the BAFTA - award winning trilogy of CBBC children's drama series The Story of Tracy Beaker, Tracy Beaker Returns and The Dumping Ground, which have spanned thirteen",0.0,0.0,0.0,entailment,1,0.869375467300415
827,when was the last time byu won utah,"November 28, 2009",True,"Utah leads, 60 -- 34 -- 4",0.0,0.0,0.0,contradiction,0,0.0979931652545929,"Utah leads, 60 -- 34 -- 4 /Td> /Tr> /Tr> /Tr> /Tr> /Tr> /Tr> /Tr> /Tr> ",0.0,0.0,0.0,contradiction,0,0.04005405679345131
828,who flew to close to the sun and his wings melted,Icarus,True,"Genesis, 9 : 1 -- 12",0.0,0.0,1.0,neutral,0,0.1449911892414093,"The story focuses on 12 - year - old Gon Freecss and his quest to become a Hunter in order to find his father, Ging Freecss, who is himself a famous Hunter.",0.0,0.0,1.0,neutral,0,0.0049417950212955475
834,when was amen first used in the bible,Numbers 5:22,True,I don't know,0.0,0.0,0.0,contradiction,0,0.15595421195030212,"The first recorded indoor ice hockey game took place at the Victoria Skating Rink in Montreal, Quebec, Canada.",0.0,0.0,0.0,neutral,0,0.13060195744037628
838,who sings don't get around much anymore,Duke Ellington,True,I don't know,0.0,0.0,1.0,neutral,0,0.24587450921535492,The song was written by Duke Ellington and Bob Russell.,0.0,0.33333333333333337,1.0,entailment,1,0.8838878870010376
842,when did the battle of fort sumter happen,"April 12–13, 1861",True,I don't know,0.0,0.0,0.0,neutral,0,0.24198338389396667,"Battle of Fort Sumter /Th> /Tr> Tr> Td colspan=""2""> Battle of Fort Sumter /Th> /Tr> Td colspan=""2""> Part of the American Civil",0.0,0.0,0.0,entailment,1,0.8823235034942627
843,tallest person in the world guinness world record,Robert Wadlow,True,I don't know,0.0,0.0,0.0,contradiction,0,0.005960939917713404,"The ball of twine with the largest circumference is located in Cawker City, Kansas.",0.0,0.0,0.0,contradiction,0,0.009151889942586422
844,at what output is marginal product of labour the highest,at the point of diminishing returns,True,I don't know,0.0,0.0,0.0,neutral,0,0.08060522377490997,The company that operates the Bloukrans Bridge Bungy is Face Ad.,0.0,0.11764705882352942,0.0,neutral,0,0.1150447279214859
850,who sing the theme song for good times,Jim Gilstrap,True,I don't know,0.0,0.0,0.0,contradiction,0,0.033469829708337784,The sixth ending theme for episodes 60 to 72 is  Chao Han Music '' (,0.0,0.0,0.0,contradiction,0,0.034786105155944824
857,what is area code 01446 in the uk,Barry,True,I don't know,0.0,0.0,0.0,contradiction,0,0.01160537451505661,The dot duration is the basic unit of time measurement in code transmission.,0.0,0.0,0.0,neutral,0,0.10329622030258179
858,when is halley's comet coming around again,mid-2061,True,I don't know,0.0,0.0,0.0,contradiction,0,0.1870492696762085,"The Comet was discovered by Edmond Halley ( recognition of periodicity ) /Td> /Tr> Tr> Th colspan=""2""> Discovery /Th> /Tr> Tr> Th",0.0,0.0,0.0,entailment,1,0.4517814815044403
863,is tomato a fruit or vegetable us supreme court,vegetable,True,identification cards,0.0,0.0,1.0,neutral,0,0.03534316271543503,identification cards.,0.0,0.0,1.0,neutral,0,0.03264755755662918
866,who plays dean and sam dad in supernatural,Jeffrey Dean Morgan,True,I don't know,0.0,0.0,1.0,contradiction,0,0.22393536567687988,) Nels Guloien ( child ) /Td> /Tr> Tr> Th> First appearance /Th> Td>  Pilot '' /Td> /Tr>,0.0,0.0,1.0,contradiction,0,0.3290513753890991
867,the first railway line between karachi and kotri was constructed in,April 1858,True,I don't know,0.0,0.0,0.0,neutral,0,0.1476118117570877,    /Th> /Tr> Tr> Th> Location /Th> /Tr> Th> Th> Coordinates /Th> Td> 25 °,0.0,0.0,0.0,contradiction,0,0.23372215032577515
870,when does jacob find out he's a werewolf,In the second book of the series (New Moon),True,I don't know,0.0,0.0,0.0,neutral,0,0.01431490108370781,The root - finding algorithms do not guarantee that they will find all the roots.,0.0,0.17391304347826086,0.0,neutral,0,0.06242081895470619
873,who is the creator of star vs the forces of evil,Daron Nefcy,True,Nigerian Navy,0.0,0.0,1.0,entailment,1,0.6414598226547241,Nigerian Navy.,0.0,0.0,1.0,neutral,0,0.37262794375419617
878,where does it always sunny in philadelphia take place,Philadelphia,True,I don't know,0.0,0.0,1.0,contradiction,0,0.21493306756019592,"It's Always Sunny in Philadelphia /Th> /Th> /Tr> Tr> Td colspan=""2""> /Tr> /Tr> Tr> Th> Genre ",0.0,0.11764705882352941,1.0,entailment,1,0.6430867314338684
879,who is the longest reigning wwe united states champion,Lex Luger,True,veterans,0.0,0.0,0.0,neutral,0,0.16493472456932068,Veterans.,0.0,0.0,0.0,neutral,0,0.14343445003032684
880,when did we start the pledge of allegiance,1942,True,I don't know,0.0,0.0,0.0,contradiction,0,0.2248631715774536,"I pledge allegiance to the Flag of the United States of America and to the Republic for which it stands, one nation, indivisible, with liberty and justice for all.",0.0,0.0,0.0,entailment,1,0.9165034890174866
884,total number of articles in indian constitution at present,448,True,I don't know,0.0,0.0,0.0,contradiction,0,0.01730145327746868,The purpose of the Constitution of India is to define the official language of the Government of India.,0.0,0.0,0.0,entailment,1,0.5273876786231995
887,who teaches defense against the dark arts after snape,Amycus Carrow,True,I don't know,0.0,0.0,0.0,neutral,0,0.13199861347675323,The iodine clock reaction is a classical chemical clock demonstration experiment to display chemical kinetics in action ; it was discovered by Hans Heinrich Landolt in 1886.,0.0,0.0,0.0,neutral,0,0.09674748033285141
888,who does the voice for the aflac duck,Gilbert Gottfried,True,I don't know,0.0,0.0,0.0,neutral,0,0.12179508805274963,The Black Knight is a fictional character who appears in a scene of the film Monty Python and the Holy Grail.,0.0,0.0,0.0,entailment,1,0.9864111542701721
889,when was the last time celtics won nba championship,2008,True,Larry O'Brien,0.0,0.0,0.0,contradiction,0,0.04365632310509682,The NBA Finals is the championship series for the NBA and the conclusion of the sport's postseason.,0.0,0.0,0.0,contradiction,0,0.013309107162058353
895,when was the national world war ii memorial built,"April 29, 2004",True,I don't know,0.0,0.0,0.0,contradiction,0,0.17320318520069122,"Tr> Th colspan=""2""> World War II Memorial /Th> /Tr> Tr> Td colspan=""2""> /Tr> Tr> Td colspan",0.0,0.0,0.0,contradiction,0,0.4192967712879181
898,who wrote the book of obadiah in the bible,Obadiah,True,"Rome, the most sought after wines -- Falernian and Surrentine -- were prized for their ability to age for decades",0.0,0.0,0.0,neutral,0,0.13095423579216003,"Romans, the most sought after wines were Falernian and Surrentine.",0.0,0.0,0.0,contradiction,0,0.057591963559389114
901,who plays janine's mom on house of payne,Anne-Marie Johnson,True,I don't know,0.0,0.0,0.0,neutral,0,0.18971844017505646,"The United States presidential line of succession follows the order of Vice President, Speaker of the House of Representatives, President pro tempore of the Senate, and then the heads of federal executive departments who form the Cabinet of the United States.",0.0,0.0,0.0,neutral,0,0.023602142930030823
903,where was the lowest temperature ever recorded on earth,Soviet Vostok Station in Antarctica,True,I don't know,0.0,0.0,1.0,neutral,0,0.10308809578418732,"The lowest temperature recorded in Asia was  89.2 ° C (  128.6 ° F ; 184.0 K ) at the Soviet Vostok Station in Antarctica on July 21, 1983 by ground measurements.",0.0,0.3125,1.0,contradiction,0,0.13669687509536743
908,who wrote the strange case of dr jekyll and mr hyde,Robert Louis Stevenson,True,I don't know,0.0,0.0,1.0,neutral,0,0.21796658635139465,The title page of the first London edition ( 1886 ) was written by Robert Louis Stevenson.,0.0,0.33333333333333337,1.0,entailment,1,0.9741953611373901
910,a large collection of servers is called a(n),server farm or server cluster,True,Mycelium,0.0,0.0,0.0,neutral,0,0.01779729686677456,Mycelium is a single organism.,0.0,0.0,0.0,neutral,0,0.009822315536439419
914,when did the first rocket launched into space,1944,True,I don't know,0.0,0.0,0.0,neutral,0,0.22433044016361237,The first draw was held on Friday 13 February 2004 in Paris.,0.0,0.0,0.0,contradiction,0,0.00815196055918932
916,daniel bedingfield if you're not the one album,Gotta Get Thru This,True,Daniel Bedingfield,0.0,0.0,1.0,entailment,1,0.7325102090835571,"If You're Not the One '' /Th> /Tr> Tr> Td colspan=""2""> /Tr> /Tr> Tr> Th colspan=""2""",0.0,0.0,1.0,entailment,1,0.6662777662277222
918,when did winning colors win the kentucky derby,1988,True,I don't know,0.0,0.0,1.0,contradiction,0,0.1807548701763153,Winning Colors at 1988 Kentucky Derby /Td> /Tr> /Tr> Th> Sire /Th> Td> Caro /Td> /Tr> Tr> Th,0.0,0.10526315789473684,1.0,entailment,1,0.7333349585533142
919,when was the last time the la kings made the playoffs,2017–18,True,Wessex,0.0,0.0,0.0,entailment,1,0.655927300453186,Wessex was the dominant Anglo - Saxon kingdom by the late ninth century Wessex was the dominant Anglo - Saxon kingdom by the late ninth century Wessex was the dominant Anglo - Saxon kingdom by the late ninth century Wessex was the dominant,0.0,0.0,0.0,entailment,1,0.7661829590797424
922,list three offices included in the executive office of the president,Office of Administration,True,I don't know,0.0,0.0,0.0,neutral,0,0.05140065774321556,The governor is de jure head of the state government.,0.0,0.15384615384615383,0.0,contradiction,0,0.037737637758255005
923,how many national parks are there in karnataka,five,True,I don't know,0.0,0.0,1.0,contradiction,0,0.0668327584862709,cultural backgrounds of a people group,0.0,0.0,1.0,neutral,0,0.3809570372104645
927,where was the french connection car chase filmed,"in Bensonhurst, Brooklyn roughly running under the BMT West End Line (currently the D train, then the B train) which runs on an elevated track above Stillwell Avenue, 86th Street and New Utrecht Avenue in Brooklyn, with the chase ending just north of the 62nd Street station.",True,I don't know,0.0,0.0,0.0,neutral,0,0.12743864953517914,The metric system is now known as the International System of Units ( ISU).,0.0,0.1,0.0,neutral,0,0.030077630653977394
945,how many sports are there in the 2018 commonwealth games,19 Commonwealth sports,True,I don't know,0.0,0.0,0.0,neutral,0,0.05503047630190849,The medals were ranked 5th /Th> Td> Dl> Dt> Gold /Dt> Dd> 15 /Dd> Dt> Silver.,0.0,0.0,0.0,neutral,0,0.0064170784316957
947,queer eye for the straight guy catch phrase,American reality television series,True,I don't know,0.0,0.0,0.0,contradiction,0,0.05712293088436127,Superman,0.0,0.0,0.0,contradiction,0,0.12485617399215698
952,who won britain's got talent 2012 winner,Ashleigh and Pudsey,True,I don't know,0.0,0.0,1.0,contradiction,0,0.2449512779712677,The Next Mentalist /Li> /Li> /Li> /Li> /Li> /Li> /Li> /Li> /Li> /Li>,0.0,0.0,1.0,contradiction,0,0.09330838173627853
953,what three offices made up virginia's representative government,lieutenant governor and attorney general,True,I don't know,0.0,0.0,0.0,contradiction,0,0.16142629086971283,"The FCO closed its diplomatic missions in Nassau ( in the Bahamas ), Asunción ( Paraguay ), Dili ( East Timor ), Maseru ( Lesotho ), Mbabane ( Swaziland )",0.0,0.0,0.0,neutral,0,0.009231108240783215
957,who plays the evil queen on once upon a time,Lana Maria Parrilla,True,I don't know,0.0,0.0,0.0,contradiction,0,0.17431843280792236,"The information contained in this article is based on the Wikipedia article ""Snow White and the Seven Dwarfs"".",0.0,0.0,0.0,neutral,0,0.14797848463058472
962,what children's book was set in camp green lake texas,Holes,True,Mexico,0.0,0.0,0.0,neutral,0,0.39388900995254517,United States.,0.0,0.0,0.0,entailment,1,0.7184688448905945
968,who sings the song hey ho let's go,Ramones,True,I don't know,0.0,0.0,0.0,neutral,0,0.2406691014766693,"James Bay /Th> /Tr> Tr> Td colspan=""2""> /Tr> Tr> Th colspan=""2""> Single by James Bay /Th> /Tr",0.0,0.0,0.0,entailment,1,0.7534725666046143
970,when was harry potter first published in the us,1 September 1998,True,I don't know,0.0,0.0,1.0,contradiction,0,0.15597283840179443,The Half - Blood Prince ( 2005 ) /Li> Li> Li> Li> The Half - Blood Prince ( 2005 ) /Li> Li> Li> The Deathly Hallows (,0.0,0.0,1.0,entailment,1,0.6971117854118347
973,when was oman given the official name sultanate of oman,9 August 1970,True,I don't know,0.0,0.0,1.0,neutral,0,0.1322280317544937,Oman /Tr> /Tr> /Tr> /Tr> /Tr> /Tr> /Tr> /Tr> /Tr> /Tr> ,0.0,0.0,1.0,entailment,1,0.4543343186378479
976,who sang backing vocals on you're so vain,Mick Jagger,True,I don't know,0.0,0.0,0.0,neutral,0,0.22524821758270264,"Carly Simon /Th> /Th> Tr> Th colspan=""2""> /Th> /Tr> Tr> Th colspan=""2""> Single by Carly Simon /Th>",0.0,0.0,0.0,entailment,1,0.7482877969741821
977,what episode did jim die on ghost whisperer,"""Imaginary Friends and Enemies""",True,I don't know,0.0,0.0,0.0,neutral,0,0.2439146786928177,"Ghost Whisperer season 4 /Th> /Th> /Tr> Tr> Td colspan=""2""> DVD cover /Th> /Tr> /Tr> Tr> ",0.0,0.0,0.0,entailment,1,0.7236511707305908
979,who plays becky on the us cellular commercial,Darien Sills-Evans,True,luck,0.0,0.0,0.0,neutral,0,0.1692505031824112,The family's lifestyle exceeds its income.,0.0,0.0,0.0,neutral,0,0.22265087068080902
987,where does battle of the gods fit in,during the time skip in chapter 517 of the original manga,True,Dragon Ball Z - Battle of Gods.,0.0,0.11764705882352942,0.0,neutral,0,0.38709867000579834,"Dragon Ball Z, a fictional character, of the events of the previous series.",0.0,0.24999999999999994,0.0,entailment,1,0.6188648343086243
990,what is an example of a natural climate record/proxy,ice cores,True,I don't know,0.0,0.0,1.0,neutral,0,0.16636139154434204,The biomass of organisms in situ is regarded as the total wett,0.0,0.0,1.0,neutral,0,0.07848114520311356
991,where does the book of daniel take place,Babylon,True,I don't know,0.0,0.0,0.0,contradiction,0,0.04510331153869629,World Cup Finals.,0.0,0.0,0.0,contradiction,0,0.04926392808556557
997,who plays victoria in young and the restless,Amelia Heinle Luckinbill,True,I don't know,0.0,0.0,0.0,contradiction,0,0.053848907351493835,"The Victoria's Secret Fashion Show is an annual fashion show sponsored by Victoria's Secret, a brand of lingerie and sleepwear.",0.0,0.0,0.0,neutral,0,0.24316129088401794
1001,who won the cfp national championship last year,Alabama,True,I don't know,0.0,0.0,0.0,contradiction,0,0.00811703409999609,"The 1949 -- 50 CCNY team won both tournaments ( defeating Bradley in both finals ), and is the only college basketball team",0.0,0.0,0.0,contradiction,0,0.006118621211498976
1004,where was last song filmed on tybee island,on the island's beach and pier,True,I don't know,0.0,0.0,0.0,neutral,0,0.18899957835674286,He died in 1917,0.0,0.0,0.0,entailment,1,0.8794578909873962
1008,who led the brewers in home runs in 1982,Gorman Thomas,True,I don't know,0.0,0.0,0.0,neutral,0,0.050799522548913956,The Founding Fathers were descendants of immigrants settled in the Thirteen Colonies.,0.0,0.0,0.0,neutral,0,0.2128356546163559
1010,who won season 3 rupaul's drag race all stars,Trixie Mattel,True,I don't know,0.0,0.0,1.0,contradiction,0,0.25265130400657654,"/Th> /Tr> Th colspan=""2""> RuPaul's Drag Race /Th> /Tr> Tr> Th colspan=""2""> RuPaul's Drag Race /",0.0,0.0,1.0,entailment,1,0.3927552103996277
1012,how far is the horsehead nebula from earth,approximately 1500 light years,True,I don't know,0.0,0.0,0.0,neutral,0,0.15518738329410553,The nebula is located in the center of the Horsehead Nebula.,0.0,0.0,0.0,entailment,1,0.4441681206226349
1014,who was the song i'll be missing you about,"Christopher ""The Notorious B.I.G."" Wallace",True,I don't know,0.0,0.0,0.0,neutral,0,0.33796682953834534,"The single was released on May 27, 1997 /Tr> /Tr> Tr> Th> Th>  We 'll Always Love Big Poppa '' /Li> Li> C",0.0,0.14814814814814814,0.0,entailment,1,0.9071794152259827
1019,who played sunshine in the movie harlem nights,Rochon,True,I don't know,0.0,0.0,0.0,contradiction,0,0.04013609513640404,"/P> Ol> Li> have played at least one Serie A game for the respective club ( seasons in which and teams for, a player, did not collected any caps in Serie A, have NOT to be listed ).",0.0,0.0,0.0,contradiction,0,0.01578640565276146
1022,where do the chicago white sox play spring training,Camelback Ranch–Glendale,True,I don't know,0.0,0.0,0.0,neutral,0,0.0568229965865612,"10712 W. Camelback Road Phoenix, AZ 85037 /Td> /Tr> Th> /Th> Tr> Th> Tr> Th> 33 ° 30 ′ 51 ",0.0,0.09999999999999999,0.0,neutral,0,0.3093179762363434
1031,where does the last name haugen come from,the old Norse word haugr,True,I don't know,0.0,0.0,1.0,contradiction,0,0.07594943791627884,Haugen.,0.0,0.0,1.0,entailment,1,0.4842846989631653
1038,when was the last time north korea fired a missile,September 15,True,I don't know,0.0,0.0,0.0,contradiction,0,0.20242032408714294,North Korea crisis,0.0,0.0,0.0,entailment,1,0.646675705909729
1041,who played professor wilder on dawson's creek,"Kenneth Joseph ""Ken"" Marino",True,I don't know,0.0,0.0,0.0,contradiction,0,0.04330996796488762,"The show was a Western drama about a family living on a farm in Walnut Grove, Minnesota from the 1870s to the 1890s.",0.0,0.0,0.0,entailment,1,0.9783706665039062
1043,who sang can't get enough of your love baby,Barry White,True,I don't know,0.0,0.0,1.0,neutral,0,0.265269935131073,"The single by Barry White was released on July 25, 1974 /Tr> /Tr> /Tr> Tr> Tr> Th colspan=""2""> /Tr> /Tr> ",0.0,0.18181818181818182,1.0,entailment,1,0.9624913930892944
1044,who is nana saheb in bajirao mastani movie,Ayush Tandon,True,Irrfan Khan,0.0,0.0,0.0,neutral,0,0.18750639259815216,/Th> Td> Td> Td> Td> Td> Td> Td> Td> Td> Td> Td> Td,0.0,0.0,0.0,contradiction,0,0.1836296021938324
1045,what is the color of hyperlink in html,blue,True,I don't know,0.0,0.0,0.0,neutral,0,0.015814369544386864,"A practical demonstration of mechanically - scanned color television was given by John Logie Baird in 1928, but the limitations of a mechanical system were apparent even then.",0.0,0.0,0.0,neutral,0,0.0026863350067287683
1046,what is the control unit function in the cpu,"tells the computer's memory, arithmetic/logic unit and input and output devices how to respond to the instructions that have been sent to the processor",True,cubic,0.0,0.0,0.0,neutral,0,0.1050586923956871,The control unit is a component of a computer's central processing unit ( CPU ) that directs the operation of the processor.,0.0,0.31818181818181823,0.0,entailment,1,0.7486789226531982
1048,who is the managing director of hdfc bank,Aditya Puri,True,I don't know,0.0,0.0,1.0,neutral,0,0.037756700068712234,The failure of a bank is generally considered to be of more importance than the failure of other types of business firms because of the interconnectedness and fragility of banking institutions.,0.0,0.0,1.0,neutral,0,0.001136922393925488
1050,how old do you have to be to run for the president of the united states,thirty-five Years,True,United States,0.0,0.0,0.0,entailment,1,0.5698538422584534,United States Electoral College.,0.0,0.0,0.0,neutral,0,0.09670059382915497
1053,when did israel adopt the star of david,"October 28, 1948",True,I don't know,0.0,0.0,0.0,contradiction,0,0.0040886858478188515,a fungus that grows in the form of multicellular filaments called hyphae.,0.0,0.0,0.0,contradiction,0,0.0022886255756020546
1056,the idea that the moons development began when a large object collided with earth is called the,"The giant-impact hypothesis, sometimes called the Big Splash, or the Theia Impact",True,I don't know,0.0,0.0,0.0,contradiction,0,0.01817401498556137,"The minimum escape velocity assumes that there is no friction ( e.g., atmospheric drag ), which would increase the required instantaneous velocity to escape the gravitational influence, which would increase the required instantaneous velocity to escape the gravitational influence.",0.0,0.12244897959183675,0.0,neutral,0,0.010595791041851044
1059,where are the ascii characters found in the utf-8 code points,The first 128 characters,True,I don't know,0.0,0.0,0.0,contradiction,0,0.12521962821483612,a site of oxidative phosphorylation through the use of ATP synthase.,0.0,0.13333333333333333,0.0,neutral,0,0.30748358368873596
1069,is an encoding for english alphanumeric characters as 7-bit numbers,ASCII,True,I don't know,0.0,0.0,0.0,neutral,0,0.29484888911247253,The Twelve Spies.,0.0,0.0,0.0,neutral,0,0.12755213677883148
1071,who played lucky on king of the hill,Tom Petty,True,I don't know,0.0,0.0,0.0,neutral,0,0.09319506585597992,The Dumping Ground.,0.0,0.0,0.0,contradiction,0,0.06032736599445343
1074,when did they start the draft for the vietnam war,"December 1, 1969",True,I don't know,0.0,0.0,0.0,neutral,0,0.1451542228460312,The main result of the war was two centuries of peace between the United States and Britain.,0.0,0.0,0.0,neutral,0,0.0032539095263928175
1077,who plays the mother in a monster calls,Felicity Jones,True,I don't know,0.0,0.0,0.0,contradiction,0,0.036743730306625366,"The sentence ""A Monster Calls /Th> /Th> /Tr> P> The final act of the Anglo - Saxon poem Beowulf is about the hero Beowulf's fight with a dragon, the third",0.0,0.0,0.0,entailment,1,0.7949280738830566
1078,when does the 16 days of activism campaign start,25 November,True,I don't know,0.0,0.0,1.0,contradiction,0,0.18661430478096008,The process of fermentation in winemaking turns grape juice into an alcoholic beverage.,0.0,0.0,1.0,entailment,1,0.49263039231300354
1079,when did bud lose his leg in jag,2002,True,give his or her name,0.0,0.0,0.0,entailment,1,0.5642926096916199,Fourth Amendment prohibition on unreasonable searches and seizures.,0.0,0.0,0.0,entailment,1,0.7362825870513916
1080,who does mary camden marry in 7th heaven,Carlos Rivera,True,I don't know,0.0,0.0,0.0,contradiction,0,0.17347092926502228,The characters in the list are:,0.0,0.0,0.0,entailment,1,0.491567999124527
1083,who wrote the music for dances with wolves,John Barry Prendergast,True,I don't know,0.0,0.0,0.0,neutral,0,0.3086495101451874,Snow,0.0,0.0,0.0,neutral,0,0.31050044298171997
1084,who did the donkey talk to in the bible,Balaam,True,I don't know,0.0,0.0,0.0,neutral,0,0.23555000126361847,manna is a bdellium seed.,0.0,0.0,0.0,neutral,0,0.02364298328757286
1085,what movie has the song here comes the sun,Sgt. Pepper's Lonely Hearts Club Band,True,I don't know,0.0,0.0,0.0,neutral,0,0.007355735637247562,"The genre of song is first, followed by any other singers and the music director or lyricist, then Album name and Year released.",0.0,0.0,0.0,neutral,0,0.019145844504237175
1089,when did the song colt 45 come out,"September 6, 2001",True,I don't know,0.0,0.0,0.0,neutral,0,0.12339285761117935,"The first two pitchers to accomplish the feat did so in 1880, under rules that differed in many important respects from those of today's game : for example, only underhand pitching -- from a flat, marked - out box 45 feet from home plate --",0.0,0.0,0.0,neutral,0,0.004116999916732311
1090,what is the main train station in milan,Milan Central,True,I don't know,0.0,0.0,0.0,contradiction,0,0.1757020354270935,"The station is located at Piazza Duca d'Aosta, Italy.",0.0,0.0,0.0,entailment,1,0.7331414222717285
1092,who handles the money in the us government,Department of the Treasury,True,To meet its obligations,0.0,0.0,0.0,neutral,0,0.14838603138923645,meet its obligations,0.0,0.0,0.0,neutral,0,0.054339200258255005
1097,when did the center of the roman empire moved from rome to constantinople,11 May 330 AD,True,I don't know,0.0,0.0,0.0,neutral,0,0.15813694894313812,The fall of the Roman Empire in AD 476 traditionally marks the start of the Middle Ages.,0.0,0.09523809523809523,0.0,entailment,1,0.9750149250030518
1100,what is the day of the dead festival in mexico,"a Mexican holiday celebrated throughout Mexico, in particular the Central and South regions, and by people of Mexican ancestry living in other places, especially the United States",True,Day of the Dead,0.0,0.12903225806451613,0.0,neutral,0,0.39626190066337585,Day of the Dead /Tr> /Tr> /Tr> /Tr> /Tr> /Tr> /Tr> /Tr> /Tr> /Tr>,0.0,0.0975609756097561,0.0,neutral,0,0.39127570390701294
1104,will a xbox 360 game work in a xbox one,"The Xbox One gaming console has received updates from Microsoft since its launch in 2013 that enable it to play select games from its two predecessor consoles, Xbox and Xbox 360.",True,I don't know,0.0,0.0,1.0,contradiction,0,0.04085445776581764,"The Xbox One gaming console has received updates from Microsoft since its launch in 2013 that enable it to play select games from its two predecessor consoles, Xbox and Xbox 360.",1.0,1.0,1.0,neutral,0,0.09261678159236908
1106,where did they film the first twilight movie,"primarily in Portland, Oregon",True,I don't know,0.0,0.0,0.0,contradiction,0,0.23655101656913757,The story was written by Robert L. May.,0.0,0.0,0.0,entailment,1,0.9072698354721069
1112,the evil queen's name in snow white,Queen Grimhilde,True,I don't know,0.0,0.0,1.0,contradiction,0,0.2193240225315094,The character in both of her forms from Snow White and the Seven Dwarfs /Td> /Tr> /Tr> Th> First appearance /Th> Td> Snow White and the Seven Dwarfs ( 1937 ),0.0,0.0,1.0,entailment,1,0.9037400484085083
1113,who was the ruler of india when east india company was set up,Queen Elizabeth I,True,I don't know,0.0,0.3333333333333333,0.0,contradiction,0,0.13397927582263947,"The British East India Company gradually displaced other powers and brought into existence a British administrative system over most of India, with a need to establish and maintain both official and commercial mail systems.",0.0,0.0,0.0,neutral,0,0.07234898954629898
1114,who is considered to be the first pope,St Peter,True,I don't know,0.0,0.0,1.0,neutral,0,0.04237532615661621,a dress worn by a woman.,0.0,0.0,1.0,neutral,0,0.00794969405978918
1119,where does the red river begin and end,"Harmon County, Oklahoma",True,Mississippi River,0.0,0.0,1.0,entailment,1,0.35431987047195435,Iowa River.,0.0,0.0,1.0,entailment,1,0.5127164721488953
1120,when did sachin tendulkar win the world cup,2011,True,I don't know,0.0,0.0,1.0,contradiction,0,0.18781307339668274,Sachin Tendulkar),0.0,0.0,1.0,neutral,0,0.31836700439453125
1122,when did beverly hills cop 2 come out,1987,True,I don't know,0.0,0.0,1.0,neutral,0,0.16486717760562897,The song Come Back When You Grow Up was released in 1922.,0.0,0.0,1.0,neutral,0,0.3026273548603058
1124,which leader halted the muslim invasion of western europe at the battle of tours,Charles Martel,True,I don't know,0.0,0.0,1.0,contradiction,0,0.19609840214252472,"The Battle of Tours, a battle between the Umayyad and the Franks, was part of the Umayyad invasion of Gaul.",0.0,0.0,1.0,entailment,1,0.9748867750167847
1126,what is the largest state in america by size,Alaska,True,constitution,0.0,0.0,0.0,neutral,0,0.1788962185382843,the principles,0.0,0.0,0.0,neutral,0,0.19980190694332123
1127,actor who plays jack in will and grace,Sean Patrick Hayes,True,I don't know,0.0,0.0,0.0,neutral,0,0.028377870097756386,Augustine said that free will was weakened but not destroyed by original sin,0.0,0.0,0.0,neutral,0,0.00848997663706541
1129,who was the first person to die in romeo and juliet,Mercutio,True,I don't know,0.0,0.0,1.0,contradiction,0,0.15194782614707947,The play was written by Shakespeare.,0.0,0.0,1.0,entailment,1,0.8393787741661072
1131,who does chris griffin's voice on family guy,Seth Green,True,I don't know,0.0,0.0,0.0,contradiction,0,0.06475572288036346,"Geoff Griffin took the fewest total Test wickets of any player who recorded a hat - trick, taking only eight wickets in his entire Test career.",0.0,0.0,0.0,neutral,0,0.009798773564398289
1135,how many republicans are in the senate in 2018,51,True,I don't know,0.0,0.0,0.0,contradiction,0,0.10309392958879471,The color of the spectral types of the stars and brown dwarfs is not specified.,0.0,0.0,0.0,neutral,0,0.014288395643234253
1142,who did cleveland play in the finals last year,Golden State Warriors,True,I don't know,0.0,0.0,1.0,contradiction,0,0.01741740293800831,The Cleveland Cavaliers are the second team in NFL History to reach an 0 - 16 record.,0.0,0.0,1.0,contradiction,0,0.29594841599464417
1143,what is the joint commission and what do they do,"a United States-based nonprofit tax-exempt 501(c) organization[1] that accredits more than 21,000 US health care organizations and programs",True,I don't know,0.0,0.0,0.0,neutral,0,0.1534595489501953,"The album Deep Thoughts from a Shallow Mind was released on January 9, 1995.",0.0,0.0625,0.0,neutral,0,0.0018561033066362143
1145,how many athletes does great britain have in the 2018 olympics,58,True,I don't know,0.0,0.0,1.0,neutral,0,0.09576679021120071,The following is a list of the largest sports contracts.,0.0,0.0,1.0,entailment,1,0.9800313711166382
1149,who got the highest paid contract in the nba,Stephen Curry,True,I don't know,0.0,0.0,1.0,neutral,0,0.016679270192980766,The player records section includes the club's leading goalscorers and those who have made most appearances in first team competitions.,0.0,0.0,1.0,neutral,0,0.053040821105241776
1151,the south african institute of tax practitioners was constituted as,a Not for Profit professional body,True,I don't know,0.0,0.0,0.0,contradiction,0,0.2040935456752777,The Columbian Exchange.,0.0,0.0,0.0,contradiction,0,0.06358213722705841
1152,which president was the president of columbia university,Dwight D. Eisenhower,True,I don't know,0.0,0.0,0.0,neutral,0,0.031058480963110924,The Twentieth Amendment requires each elector to cast one vote for president and another vote for vice president.,0.0,0.0,0.0,contradiction,0,0.04319107532501221
1153,who played spur in man from snowy river,Kirk Douglas,True,I don't know,0.0,0.0,1.0,contradiction,0,0.13108746707439423,"The Man from Snowy River /Th> /Th> /Tr> Tr> Td colspan=""2""> The Man from Snowy River /Th> /Tr> Tr> Td",0.0,0.0,1.0,contradiction,0,0.1855323165655136
1155,where is xanthophyll found in a plant's cell,leaves,True,I don't know,0.0,0.0,1.0,contradiction,0,0.23099391162395477,"The process by which metabolic waste is eliminated from an organism is primarily carried out by the lungs, kidneys and skin.",0.0,0.0,1.0,neutral,0,0.03702295571565628
1156,who pioneered the little black dress or lbd back in 1926,Coco Chanel,True,I don't know,0.0,0.0,1.0,neutral,0,0.12949293851852417,"The earliest derivatives of Behaviorism can be traced back to the late 19th century where Edward Thorndike pioneered the law of effect, a process that involved strengthening behavior through the use of reinforcement.",0.0,0.0,1.0,neutral,0,0.16208887100219727
1161,who were the first to start a company to trade with india,the Portuguese Estado da Índia,True,I don't know,0.0,0.0,0.0,neutral,0,0.3652080297470093,The Roman bridges were built by ancient Romans.,0.0,0.15384615384615385,0.0,entailment,1,0.46481287479400635
1162,pay scale of section officer in central secretariat,Junior Time Scale,True,I don't know,0.0,0.0,0.0,contradiction,0,0.23145438730716705,The previous service was the Imperial Secretariat Service ( 1919 - 1946 ).,0.0,0.0,0.0,neutral,0,0.030126208439469337
1163,who is the actor that plays jax in sons of anarchy,Charles Matthew Hunnam,True,"Tracy Beaker, I don't know",0.0,0.0,0.0,neutral,0,0.014913797378540039,"Tracy Beaker, then",0.0,0.0,0.0,neutral,0,0.2781083583831787
1169,who is the yankees all-time leader in pitching wins,Roger Clemens,True,Cookie,0.0,0.0,0.0,neutral,0,0.049766696989536285,Cookie.,0.0,0.0,0.0,neutral,0,0.054695338010787964
1170,where did the 2010 world cup take place,South Africa,True,World Cup,0.0,0.0,0.0,neutral,0,0.43627503514289856,The knockout stage was the second and final stage of the World Cup in 2006.,0.0,0.0,0.0,neutral,0,0.14440244436264038
1171,who plays the character dog in game of thrones,Rory McCann,True,I don't know,0.0,0.0,0.0,contradiction,0,0.06021837517619133,The season chronology of the series is based on the season 7 episode number.,0.0,0.0,0.0,neutral,0,0.4030246138572693
1174,the president of the united states is a member of what branch of government,the executive branch of the federal government,True,I don't know,0.0,0.0,0.0,neutral,0,0.2443264275789261,"The President of the United States of America /Th> /Tr> /Tr> Td colspan=""2""> Presidential Seal /Tr> /Tr> Td colspan=""2""> Presidential Standard ",0.0,0.21428571428571427,0.0,entailment,1,0.909329891204834
1179,who sings the song ain't no stopping us now,McFadden & Whitehead,True,I don't know,0.0,0.0,1.0,neutral,0,0.22163815796375275,The album was released in April 1979.,0.0,0.0,1.0,entailment,1,0.9394173622131348
1181,who drove the number 33 car in nascar,"Harold Phil Gant[1] (born January 10, 1940), better known as ""Handsome Harry""",True,I don't know,0.0,0.0,0.0,neutral,0,0.06306993216276169,Numbers 13 : 1 - 33.,0.0,0.0,0.0,neutral,0,0.05264784395694733
1183,what kind of boat is used in the everglades,Airboats,True,India,0.0,0.0,1.0,neutral,0,0.008745102211833,The Gregorian calendar is also used in Java and Bali.,0.0,0.0,1.0,neutral,0,0.0031270307954400778
1189,why is rifling present in the bore of the barrel,for the purpose of exerting torque and thus imparting a spin to a projectile around its longitudinal axis during shooting,True,I don't know,0.0,0.0,1.0,neutral,0,0.1621527224779129,P>,0.0,0.0,1.0,neutral,0,0.31337976455688477
1193,where do the amino acids come from in protein synthesis,tRNA molecules,True,I don't know,0.0,0.0,0.0,neutral,0,0.019183963537216187,The process of splicing a single gene into multiple proteins allows for the splicing of multiple genes.,0.0,0.0,0.0,neutral,0,0.1223222017288208
1195,who replaced ringo starr on thomas the tank engine,Michael Angelis,True,I don't know,0.0,0.0,1.0,neutral,0,0.2832143306732178,"The Beatles /Th> /Th> /Tr> /Tr> Td colspan=""2""> The Beatles /Th> /Tr> Td colspan=""2""> The Beatles /",0.0,0.0,1.0,entailment,1,0.8244671821594238
1197,who was the first president born a citizen of the united states,Martin Van Buren,True,I don't know,0.0,0.0,0.0,neutral,0,0.05140065774321556,"Joseph Smith, who died in 1844.",0.0,0.0,0.0,neutral,0,0.038458626717329025
1199,who sings the song reunited and it feels so good,Peaches & Herb,True,I don't know,0.0,0.0,0.0,entailment,1,0.5819063186645508,The time.,0.0,0.0,0.0,entailment,1,0.7542213201522827
1200,where do the st louis cardinals do spring training,Roger Dean Stadium,True,Roger Dean Stadium /Tr> /Tr> /Tr> Th> /Tr> Th> /Tr> Th> /Tr> Th> /Tr> Th,0.0,0.33333333333333337,1.0,entailment,1,0.7700672745704651,Roger Dean Stadium /Tr> /Tr> /Tr> Th> /Tr> Th> /Tr> Th> /Tr> Th> /Tr> Th,0.0,0.33333333333333337,1.0,entailment,1,0.7700672745704651
1201,when was the last time the mavericks made the playoffs,2015–16,True,I don't know,0.0,0.0,0.0,neutral,0,0.019036732614040375,"The sentence "" Haydn was employed at the court of Prince Nicolaus Esterházy II"" means he was a composer.",0.0,0.0,0.0,neutral,0,0.05935998633503914
1205,when did the age of majority change from 21 to 18 in the uk,1970,True,I don't know,0.0,0.0,1.0,neutral,0,0.13823390007019043,The legal drinking age is the age at which a person can legally consume or purchase alcoholic beverages.,0.0,0.0,1.0,entailment,1,0.9878696799278259
1206,who plays taylor on bold and the beautiful,Hunter Tylo,True,I don't know,0.0,0.0,0.0,neutral,0,0.18463540077209473,The play was written by Irish Literary Renaissance playwright John Millington Syn.,0.0,0.0,0.0,contradiction,0,0.013325816951692104
1207,who played phil in phil of the future,Raviv Ullman,True,Agents of S.H.I.E.L.D. : Slingshot,0.0,0.0,0.0,entailment,1,0.7289196252822876,Agents of S.H.I.E.L.D. : Slingshot.,0.0,0.0,0.0,entailment,1,0.6494855284690857
1209,what is the clean up hitter in baseball,fourth player in the batting order,True,roster is eligible to play in official major league games throughout the season.,0.0,0.21052631578947367,0.0,entailment,1,0.4765480160713196,roster is eligible to play in official major league games throughout the season.,0.0,0.21052631578947367,0.0,entailment,1,0.4765480160713196
1210,what is the song anything you can do from,Annie Get Your Gun,True,I don't know,0.0,0.0,1.0,neutral,0,0.17428718507289886,The song was first performed in Annie Get Your Gun by Ethel Merman and Ray Middleton.,0.0,0.4,1.0,entailment,1,0.561866819858551
1212,what is the most popular car in russia,the classic Lada Riva,True,I don't know,0.0,0.0,0.0,neutral,0,0.09630421549081802,The forts are in Rajasthan.,0.0,0.22222222222222224,0.0,neutral,0,0.015708860009908676
1214,what was mrs howell's first name on gilligan's island,Lovey,True,I don't know,0.0,0.0,0.0,contradiction,0,0.11944884806871414,Florida Panhandle is a state in the U.S. state of Florida.,0.0,0.0,0.0,neutral,0,0.11362512409687042
1218,who plays ruby on anne with an e,Kyla Matthews,True,Tracy Beaker,0.0,0.0,0.0,contradiction,0,0.1723831593990326,Mike Milligan character.,0.0,0.0,0.0,contradiction,0,0.17135468125343323
1222,how many points did robert parish score in his career,"23,334",True,I don't know,0.0,0.0,1.0,neutral,0,0.08948448300361633,The sentence is true because the sentence is true.,0.0,0.0,1.0,neutral,0,0.07662127166986465
1231,where is folic acid absorbed in the body,intestine,True,I don't know,0.0,0.0,0.0,neutral,0,0.06470081210136414,The Twelve Apostles are the leaders of the Church.,0.0,0.0,0.0,neutral,0,0.34350430965423584
1234,why did they kill off fran on mama's family,"Rue McClanahan (Aunt Fran) and Betty White (Ellen Jackson) had both gone on to star in the NBC sitcom The Golden Girls, rendering them unavailable to return",True,I'm a Believer,0.0,0.0,0.0,neutral,0,0.14945612847805023,I'm a Believer,0.0,0.0,0.0,neutral,0,0.14945612847805023
1235,what is the website for the united states postal service,www.usps.com,True,I don't know,0.0,0.0,1.0,neutral,0,0.05482736974954605,determined by who holds the highest rank,0.0,0.0,1.0,neutral,0,0.030375055968761444
1236,who owns the rio casino in las vegas,Caesars Entertainment Corporation,True,I don't know,0.0,0.0,1.0,neutral,0,0.028691275045275688,"The Raiders'move to Las Vegas comes after years of failed efforts to renovate or replace the Oakland -- Alameda County Coliseum, which has been rated by multiple sources as one of the worst stadiums in the NFL.",0.0,0.0,1.0,neutral,0,0.0009422116563655436
1237,who has scored the most goals in the world cup final,Geoff Hurst,True,a period of about a month,0.0,0.0,0.0,contradiction,0,0.013202312402427197,a period of about a month,0.0,0.0,0.0,contradiction,0,0.013202312402427197
1243,what was the name of the last planet of the apes movie,War for the Planet of the Apes,True,I don't know,0.0,0.0,1.0,contradiction,0,0.12583240866661072,The original series of Planet of the Apes was created by Pierre Boulle.,0.0,0.5,1.0,entailment,1,0.8784406781196594
1247,the condemnation of private property for public use is allowed under the state's right of,Eminent domain,True,I don't know,0.0,0.0,1.0,neutral,0,0.017821945250034332,The gun laws of California are some of the most restrictive in the United States.,0.0,0.0,1.0,neutral,0,0.00403539789840579
1248,how long did it take pioneers on the oregon trail,about 160 days in 1849 to 140 days 10 years later,True,Warmiwausqa),0.0,0.0,0.0,contradiction,0,0.22080275416374207,Mollepata is the longest of the three routes with the highest mountain pass and intersects with the Classic route before crossing Warmiwausqa (  dead woman '' ),0.0,0.0,0.0,neutral,0,0.014440526254475117
1253,what is a levite according to the bible,a Jewish male whose descent is traced by tradition to Levi,True,I don't know,0.0,0.0,0.0,neutral,0,0.23985540866851807,"The Bible is a compilation of many shorter books written at different times by a variety of authors, and later assembled into the biblical canon.",0.0,0.16666666666666666,0.0,neutral,0,0.039826467633247375
1254,how much is a table spoon in ounces,0.50 US fl oz,True,I don't know,0.0,0.0,1.0,neutral,0,0.2307649403810501,The unit of measurement varies by region : a United States tablespoon is approximately 14.8 ml ( 0.50 US fl oz ),0.0,0.34782608695652173,1.0,neutral,0,0.030418336391448975
1258,what is the wimbledon runner up prize money,"£1,125,000",True,I don't know,0.0,0.0,0.0,neutral,0,0.12679609656333923,"The All England Lawn Tennis and Croquet Club, also known as the All England Club, based at Church Road, Wimbledon, London, England, is a private members'club.",0.0,0.0,0.0,entailment,1,0.9867462515830994
1263,who stars in the man in the high castle,Alexa Davalos,True,I don't know,0.0,0.0,1.0,neutral,0,0.19541610777378082,The insignia for the French OF - 10 rank maréchal de France contains 7 stars ; the insignia for the Portuguese marechal contains four gold stars ; and many of the insignia of the ranks in Commonwealth of Nations contain no stars at all.,0.0,0.0,1.0,contradiction,0,0.10063904523849487
1267,when was the lion the witch and the wardrobe first published,16 October 1950,True,I don't know,0.0,0.0,1.0,contradiction,0,0.11810518056154251,"The Lion, the Witch and the Wardrobe was published in hardcover and paperback on 16 October 1950.",0.0,0.3,1.0,neutral,0,0.002476911526173353
1269,this refers to an old ritual of formalizing an engagement to marry,Betrothal (also called espousal),True,I don't know,0.0,0.0,0.0,neutral,0,0.20516489446163177,The lead section of this article may need to be rewritten.,0.0,0.0,0.0,neutral,0,0.032653674483299255
1271,how many years is the term for a member of the house of representatives,two-year terms,True,I don't know,0.0,0.0,0.0,neutral,0,0.031172243878245354,The Gang of Eight is a colloquial term for a set of eight leaders within the United States Congress who are briefed on classified intelligence matters by the executive branch.,0.0,0.0,0.0,entailment,1,0.9497634172439575
1273,where did piss up a rope come from,a song by the band Ween in 1996 from the album 12 Golden Country Greats,True,I don't know,0.0,0.0,0.0,neutral,0,0.156317338347435,The Supremes ),0.0,0.11764705882352941,0.0,entailment,1,0.5777339339256287
1277,what is the moon festival called in chinese,Mid-Autumn Festival,True,I don't know,0.0,0.0,1.0,neutral,0,0.13810977339744568,The Chinese New Year is celebrated on the following days:,0.0,0.0,1.0,neutral,0,0.10067404061555862
1283,spain and portugal divide the world between them in,The Treaty of Tordesillas,True,I - 11 centuries,0.0,0.0,0.0,neutral,0,0.1585599184036255,14th century and the 13th century.,0.0,0.2,0.0,contradiction,0,0.20389635860919952
1287,who plays the clown in american horror story season 4,John Carroll Lynch,True,I don't know,0.0,0.0,0.0,contradiction,0,0.04469931498169899,The story is set in New York's Catskill Mountains.,0.0,0.0,0.0,entailment,1,0.9536838531494141
1288,when was dragon ball z first aired in the us,"September 13, 1996",True,I don't know,0.0,0.0,0.0,neutral,0,0.017517734318971634,anniversaries,0.0,0.0,0.0,neutral,0,0.2740749716758728
1289,who played the kangaroo in horton hears a who,Carol Burnett,True,I don't know,0.0,0.0,0.0,contradiction,0,0.13322003185749054,"Theatrical release poster /Td> /Tr> /Tr> Tr> Td colspan=""2""> Theatrical release poster /Td> /Tr> Tr> ",0.0,0.0,0.0,entailment,1,0.512420654296875
1290,who sang the theme song to quantum of solace,Jack White,True,I don't know,0.0,0.0,0.0,neutral,0,0.2389063537120819,The Chronicles of Narnia : The Voyage of the Dawn Treader ( 2010 ) /Td> /Tr> /Tr> /Tr> /Tr> /Tr> /Tr,0.0,0.0,0.0,contradiction,0,0.040212053805589676
1292,where is cape verde located on the african map,570 kilometres (350 mi) west of the Cape Verde Peninsula in West Africa,True,I don't know,0.0,0.0,0.0,neutral,0,0.12090466171503067,"The headwaters of the Cedar River are located in Dodge County, Minnesota, consisting of a west fork and middle fork approximately three miles northeast of the town of Blooming Prairie, and an east fork approximately one mile south of the town of Hayfield.",0.0,0.14285714285714285,0.0,entailment,1,0.8363599181175232
1293,who was the song hey jude written for,"John Lennon's son, Julian",True,I don't know,0.0,0.0,0.0,contradiction,0,0.19368575513362885,The song was written by Paul Williams for Jim Henson's 1977 HBO special Emmet Otter's Jug - Band Christmas.,0.0,0.0,0.0,entailment,1,0.9190263748168945
1297,who said this quote ask not what your country can do for you,John F. Kennedy,True,I don't know,0.0,0.0,0.0,neutral,0,0.27148526906967163,The song was first performed in Annie Get Your Gun by Ethel Merman and Ray Middleton.,0.0,0.0,0.0,entailment,1,0.5732109546661377
1303,where did helium come from the early universe,Primordial nucleosynthesis,True,I don't know,0.0,0.0,0.0,neutral,0,0.07747097313404083,The primary accounts did not survive.,0.0,0.0,0.0,entailment,1,0.9605904817581177
1305,what is meant by cyst in the ovary,a fluid-filled sac within the ovary,True,I don't know,0.0,0.0,0.0,neutral,0,0.15694108605384827,/Th> /Tr> /Tr> /Tr> /Tr> /Tr> /Tr> /Tr> /Tr> /Tr> /Tr,0.0,0.0,0.0,contradiction,0,0.36810436844825745
1307,who plays the little girl in field of dreams,Gabrielle Mary Hoffmann,True,I don't know,0.0,0.0,0.0,neutral,0,0.2801525592803955,"Eurythmics /Th> /Tr> Tr> Tr> Th colspan=""2""> /Tr> /Tr> Th colspan=""2""> Single by Eurythmic",0.0,0.0,0.0,entailment,1,0.7253166437149048
1311,who produced as long as you love me,"Rodney ""Darkchild"" Jerkins",True,I don't know,0.0,0.0,0.0,contradiction,0,0.23223017156124115,"The single was released on June 11, 2012.",0.0,0.0,0.0,entailment,1,0.9708092212677002
1314,what does the speed of a lens mean,"maximum aperture diameter, or minimum f-number, of a photographic lens. A lens with a larger maximum aperture (that is, a smaller minimum f-number)",True,I don't know,0.0,0.0,0.0,neutral,0,0.0749877542257309,The term '' lens speed '' is a synonym for '' lens speed ''.,0.0,0.24242424242424243,0.0,entailment,1,0.564312756061554
1317,when is season 3 of star vs the forces of evil come out,"July 15, 2017",True,I don't know,0.0,0.0,0.0,entailment,1,0.5402327179908752,The series is a comedy series.,0.0,0.0,0.0,neutral,0,0.01250518299639225
1318,most points ever averaged in a nba season,"1,389",True,"seasons, the highest - paid NBA players have received contracts with salaries noted in the twenty - million - dollar range",0.0,0.0,0.0,neutral,0,0.01578347384929657,"seasons, the highest paid NBA players have received contracts with salaries noted in the twenty - million - dollar range.",0.0,0.0,0.0,neutral,0,0.00999805610626936
1319,where was the titanic going when it sunk,New York City,True,I don't know,0.0,0.0,0.0,neutral,0,0.11359462141990662,The proverb originated in Wales.,0.0,0.0,0.0,contradiction,0,0.02281126193702221
1320,who sings it all started with a beer,Frankie Ballard,True,I don't know,0.0,0.0,1.0,neutral,0,0.1923954337835312,The song was written by Jaren Johnston and Neil Mason.,0.0,0.0,1.0,neutral,0,0.005854297894984484
1321,who was the first sri lankan politician who held the office of the prime minister for four times,Ranil Wickramasinghe,True,"India, the Prime Minister would be replaced by a new Prime Minister.",0.0,0.0,0.0,entailment,1,0.8138777613639832,"Indian National Congress party, Indira Gandhi was sworn in as Prime Minister.",0.0,0.0,0.0,entailment,1,0.9284242987632751
1323,how many games did the cowboys win last year,9,True,NBA's record.,0.0,0.0,1.0,contradiction,0,0.03547973185777664,The Mavericks were dreadful.,0.0,0.0,1.0,neutral,0,0.04491556063294411
1327,where is the aqueous humor located in a cow eye,ciliary epithelium,True,Iowa-Missouri border.,0.0,0.0,0.0,contradiction,0,0.1976187825202942,Iowa River,0.0,0.0,0.0,contradiction,0,0.07882539182901382
1335,which branch of government commands the army and navy,executive branch,True,I don't know,0.0,0.0,1.0,contradiction,0,0.19171473383903503,The photograph of Robert E. Lee in March 1864 was taken in March 1864.,0.0,0.0,1.0,entailment,1,0.9570220112800598
1336,who played lincoln in steven spielberg's lincoln,Daniel Day-Lewis,True,I don't know,0.0,0.0,0.0,contradiction,0,0.2072996199131012,Theatrical release poster /Th> /Th> /Th> /Th> /Th> /Th> Directed by /Th> Td> /Tr> /Th> Produced,0.0,0.0,0.0,entailment,1,0.721235990524292
1344,who plays daniel in descendants of the sun,Cho Tae-gwan,True,I don't know,0.0,0.0,0.0,contradiction,0,0.17755502462387085,"The Egyptians divided the day into two 12 - hour periods, and used large obelisks to track the day.",0.0,0.0,0.0,neutral,0,0.08841025084257126
1353,who plays leonard snart in legends of tomorrow,Wentworth Earl Miller III,True,Surrey,0.0,0.0,0.0,contradiction,0,0.020554224029183388,The location of the theatre is not specified.,0.0,0.0,0.0,neutral,0,0.016150837764143944
1366,what was the composition of the estate general of france,clergy,True,Convention,0.0,0.0,0.0,contradiction,0,0.044818539172410965,The United States.,0.0,0.0,0.0,neutral,0,0.20930324494838715
1372,who won season one of rupaul's drag race,BeBe Zahara Benet,True,I don't know,0.0,0.0,1.0,neutral,0,0.2322230339050293,"Tr> Th colspan=""2""> RuPaul's Drag Race /Th> /Tr> Th colspan=""2""> RuPaul's Drag Race /Th> /Tr> Th",0.0,0.0,1.0,contradiction,0,0.25259140133857727
1373,who plays 15 cent in the proud family movie,Omarion,True,I don't know,0.0,0.0,1.0,neutral,0,0.12409162521362305,Producer ( ),0.0,0.0,1.0,neutral,0,0.14199978113174438
1375,who won the gold metal for men's ice hockey in 2014,Canada,True,I don't know,0.0,0.0,1.0,contradiction,0,0.1501019150018692,"The first recorded indoor ice hockey game took place at the Victoria Skating Rink in Montreal, Quebec, Canada.",0.0,0.10526315789473684,1.0,contradiction,0,0.07133125513792038
1376,what is the name of the pig in charlotte's web,Wilbur,True,I don't know,0.0,0.0,0.0,contradiction,0,0.10927936434745789,The pig is the twelfth and last sign of the Earthly Branches (  ).,0.0,0.0,0.0,entailment,1,0.7885965704917908
1381,who sang i want to change the world,Alvin Lee,True,I don't know,0.0,0.0,1.0,contradiction,0,0.20172160863876343,The song was released in 1971.,0.0,0.0,1.0,entailment,1,0.8814830780029297
1382,who has won the race to liquefy helium,Heike Kamerlingh Onnes,True,I don't know,0.0,0.0,0.0,contradiction,0,0.009568062610924244,The Montreal Canadiens have won the Stanley Cup 24 times and made the finals an additional ten times.,0.0,0.0,0.0,contradiction,0,0.013524660840630531
1383,who voices captain dog in puppy dog pals,Patrick Warburton,True,I don't know,0.0,0.0,0.0,neutral,0,0.1855321079492569,/Th> /Th> /Th> /Th> /Th> /Th> /Th> /Th> /Th> /Th> /Th> /Th> /Th,0.0,0.0,0.0,contradiction,0,0.31673210859298706
1387,who is known as the father of the internet,Vinton Gray Cerf,True,I don't know,0.0,0.0,0.0,neutral,0,0.035849664360284805,The Apostles Creed.,0.0,0.0,0.0,neutral,0,0.0529651865363121
1388,when was the first speed camera introduced in the uk,1991,True,I don't know,0.0,0.0,0.0,neutral,0,0.11914299428462982,The Bank Holidays Act 1871.,0.0,0.0,0.0,contradiction,0,0.10598370432853699
1389,when is the new year day celebrated according to the indian national calendar,March 22/21,True,I don't know,0.0,0.0,0.0,neutral,0,0.08380237966775894,The Super Bowl is the annual American football game that determines the champion of the National Football League ( NFL ).,0.0,0.0,0.0,entailment,1,0.49457690119743347
1397,willy wonka and the chocolate factory 1971 cast charlie,Peter Ostrum,True,I don't know,0.0,0.0,1.0,neutral,0,0.2380976378917694,"Willy Wonka & the Chocolate Factory /Th> /Th> /Th> /Th> /Tr> Td colspan=""2""> Theatrical release poster /Th> /Tr>",0.0,0.0,1.0,entailment,1,0.5740338563919067
1398,who sings the most wonderful time of the year,Andy Williams,True,I don't know,0.0,0.0,1.0,neutral,0,0.05753691494464874,Chief of Naval Staff is the highest ranking military officer of the Nigerian Navy.,0.0,0.0,1.0,neutral,0,0.07080619782209396
1407,in the kansas city style of jazz arrangements were based on,memory,True,I don't know,0.0,0.0,0.0,contradiction,0,0.2239982932806015,"The first feature film originally presented as a talkie was The Jazz Singer, released in October 1927.",0.0,0.0,0.0,entailment,1,0.918355405330658
1409,when did they start putting vin numbers on cars,1954,True,I don't know,0.0,0.0,0.0,neutral,0,0.03679899498820305,"The Book of Exodus describes manna as being  a fine, flake - like thing '' like the frost on the ground.",0.0,0.0,0.0,entailment,1,0.8958919644355774
1410,where did the concept of informed consent first appear officially,a medical malpractice United States court case in 1957,True,I don't know,0.0,0.0,0.0,neutral,0,0.03601493313908577,is a science that is based on the theory of atoms.,0.0,0.09999999999999999,0.0,neutral,0,0.03284817561507225
1413,who played roxy in the story of tracy beaker,Sophie Borja,True,I don't know,0.0,0.0,0.0,neutral,0,0.08774497359991074,The story is set in New York.,0.0,0.0,0.0,neutral,0,0.00569829111918807
1414,when does the regular season start for the nfl 2018,"September 6, 2018",True,draft,0.0,0.0,1.0,contradiction,0,0.000712095876224339,"The player who has the worst record the previous year picks first, the next - worst team second, and so on.",0.0,0.0,1.0,entailment,1,0.6325669884681702
1417,what is the source of the yangtze river,Qinghai,True,I don't know,0.0,0.0,1.0,contradiction,0,0.11418920755386353,Middle East.,0.0,0.0,1.0,contradiction,0,0.1493881344795227
1418,when does season 2 of spirit riding free come out,"September 8, 2017",True,"Spirit Riding Free /Th> /Th> /Tr> Tr> Td colspan=""2""> /Tr> /Tr> Tr> Th> Genre /Th>",0.0,0.0,0.0,entailment,1,0.6560171842575073,"2""> Spirit Riding Free /Th> /Tr> Tr> Td colspan=""2""> /Tr> Tr> Tr> Th> Genre /Th> T",0.0,0.0,0.0,entailment,1,0.6843506097793579
1419,who does flag go to at a military funeral,the next of kin,True,I don't know,0.0,0.0,0.0,neutral,0,0.12511718273162842,The Gadsden flag is a historical American flag with a yellow field depicting a rattlesn.,0.0,0.10526315789473685,0.0,neutral,0,0.04469800740480423
1422,whose voice is the robot on the orville,Rachael MacFarlane,True,I don't know,0.0,0.0,0.0,neutral,0,0.23901581764221191,"The biological donor is a married man, a former playboy.",0.0,0.0,0.0,neutral,0,0.3597038984298706
1424,every morning in africa a gazelle wakes up author,Abe Gubegna,True,I don't know,0.0,0.0,0.0,contradiction,0,0.11571171879768372,The meaning of the word '' Rip Van Winkle '' is '' Rip Van Winkle ''.,0.0,0.0,0.0,entailment,1,0.6865172386169434
1428,who did sweet pea belong to on popeye,Popeye,True,I don't know,0.0,0.0,0.0,contradiction,0,0.28515270352363586,"The album Sweet Dreams ( Are Made of This ) /Th> /Tr> Tr> Tr> Th colspan=""2""> /Tr> /Tr> Th colspan=""2""",0.0,0.0,0.0,entailment,1,0.8247458338737488
1429,average salary of a person in the united states,"$31,099",True,I don't know,0.0,0.0,0.0,neutral,0,0.0067792315967381,"The Department of Defense uses 4,600,000,000 US gallons ( 1.7  10 L ) of fuel annually, an average of 12,600,000 US gallons ( 48,000,000 L ) of fuel per year.",0.0,0.0,0.0,neutral,0,0.009322556667029858
1432,where did the saudi foreign minister go to school,University of North Texas,True,I don't know,0.0,0.0,1.0,neutral,0,0.156317338347435,The Supremes ),0.0,0.0,1.0,entailment,1,0.5777339339256287
1433,who is bone thugs n harmony signed to,eOne Entertainment,True,I don't know,0.0,0.0,0.0,neutral,0,0.18616090714931488,Associated acts /Li>,0.0,0.0,0.0,entailment,1,0.4181073307991028
1436,winner of comedy circus ke ajoobe grand finale,Krishna Abhishek,True,I don't know,0.0,0.0,0.0,neutral,0,0.18122847378253937,The original network was Sony Entertainment Television /Td>,0.0,0.0,0.0,neutral,0,0.043944794684648514
1438,who wrote the song don t want to miss a thing,Diane Warren,True,I don't know,0.0,0.0,1.0,contradiction,0,0.23024232685565948,"/Th> /Tr> Th colspan=""2"">  I Don't Want to Miss a Thing '' /Th> /Tr> Tr> Td colspan=""2",0.0,0.0,1.0,entailment,1,0.5672484040260315
1439,who won the most fa cups in england,Arsenal,True,FA,0.0,0.0,1.0,contradiction,0,0.013837838545441628,"The FA Cup is a knockout competition in English football, organised by and named after the Football Association.",0.0,0.0,1.0,contradiction,0,0.01320386491715908
1440,how long does it take grape juice to ferment into wine,from 5 to 14 days for primary fermentation and potentially another 5 to 10 days for a secondary fermentation,True,I don't know,0.0,0.0,1.0,neutral,0,0.06713362038135529,good old vintages.,0.0,0.0,1.0,neutral,0,0.15868809819221497
1443,when is the last time an 11 seed made it to the elite 8,2018,True,manna,0.0,0.0,0.0,contradiction,0,0.2901964485645294,"The plough may be made of wood, iron, or steel frame with an attached blade or stick used to cut the soil and loosen it.",0.0,0.0,0.0,neutral,0,0.09762292355298996
1445,where was avril lavigne's head above water video filmed,Iceland,True,I don't know,0.0,0.0,0.0,neutral,0,0.21047908067703247,"The single was released on September 19, 2018 ( 2018 - 09 - 19 ) /Td> /Tr> Tr> Tr> Th colspan=""2""> /Tr> Tr> ",0.0,0.0,0.0,entailment,1,0.7318143844604492
1448,who are the associate justices of the supreme court,Anthony Kennedy,True,I don't know,0.0,0.0,1.0,contradiction,0,0.2897195518016815,The current members /Th> /Tr> Tr> Td> Dl> Dt> Chief Justice /Dt> Dd> John Roberts /Dd> Dt> Associate Justices,0.0,0.0,1.0,entailment,1,0.8614016175270081
1451,college that has produced the most nfl quarterbacks,Purdue,True,AFL -- NFL World Championship Game,0.0,0.0,1.0,neutral,0,0.20536917448043823,The Super Bowl is the annual American football game that determines the champion of the National Football League ( NFL ).,0.0,0.0,1.0,entailment,1,0.902077317237854
1454,who's opening for justin timberlake in chicago,The Shadowboxers,True,I don't know,0.0,0.0,0.0,neutral,0,0.048480674624443054,The show has a two - tiered cast.,0.0,0.22222222222222224,0.0,entailment,1,0.9849749207496643
1456,who is representing mexico in little league world series,"Matamoros, Tamaulipas",True,I don't know,0.0,0.0,0.0,contradiction,0,0.12117988616228104,"The Little League World Series /Th> /Th> /Tr> Th colspan=""2""> 2018 Little League World Series /Th> /Tr> Td colspan=""2""> /Tr>",0.0,0.0,0.0,entailment,1,0.45884260535240173
1457,the fa premier league is owned by 20 shareholders who are,the 20 member clubs,True,I don't know,0.0,0.0,0.0,contradiction,0,0.13921330869197845,Manchester City ( 3rd title ),0.0,0.0,0.0,neutral,0,0.05858965963125229
1458,who plays jack on secret life of the american teenager,Gregory P. Finley II,True,I don't know,0.0,0.0,0.0,contradiction,0,0.3523884117603302,The Secret Life of the American Teenager ( season 1) /Th> /Tr> /Tr> /Th> /Th> /Th> /Th> /Th> /Th> /Tr>,0.0,0.0,0.0,entailment,1,0.6436790823936462
1459,who has the most grammys of all time,Sir Georg Solti,True,individual right to keep and bear arms,0.0,0.0,0.0,neutral,0,0.38007816672325134,The Constitution does not explicitly guarantee private citizens.,0.0,0.0,0.0,neutral,0,0.12284281849861145
1466,who wrote dr dre verse on forgot about dre,Eminem,True,I don't know,0.0,0.0,1.0,contradiction,0,0.18199627101421356,Dr. Dre was a singer and songwriter.,0.0,0.0,1.0,neutral,0,0.46564745903015137
1470,who does the voice of elsa on frozen,primarily by Broadway actress and singer Idina Menzel,True,I don't know,0.0,0.0,0.0,contradiction,0,0.24106349050998688,The King and Queen of Arendelle ( parents ) /Th> Td> Ul> Li> Princess of Arendelle /Li> /Ul> /Td> /Tr> T,0.0,0.07407407407407407,0.0,contradiction,0,0.1539888232946396
1477,what does code red mean in the emergency room,fire has broken out somewhere in the hospital facility,True,I don't know,0.0,0.0,1.0,neutral,0,0.13946013152599335,"The room features three large south - facing windows behind the president's desk, and a fireplace at the north end.",0.0,0.07142857142857142,1.0,neutral,0,0.15101850032806396
1479,who played the frog in gnomeo and juliet,Ashley Jensen,True,I don't know,0.0,0.0,0.0,contradiction,0,0.03446106240153313,The relevant sentence in the passage is: /P> Tr> Td> /Td> Td> Td> Td> Td> Td> Td> Td>,0.0,0.0,0.0,neutral,0,0.09147949516773224
1488,when is super girl season three coming out,"October 9, 2017",True,I don't know,0.0,0.0,0.0,neutral,0,0.03206406533718109,The player must have played at least one game in the NFL regular season.,0.0,0.0,0.0,entailment,1,0.8676006197929382
1489,who received the most electoral votes in the 2000 presidential election,George Walker Bush,True,I don't know,0.0,0.0,0.0,contradiction,0,0.1723703145980835,The Electoral College had 270 electoral votes needed to win the election.,0.0,0.0,0.0,entailment,1,0.965314507484436
1491,where did the battle of chattanooga take place,October and November 1863,True,reaction that can take many years,0.0,0.0,0.0,neutral,0,0.11596166342496872,The reaction rate or rate of reaction is the speed at which reactants are converted into products.,0.0,0.0,0.0,neutral,0,0.2890627980232239
1492,when did the cross become a symbol of christianity,from the 4th century,True,I don't know,0.0,0.0,0.0,neutral,0,0.03552575036883354,The earlier Ordinance of 1784 was a resolution written by Thomas Jefferson ( delegate from Virginia ) calling for Congress to take action.,0.0,0.16,0.0,neutral,0,0.09712307155132294
1494,when did anime become popular in the west,The 1960s,True,I don't know,0.0,0.0,0.0,contradiction,0,0.20867423713207245,"The story focuses on 12 - year - old Gon Freecss and his quest to become a Hunter in order to find his father, Ging Freecss, who is himself a famous Hunter.",0.0,0.0625,0.0,neutral,0,0.10655651241540909
1496,where has the us manufacturing belt been traditionally located (specific cities),Chicago,True,soil into a field,0.0,0.0,0.0,neutral,0,0.2587510049343109,The plow is a tool or farm implement used in farming for initial cultivation of soil in preparation for sowing seed or planting to loosen or turn the soil.,0.0,0.0,0.0,entailment,1,0.386197954416275
1504,punjab and haryana high court chief justice name,Krishna Murari,True,I don't know,0.0,0.0,0.0,neutral,0,0.27013230323791504,"Punjab /Th> /Tr> /Tr> Tr> Td colspan=""2""> State /Tr> /Tr> Tr> Td colspan=""2""> The",0.0,0.0,0.0,entailment,1,0.6641067266464233
1505,who is the highest ranking member of the senate,president pro tempore,True,Vice President,0.0,0.4,1.0,neutral,0,0.04308019205927849,"The United States presidential line of succession follows the order of Vice President, Speaker of the House of Representatives, President pro tempore of the Senate, and then the heads of federal executive departments who form the Cabinet of the United States.",0.0,0.13636363636363635,1.0,neutral,0,0.08608797937631607
1507,who was the president when nafta was passed,Clinton,True,I don't know,0.0,0.0,0.0,contradiction,0,0.13114449381828308,"The first president of the Church, Joseph Smith, died in 1844.",0.0,0.0,0.0,entailment,1,0.9679603576660156
1513,when is a breast cancer patient considered a survivor,"""living with or beyond cancer""",True,I don't know,0.0,0.0,0.0,neutral,0,0.06865230202674866,"The classical signs of inflammation are heat, pain, redness, swelling, and loss of function.",0.0,0.0,0.0,neutral,0,0.06580615788698196
1517,where did system of a down come from,"Glendale, California",True,I don't know,0.0,0.0,0.0,neutral,0,0.2009354829788208,The Supremes.,0.0,0.0,0.0,entailment,1,0.8860556483268738
1523,who played katherine chancellor's son on y&r,Beau Kazer,True,I don't know,0.0,0.0,0.0,contradiction,0,0.06620278209447861,Aegina.,0.0,0.0,0.0,contradiction,0,0.09855552762746811
1531,who is the original singer of sitting on the dock of the bay,Otis Redding,True,I don't know,0.0,0.0,1.0,neutral,0,0.2496882528066635,"The Dock of the Bay /Th> /Th> /Tr> Tr> Tr> Td colspan=""2""> /Tr> Tr> Tr> Th colspan",0.0,0.0,1.0,entailment,1,0.5034003853797913
1540,where is bile made and what does it do,produced by the liver of most vertebrates,True,I don't know,0.0,0.0,0.0,neutral,0,0.09747693687677383,adolescence,0.0,0.0,0.0,entailment,1,0.45948702096939087
1542,who is dr altman on grey's anatomy,Kim Raver,True,I don't know,0.0,0.0,0.0,neutral,0,0.17749091982841492,Jason George as Dr. Ben Warren.,0.0,0.0,0.0,neutral,0,0.08401210606098175
1543,when does the haunted mansion turn to nightmare before christmas,late summer,True,I don't know,0.0,0.0,0.0,neutral,0,0.2526826858520508,"The two traditional days when Christmas decorations are removed are Twelfth Night and if they are not taken down on that day, Candlemas.",0.0,0.0,0.0,entailment,1,0.4431818425655365
1545,when was the united states founded as a country,1776,True,McDonald's,0.0,0.0,0.0,neutral,0,0.12578661739826202,McDonald is a fast food chain that has been in operation for over a century.,0.0,0.0,0.0,neutral,0,0.2162962406873703
1546,who plays it in stephen king's it,Bill Skarsgård,True,I don't know,0.0,0.0,0.0,neutral,0,0.0568062923848629,British monarchy was dissolved.,0.0,0.0,0.0,contradiction,0,0.02342969737946987
1548,when can we say that an object is at rest,When the position of a body with respect to its surroundings does not change with time,True,I don't know,0.0,0.0,0.0,contradiction,0,0.12921594083309174,"The minimum escape velocity assumes that there is no friction ( e.g., atmospheric drag ), which would increase the required instantaneous velocity to escape the gravitational influence, and that there will be no future sources of additional velocity ( e.g., thrust",0.0,0.11111111111111109,0.0,neutral,0,0.028615472838282585
1554,what happens in the battle between beowulf and the dragon,the dragon wounds Beowulf fatally,True,Beowulf,0.0,0.33333333333333337,1.0,neutral,0,0.30094674229621887,"The final act of the Anglo - Saxon poem Beowulf is about the hero Beowulf's fight with a dragon, the third monster he encounters in the epic.",0.0,0.1935483870967742,1.0,neutral,0,0.009712525643408298
1556,who plays the old lady in jackass 2,Spike Jonze,True,I don't know,0.0,0.0,0.0,neutral,0,0.04216346889734268,Armenian.,0.0,0.0,0.0,neutral,0,0.05723162367939949
1562,where is the wheel and axle plant of indian railway situated,"Yelahanka, Bangalore in the Indian state of Karnataka",True,I don't know,0.0,0.0,0.0,neutral,0,0.01460176520049572,The Western Ghats mountains in the western region of Karnataka are a biodiversity hotspot.,0.0,0.36363636363636365,0.0,neutral,0,0.1570349931716919
1563,present chairman of public accounts committee of lok sabha,Mapanna Mallikarjun Kharge,True,I don't know,0.0,0.0,0.0,neutral,0,0.009701109491288662,"The Lok Sabha, the lower house of the Parliament of India, is made up of Members of Parliament ( MPs ).",0.0,0.0,0.0,neutral,0,0.19244857132434845
1565,when did india win the first t20 world cup,2007,True,International,0.0,0.0,0.0,contradiction,0,0.04676816239953041,"The FIFA World Cup is the premier competitive international football tournament, first played in 1930, whose finals stage has been held every four years since, except 1942 and 1946, due to the Second World War.",0.0,0.0,0.0,entailment,1,0.9482299089431763
1566,who got the biggest contract in the nfl,"Johnson, Calvin",True,I don't know,0.0,0.0,0.0,contradiction,0,0.13773657381534576,Waltzing Matilda.,0.0,0.0,0.0,neutral,0,0.10094832628965378
1567,where was the salvation army founded in australia,"a small house in Lygon Street, Carlton",True,Group B,0.0,0.0,0.0,neutral,0,0.06389462947845459,2014 FIFA World Cup.,0.0,0.0,0.0,neutral,0,0.017496416345238686
1569,the average length of life of members of a species is called,mean life span,True,", cells",0.0,0.0,0.0,neutral,0,0.1969331055879593,The term can also denote an estimate of the maximum amount of time a member of a given species could survive between birth and death.,0.0,0.0,0.0,entailment,1,0.8590229153633118
1571,where did they film war for planet of the apes,"in the Lower Mainland in Vancouver,",True,I don't know,0.0,0.0,0.0,contradiction,0,0.12583240866661072,The original series of Planet of the Apes was created by Pierre Boulle.,0.0,0.10526315789473684,0.0,entailment,1,0.8784406781196594
1573,barney in how i met your mother real name,Neil Patrick Harris,True,I don't know,0.0,0.0,0.0,neutral,0,0.2731808125972748,The Mother appearing in  The Locket '' /Td> /Tr> /Tr> Tr> Tr> Tr> Td> Td> Td> T,0.0,0.0,0.0,neutral,0,0.1599029302597046
1574,how many cards do you get when you play uno,seven cards,True,I don't know,0.0,0.0,0.0,neutral,0,0.12538090348243713,The song was first performed in Annie Get Your Gun by Ethel Merman and Ray Middleton.,0.0,0.0,0.0,entailment,1,0.9832327961921692
1575,who provided the voice of the geico insurance company geico in its tv-ad debut,"Kelsey Grammer,",True,Matthew 6:26,0.0,0.0,0.0,neutral,0,0.07006560266017914,Gospel of Matthew.,0.0,0.0,0.0,neutral,0,0.10328027606010437
1576,who is the present captain of indian army,General Bipin Rawat,True,I don't know,0.0,0.0,1.0,neutral,0,0.02776603400707245,The seniority system of the United States commissioned officer corps operates on two different levels.,0.0,0.0,1.0,neutral,0,0.024233736097812653
1579,how much impact does the tourist industry have on the icelandic economy,10 percent to the Icelandic GDP,True,I don't know,0.0,0.0,1.0,contradiction,0,0.1120833158493042,"Selene was the mother of the Moon, the probability of surviving was higher.",0.0,0.10526315789473684,1.0,neutral,0,0.11728616058826447
1583,what type of government do we have in the united states today,Republic,True,I don't know,0.0,0.0,1.0,neutral,0,0.00550367496907711,The UK government maintains a position that the United Nations Convention on the Rights of the Child ( UNCRC ) is the right of the child.,0.0,0.0,1.0,neutral,0,0.325035959482193
1585,where is the ileum located in the body,the final section of the small intestine,True,I don't know,0.0,0.0,0.0,contradiction,0,0.0691177025437355,It is also found in the thylakoid membrane of the chloroplast in photosynthetic eukaryotes.,0.0,0.2857142857142857,0.0,neutral,0,0.004510579165071249
1588,when does season 2 a series of unfortunate events come out,"March 30, 2018",True,I don't know,0.0,0.0,0.0,neutral,0,0.32565104961395264,The originals is an American supernatural drama television series created by Julie Plec for The CW.,0.0,0.0,0.0,neutral,0,0.4837244153022766
1589,who plays the goblin in harry potter 8,Warwick Ashley Davis,True,I don't know,0.0,0.0,0.0,contradiction,0,0.18906427919864655,Lord Voldemort /Th> /Th> /Th> /Th> /Th> /Th> /Th> /Th> /Th> /Th> /Th> /Th,0.0,0.0,0.0,contradiction,0,0.03352505713701248
1590,how did american popular culture change around the turn of the 20th century,developed a series of new forms of music,True,I don't know,0.0,0.0,0.0,neutral,0,0.1784803569316864,"The word atom comes from the Ancient Greek adjective atomos, meaning  indivisible ''.",0.0,0.0,0.0,neutral,0,0.38813039660453796
1591,how soon after death does rigamortis set in,as soon as 4 hours post mortem,True,I don't know,0.0,0.0,0.0,neutral,0,0.13356177508831024,The fall of the Roman Empire in AD 476 traditionally marks the start of the Middle Ages.,0.0,0.0,0.0,neutral,0,0.285785973072052
1593,who played cotton in pirates of the caribbean,David Bailie,True,I don't know,0.0,0.0,0.0,neutral,0,0.2086181640625,"Pirates of the Caribbean /Th> /Th> /Tr> /Tr> Th colspan=""2""> Pirates of the Caribbean : On Stranger Tides /Th> /Tr> /T",0.0,0.0,0.0,entailment,1,0.4552166163921356
1598,who is sasha on dancing with the stars engaged to,Emma Slater,True,I don't know,0.0,0.0,0.0,neutral,0,0.12810486555099487,"The Hertzsprung is an American television sitcom that was originally broadcast on ABC from October 18, 1988, to May 20, 1997 with a revival season that premiered in 2018.",0.0,0.0,0.0,contradiction,0,0.07529039680957794
1606,when was the 22nd amendment proposed and ratified,"March 21, 1947",True,I don't know,0.0,0.0,0.0,neutral,0,0.012060670182108879,The Twelfth Amendment requires each elector to cast one vote for president and another vote for vice president.,0.0,0.0,0.0,neutral,0,0.005118010099977255
1608,who played little jack in meet the fockers,Spencer and Bradley Pickren,True,Italian national team before the first official match of the Italian national team played on 14 November 1990,0.0,0.0,0.0,neutral,0,0.1232585459947586,Italian national team before the first official match of the Sammarinese national team played on 14 November 1990 and players of Italian national team before the first official match of the Sammarinese national team played on 14 November 1990,0.0,0.04651162790697674,0.0,entailment,1,0.4889318645000458
1610,when did the pixel 2 xl come out,"October 19, 2017",True,I don't know,0.0,0.0,1.0,contradiction,0,0.2282315194606781,/Td> /Tr> /Tr> /Tr> /Tr> /Tr> /Tr> /Th> Codename /Th> Td> Ul>,0.0,0.0,1.0,contradiction,0,0.39274951815605164
1612,who beat the carolina panthers in the super bowl,New England Patriots,True,I don't know,0.0,0.0,1.0,neutral,0,0.28257569670677185,"The date of Super Bowl LIII is February 3, 2019.",0.0,0.0,1.0,neutral,0,0.03769548237323761
1616,when does iron and wines new album come out,August 2017,True,I don't know,0.0,0.0,0.0,neutral,0,0.07613589614629745,The Ancient Greeks and Romans were aware of the potential of aged wines.,0.0,0.0,0.0,entailment,1,0.9842516779899597
1621,the joy of life was painted in which style,early modernism,True,I don't know,0.0,0.0,0.0,neutral,0,0.013319686986505985,"They argued that the smell derives from an oil exuded by certain plants during dry periods, whereupon it is absorbed by clay - based soils and rocks.",0.0,0.0,0.0,neutral,0,0.029356608167290688
1625,camila cabello - crying in the club album,Camila,True,I don't know,0.0,0.0,1.0,contradiction,0,0.20913782715797424,/Th> /Tr> Tr> Tr> Th>  Crying in the Club '' /Th> /Tr> Tr> Th>  Crying in the Club ',0.0,0.0,1.0,contradiction,0,0.4166594445705414
1631,who wrote the kill by 30 seconds to mars,Jared Leto,True,I don't know,0.0,0.0,1.0,contradiction,0,0.1892722100019455,"Thirty Seconds to Mars /Li> /Li> /Tr> Td colspan=""2""> /Tr> Tr> Th colspan=""2""> Single by Thirty Seconds",0.0,0.0,1.0,entailment,1,0.49859750270843506
1641,who was the owner of the dodgers when jackie robinson played,Wesley Branch Rickey,True,I don't know,0.0,0.0,0.0,neutral,0,0.20120203495025635,a sex slave,0.0,0.0,0.0,neutral,0,0.2098556011915207
1643,who figured out a way to determine the type of blood,Karl Landsteiner,True,I don't know,0.0,0.0,1.0,neutral,0,0.04395574331283569,"The fourth type, AB, is the fourth type, AB.",0.0,0.0,1.0,entailment,1,0.8407641053199768
1645,to vote an election a person should be above the age of,18,True,I don't know,0.0,0.0,1.0,contradiction,0,0.08283063024282455,Flagpoles be lowered to make room for an invisible flag of death.,0.0,0.0,1.0,contradiction,0,0.023470407351851463
1654,the children's online privacy protection act (1998) is a law designed to protect consumers' right to,privacy,True,Data Protection Act 1998,0.0,0.0,1.0,neutral,0,0.1484885811805725,Data Protection Act 1998,0.0,0.0,1.0,neutral,0,0.1484885811805725
1655,1 million dollar winner on who wants to be a millionaire,John Carpenter,True,I don't know,0.0,0.0,0.0,neutral,0,0.2699483335018158,"Who Wants to Be a Millionaire? /Th> /Tr> Th colspan=""2""> Who Wants to Be a Millionaire /Th> /Tr> Td colspan=""2""> ",0.0,0.0,0.0,entailment,1,0.7006258964538574
1657,where is wall drug located in south dakota,in the town of Wall,True,Ancient Greece and Ancient Rome,0.0,0.0,1.0,neutral,0,0.12041425704956055,Ancient Greece and Ancient Rome.,0.0,0.0,1.0,neutral,0,0.06519152224063873
1662,which is the nearest star to earth after sun,Proxima Centauri,True,I don't know,0.0,0.0,0.0,neutral,0,0.10327868163585663,The Tropic of the Sun,0.0,0.0,0.0,neutral,0,0.18795889616012573
1663,when is season 6 of voltron coming out,"June 15, 2018",True,I don't know,0.0,0.0,0.0,contradiction,0,0.19053217768669128,The original language of the song Voltron : Legendary Defender is English.,0.0,0.0,0.0,neutral,0,0.13329249620437622
1664,when is ariana grande's album sweetener coming out,"August 17, 2018",True,I don't know,0.0,0.0,1.0,contradiction,0,0.08027003705501556,The album is a studio album by Ariana Grande.,0.0,0.0,1.0,entailment,1,0.9716323018074036
1665,when does the 2018 19 nba schedule come out,"August 10, 2018",True,I don't know,0.0,0.0,0.0,neutral,0,0.1558258980512619,Kobe Bryan was the first NBA player to sign a contract worth over thirty million dollars in a season.,0.0,0.0,0.0,neutral,0,0.028263472020626068
1666,what is the hierarchy in the roman catholic church,"bishops, priests, and deacons",True,I don't know,0.0,0.0,0.0,neutral,0,0.020315738394856453,Augustine.,0.0,0.0,0.0,entailment,1,0.8070709109306335
1668,when is the new barbie movie coming out,"May 8, 2020",True,Christmas,0.0,0.0,0.0,neutral,0,0.15343834459781647,Christmas.,0.0,0.0,0.0,neutral,0,0.13731177151203156
1674,how many new zealand soldiers died in ww1,"16,697",True,New Zealanders,0.0,0.0,1.0,neutral,0,0.3827947974205017,New Zealand.,0.0,0.0,1.0,neutral,0,0.28991037607192993
1675,how many secondary schools are there in wales,205,True,Christmas Day and Christmas Day,0.0,0.0,0.0,contradiction,0,0.08558339625597,Wales.,0.0,0.0,0.0,neutral,0,0.15744426846504211
1676,where is the oval office in the white house,at the West Wing's southeast corner,True,I don't know,0.0,0.0,0.0,neutral,0,0.10614864528179169,The line of succession is set by the United States Constitution and the Presidential Succession Act of 1947 as subsequently amended to include newly created cabinet offices.,0.0,0.06060606060606061,0.0,neutral,0,0.03380214795470238
1682,who was the queen of britain during ww1,George V,True,New Zealand,0.0,0.0,0.0,contradiction,0,0.05367202311754227,New Zealand,0.0,0.0,0.0,contradiction,0,0.05367202311754227
1685,who is the minister of karnataka in 2018,H. D. Kumaraswamy,True,I don't know,0.0,0.0,0.0,neutral,0,0.07341612875461578,The state bird and state animal of Karnataka are Indian roller and the Indian elephant respectively.,0.0,0.0,0.0,entailment,1,0.9854066371917725
1692,who wrote beauty is truth truth is beauty,Keats,True,I don't know,0.0,0.0,0.0,neutral,0,0.3335387706756592,The ballets by Pyotr Ilyich Tchaikovsky,0.0,0.0,0.0,contradiction,0,0.1360200047492981
1694,who is the speaker of the house in the house of representatives,Congressman Paul Ryan from Wisconsin,True,Parliament,0.0,0.0,0.0,neutral,0,0.15584924817085266,The Speaker is the Speaker of the Parliament.,0.0,0.0,0.0,contradiction,0,0.11052872985601425
1696,who wrote the song can't you see,Toy Caldwell,True,I don't know,0.0,0.0,1.0,neutral,0,0.24388334155082703,"Anything You Can Do '' is a song composed by Irving Berlin for the 1946 Broadway musical, Annie Get Your Gun.",0.0,0.0,1.0,neutral,0,0.36113405227661133
1697,who plays grace in grace stirs up success,Olivia Rodrigo,True,I don't know,0.0,0.0,1.0,neutral,0,0.1803911328315735,"An American Girl : Grace Stirs Up Success /Th> /Th> /Th> /Th> Td colspan=""2""> Cover art for the film. /Th> /Th> /Th> Direct",0.0,0.0,1.0,entailment,1,0.43406251072883606
1703,what is the biggest convention center in the us,McCormick Place,True,I don't know,0.0,0.0,0.0,neutral,0,0.2196202427148819,"The most contentious disputes revolved around composition and election of the Senate, how  proportional representation '' was to be defined ( whether to include slaves or other property ), whether to divide the executive power between three persons or invest the power into a single president, how to",0.0,0.0,0.0,neutral,0,0.0023154723457992077
1705,harry potter the name that cannot be said,Voldemort,True,I don't know,0.0,0.0,1.0,contradiction,0,0.1687239408493042,"Lord Voldemort /Th> /Th> /Tr> Tr> Td colspan=""2""> Lord Voldemort /Th> /Tr> Tr> Td cols",0.0,0.125,1.0,contradiction,0,0.15837623178958893
1706,what area of san diego is sdsu in,The College Area,True,"San Diego /Th> /Th> /Tr> Tr> Td colspan=""2""> College Area /Th> /Tr> /Tr> Tr> Td cols",0.0,0.21052631578947367,0.0,entailment,1,0.5394960045814514,The church façade of Mission San Diego de Alcalá is located within San Diego.,0.0,0.11764705882352941,0.0,neutral,0,0.1840655505657196
1709,what mlb team has the most perfect games,Dodgers,True,I don't know,0.0,0.0,0.0,contradiction,0,0.09246939420700073,"Ohio State has played their home games at Ohio Stadium in Columbus, Ohio since 1922.",0.0,0.0,0.0,neutral,0,0.04164940118789673
1712,when was the last time jacksonville jaguars went to superbowl,2017,True,I don't know,0.0,0.0,1.0,neutral,0,0.08437284082174301,The six String Quartets are composed by Joseph Haydn.,0.0,0.0,1.0,neutral,0,0.28963640332221985
1717,what is the boy's name in paw patrol,Ryder,True,I don't know,0.0,0.0,0.0,contradiction,0,0.19465672969818115,Theme music composer /Th> Td> Ul> Li> Michael Smidi Smith /Th> Li> Scott Krippayne /Th> ,0.0,0.0,0.0,contradiction,0,0.17450064420700073
1719,who was mission san juan capistrano named after,Saint John the Baptist,True,San Juan Bautista,0.0,0.0,1.0,entailment,1,0.7720060348510742,The name of the church was founded by Father Nick Senf.,0.0,0.13333333333333333,1.0,neutral,0,0.1056317463517189
1724,who wrote the poem a host of golden daffodils,William Wordsworth,True,I don't know,0.0,0.0,0.0,neutral,0,0.18783587217330933,Poems : Series 1,0.0,0.0,0.0,entailment,1,0.7668901681900024
1725,who starred in one flew over the cuckoos nest,Jack Nicholson,True,I don't know,0.0,0.0,1.0,contradiction,0,0.15291164815425873,"One Flew Over the Cuckoo's Nest was produced by /Th> Td> Milo Forman /Td> /Tr> Tr> Td colspan=""2""> One Flew",0.0,0.0,1.0,entailment,1,0.5449197292327881
1728,who plays my old kentucky home at the derby,the University of Louisville Marching Band,True,I don't know,0.0,0.0,0.0,neutral,0,0.19048535823822021,"My Old Kentucky Home /Th> /Th> /Tr> Tr> Td colspan=""2""> Sheet music, 10th edition, 1892 (? ) /Td> /Tr>",0.0,0.0,0.0,entailment,1,0.41368186473846436
1731,who wrote if a picture paints a thousand words,David Gates,True,I don't know,0.0,0.0,0.0,neutral,0,0.1217229962348938,The Gadsden flag is a historical American flag with a yellow field depicting a rattlesnake coiled and ready to strike.,0.0,0.0,0.0,neutral,0,0.08406747132539749
1732,how many cigarettes in a pack in the us,at least 20,True,I don't know,0.0,0.0,0.0,neutral,0,0.006865459494292736,United States military personnel,0.0,0.0,0.0,neutral,0,0.0070655164308846
1741,when did the song rubberband man come out,August 1976,True,I don't know,0.0,0.0,1.0,neutral,0,0.27026718854904175,"The Spinners /Th> /Th> /Th> /Tr> Th colspan=""2""> /Tr> /Tr> /Tr> Th colspan=""2""> Single",0.0,0.0,1.0,entailment,1,0.7752130627632141
1742,how many times have spain won world cup,one,True,I don't know,0.0,0.0,1.0,contradiction,0,0.12821687757968903,The Netherlands and Chile are the runners-up.,0.0,0.0,1.0,neutral,0,0.00544714042916894
1744,the federal depository insurance corporation (fdic) has the power to close a bank when,When the bank becomes critically undercapitalized,True,I don't know,0.0,0.0,0.0,contradiction,0,0.2415660172700882,/Tr> /Tr> /Tr> /Tr> /Tr> /Tr> /Tr> /Tr> /Tr> /Tr> /T,0.0,0.0,0.0,contradiction,0,0.3591731786727905
1747,where do they film still open all hours,MediaCityUK in Salford,True,I don't know,0.0,0.0,0.0,contradiction,0,0.14905469119548798,"The opening titles of the film are: /Th> /Tr> /Tr> Tr> Td colspan=""2""> Still Open All Hours /Th> /Tr> Tr> ",0.0,0.0,0.0,entailment,1,0.7602521181106567
1749,when did we become the united states of america,1776,True,U.S. government and most of Latin America were limited prior to the late 1800s,0.0,0.0,0.0,neutral,0,0.14960774779319763,"The land west of the Appalachian Mountains, north of the Ohio River and east of the Mississippi River was to be divided into ten separate states.",0.0,0.0,0.0,neutral,0,0.012835021130740643
1751,who was the leader of the bolsheviks when they overthrew the russian monarchy,Vladimir Lenin,True,I don't know,0.0,0.0,0.0,contradiction,0,0.06593239307403564,The first Prime Minister of India was Jawaharlal Nehru.,0.0,0.0,0.0,contradiction,0,0.20965902507305145
1752,when did the song 99 problems come out,"April 27, 2004",True,I don't know,0.0,0.0,1.0,contradiction,0,0.21504424512386322,"The single was released on April 27, 2004.",0.0,0.5454545454545454,1.0,neutral,0,0.01588640734553337
1753,where is shooting of yeh rishta kya kehlata hai,Mumbai,True,I don't know,0.0,0.0,1.0,contradiction,0,0.1949402391910553,"The opening theme of the film is ""Yeh Rishta Kya Kehlata Hai"" by Alka Yagnik.",0.0,0.0,1.0,neutral,0,0.06042936071753502
1754,who served as president of the united states from 1901 to 1909,Theodore Roosevelt Jr.,True,I don't know,0.0,0.0,0.0,neutral,0,0.01065567135810852,"The United States military seniority is the method by which the United States Armed Forces determine precedence among commissioned officers, in particular those",0.0,0.0,0.0,neutral,0,0.09854034334421158
1755,who played harmonica on the wizard black sabbath,Ozzy Osbourne,True,I don't know,0.0,0.0,1.0,contradiction,0,0.25320157408714294,"Black Sabbath /Th> /Tr> /Tr> Th colspan=""2"">  The Wizard '' /Th> /Tr> /Tr> Th colspan=""2""",0.0,0.0,1.0,entailment,1,0.6538665294647217
1756,my life as a teenage robot series finale,Turncoats,True,I don't know,0.0,0.0,0.0,neutral,0,0.2881326675415039,"It's My Life /Th> /Th> /Tr> P> Over the course of its broadcast, Breaking Bad aired 62 episodes over five seasons.",0.0,0.0,0.0,neutral,0,0.0389368012547493
1761,where is catholic university of east africa located,Nairobi Kenya,True,thylakoid membrane of the chloroplast,0.0,0.0,0.0,neutral,0,0.17180615663528442,thylakoid membrane of the chloroplast in photosynthetic eukaryotes.,0.0,0.0,0.0,neutral,0,0.23167748749256134
1763,when did the kings of comedy come out,2000,True,He never conquered Mercia,0.0,0.0,1.0,contradiction,0,0.017472008243203163,He was a king of Mercia.,0.0,0.0,1.0,neutral,0,0.04532685503363609
1768,when was the first issue of vogue published,1892,True,I don't know,0.0,0.0,1.0,contradiction,0,0.3261282742023468,The picture of Dorian Gray was first published in the July 1890 issue of  Lippincott's Monthly Magazine ''.,0.0,0.0,1.0,entailment,1,0.9172604084014893
1770,where is the united kingdom located on the world map,off the north-western coast of the European mainland,True,I don't know,0.0,0.0,0.0,contradiction,0,0.09969104826450348,"The headwaters of the Cedar River are located in Dodge County, Minnesota, consisting of a west fork and middle fork approximately three miles northeast of the town of Blooming Prairie, and an east fork approximately one mile south of the town of Hayfield.",0.0,0.1176470588235294,0.0,entailment,1,0.7589749097824097
1773,when is bring your daughter to work day,the fourth Thursday in April every year,True,I don't know,0.0,0.0,1.0,neutral,0,0.04271426051855087,The modern Santa Claus is a legendary figure of Western Christian culture who is said to bring gifts to the homes of well - behaved (  good '' or  nice '' ) children on Christmas Eve ( 24 December ) and the early morning hours of Christmas Day ( 25 December,0.0,0.04,1.0,neutral,0,0.15355317294597626
1774,who were the two scientists who proposed the theory of seafloor spreading in the early 1960s,Harry Hess,True,television was the only viable system.,0.0,0.0,0.0,contradiction,0,0.008534098975360394,television was a major industry in the United States.,0.0,0.0,0.0,neutral,0,0.06574121862649918
1779,what was number one on 21st march 1999,"""Believe""",True,Tiffany,0.0,0.0,0.0,neutral,0,0.005845332983881235,She is the author of the book.,0.0,0.0,0.0,neutral,0,0.12015973031520844
1781,queen of the south season 3 episode 12 air date,"September 6, 2018",True,I don't know,0.0,0.0,0.0,contradiction,0,0.21861834824085236,/Th> /Tr> Tr> Tr> Tr> Th> Episode no. /Th> Td> Td> Season 12 Episode 11 /Td> /Tr,0.0,0.0,0.0,entailment,1,0.4498446583747864
1785,where's washington dc located on a map,"bordered by Montgomery County, Maryland, to the northwest; Prince George's County, Maryland, to the east; and Arlington and Alexandria, Virginia, to the south and west",True,I don't know,0.0,0.0,0.0,neutral,0,0.07243640720844269,"The Oval Office is the working office space of the President of the United States located in the West Wing of the White House, Washington, D.C..",0.0,0.1568627450980392,0.0,entailment,1,0.9341044425964355
1793,who got second place on the world cup,Croatia,True,I don't know,0.0,0.0,0.0,contradiction,0,0.03329471871256828,"The 2018 FIFA World Cup was the second and final stage of the competition, following the group stage.",0.0,0.0,0.0,contradiction,0,0.15039104223251343
1794,what percentage of the uk population say they have no religion,26.1,True,I don't know,0.0,0.0,0.0,neutral,0,0.07853253930807114,The list includes artists who have charted on official albums or singles charts.,0.0,0.0,0.0,neutral,0,0.11477840691804886
1801,when did the tax free savings account start in canada,"January 1, 2009",True,I don't know,0.0,0.0,0.0,contradiction,0,0.1134047657251358,"The tax benefits of a TFSA are not taxed in most cases, even when withdrawn.",0.0,0.0,0.0,entailment,1,0.9866762757301331
1802,who get the flag at a military funeral,the next of kin,True,Gadsden,0.0,0.0,0.0,neutral,0,0.05368214473128319,Gadsden.,0.0,0.0,0.0,neutral,0,0.04714297875761986
1803,who was indian president when first nuclear test were conduct,Dr. Abdul Kalam,True,Constitution,0.0,0.0,0.0,entailment,1,0.7203084230422974,Constitution.,0.0,0.0,0.0,entailment,1,0.50388103723526
1804,when did great britain win the davis cup,2015,True,I don't know,0.0,0.0,0.0,neutral,0,0.006514921318739653,"The monarchs of the United Kingdom of Great Britain and Northern Ireland ( 1707 -- 1801 ), the United Kingdom of Great Britain and Ireland ( 1801 -- 1801 ), the Kingdom of Great Britain and Ireland ( 1707 -- 1801 ), the Kingdom of Great Britain and",0.0,0.0,0.0,contradiction,0,0.04674107953906059
1805,a quorum for a decision in the supreme court is,six,True,a warrant,0.0,0.0,1.0,contradiction,0,0.06176897883415222,a reasonable belief that the person is armed,0.0,0.0,1.0,contradiction,0,0.09336373209953308
1818,where are receptors for water soluble hormones located,on the plasma membrane,True,Mississippi River,0.0,0.0,0.0,contradiction,0,0.032366689294576645,Iowa River.,0.0,0.0,0.0,contradiction,0,0.03354237601161003
1819,what are the different kinds of mike's hard lemonade,lemonade,True,1914,0.0,0.0,1.0,neutral,0,0.19599726796150208,1914–1918,0.0,0.0,1.0,contradiction,0,0.09518489241600037
1820,what percentage of blood is composed of plasma,55%,True,I don't know,0.0,0.0,0.0,contradiction,0,0.059153955429792404,"The sentence "" income elasticity of demand"" refers to the responsiveness of the quantity demanded for a good or service to a change.",0.0,0.0,0.0,entailment,1,0.492483526468277
1822,who was the winner of season 1 skin wars,Natalie Fletcher,True,Billy Dee Williams,0.0,0.0,0.0,neutral,0,0.20596785843372345,Billy Dee Williams of season eighteen quit due to stress fractures in both of his feet.,0.0,0.0,0.0,neutral,0,0.08001677691936493
1826,where was the movie lady in white filmed,"Wayne County, New York",True,I don't know,0.0,0.0,0.0,contradiction,0,0.051036953926086426,"The series began on the NBC network on September 11, 1974, and ended on May 10, 1982.",0.0,0.0,0.0,neutral,0,0.00256218365393579
1827,when was steph curry drafted in the nba,2009,True,President,0.0,0.0,0.0,neutral,0,0.3073793053627014,"The sentence ""The highest - paid NBA player per year in seven of the past twelve NBA seasons have received contracts with salaries noted in the twenty - million - dollar range."" means that the highest - paid NBA player per year in seven of the past twelve NBA seasons has received contracts with salaries noted in",0.0,0.0,0.0,entailment,1,0.942031741142273
1832,the first public playhouse ( the theatre ) is built in london,1576,True,I don't know,0.0,0.0,1.0,neutral,0,0.0642436295747757,The area in the  suburbs of sin '' was notorious for licentious behaviour.,0.0,0.0,1.0,neutral,0,0.03421495109796524
1838,who is the current chief minister of kerala,Pinarayi Vijayan,True,I don't know,0.0,0.0,1.0,contradiction,0,0.04210681840777397,parliamentary system,0.0,0.0,1.0,contradiction,0,0.0659034475684166
1841,who played entwistle in last of the summer wine,"Herbert Tsangtse ""Burt"" Kwouk",True,I don't know,0.0,0.0,0.0,neutral,0,0.06713362038135529,good old vintages.,0.0,0.0,0.0,neutral,0,0.15868809819221497
1847,where does the last name shinn come from,Korea,True,I don't know,0.0,0.0,0.0,contradiction,0,0.14399245381355286,Jacob.,0.0,0.0,0.0,contradiction,0,0.1759401112794876
1850,when does the new season of legion come out,February 2018,True,Conference Finals,0.0,0.0,0.0,neutral,0,0.03217316046357155,Conference Finals record,0.0,0.0,0.0,neutral,0,0.024577273055911064
1853,game of thrones season 7 season 3 release date,"July 30, 2017",True,I don't know,0.0,0.0,0.0,neutral,0,0.2999700605869293,/Th> /Tr> Tr> Tr> Th> Tr> Th> Tr> Th> Tr> Th> Tr> Th> T,0.0,0.0,0.0,entailment,1,0.4952501356601715
1854,where did the king of france live before versailles,Tuileries Palace,True,I don't know,0.0,0.0,0.0,contradiction,0,0.1872703731060028,The Hedjaz /Li>,0.0,0.0,0.0,contradiction,0,0.17155499756336212
1856,who won season 11 of food network star,Eddie Jackson,True,I don't know,0.0,0.0,1.0,neutral,0,0.16724766790866852,"The episode with the highest number of episodes was aired on June 7, 2015 ( June 7, 2015 - August 16, 2015 ).",0.0,0.0,1.0,neutral,0,0.08704216778278351
1858,when is the last time the capitals made it to the stanley cup,2017–18,True,I don't know,0.0,0.0,0.0,contradiction,0,0.02883066236972809,The Spanish flu epidemic.,0.0,0.0,0.0,contradiction,0,0.028719721361994743
1864,who played the clown on american horror story,John Carroll Lynch,True,I don't know,0.0,0.0,0.0,neutral,0,0.04052861034870148,"The Philadelphia Eagles are a professional football team based in Philadelphia, Pennsylvania.",0.0,0.0,0.0,contradiction,0,0.02230977639555931
1867,who managed the estate when the lord was away,the steward,True,I don't know,0.0,0.0,0.0,neutral,0,0.03474216163158417,"First recorded in the 1860s, the proverb originated in Wales, and was particularly prevalent in Pembrokshire.",0.0,0.1111111111111111,0.0,neutral,0,0.12587419152259827
1868,how do you say great britain in french,Grande-Bretagne,True,I don't know,0.0,0.0,0.0,entailment,1,0.5819063186645508,The time.,0.0,0.0,0.0,entailment,1,0.7542213201522827
1870,when was the last time man u was in the champions league,2017–18,True,I don't know,0.0,0.0,0.0,contradiction,0,0.04562511295080185,The Stanley Cup is a trophy awarded annually to the playoff champion club of the National Hockey League ( NHL ) ice hockey league.,0.0,0.0,0.0,neutral,0,0.38578498363494873
1876,when did i can only imagine get released,2001,True,I don't know,0.0,0.0,1.0,contradiction,0,0.26015961170196533,"MercyMe /Th> /Th> /Tr> Td colspan=""2""> /Tr> /Tr> /Tr> Th colspan=""2""> Single by MercyMe ",0.0,0.0,1.0,entailment,1,0.5855696797370911
1879,who played the ice queen in once upon a time,Elizabeth Mitchell,True,NFL seasons,0.0,0.0,0.0,neutral,0,0.03582466021180153,NFL regular seasons.,0.0,0.0,0.0,neutral,0,0.03374752402305603
1881,where is dirty dancing supposed to take place,a resort in the Catskill Mountains,True,slow,0.0,0.0,0.0,neutral,0,0.3416602909564972,slow,0.0,0.0,0.0,neutral,0,0.3416602909564972
1884,who did the marlins beat in the 2003 world series,New York Yankees,True,I don't know,0.0,0.0,1.0,contradiction,0,0.13581301271915436,"The 2003 World Series /Th> /Th> /Tr> Tr> Td colspan=""2""> /Tr> /Tr> Td colspan=""2""> /Tr",0.0,0.0,1.0,entailment,1,0.9300133585929871
1890,david tennant's last episode of doctor who,The End of Time,True,I don't know,0.0,0.0,1.0,contradiction,0,0.2600296437740326,"The Doctor /Tr> /Tr> /Tr> Td colspan=""2""> The Tenth Doctor /Tr> /Tr> Td colspan=""2""> David Tennant ",0.0,0.1,1.0,entailment,1,0.545799195766449
1891,who is the actor that plays the hound,Rory McCann,True,I don't know,0.0,0.0,0.0,neutral,0,0.25095558166503906,The keystone species is analogous to the role of a keystone in an arch.,0.0,0.0,0.0,neutral,0,0.014094704762101173
1894,who wrote love so soft by kelly clarkson,Mozella,True,I don't know,0.0,0.0,1.0,neutral,0,0.282711923122406,"The album Meaning of Life was released on September 7, 2017.",0.0,0.0,1.0,entailment,1,0.9800578355789185
1895,who is the home minister of india 2013,Sushilkumar Shinde,True,I don't know,0.0,0.0,0.0,neutral,0,0.04827037453651428,The Prime Minister of India is the chief executive of the Government of India.,0.0,0.0,0.0,neutral,0,0.05017394199967384
1899,who survives the plane crash on grey's anatomy,Dr. Meredith Grey (Ellen Pompeo),True,I don't know,0.0,0.0,0.0,contradiction,0,0.23095132410526276,The thirteenth season of Grey's Anatomy /Td> /Tr> /Tr> Tr> Tr> Tr> Tr> Tr> Tr> Tr,0.0,0.0,0.0,entailment,1,0.8078404664993286
1900,where is the united states located on earth,38°00′00″N 97°00′00″W﻿ / ﻿38.000°N 97.000°W,True,I don't know,0.0,0.0,0.0,neutral,0,0.11139398068189621,"The headwaters of the Cedar River are located in Dodge County, Minnesota, consisting of a west fork and middle fork approximately three miles northeast of the town of Blooming Prairie, and an east fork approximately one mile south of the town of Hayfield.",0.0,0.0,0.0,entailment,1,0.6613463759422302
1913,who is the famous painter who painted shakunthala,Raja Ravi Varma.,True,survivors,0.0,0.0,0.0,neutral,0,0.3621184825897217,survivors.,0.0,0.0,0.0,neutral,0,0.3486677408218384
1916,the highest yield of rice per hectare in india is in which state,West Bengal,True,I don't know,0.0,0.0,0.0,neutral,0,0.11776583641767502,Biligiriranga Hills is a place.,0.0,0.0,0.0,neutral,0,0.4349850118160248
1917,who wrote have a little talk with jesus,Cleavant Derricks,True,I don't know,0.0,0.0,0.0,contradiction,0,0.07316451519727707,Haakun the Hunter is a hunter.,0.0,0.0,0.0,contradiction,0,0.16202907264232635
1918,who owns the pawn shop on pawn stars,Richard (Rick) Kevin Harrison,True,I don't know,0.0,0.0,0.0,contradiction,0,0.24790865182876587,The running time for the series is 522 episodes.,0.0,0.0,0.0,neutral,0,0.009125985205173492
1920,who wrote the song i'm coming home,Jermaine Cole,True,I don't know,0.0,0.0,1.0,neutral,0,0.10032736510038376,"The opening theme song for episodes 1 to 76 is  Chzetsu Dynamic! '' (   !, Chzetsu Dainamikku,  Excellent Dynamic! '' ) performed by",0.0,0.0,1.0,contradiction,0,0.042086195200681686
1922,who has won the mens single title in the australian open tennis tournament 2018,Roger Federer,True,I don't know,0.0,0.0,0.0,neutral,0,0.22462305426597595,was a team that won the NCAA Tournament.,0.0,0.0,0.0,neutral,0,0.06997478008270264
1924,when does episode 5 come out for game of thrones,"April 12, 2015",True,I don't know,0.0,0.0,0.0,neutral,0,0.2829139530658722,"The first season of the series was released on July 16 ( 2017 - 07 - 16 ) -- August 27, 2017 ( 2017 - 08 - 27 ) /Td> /Tr> /Tr> /Tr> /",0.0,0.0,0.0,contradiction,0,0.1479889154434204
1928,who sang best of my love by the eagles,Don Henley,True,I don't know,0.0,0.0,1.0,neutral,0,0.24145683646202087,"The Eagles released the single on November 5, 1974.",0.0,0.0,1.0,entailment,1,0.9860883355140686
1936,where is the baseball all-star game being played,"July 11, 2017",True,I don't know,0.0,0.0,0.0,contradiction,0,0.09954623878002167,"The first two perfect games were thrown in 1880, five days apart.",0.0,0.0,0.0,entailment,1,0.9847774505615234
1937,who plays second base for the boston red sox,Dustin Luis Pedroia,True,I don't know,0.0,0.0,0.0,contradiction,0,0.1551552265882492,"/Th> /Tr> Tr> Tr> Th colspan=""2""> Dustin Pedroia /Th> /Tr> /Tr> /Tr> /Tr",0.0,0.25,0.0,contradiction,0,0.23375990986824036
1943,when did the transcontinental railroad start being built,"January 8, 1863",True,I don't know,0.0,0.0,0.0,contradiction,0,0.03773561865091324,"The Interstate Commerce Act of 1887 is a United States federal law that was designed to regulate the railroad industry, particularly its monopolistic practices.",0.0,0.0,0.0,neutral,0,0.14525999128818512
1957,who plays the role of julian on instinct,Naveen Andrews,True,I don't know,0.0,0.0,0.0,neutral,0,0.012101993896067142,A keystone species.,0.0,0.0,0.0,entailment,1,0.6204103827476501
1960,when does dynasty come back for season 2,"October 12, 2018",True,I don't know,0.0,0.0,0.0,neutral,0,0.22688907384872437,"Come Back When You Grow Up /Th> /Th> /Tr> Th colspan=""2"">  Come Back When You Grow Up /Th> /Tr> Th colspan=""2""> Single by Bobby",0.0,0.0,0.0,entailment,1,0.6322571635246277
1972,who was prime minister when we joined europe,Edward Heath,True,I don't know,0.0,0.0,0.0,contradiction,0,0.13397927582263947,The Prime Minister of India is the chief executive of the Government of India.,0.0,0.0,0.0,neutral,0,0.2259453386068344
1973,who wrote turn me on by norah jones,John D. Loudermilk,True,I don't know,0.0,0.0,0.0,neutral,0,0.1807822436094284,The album A Picture of Me ( Without You ) /Th> /Th> /Tr> /Th> B - side /Th> Td>  Man Worth Loving You '' /Tr> ,0.0,0.0,0.0,entailment,1,0.44815269112586975
1974,who sings the song tequila makes my clothes fall off,Joe Nichols,True,I don't know,0.0,0.0,1.0,neutral,0,0.20018260180950165,"The single was released on August 1, 2005 /Th> /Th> /Tr> /Tr> Tr> Tr> Th colspan=""2""> from the album III /Th> /",0.0,0.0,1.0,entailment,1,0.7965161800384521
1975,when is the next dragonball movie coming out,January 2019 (January 2019) (U.S. theatrical),True,I don't know,0.0,0.0,0.0,neutral,0,0.16734831035137177,"The idiom is applicable not only when throwing out the baby with the bathwater, but also when someone might throw out the baby and keep the bathwater.",0.0,0.0,0.0,neutral,0,0.024113954976201057
1976,where did the day of the dead originate from,celebrations in Mexico developed from ancient traditions among its pre-Columbian cultures,True,I don't know,0.0,0.0,0.0,neutral,0,0.1832066774368286,Day of the Dead /Th> /Th> /Th> /Th> /Th> /Th> /Th> /Th> /Th> /Th> /Th> /Th>,0.0,0.0,0.0,entailment,1,0.4947267770767212
1977,what country has the most medals in olympic history,United States,True,340,0.0,0.0,1.0,neutral,0,0.25920042395591736,The number of different types of breakfast cereals in the U.S. has grown from 160 ( 1970 ) to 340 ( 1998 ) to 4.,0.0,0.0,1.0,contradiction,0,0.0903986468911171
1978,what do the aliens from toy story say,"You have saved our lives, we are eternally grateful,""",True,I don't know,0.0,0.0,0.0,contradiction,0,0.20989114046096802,"The single was released on January 9, 1995.",0.0,0.0,0.0,entailment,1,0.9604060649871826
1979,which country has the largest population in europe,Germany,True,Great Depression,0.0,0.0,0.0,contradiction,0,0.0947415754199028,Canada has been a sovereign nation since the 18th century.,0.0,0.0,0.0,neutral,0,0.06855420768260956
1983,who directed taylor swift out of the woods,Joseph Kahn,True,I don't know,0.0,0.0,0.0,neutral,0,0.19943766295909882,/Th> /Tr> /Tr> /Tr> /Tr> /Th> /Th> /Th> /Th> /Th> /Th> /Th>,0.0,0.0,0.0,contradiction,0,0.3879541754722595
1985,who plays tom buchanan in the great gatsby 2013,Joel Edgerton,True,I don't know,0.0,0.0,1.0,contradiction,0,0.2638317942619324,The Great Gatsby /Th> /Th> /Th> /Th> /Th> /Th> /Th> /Th> /Th> /Th> /Th> /,0.0,0.0,1.0,entailment,1,0.7036521434783936
1987,when does greys anatomy season 13 come on now tv,"September 22, 2016",True,I don't know,0.0,0.0,1.0,neutral,0,0.22809377312660217,"The thirteenth season of Grey's Anatomy /Th> /Th> /Tr> Tr> Tr> Td colspan=""2""> DVD cover art for the thirteenth season of Grey's Anatom",0.0,0.0,1.0,entailment,1,0.8396584987640381
1989,what type of paint are cars painted with,Enamel,True,I don't know,0.0,0.0,1.0,neutral,0,0.061591554433107376,The Declaration is a painting of the Declaration of Independence.,0.0,0.0,1.0,neutral,0,0.2539198696613312
1996,phase of the moon during a lunar eclipse,a lunar eclipse can occur only the night of a full moon,True,I don't know,0.0,0.0,0.0,contradiction,0,0.13076460361480713,Kevin Garnett was the highest paid NBA player by season over the past twelve seasons.,0.0,0.07407407407407407,0.0,neutral,0,0.203409805893898
2004,what transmission is in a 2003 jeep liberty,manual transmission,True,I don't know,0.0,0.0,0.0,neutral,0,0.019253043457865715,"The album Greatest Hits was released on September 29, 1980.",0.0,0.0,0.0,neutral,0,0.001406606286764145
2007,what family is rosaline from in romeo and juliet,Capulet,True,I don't know,0.0,0.0,1.0,contradiction,0,0.17265386879444122,Rosaline /Th> /Th> /Tr> /Tr> /Tr> /Tr> /Tr> /Tr> /Tr> /Tr> /T,0.0,0.0,1.0,contradiction,0,0.3068406581878662
2009,when does the next godzilla anime come out,November 2018,True,I don't know,0.0,0.0,0.0,neutral,0,0.22406744956970215,"The album Come Back When You Grow Up was released on June 9, 1967.",0.0,0.0,0.0,neutral,0,0.003886389546096325
2012,how many harry potter rides are at universal,four,True,I don't know,0.0,0.0,0.0,contradiction,0,0.08162394911050797,The Wizarding World of Harry Potter /Th> /Tr> /Tr> /Tr> /Tr> /Tr> /Tr> /Tr> /Tr> /T,0.0,0.0,0.0,contradiction,0,0.22934940457344055
2014,when did what happens in vegas stays in vegas start,2004,True,I don't know,0.0,0.0,0.0,contradiction,0,0.08107610046863556,"The Raiders were the third NFL franchise to relocate in the 2010s, following the Rams'move from St. Louis.",0.0,0.0,0.0,neutral,0,0.00546621810644865
2016,where did the shot heard around the world happen,at the Polo Grounds in New York City,True,I don't know,0.0,0.0,1.0,contradiction,0,0.2063252478837967,"The album Where Did Our Love Go was released on June 17, 1964.",0.0,0.09523809523809525,1.0,contradiction,0,0.022671597078442574
2018,where is area code 708 located in the usa,western and southern Cook County and eastern and southern Will County in the state of Illinois,True,I don't know,0.0,0.0,0.0,neutral,0,0.1650647073984146,The electron transport chain is located in the inner mitochondrial membrane where it serves as the transporter of electrons.,0.0,0.17142857142857143,0.0,neutral,0,0.2399657666683197
2019,who sings i'm trying to leave something behind,Sean Rowe,True,I don't know,0.0,0.0,0.0,neutral,0,0.02485639974474907,The album Who's Making Love... STS - 2005 /Th> /Th> /Tr> Tr> Tr> Tr> Tr> Tr> Tr> T,0.0,0.0,0.0,neutral,0,0.010023193433880806
2020,when did sendong enter the philippine area of responsibility,Early on December 15,True,I don't know,0.0,0.0,0.0,neutral,0,0.0531015582382679,"Internet in the Philippines first became available on March 29, 1994, with the Philippine Internet in the Philippines first became available on March 29, 1994,",0.0,0.06896551724137932,0.0,entailment,1,0.7333295345306396
2023,who played the godfather in the movie the godfather,Marlon Brando,True,I don't know,0.0,0.0,1.0,contradiction,0,0.2254195213317871,The Godfather /Th> /Th> /Th> /Th> /Th> /Th> /Th> /Th> /Th> /Th> /Th> /Th> ,0.0,0.0,1.0,entailment,1,0.6358217597007751
2028,when did the pepsi max open in blackpool,28 May 1994,True,I don't know,0.0,0.0,0.0,contradiction,0,0.2588500380516052,"The song was released on March 27, 2000 ( 2000 - 03 - 27 ) /Td> /Tr> Tr> Tr> Th> format /Th> Td> Ul> ",0.0,0.0,0.0,entailment,1,0.8735752105712891
2034,when has the eagles been to the super bowl,1960,True,Super Bowl,0.0,0.0,1.0,neutral,0,0.2946081757545471,The Cleveland Browns were a charter member club of the All - America Football Conference ( AAFC ) when the league was founded in 1946.,0.0,0.0,1.0,contradiction,0,0.019713910296559334
2036,composition of the inner core of the earth,iron–nickel alloy and some light elements,True,I don't know,0.0,0.0,0.0,neutral,0,0.04141974449157715,The Earth's inner core is composed of an iron -- nickel alloy and some light elements.,0.0,0.47619047619047616,0.0,entailment,1,0.9391539096832275
2037,who was nominated first woman for rajya sabha,Rukmini Devi Arundale,True,Parliament,0.0,0.0,0.0,neutral,0,0.030936269089579582,"The first was Jawaharlal Nehru of the Indian National Congress party, who was sworn - in on 15 August 1947, when India gained independence from the British",0.0,0.0,0.0,neutral,0,0.0022720161359757185
2039,which is the first news paper in malayalam,Rajyasamacharam,True,I don't know,0.0,0.0,1.0,contradiction,0,0.02541395090520382,Japanese manga series,0.0,0.0,1.0,neutral,0,0.0794450044631958
2041,who is the girl in the bon jovi it's my life video,Shiri Appleby,True,I don't know,0.0,0.0,0.0,contradiction,0,0.14651279151439667,Luke Ebbin /Th>,0.0,0.0,0.0,neutral,0,0.1700322926044464
2043,an animal that eat both plants and animals,Omnivore,True,I don't know,0.0,0.0,1.0,entailment,1,0.4908733367919922,Omnivores come from diverse backgrounds that often independently evolved sophisticated consumption capabilities.,0.0,0.0,1.0,entailment,1,0.9230449199676514
2044,who plays the little girl in christopher robin,Elsa Minell Solak,True,I don't know,0.0,0.0,0.0,neutral,0,0.03119189292192459,The Doll's version of the story was a pre-Perrault version of the story.,0.0,0.0,0.0,neutral,0,0.057632751762866974
2046,taarak mehta ka ooltah chashmah sonu original name,Jheel Mehta as Sonalika Aatmaram Bhide (Sonu),True,Asit Kumarr Modi,0.0,0.0,0.0,entailment,1,0.6851022839546204,Asit Kumarr Modi,0.0,0.0,0.0,entailment,1,0.6851022839546204
2049,who plays gwen stacy in into the spiderverse,Hailee Steinfeld,True,I don't know,0.0,0.0,0.0,contradiction,0,0.20660285651683807,Spider-Man.,0.0,0.0,0.0,entailment,1,0.5337460041046143
2051,when does kanye come on keeping up with the kardashians,season seven,True,I don't know,0.0,0.0,1.0,contradiction,0,0.2766931653022766,"The single was released on June 9, 1967.",0.0,0.0,1.0,entailment,1,0.9581124782562256
2055,what does mono no aware mean in japanese,the pathos of things,True,I don't know,0.0,0.0,1.0,neutral,0,0.05275227874517441,Britain could never regain control of France.,0.0,0.18181818181818182,1.0,neutral,0,0.008811162784695625
2056,who sings i always feel like someone is watching me,Rockwell,True,I don't know,0.0,0.0,1.0,neutral,0,0.26698482036590576,Rockwell /Th> /Th> /Th> /Th> /Th> /Th> /Th> /Th> /Th> /Th> /Th> /Th> ,0.0,0.14285714285714288,1.0,entailment,1,0.44734853506088257
2059,the blueprint of any database system is the,schema,True,the same language,0.0,0.0,1.0,entailment,1,0.6006259918212891,"The term database design can also be used to describe the overall process of designing, not just the base data structures, but also the forms and queries used as part of the overall database application within the database management system ( DBMS ).",0.0,0.0,1.0,neutral,0,0.03878249228000641
2060,where is the groundhog for groundhog's day located,Punxsutawney in western Pennsylvania,True,I don't know,0.0,0.0,0.0,contradiction,0,0.2268560379743576,"The headwaters of the Cedar River are located in Dodge County, Minnesota, consisting of a west fork and middle fork approximately three miles northeast of the town of Blooming Prairie, and an east fork approximately one mile south of the town of Hayfield.",0.0,0.0425531914893617,0.0,contradiction,0,0.30705881118774414
2066,what does the dc in washington dc stand for,District of Columbia,True,I don't know,0.0,0.0,0.0,contradiction,0,0.09636124968528748,The United States /Td> /Tr> /Tr> /Tr> /Tr> /Tr> /Tr> /Tr> /Tr> /Tr> ,0.0,0.0,0.0,neutral,0,0.03175638988614082
2067,what is the medical term for webbed toes,syndactyly,True,I don't know,0.0,0.0,0.0,neutral,0,0.10995195060968399,Vienna.,0.0,0.0,0.0,contradiction,0,0.05260667949914932
2070,who was president of the united states when katrina hit louisiana,President George W. Bush,True,I don't know,0.0,0.0,0.0,contradiction,0,0.04871942102909088,The Twelfth Amendment requires each elector to cast one vote for president and another vote for vice president.,0.0,0.0909090909090909,0.0,neutral,0,0.01499240193516016
2073,voice of peggy on king of the hill,Kathy Ann Najimy,True,Edward the Elder conquered the Danelaw,0.0,0.0,0.0,contradiction,0,0.03611474484205246,Edward the Elder.,0.0,0.0,0.0,contradiction,0,0.03652559593319893
2076,when did the chinese new year start 2018,15 Feb,True,I don't know,0.0,0.0,0.0,neutral,0,0.13810977339744568,The Chinese New Year is celebrated on the following days:,0.0,0.0,0.0,neutral,0,0.10067404061555862
2079,who has the power to create post offices,Congress,True,Senate,0.0,0.0,1.0,contradiction,0,0.055676598101854324,The line of succession is set by the United States Constitution and the Presidential Succession Act of 1947 as subsequently amended to include newly created cabinet offices.,0.0,0.0,1.0,neutral,0,0.06457695364952087
2083,when does the new season of major crimes start 2015,"June 8, 2015",True,I don't know,0.0,0.0,0.0,neutral,0,0.13736602663993835,"The use of poison gas performed by all major belligerents throughout World War I constituted war crimes as its use violated the 1899 Hague Declaration Concerning Asphyxiating Gases and the 1907 Hague Convention on Land Warfare, which prohibited the use of  poison or",0.0,0.0,0.0,neutral,0,0.04538881033658981
2085,how many seats do the democrats hold in the senate,46,True,I don't know,0.0,0.0,1.0,contradiction,0,0.1946588009595871,The Democratic Party /Th> /Th> /Th> /Th> /Th> /Th> /Th> /Th> /Th> /Th> /Th> /Th> ,0.0,0.0,1.0,entailment,1,0.60587477684021
2087,when does once upon a time season 7 episode 11 come on,"March 2, 2018",True,"Once Upon a Time ( season 7 ) /Th> /Th> /Tr> Tr> Td colspan=""2""> Promotional poster /Td> /Tr> Tr> ",0.0,0.0,0.0,entailment,1,0.48705410957336426,"Once Upon a Time ( season 7 ) /Th> /Tr> Tr> Td colspan=""2""> Promotional poster /Td> /Tr> Tr> Th> Starring",0.0,0.0,0.0,entailment,1,0.7654078006744385
2089,what were the original m and m colors,tan,True,I don't know,0.0,0.0,1.0,neutral,0,0.017517734318971634,"The first Blu - ray and DVD compilation was released in Japan on September 18, 2009.",0.0,0.0,1.0,neutral,0,0.03801402449607849
2090,who landed the first 900 on a skateboard,Tony Hawk,True,Sidney Rigdon had been Smith's First Counselor in the First Presidency,0.0,0.0,1.0,entailment,1,0.48380711674690247,The 900 is a 212 - revolution ( 900 degrees ) aerial spin performed on a skateboard ramp.,0.0,0.0,1.0,contradiction,0,0.25464582443237305
2093,why do the british wear a red flower,commemorate their servicemen and women killed in all conflicts,True,I don't know,0.0,0.0,0.0,contradiction,0,0.0745447650551796,"The remembrance poppy is an artificial flower that has been used since 1921 to commemorate military personnel who have died in war, and represents a common or field poppy, Papaver rhoeas.",0.0,0.15000000000000002,0.0,entailment,1,0.9700674414634705
2095,which team won most of the fifa world cup,Brazil,True,Brazil,1.0,1.0,1.0,entailment,1,0.4795481264591217,Brazil,1.0,1.0,1.0,entailment,1,0.4795481264591217
2098,who developed the great man theory of leadership,Scottish writer Thomas Carlyle,True,roster,0.0,0.0,1.0,neutral,0,0.009681631810963154,The 40 - man roster includes the players on the 25 - man roster plus as many as 15 players who are either on the team's seven - or 10 roster.,0.0,0.0,1.0,neutral,0,0.017281441017985344
2100,what is the function of the super vena cava,carries deoxygenated blood from the upper half of the body,True,I don't know,0.0,0.0,0.0,contradiction,0,0.20495374500751495,The aorta is open and the vena cava is closed.,0.0,0.20000000000000004,0.0,contradiction,0,0.15986719727516174
2102,who is doing the half time super bowl,Justin Timberlake,True,I don't know,0.0,0.0,1.0,contradiction,0,0.15802986919879913,The following is a complete list of American football players who have played for the Philadelphia Eagles of the National Football League ( NFL ).,0.0,0.0,1.0,entailment,1,0.9410216808319092
2105,when did gareth southgate first play for england,1995,True,I don't know,0.0,0.0,1.0,contradiction,0,0.19147124886512756,"Gareth Southgate /Tr> /Tr> /Tr> /Tr> /Tr> Th colspan=""3""> Gareth Southgate /Tr> /Tr> ",0.0,0.0,1.0,entailment,1,0.7428532838821411
2110,what is the elevation of klamath falls oregon,"4,099 ft (1,249.4 m)",True,I don't know,0.0,0.0,1.0,neutral,0,0.29797640442848206,"The coordinates for the location of Klamath Falls, Oregon are: 42 ° 13 ′ 24 '' N 121 ° 46 ′ 39 '' W / 42.22333 ° N 121.77750 ° W / 42.22333 ;",0.0,0.0,1.0,entailment,1,0.4774981439113617
2111,when did phantom of the opera take place,in the 1890s,True,I don't know,0.0,0.0,0.0,neutral,0,0.01599329151213169,"The tournament consists of two parts, the qualification phase and the final phase ( officially called the World Cup Finals ).",0.0,0.09090909090909091,0.0,neutral,0,0.0077302767895162106
2116,oriental bank of commerce is govt or private,public sector,True,I don't know,0.0,0.0,0.0,neutral,0,0.012745879590511322,Cash deposits from the bank.,0.0,0.0,0.0,entailment,1,0.7852585315704346
2117,who is kyles mom on y & r,Diane Jenkins (Maura West),True,I don't know,0.0,0.0,0.0,neutral,0,0.22204740345478058,The Hunter  Hunter manga and anime series features an extensive cast of characters created by Yoshihiro Togashi.,0.0,0.0,0.0,neutral,0,0.2950153946876526
2129,what are the names of the two rovers currently exploring mars,MER-A Spirit,True,I don't know,0.0,0.0,0.0,neutral,0,0.14411555230617523,The term short course is also often included in meet names when conducted in a short course pool.,0.0,0.0,0.0,neutral,0,0.022839639335870743
2137,who writes the script for big bang theory,Chuck Lorre,True,I don't know,0.0,0.0,1.0,contradiction,0,0.16481269896030426,The Big Bang Theory /Th> /Th> /Tr> Tr> Tr> Th> Episode no. /Th> Td> Season 5 Episode 13 /Td> /Tr>,0.0,0.0,1.0,entailment,1,0.6356690526008606
2138,who plays tom riddle in the half blood prince,Frank Stephenson Dillane,True,I don't know,0.0,0.0,0.0,contradiction,0,0.014099020510911942,The Dumping Ground,0.0,0.0,0.0,contradiction,0,0.06973833590745926
2140,is pure gold an element or a compound,chemical element,True,I don't know,0.0,0.0,1.0,neutral,0,0.14412054419517517,The mass number A is the same as the mass number A.,0.0,0.0,1.0,contradiction,0,0.06820996850728989
2143,the doctrine of lapse was causes of which rebellion,Indian Rebellion of 1857,True,I don't know,0.0,0.0,0.0,neutral,0,0.15408273041248322,The Old Testament verse of Psalms 51 :,0.0,0.18181818181818182,0.0,contradiction,0,0.23505838215351105
2144,original singer of get your kicks on route 66,Nat King Cole,True,I don't know,0.0,0.0,1.0,neutral,0,0.26852214336395264,King Cole,0.0,0.8,1.0,entailment,1,0.6695627570152283
2145,who played dumbledore in the goblet of fire,Michael Gambon,True,I don't know,0.0,0.0,1.0,contradiction,0,0.18906427919864655,"Michael Gambon ( adult, films 3 -- 8 ) Toby Regbo ( youth, film 7 ) Jude Law ( adult, Fantastic Beasts : The Crimes of Grindelwald ) /Td> /Tr> Tr>",0.0,0.16,1.0,contradiction,0,0.16343186795711517
2147,what agency was created to secure america from terrorist attacks,United States Department of Homeland Security (DHS),True,I don't know,0.0,0.0,0.0,neutral,0,0.1055111512541771,World War I casualties.,0.0,0.0,0.0,neutral,0,0.31225597858428955
2148,where in the bible is the story of ruth and naomi,The Book of Ruth,True,I don't know,0.0,0.0,0.0,neutral,0,0.027032524347305298,The Dumping Ground.,0.0,0.28571428571428575,0.0,neutral,0,0.024483440443873405
2149,what country gave united states the statue of liberty,France,True,I don't know,0.0,0.0,1.0,contradiction,0,0.21084852516651154,"The Statue of Liberty was a bronze statue of Liberty, which was erected in 1886 on Liberty Island, Manhattan, New York City, New York, U.S..",0.0,0.0,1.0,neutral,0,0.03619862720370293
2150,what part of the brain is memory affected by alcohol,hippocampus,True,category of processes that stabilize a memory trace after its initial acquisition,0.0,0.0,1.0,neutral,0,0.34330466389656067,By a process that stabilizes a memory trace after its initial acquisition.,0.0,0.0,1.0,neutral,0,0.28650131821632385
2152,who sang the song my heart will go on,Celine Dion,True,I don't know,0.0,0.0,1.0,contradiction,0,0.24918760359287262,"Celine Dion /Th> /Th> /Tr> Tr> Td colspan=""2"">  My Heart Will Go On '' /Th> /Th> /Tr> ",0.0,0.2222222222222222,1.0,entailment,1,0.5044178366661072
2153,relaying signals from the neuron to other cells is a function of the,thalamus,True,I don't know,0.0,0.0,0.0,neutral,0,0.04285598546266556,"The word xylem is derived from the Greek word  ( xylon ), meaning  wood ''.",0.0,0.0,0.0,neutral,0,0.011825375258922577
2156,where does black lightning tv show take place,Freeland,True,I don't know,0.0,0.0,0.0,contradiction,0,0.22232891619205475,"Th colspan=""2""> Black Lightning /Th> /Tr> Tr> Td colspan=""2""> /Tr> Tr> Th> Genre /Th> T",0.0,0.0,0.0,entailment,1,0.5162591338157654
2157,who killed peter on the tv show soap,Chester,True,I don't know,0.0,0.0,0.0,neutral,0,0.10238143056631088,"The following is a list of episodes from the Disney Channel Original Series Phineas and Ferb, which ran from August 17, 2007 to June 12, 2015.",0.0,0.0,0.0,neutral,0,0.1240193247795105
2161,where did our lady of mount carmel appear,England,True,I don't know,0.0,0.0,0.0,contradiction,0,0.1723078042268753,The single by The Supremes was released in 1226.,0.0,0.0,0.0,contradiction,0,0.04865732043981552
2162,when did that 70's show first air,"August 23, 1998",True,I don't know,0.0,0.0,0.0,neutral,0,0.17258049547672272,"The first air date /Th> November 12, 2008 /Td> /Tr> /Tr> Th> Format /Th> Soft AC / Love songs /Td> /Tr> /T",0.0,0.0,0.0,neutral,0,0.008337507955729961
2165,what is the significance of the nodes of ranvier,"uninsulated and highly enriched in ion channels, allowing them to participate in the exchange of ions required to regenerate the action potential",True,I don't know,0.0,0.0,0.0,contradiction,0,0.13320904970169067,The fifth verse of the fifth chapter of the Gospel of Matthew in the New Testament.,0.0,0.2105263157894737,0.0,contradiction,0,0.14331459999084473
2169,how many terms can a governor serve in oklahoma,two consecutive terms,True,I don't know,0.0,0.0,0.0,contradiction,0,0.13090094923973083,"Rectifiers have many uses, but are often found serving as components of DC power supplies and high - voltage direct current power transmission systems.",0.0,0.0,0.0,neutral,0,0.1636052131652832
2176,where did jason voorhees get the hockey mask,from a victim,True,I don't know,0.0,0.0,0.0,contradiction,0,0.18671177327632904,"The game was played at Camp Crystal Lake, Colorado.",0.0,0.0,0.0,neutral,0,0.005789437331259251
2177,who is the first miss world in india,Reita Faria Powell,True,I don't know,0.0,0.0,0.0,contradiction,0,0.13516539335250854,Miss Bombay 1966 ( Winner ) Eve's Weekly Miss India 1966 ( Winner ) Miss World 1966 ( Winner ) Best in Eveningwear /Td> /Tr> /Tr> /Tr> /Tr> ,0.0,0.0,0.0,contradiction,0,0.041505116969347
2178,where was the first ice hockey game played,"at the Victoria Skating Rink in Montreal, Quebec, Canada",True,I don't know,0.0,0.0,1.0,contradiction,0,0.07151340693235397,"The Capitals played at the Capital Centre from their inaugural season in 1974 to 1997, when they moved to the MCI Center, now known as the Capital One Arena,",0.0,0.15789473684210528,1.0,neutral,0,0.05559932067990303
2181,what channel is the love station on sirius,channel 70,True,I don't know,0.0,0.0,0.0,contradiction,0,0.1296783685684204,"The first air date /Th> November 12, 2008 /Td> /Tr> /Tr> Th> Format /Th> Soft AC / Love songs /Td> /Tr> Th>",0.0,0.0,0.0,entailment,1,0.8752032518386841
2188,who does liam neeson play in star wars 1,Qui-Gon Jinn,True,I don't know,0.0,0.0,0.0,contradiction,0,0.22642670571804047,The Phantom Menace /Td> /Tr> /Tr> /Tr> /Tr> /Tr> /Tr> /Tr> /Tr> /Tr>,0.0,0.0,0.0,entailment,1,0.5187510848045349
2192,when did the us leave japan after wwii,"April 28, 1952",True,I don't know,0.0,0.0,0.0,contradiction,0,0.01671912893652916,"The United States failed to gain any territory from British North America, contrary to many American politicians'hopes and expectations, but it did gain land from Spain.",0.0,0.0,0.0,neutral,0,0.006471691187471151
2194,what is the name for the smell of rain,Petrichor,True,I don't know,0.0,0.0,1.0,neutral,0,0.08263200521469116,"The term was coined in 1964 by two Australian CSIRO researchers, Isabel Joy Bear and Richard G. Thomas, for an article in the journal Nature.",0.0,0.0,1.0,entailment,1,0.9839246273040771
2195,who invented the greater than and less than sign,Thomas Harriot,True,I don't know,0.0,0.0,0.0,contradiction,0,0.03146561235189438,A heat island is a type of urban area or metropolitan area.,0.0,0.0,0.0,contradiction,0,0.2174389362335205
2205,who has scored the most goals for arsenal,Thierry Henry,True,I don't know,0.0,0.0,0.0,neutral,0,0.03713498264551163,Arsenal won the FIFA World Cup.,0.0,0.0,0.0,neutral,0,0.019393794238567352
2208,where did the name fruit of the loom come from,"Fruit of the Loom – an expression referring to clothes, paralleling the phrase ""fruit of the womb"" meaning ""children"", which can be traced back to use in the Bible (Psalm 127:3)",True,I don't know,0.0,0.0,0.0,neutral,0,0.12802739441394806,The Court did not rule on whether particular identification cards could be required.,0.0,0.09302325581395349,0.0,neutral,0,0.018887287005782127
2210,what was the deadliest tornado in the united states,the Tri-State Tornado,True,I don't know,0.0,0.0,1.0,contradiction,0,0.04478259012103081,"The deadliest tornado in world history was the Daulatpur -- Saturia tornado in Bangladesh on April 26, 1989, which killed approximately 1,300 people.",0.0,0.16,1.0,entailment,1,0.80828857421875
2215,who founded the first french colony in north america,Jacques Cartier,True,I don't know,0.0,0.0,0.0,neutral,0,0.008247972466051579,The influences of colonization by these states on North American cultures are still apparent today.,0.0,0.0,0.0,neutral,0,0.003828847547993064
2218,what are the types of alternative dispute resolution,negotiation,True,brown,0.0,0.0,0.0,neutral,0,0.24820780754089355,International System of Units ( SI ),0.0,0.0,0.0,neutral,0,0.1999581903219223
2219,who was the first draft pick in the 2018 nba,Deandre Ayton,True,I don't know,0.0,0.0,0.0,entailment,1,0.5336493253707886,The NBA's first salary cap was capped at $.,0.0,0.0,0.0,entailment,1,0.42045217752456665
2220,what is a box spring called in the uk,divan,True,I don't know,0.0,0.0,0.0,neutral,0,0.06046168506145477,Viennese waltz is the original form of the waltz.,0.0,0.0,0.0,neutral,0,0.04868161678314209
2224,where does publishers clearing house get their funding,merchandise,True,I don't know,0.0,0.0,0.0,contradiction,0,0.1378594934940338,a position to publish them,0.0,0.0,0.0,neutral,0,0.4304862916469574
2226,who plays louie in stuck in the middle,Nicolas Bechtel,True,I don't know,0.0,0.0,1.0,contradiction,0,0.03804171457886696,The Y -  transform can be considered a special case of the star - mesh transform for three resistors.,0.0,0.0,1.0,contradiction,0,0.050702404230833054
2228,which structure in the urinary system carries urine to the bladder,ureters,True,I don't know,0.0,0.0,1.0,contradiction,0,0.30813834071159363,The human urinary system is the human urinary system.,0.0,0.0,1.0,entailment,1,0.9547328948974609
2229,when was the spca established in south africa,1872,True,New Zealand off spinner,0.0,0.0,0.0,contradiction,0,0.04933681711554527,three other cricketers who have taken more than one Test hat - trick.,0.0,0.0,0.0,entailment,1,0.9515427947044373
2232,when did northern ireland become its own country,1921,True,I don't know,0.0,0.0,1.0,contradiction,0,0.18736833333969116,"Northern Ireland Tuaisceart Éireann ( Irish ) Norlin Airlann ( Ulster Scots ) /Th> /Tr> Tr> Td colspan=""2""> Northern Ireland Tuaisceart É",0.0,0.0,1.0,entailment,1,0.8154218792915344
2233,how many times has itay won the world cup,four,True,I don't know,0.0,0.0,1.0,contradiction,0,0.12821687757968903,goals have been scored.,0.0,0.0,1.0,neutral,0,0.2539359927177429
2235,who plays babita in taarak mehta ka ooltah chashmah,Munmun Dutta,True,Asit Kumarr Modi,0.0,0.0,0.0,entailment,1,0.6851022839546204,Asit Kumarr Modi,0.0,0.0,0.0,entailment,1,0.6851022839546204
2237,who is the minister of local government and housing,The Rt Hon. James Brokenshire,True,India,0.0,0.0,1.0,contradiction,0,0.24561448395252228,20 districts of the country.,0.0,0.20000000000000004,1.0,neutral,0,0.02751234546303749
2238,where did cypress hill get their name from,after a street in South Gate,True,I don't know,0.0,0.0,0.0,contradiction,0,0.1349509060382843,Cypress Hill /Th> /Th> /Th> /Th> /Th> /Th> /Th> /Th> /Th> /Th> /Th> /Th> ,0.0,0.0,0.0,entailment,1,0.5547327995300293
2239,who plays brittany on young and the restless,Vanessa Lee Evigan,True,I don't know,0.0,0.0,0.0,neutral,0,0.23075562715530396,The Young and the Restless character /Th> /Th> /Th> /Th> /Th> /Th> /Th> /Th> /Th> /Th> /Th> ,0.0,0.0,0.0,entailment,1,0.6704438328742981
2243,tremors a cold day in hell filming location,in the Cape Town area,True,I don't know,0.0,0.0,0.0,contradiction,0,0.1218671053647995,Tremors : A Cold Day in Hell /Th> /Th> /Th> /Th> /Th> /Th> /Th> /Th> /Th> /Th> /Th,0.0,0.0909090909090909,0.0,entailment,1,0.5334649085998535
2249,who wanted to create a railroad from cape town to cairo,Cecil Rhodes,True,I don't know,0.0,0.0,0.0,neutral,0,0.18934154510498047,The text is a list of hurricane research related to the Nile Delta.,0.0,0.0,0.0,neutral,0,0.10841717571020126
2250,when did half pennies stop being legal tender,December 1984,True,Tattoo,0.0,0.0,0.0,neutral,0,0.307049959897995,The legal drinking age is the age at which a person can legally consume or purchase alcoholic beverages.,0.0,0.0,0.0,entailment,1,0.7227727770805359
2254,when was the first weather satellite launched into space,"February 17, 1959",True,I don't know,0.0,0.0,0.0,neutral,0,0.07942727953195572,The first draw was held on Friday 13 February 2004 in Paris.,0.0,0.13333333333333333,0.0,neutral,0,0.014068534597754478
2255,what is the most popular music in cuba,Son,True,George Johnson is in place.,0.0,0.0,1.0,neutral,0,0.29938679933547974,George Johnson is in place.,0.0,0.0,1.0,neutral,0,0.29938679933547974
2257,how long is the ferry from bainbridge to seattle,8.6 miles,True,I don't know,0.0,0.0,1.0,neutral,0,0.22095873951911926,The ferry was a Jumbo Mark II - class ferry.,0.0,0.0,1.0,entailment,1,0.9484433531761169
2258,achievement of a cricketer out first ball for zero in both innings,a king pair,True,I don't know,0.0,0.0,0.0,contradiction,0,0.17695783078670502,The earliest known idiomatic use of the phrase is from 1907 in southern Indiana.,0.0,0.0,0.0,entailment,1,0.9849404692649841
2260,psych episode where shawn and juliet start dating,"""In Plain Fright"" (5.11)",True,I don't know,0.0,0.0,0.0,contradiction,0,0.1332799792289734,"Maggie Lawson /Tr> Tr> Td colspan=""2""> Juliet O'Hara /Tr> /Tr> Tr> Th> First appearance /Th> Td>",0.0,0.0,0.0,entailment,1,0.6561529040336609
2265,the galápagos islands are part of what country quizlet,the Republic of Ecuador,True,Florida,0.0,0.0,0.0,neutral,0,0.15663185715675354,Florida Panhandle.,0.0,0.0,0.0,neutral,0,0.14116954803466797
2267,when did dancing with the stars start this season,"September 24, 2018",True,NBA,0.0,0.0,0.0,neutral,0,0.3918265402317047,BAA.,0.0,0.0,0.0,neutral,0,0.14857935905456543
2270,who was the basketball player that died on the court,"Eric ""Hank"" Gathers",True,I don't know,0.0,0.0,0.0,neutral,0,0.11534585803747177,The Fourth Amendment to the United States Constitution prohibits unreasonable searches and seizures and requires any warrant to be judicially sanctioned and supported by probable cause.,0.0,0.0,0.0,neutral,0,0.16955316066741943
2271,when was the first satellite put in space,"October 4, 1957",True,I don't know,0.0,0.0,0.0,contradiction,0,0.023406153544783592,"The term  cold '' is used because there was no large - scale fighting directly between the two sides, but they each supported major regional wars known as proxy wars.",0.0,0.0,0.0,contradiction,0,0.005673513747751713
2272,how long is an inmate on death row,an average of 178 months (roughly 15 years) between sentencing and execution,True,I don't know,0.0,0.0,0.0,contradiction,0,0.12461019307374954,"The Black Death was one of the most devastating pandemics in human history, resulting in the deaths of an estimated 75 to 200 million people in Eurasia and peaking in Europe from 1346 to 1353.",0.0,0.1276595744680851,0.0,neutral,0,0.10444244742393494
2279,who played mini-me in the austin power movies,Verne Jay Troyer,True,I don't know,0.0,0.0,0.0,contradiction,0,0.04013609513640404,"/P> Ol> Li> have played at least one Serie A game for the respective club ( seasons in which and teams for, a player, did not collected any caps in Serie A, have NOT to be listed ).",0.0,0.0,0.0,contradiction,0,0.01578640565276146
2284,the pollution of love canal in new york was caused by ____,massive dumping of toxic waste,True,I don't know,0.0,0.0,0.0,neutral,0,0.22135977447032928,"Construction began /Th> on July 4, 1817 ( at Rome, New York )",0.0,0.0,0.0,neutral,0,0.014204527251422405
2285,who is responsible for founding the american financial system,the Bank of the United States,True,I don't know,0.0,0.0,0.0,neutral,0,0.19526483118534088,The Global AIDS Coordinator has the rank of ambassador - at - large and Assistant Secretary.,0.0,0.3,0.0,neutral,0,0.030234768986701965
2286,who built the san diego de alcala mission,Spanish friar Junípero Serra,True,I don't know,0.0,0.0,0.0,entailment,1,0.42904627323150635,The name as founded /Th> La Misión San Diego de Alcalá /Td> /Tr> Tr> Th> English translation /Th> The Mission of Saint Didacus of Acalá /Td,0.0,0.0,0.0,neutral,0,0.2624664008617401
2288,who won the fifa under 17 world cup 2017,England,True,I don't know,0.0,0.0,1.0,neutral,0,0.23808543384075165,The Republic of Ireland have appeared in the finals of the FIFA World Cup on three occasions.,0.0,0.0,1.0,neutral,0,0.4087108075618744
2292,what is the hottest temperature ever recorded in utah,117 °F / 47 °C,True,enthalpy,0.0,0.0,0.0,neutral,0,0.2203873097896576,"The lowest temperature recorded at ground level on Earth is  89.2 ° C (  128.6 ° F ; 184.0 K ) at the Soviet Vostok Station in Antarctica on July 21, 1983 by ground measurements.",0.0,0.11764705882352941,0.0,contradiction,0,0.12240677326917648
2296,who sings the 4 song on sesame street,Feist,True,I don't know,0.0,0.0,0.0,contradiction,0,0.20716266334056854,The Cookie Jar Song is a sing along and game of children's music.,0.0,0.0,0.0,entailment,1,0.9579184651374817
2298,who is the highest goal scorer for real madrid,Cristiano Ronaldo,True,I don't know,0.0,0.0,0.0,neutral,0,0.018904175609350204,Nigerians are ranked.,0.0,0.0,0.0,entailment,1,0.6636354327201843
2299,what's the name of the little rascals dog,Pete the Pup,True,I don't know,0.0,0.0,0.0,neutral,0,0.19223161041736603,"The Florida Panhandle is an informal, unofficial term for the northwestern part of the U.S. state of Florida,",0.0,0.09523809523809525,0.0,entailment,1,0.5512964725494385
2307,when did nigeria launched its first satellite nigeriasat-1,27 September 2003,True,Wessex,0.0,0.0,0.0,entailment,1,0.7258720993995667,Wessex was the dominant Anglo - Saxon kingdom.,0.0,0.0,0.0,neutral,0,0.23284371197223663
2308,when did the medieval times start and finish,5th to the 15th century,True,I don't know,0.0,0.0,1.0,neutral,0,0.07577826082706451,"NASCAR, the closest margin of victory in NASCAR is 0.002 seconds.",0.0,0.12500000000000003,1.0,contradiction,0,0.04239711910486221
2315,where are the withers located on a horse,the ridge between the shoulder blades,True,thylakoid membrane of the chloroplast,0.0,0.1818181818181818,0.0,neutral,0,0.17180615663528442,thylakoid membrane of the chloroplast in photosynthetic eukaryotes.,0.0,0.14285714285714288,0.0,neutral,0,0.23167748749256134
2318,when were camels introduced into the middle east,not earlier than the last third of the 10th century [BC] and most probably during this time.,True,I don't know,0.0,0.0,0.0,contradiction,0,0.08675752580165863,"The Egyptians divided the day into two 12 - hour periods, and used large obelisks to track the movement of the sun.",0.0,0.21052631578947367,0.0,contradiction,0,0.07345970720052719
2319,what are the hardware parts of the computer,"the physical parts or components of a computer, such as the central processing unit, monitor, keyboard, computer data storage, graphic card, sound card, speakers and motherboard",True,I don't know,0.0,0.0,1.0,contradiction,0,0.11966921389102936,"The fourth great river civilization emerged around 1700 BCE along the Yellow River in China, also known as the Huang - He River Civilization.",0.0,0.12244897959183673,1.0,contradiction,0,0.01951742358505726
2323,when did lean wit it rock wit it come out,"January 17, 2006",True,I don't know,0.0,0.0,1.0,contradiction,0,0.22343869507312775,"/Th> /Tr> /Tr> Tr> Tr> Tr> Th colspan=""2""> /Tr> /Tr> /Tr> Th col",0.0,0.0,1.0,contradiction,0,0.36677566170692444
2324,brightest star in the constellation lyra dan word,Vega,True,I don't know,0.0,0.0,1.0,contradiction,0,0.23274070024490356,The main stars are the main stars /Th> Td> 5 /Td> /Tr> Tr> Th> Bayer / Flamsteed stars /Th> Tr>,0.0,0.0,1.0,neutral,0,0.12378069758415222
2329,who did auburn lose to in football this year,Oklahoma,True,I don't know,0.0,0.0,0.0,neutral,0,0.04405369609594345,The 2017 Auburn Tigers football team is a football team that has been in the National Football League for at least three years.,0.0,0.0,0.0,neutral,0,0.07368047535419464
2333,who has the longest win streak in mma,Anderson Silva,True,I don't know,0.0,0.0,0.0,contradiction,0,0.17921456694602966,"Utah U vs BYU Tr> Td colspan=""2""> Tr> Tr> Tr> Tr> Tr> Tr> Tr> Tr>",0.0,0.0,0.0,contradiction,0,0.04289928451180458
2335,mercedes benz a class front or rear wheel drive,front wheel drive,True,I don't know,0.0,0.0,1.0,contradiction,0,0.12607306241989136,The Dodge Durango is a mid-size SUV.,0.0,0.0,1.0,neutral,0,0.04587020352482796
2336,who are the candidates running for governor of maine,Shawn Moody,True,I don't know,0.0,0.0,0.0,contradiction,0,0.046274494379758835,Andaman and Nicobar have a measure of self - government with an elected legislature and council of ministers.,0.0,0.0,0.0,neutral,0,0.17487625777721405
2337,who sings i can't fight this feeling,REO Speedwagon,True,I don't know,0.0,0.0,1.0,neutral,0,0.22611835598945618,"Reo Speedwagon /Th> /Th> /Tr> Td colspan=""2""> /Tr> /Tr> /Tr> Th colspan=""2""> Single by REO",0.0,0.23529411764705882,1.0,entailment,1,0.635319173336029
2341,what's the highest elevation in new mexico,Wheeler Peak,True,I don't know,0.0,0.0,1.0,contradiction,0,0.13724659383296967,The coordinates for the highest point are: 36 ° 33 ′ 25 '' N 105 ° 25 ′ 01 '' W / 36.556855136 ° N 105.416947028 ° W / 36.556855136 ; - 10,0.0,0.0,1.0,neutral,0,0.1594516634941101
2342,when did the vikings first reach the shores of britain,793,True,Spain,0.0,0.0,0.0,contradiction,0,0.09142641723155975,Roman Republic and Roman Empire.,0.0,0.0,0.0,neutral,0,0.1796894073486328
2345,what was the purpose of the works progress administration,employing millions of people (mostly unskilled men) to carry out public works projects,True,I don't know,0.0,0.0,0.0,neutral,0,0.014289113692939281,"The first constitutional convention of Kentucky was called by Colonel Benjamin Logan on December 27, 1784 in Danville, the capital of Kentucky County, Virginia. Over the next eight years, ten constitutional conventions were called, each making some progress toward a viable constitution.",0.0,0.03636363636363636,0.0,neutral,0,0.01141457911580801
2348,what is made up of charged particles that continually escape from the corona,solar wind,True,I don't know,0.0,0.0,1.0,contradiction,0,0.07487703859806061,increase the required instantaneous velocity to escape the gravitational influence.,0.0,0.0,1.0,neutral,0,0.4582667052745819
2349,who is the winner of supper dancer 2018,Bishal Sharma,True,Seven Deadly Sins,0.0,0.0,0.0,entailment,1,0.5041859149932861,Seven Deadly Sins '',0.0,0.0,0.0,neutral,0,0.19064518809318542
2350,advantages of drying as a method of food preservation,"inhibits the growth of bacteria, yeasts, and mold",True,I don't know,0.0,0.0,0.0,neutral,0,0.06776637583971024,The term  fast food '' was recognized in a dictionary by Merriam -- Webster in 1951.,0.0,0.09090909090909091,0.0,neutral,0,0.04374666139483452
2351,what uses the energy found within a proton gradient to drive the synthesis of atp,oxidative phosphorylation or photophosphorylation,True,I don't know,0.0,0.0,0.0,neutral,0,0.02290825918316841,Active transport requires cellular energy to achieve this movement.,0.0,0.0,0.0,neutral,0,0.3348393440246582
2355,who are the characters in green eggs and ham,Sam-I-am,True,Green Eggs and Ham,0.0,0.0,0.0,entailment,1,0.7666632533073425,"Green Eggs and Ham, Dr. Seuss wrote the book in English.",0.0,0.0,0.0,entailment,1,0.90656578540802
2358,which waterway connects the mediterranean sea with red sea,Suez Canal,True,I don't know,0.0,0.0,0.0,neutral,0,0.013021840713918209,The Nile Delta is located in Northern Egypt.,0.0,0.0,0.0,entailment,1,0.9834739565849304
2359,when did typhoon haiyan hit the philippines 2013,At 2040 UTC on November 7,True,I don't know,0.0,0.0,0.0,neutral,0,0.15272778272628784,"The first two pitchers to accomplish the feat did so in 1880, under rules that differed in many important respects from those of today's game : for example, only underhand pitching -- from a flat, marked - out box 45 feet from home plate --",0.0,0.0,0.0,entailment,1,0.9898404479026794
2361,who are the current justices of the u.s. supreme court,John Roberts,True,I don't know,0.0,0.0,1.0,contradiction,0,0.2897195518016815,The current members /Th> /Tr> Tr> Td> Dl> Dt> Chief Justice /Dt> Dd> John Roberts /Dd> Dt> Associate Justices,0.0,0.1904761904761905,1.0,entailment,1,0.8614016175270081
2363,how many seasons is there in the originals,5,True,I don't know,0.0,0.0,1.0,neutral,0,0.08417128026485443,"National consciousness is a shared sense of national identity ; that is, a shared understanding that a people group shares a common ethnic / linguistic / cultural background.",0.0,0.0,1.0,entailment,1,0.5502994060516357
2366,in the first century c.e. much of europe north africa and the middle east were under the rule of the,Roman Empire,True,I don't know,0.0,0.0,1.0,contradiction,0,0.08675752580165863,"The Age of Exploration and the voyages of Christopher Columbus ( starting 1492 ), Europeans began to arrive in the Americas",0.0,0.0,1.0,contradiction,0,0.08699364215135574
2369,when did the allies break out of normandy,25–31 July 1944,True,Mavericks,0.0,0.0,0.0,contradiction,0,0.19988134503364563,Mavericks were dreadful,0.0,0.0,0.0,neutral,0,0.1713946908712387
2376,when did pubg mobile come out in china,"February 9, 2018",True,I don't know,0.0,0.0,1.0,contradiction,0,0.18478259444236755,PlayerUnknown's Battlegrounds /Th> /Th> /Th> /Th> /Th> /Th> /Th> /Th> /Th> /Th> /Th>,0.0,0.0,1.0,entailment,1,0.6897200345993042
2377,is leeds in the north west or north east,north-northwest of London,True,I don't know,0.0,0.0,0.0,neutral,0,0.09464399516582489,The North Pole is a polar opposite of the Nile Delta.,0.0,0.14285714285714288,0.0,contradiction,0,0.1616581678390503
2379,when does frank become president in house of cards,Chapter 26,True,I don't know,0.0,0.0,0.0,contradiction,0,0.15836721658706665,"The title of the episode titled "" President of the United States /Td> /Tr> /Tr> /Tr> /Tr> /Tr> /Tr> /Tr> /",0.0,0.0,0.0,neutral,0,0.0064392550848424435
2382,what is the name of current indian president,Ram Nath Kovind,True,I don't know,0.0,0.0,0.0,neutral,0,0.1620149165391922,"The term ""the president of the Quorum of the Twelve"" is a term used in the context of the debate.",0.0,0.0,0.0,neutral,0,0.30077964067459106
2384,where is late night with stephen colbert filmed,Ed Sullivan Theater in New York City,True,I don't know,0.0,0.0,0.0,contradiction,0,0.280802845954895,Jon Batiste and Stay Human ( house band ),0.0,0.0,0.0,neutral,0,0.20157159864902496
2387,who plays han solo in the new star wars movie,Alden Ehrenreich,True,I don't know,0.0,0.0,0.0,contradiction,0,0.08984411507844925,The first appearance of Princess Leia in the 1977 Star Wars film was in 1977.,0.0,0.0,0.0,contradiction,0,0.290546178817749
2388,acids are ionic compounds that relate to which element,water,True,I don't know,0.0,0.0,1.0,neutral,0,0.046547550708055496,aging of wine is potentially able to improve the quality of wine.,0.0,0.0,1.0,neutral,0,0.11092616617679596
2390,when was the first gun law passed in the us,in 1813,True,I don't know,0.0,0.0,0.0,neutral,0,0.22555842995643616,The Bank Holidays Act 1871 was passed by Liberal politician and banker Sir John Lubbock.,0.0,0.0,0.0,entailment,1,0.9865119457244873
2393,when does call of duty blackops 4 come out,"October 12, 2018",True,I don't know,0.0,0.0,1.0,contradiction,0,0.2667202949523926,The following games are in the Call of Duty : Black Ops 4 series:,0.0,0.0,1.0,neutral,0,0.36294764280319214
2396,who is the author of al capone does my shirts,Gennifer Choldenko,True,American family,0.0,0.0,1.0,neutral,0,0.2652321457862854,American family.,0.0,0.0,1.0,neutral,0,0.2634941637516022
2397,what is the correct order of the chronicles of narnia movies,"The Lion, the Witch and the Wardrobe",True,I don't know,0.0,0.0,1.0,neutral,0,0.06947610527276993,"The United States presidential line of succession is the order in which persons may become or act as President of the United States if the incumbent President becomes incapacitated, dies, resigns, or is removed from office ( by impeachment by the House of Representatives and subsequent",0.0,0.15384615384615385,1.0,neutral,0,0.14934900403022766
2399,what do you call a pyramid with a triangular base,a tetrahedron,True,I don't know,0.0,0.0,0.0,neutral,0,0.23910945653915405,"The single was released on January 9, 1995.",0.0,0.0,0.0,entailment,1,0.9455500245094299
2404,who was the shrew in taming ofthe shrew,Katherina,True,English psychiatrist,0.0,0.0,0.0,neutral,0,0.05638614296913147,William Shakespeare.,0.0,0.0,0.0,entailment,1,0.6299060583114624
2405,when is opening day for the nba 2017,"October 17, 2017",True,I don't know,0.0,0.0,0.0,neutral,0,0.041416577994823456,Kobe Bryant,0.0,0.0,0.0,neutral,0,0.029630590230226517
2408,who won men's college basketball last year,North Carolina,True,I don't know,0.0,0.0,1.0,neutral,0,0.004630357027053833,Utah ) in 1944.,0.0,0.0,1.0,neutral,0,0.004482358694076538
2410,where does the show the office take place,"Scranton, Pennsylvania",True,I don't know,0.0,0.0,0.0,contradiction,0,0.026608692482113838,mail to or from the Pacific Coast.,0.0,0.0,0.0,contradiction,0,0.021424390375614166
2411,who is the current president commission of ecowas,Marcel Alain de Souza,True,I don't know,0.0,0.0,0.0,neutral,0,0.026529209688305855,President pro tempore of the Senate.,0.0,0.0,0.0,neutral,0,0.28066331148147583
2412,when did the united states leave the philippines,"July 4, 1946",True,Britain and France,0.0,0.0,0.0,neutral,0,0.31909000873565674,Britain.,0.0,0.0,0.0,neutral,0,0.10518709570169449
2417,who had cameo roles in mamma mia here we go again,Björn Ulvaeus,True,I don't know,0.0,0.0,0.0,contradiction,0,0.2998499572277069,Mamma Mia! Here We Go Again /Th> /Th> /Th> /Th> /Th> /Th> /Th> /Th> /Th> /Th> /,0.0,0.0,0.0,entailment,1,0.5822697877883911
2419,when was the last time someone lived in biltmore house,1956,True,I don't know,0.0,0.0,0.0,neutral,0,0.1569940149784088,"The sentence "" Throw out the baby with the bathwater "" means that the baby is not a baby and the bathwater is not a bathwater.",0.0,0.0,0.0,contradiction,0,0.03716735169291496
2423,when did the first tim hortons open in the usa,1981,True,I don't know,0.0,0.0,0.0,neutral,0,0.023779887706041336,The Court did not rule on whether particular identification cards could be required.,0.0,0.0,0.0,neutral,0,0.0034131789579987526
2425,what season did george die on grey's anatomy,fifth season,True,I don't know,0.0,0.0,0.0,contradiction,0,0.20460763573646545,The original network of Grey's Anatomy was ABC.,0.0,0.0,0.0,neutral,0,0.018667807802557945
2431,who views crime as a desire for success when the legitimate means to achieve it are limited,Robert K. Merton,True,I don't know,0.0,0.0,0.0,contradiction,0,0.09145909547805786,The fruit is edible.,0.0,0.0,0.0,contradiction,0,0.05011984705924988
2433,who said sun is the center of the solar system,Aristarchus of Samos,True,Earth,0.0,0.0,1.0,contradiction,0,0.1674083024263382,Earth.,0.0,0.0,1.0,contradiction,0,0.14080579578876495
2434,what are the fox and the hounds names,red fox named Tod,True,Old English,0.0,0.0,0.0,neutral,0,0.1436750739812851,Old English.,0.0,0.0,0.0,neutral,0,0.11839952319860458
2435,what is the weather like in the eye of a hurricane,mostly calm,True,I don't know,0.0,0.0,0.0,neutral,0,0.025864500552415848,"The cold front is at the leading edge of the temperature drop off, which in an isotherm analysis would show up as the leading edge of the isotherm gradient, and it normally lies within a sharp surface trough.",0.0,0.0,0.0,neutral,0,0.04255108907818794
2436,when does new season of blind spot start,"October 27, 2017",True,I don't know,0.0,0.0,0.0,neutral,0,0.15163831412792206,World War I event.,0.0,0.0,0.0,entailment,1,0.8351645469665527
2459,who appointed the current members of the supreme court,Donald Trump,True,I don't know,0.0,0.0,0.0,neutral,0,0.21414826810359955,"The current Chief of Naval Staff is Ibok Ekwe Ibas who was appointed on July 13, 2015 by President Muhammadu Buhari to succeeded Usman Oyibe Jibrin.",0.0,0.0,0.0,entailment,1,0.9859296679496765
2460,when does the diary of a wimpy kid the getaway come out,"November 7, 2017",True,string is thrown out,0.0,0.0,0.0,neutral,0,0.03133177012205124,is thrown out.,0.0,0.0,0.0,neutral,0,0.029187414795160294
2463,who has a grammy oscar tony and emmy,Richard Rodgers,True,I don't know,0.0,0.0,1.0,neutral,0,0.007178140338510275,been the subject of frequent parodies and references in popular culture.,0.0,0.0,1.0,neutral,0,0.0014736737357452512
2468,when does pam come back to the office,"in ""Jury Duty""",True,I don't know,0.0,0.0,0.0,neutral,0,0.2050878405570984,Here Today '' ( 1966 ) /Tr> Tr> Tr> Tr> Tr> Tr> Tr> Tr> Tr> Tr> Tr,0.0,0.0,0.0,contradiction,0,0.19039416313171387
2469,who plays mabel's voice on gravity falls,Kristen Joy Schaal,True,I don't know,0.0,0.0,0.0,contradiction,0,0.03060944192111492,"Irving wrote the story while living in Birmingham, England as part of the collection The Sketch Book of Geoffrey Crayon, Gent.",0.0,0.0,0.0,neutral,0,0.005215524695813656
2471,why there are 29 days in february in a leap year,"because a complete revolution around the Sun takes approximately 6 hours longer than 365 days (8,760 hours)",True,I don't know,0.0,0.0,0.0,contradiction,0,0.06937389075756073,The Pig (  ) is the twelfth and last sign of the Earthly Branches (  ).,0.0,0.06896551724137931,0.0,neutral,0,0.0930156260728836
2472,who was defeated in the battle of yorktown,British Army,True,British Empire,0.0,0.5,0.0,neutral,0,0.025607436895370483,British postal system.,0.0,0.4,0.0,neutral,0,0.03967076539993286
2475,when did countrywide merge with bank of america,2008,True,I don't know,0.0,0.0,0.0,contradiction,0,0.11214789748191833,Bank of America Home Loans /Tr> /Tr> /Tr> /Tr> /Tr> /Tr> /Tr> /Tr> /Tr> /T,0.0,0.0,0.0,entailment,1,0.6029840111732483
2477,what is meant by the phrase survival of the fittest,Survival of the form that will leave the most copies of itself in successive generations,True,I don't know,0.0,0.0,1.0,contradiction,0,0.09187943488359451,P> P> P> P> P> P> P> P> P> P> P> P> P> P> P> P>,0.0,0.0,1.0,contradiction,0,0.05558781698346138
2478,hawaii is in the center of the ring of fire and is caused by,plate tectonics,True,I don't know,0.0,0.0,1.0,neutral,0,0.15637238323688507,The Ring of Fire is a major area in the basin of the Pacific Ocean where a large number of earthquakes and volcanic eruptions occur.,0.0,0.0,1.0,entailment,1,0.7758272290229797
2479,when was the last time england went to a world cup final,1966,True,I don't know,0.0,0.0,0.0,entailment,1,0.5086140632629395,determine the winner.,0.0,0.0,0.0,entailment,1,0.5730366110801697
2481,who won season 9 of americas got talent,magician Mat Franco,True,I don't know,0.0,0.0,0.0,neutral,0,0.2102358043193817,The Sacred Riana /Th> /Th> /Th> /Th> /Th> /Th> /Th> /Th> /Th> /Th> /Th> /Th,0.0,0.0,0.0,entailment,1,0.5641564726829529
2483,where is ferris bueller's day off filmed,Chicago,True,I don't know,0.0,0.0,0.0,contradiction,0,0.16612756252288818,Theatrical release poster /Td> /Tr> /Tr> Tr> Th> Directed by /Th> Td> John Hughes /Td> /Tr> T,0.0,0.0,0.0,entailment,1,0.6525208950042725
2484,who banned all public meetings and procession in amritsar,Colonel Reginald Dyer,True,I don't know,0.0,0.0,0.0,contradiction,0,0.2764895260334015,"The target of the massacre was a crowd of nonviolent protesters, along with Baisakhi pilgrims, who had gathered in Jallianwala Bagh, Amritsar, British India.",0.0,0.0,0.0,neutral,0,0.00089502043556422
2487,what do candles symbolize in the catholic church,"the ""prayers the worshipper is offering for him or herself, or for other people.",True,I don't know,0.0,0.0,1.0,neutral,0,0.05228476598858833,al,0.0,0.0,1.0,neutral,0,0.060541361570358276
2494,what is the dog called in midsomer murders,Sykes,True,I don't know,0.0,0.0,0.0,neutral,0,0.04537484049797058,The word waltz is a slang term for a dance that is performed in a closed hold or  waltz '' position.,0.0,0.0,0.0,neutral,0,0.20468485355377197
2496,who does karen gillian play in the avengers,Nebula,True,defenders,0.0,0.0,0.0,neutral,0,0.21371284127235413,MLB bases,0.0,0.0,0.0,neutral,0,0.3857792913913727
2497,who did the cavs trade for kyle korver,Mike Dunleavy,True,I don't know,0.0,0.0,0.0,neutral,0,0.039174068719148636,meet to discuss the Middle Passage.,0.0,0.0,0.0,neutral,0,0.16132593154907227
2498,first african-american female actress who won the emmy awards,Gail Fisher,True,I don't know,0.0,0.0,0.0,neutral,0,0.03164703771471977,/Li>,0.0,0.0,0.0,neutral,0,0.026400966569781303
2503,who plays dwight's brother on the office,Thomas Middleditch,True,I don't know,0.0,0.0,0.0,contradiction,0,0.041705403476953506,The Theatre,0.0,0.0,0.0,entailment,1,0.3956010043621063
2506,which is the longest running train in india,"One of the Vivek Express trains, the one from Dibrugarh to Kanyakumari",True,I don't know,0.0,0.0,1.0,neutral,0,0.1351904273033142,"June 12, 2015.",0.0,0.0,1.0,neutral,0,0.08331618458032608
2515,when did the new york mets became a team,1962,True,I don't know,0.0,0.0,1.0,contradiction,0,0.18100959062576294,"The NCAA Tournament became the more prestigious of the two events, and in 1971 the NCAA barred universities from playing in other tournaments, such as the NIT, if they were invited to the NCAA Tournament.",0.0,0.0,1.0,entailment,1,0.8939769864082336
2517,where does us route 42 start and end,"Louisville, Kentucky to Cleveland, Ohio",True,I don't know,0.0,0.0,0.0,contradiction,0,0.1518072634935379,"The route is a SR 322 / US 422 / SR 3 / SR 8 / SR 14 / SR 43 / SR 87 in Cleveland, OH.",0.0,0.07692307692307693,0.0,contradiction,0,0.021740378811955452
2521,when does the second half of fuller house air,"December 9, 2016",True,I don't know,0.0,0.0,0.0,entailment,1,0.6139441132545471,The show will be moving from Disney XD to Disney Channel for its fourth season.,0.0,0.0,0.0,contradiction,0,0.13016557693481445
2524,what is the name of the vaccine for tuberculosis,bacilli Calmette-Guérin (BCG),True,God,0.0,0.0,0.0,neutral,0,0.02440684102475643,The name of God has always had much deeper meaning and significance than being just a label or designator.,0.0,0.0,0.0,neutral,0,0.010126501321792603
2525,where is lake george located in new. york,in Warren County,True,I don't know,0.0,0.0,1.0,contradiction,0,0.13052543997764587,"Lake George /Th> /Tr> Tr> Td colspan=""2""> Town /Tr> /Tr> Td colspan=""2""> Downtown Lake George /Tr> ",0.0,0.0,1.0,entailment,1,0.5989274382591248
2526,the structure found in the cell that contains strands of dna is called a(n),chromosomes,True,I don't know,0.0,0.0,1.0,neutral,0,0.07914619892835617,"The nucleotides are joined by covalent bonds between the sugar of one nucleotide and the phosphate of the next nucleotide, resulting in an oxidative chain.",0.0,0.0,1.0,neutral,0,0.05878261849284172
2527,who are the surviving members of the beatles,McCartney,True,Constitution,0.0,0.0,0.0,neutral,0,0.042776934802532196,Constitution.,0.0,0.0,0.0,neutral,0,0.03539900481700897
2528,where was war on the planet of the apes filmed,Lower Mainland in Vancouver,True,I don't know,0.0,0.0,0.0,contradiction,0,0.12583240866661072,The original series of Planet of the Apes was created by Pierre Boulle.,0.0,0.0,0.0,entailment,1,0.8784406781196594
2532,who gave the name cape of good hope,John II of Portugal,True,I don't know,0.0,0.0,0.0,neutral,0,0.105663001537323,The name of God has been seen as a representation of the entire system of  divine truth '' revealed to the faithful  that believe on his name '' as in John 1 : 12 or  walk in the name of the LORD our God '' in Micah 4,0.0,0.08333333333333334,0.0,entailment,1,0.9258907437324524
2538,what is the youngest state in the usa,Hawaii,True,I don't know,0.0,0.0,0.0,neutral,0,0.12503838539123535,"Florida Panhandle, an informal, unofficial term for the northwestern part of the U.S.",0.0,0.0,0.0,contradiction,0,0.11680978536605835
2540,why did european countries want empires in the 19th century,"trade, driven by the new ideas and the capitalism that grew out of the European Renaissance",True,I don't know,0.0,0.0,0.0,neutral,0,0.2056531012058258,"The term  deep frying '' and many modern deep - fried foods were not invented until the 19th century, but the practice has been around for millennia.",0.0,0.19512195121951217,0.0,entailment,1,0.9016225934028625
2542,where did the thompson twins get their name from,the two bumbling detectives Thomson and Thompson in Hergé's comic strip The Adventures of Tintin,True,"2""> Thompson Twins",0.0,0.1111111111111111,0.0,neutral,0,0.005883237347006798,The Court did not rule on whether particular identification cards could be required.,0.0,0.07142857142857144,0.0,neutral,0,0.0027503252495080233
2546,who sings don't stand so close to me,The Police,True,I don't know,0.0,0.0,1.0,neutral,0,0.2373111993074417,"The Police /Th> /Tr> /Tr> Tr> Th colspan=""2""> 1980 single cover /Td> /Tr> /Tr> Th colspan=""2""",0.0,0.2222222222222222,1.0,entailment,1,0.6109374761581421
2547,who plays adam's mom on man with a plan,Swoosie Kurtz,True,I don't know,0.0,0.0,0.0,neutral,0,0.18379749357700348,"The Jansenist movement was a movement that favored the idea of a ""non-violent"" society.",0.0,0.0,0.0,neutral,0,0.09352806210517883
2550,who owns mgm resorts international in las vegas,Tracinda Corporation,True,I don't know,0.0,0.0,1.0,contradiction,0,0.1461210697889328,The Fortress /Td> /Tr> /Tr> /Tr> /Tr> /Tr> /Tr> /Tr> /Tr> /Tr> ,0.0,0.0,1.0,entailment,1,0.671762228012085
2552,what does thou shalt not bear false witness against thy neighbour mean,perjury,True,I don't know,0.0,0.0,0.0,neutral,0,0.2293321043252945,The Ten Commandments are a series of books on Catholic theology.,0.0,0.0,0.0,neutral,0,0.013951171189546585
2553,who won fifa world cup 2018 final match,France,True,I don't know,0.0,0.0,1.0,contradiction,0,0.22325123846530914,"The 2018 FIFA World Cup Final /Tr> /Tr> /Tr> Tr> Td colspan=""2""> The France team holds the World Cup trophy /Tr> /Tr> /T",0.0,0.08333333333333333,1.0,entailment,1,0.9348263144493103
2568,when did delegates begin to sign the completed document,"September 17, 1787",True,I don't know,0.0,0.0,0.0,contradiction,0,0.10307063162326813,The greater - than sign is typically placed between the two values being compared and signals that the first number is greater than the second number.,0.0,0.0,0.0,entailment,1,0.8706417679786682
2569,within the townships created by the land ordinance of 1785 one section was set aside for,the maintenance of public schools,True,States,0.0,0.0,0.0,neutral,0,0.23096245527267456,"The land west of the Appalachian Mountains, north of the Ohio River and east of the Mississippi River was to be divided into ten separate states.",0.0,0.12903225806451613,0.0,entailment,1,0.9714539647102356
2570,when was the last time browns had a winning record,1994,True,Britain's most likely ally,0.0,0.0,0.0,contradiction,0,0.011504028923809528,Britain to withdraw from the continent.,0.0,0.0,0.0,contradiction,0,0.009589399211108685
2572,when does the latest riverdale episode come out,"May 16, 2018",True,I don't know,0.0,0.0,0.0,neutral,0,0.25060340762138367,Martha Sharp /Tr> /Tr> /Tr> /Tr> /Tr> /Tr> /Tr> /Tr> /Tr> /Tr> ,0.0,0.0,0.0,contradiction,0,0.0729832798242569
2578,who is morgan freeman in the lego movie,Vitruvius,True,I don't know,0.0,0.0,0.0,contradiction,0,0.3144391179084778,"The Lego Movie /Th> /Th> /Tr> Tr> Td colspan=""2""> Theatrical release poster /Td> /Tr> Tr> Th> Directe",0.0,0.0,0.0,entailment,1,0.8688228726387024
2582,when was the eiffel tower finished being built,15 March 1889,True,I don't know,0.0,0.0,1.0,contradiction,0,0.18589408695697784,"The Eiffel Tower /Th> /Tr> Tr> Td colspan=""2""> The Eiffel Tower /Th> /Tr> Td colspan=""2""> Tour Eiffel /Th",0.0,0.0,1.0,entailment,1,0.6784611344337463
2583,who was the first president identified as a democrat,Andrew Jackson,True,I don't know,0.0,0.0,0.0,neutral,0,0.10424292087554932,"Adams, Franklin, Alexander Hamilton, John Jay, Thomas Jefferson, James Madison, and George Washington",0.0,0.0,0.0,neutral,0,0.3721771240234375
2585,where is promontory point utah on a map,in Box Elder County,True,I don't know,0.0,0.0,0.0,contradiction,0,0.12727592885494232,"The ceremony for the driving of the  Last Spike '' at Promontory Summit, Utah, May 10, 1869 /Td> /Tr> /Tr> Th colspan=""2""> The ceremony for the driving",0.0,0.0,0.0,neutral,0,0.26693281531333923
2587,who came up with the 2nd law of thermodynamics,Sadi Carnot,True,"Middle Ages in Europe, citizenship was primarily identified with commercial and secular life in the growing cities, and it came to be seen as membership in emerging nation - states.",0.0,0.0,0.0,entailment,1,0.8894305229187012,"European Revolution, the main powers set up colonies in most of the Americas and Africa, and parts of Asia.",0.0,0.0,0.0,neutral,0,0.030313370749354362
2589,who played penny in lost in space 2018,Mina Sundwall,True,I don't know,0.0,0.0,1.0,contradiction,0,0.0478503443300724,The Mother appearing in  The Locket /Td> /Tr> /Tr> Tr> Th> First appearance /Th> Td>  Lucky Penny ( unseen ) /T,0.0,0.0,1.0,contradiction,0,0.30988919734954834
2594,when did mike trout come into the league,"July 8, 2011",True,I don't know,0.0,0.0,0.0,neutral,0,0.16378407180309296,"The club was founded in 1886 as Dial Square before being renamed as Royal Arsenal, and was founded in London in 1886 as Dial Square before being renamed as Royal Arsenal, and was founded in London in 1886 as Dial Square before being renamed as",0.0,0.0,0.0,contradiction,0,0.017129909247159958
2595,the central dogma of molecular biology concerns the,flow of genetic information within a biological system,True,I don't know,0.0,0.0,0.0,neutral,0,0.17339687049388885,hippocampus,0.0,0.0,0.0,neutral,0,0.2258140593767166
2596,how many episodes of beyblade burst god are there,48,True,I don't know,0.0,0.0,0.0,neutral,0,0.18156330287456512,"a national level, is a shared sense of national identity.",0.0,0.0,0.0,neutral,0,0.47682034969329834
2598,where is the chichen itza located in mexico,"Tinúm Municipality, Yucatán State, Mexico",True,I don't know,0.0,0.0,0.0,contradiction,0,0.24358327686786652,History /Th> /Tr> /Tr> /Tr> /Tr> Th> Periods /Th> Td> Late Classic to Early Postclassic /Td> /Tr,0.0,0.0,0.0,entailment,1,0.35185909271240234
2599,where did the invasion of normandy take place,6 June 1944,True,I don't know,0.0,0.0,0.0,contradiction,0,0.15845008194446564,"The first Test hat - trick was recorded on 2 January 1879, in only the third Test match to take place, by the Australian pace bowler Fred Spofforth, nicknamed  The Demon Bowler '', who dismissed three English batsmen with consecutive",0.0,0.0,0.0,entailment,1,0.9497120380401611
2603,the hobbit desolation of smaug bard's son,John Bell,True,I don't know,0.0,0.0,0.0,contradiction,0,0.07042323797941208,"The sentence ""Aeacus : son of a son of Zeus and Aegina who was the daughter of a river god. He was the father of Telamon and Peleus and grandfather of Ajax and Achilles. /Li> ",0.0,0.0,0.0,entailment,1,0.8888331055641174
2605,what law describes how a planet orbits the sun,laws of planetary motion,True,I don't know,0.0,0.0,0.0,contradiction,0,0.12583240866661072,The original series of Planet of the Apes was created by Pierre Boulle.,0.0,0.11764705882352941,0.0,entailment,1,0.8784406781196594
2606,other than water what is the most important ingredient of brown stock,bones,True,I don't know,0.0,0.0,0.0,contradiction,0,0.09812619537115097,The process is used by plants and other organisms to convert light energy into chemical energy that can later be released to fuel the organisms'activities ( energy transformation ).,0.0,0.0,0.0,neutral,0,0.031902946531772614
2608,who played buck rogers in the 25th century,Gil Gerard,True,I don't know,0.0,0.0,1.0,contradiction,0,0.1444258987903595,"Pat Brady ( American football ) ( 1926 -- 2009 ) /Li> Li> Li> Pat Brady ( footballer ) ( born 1936 ), Irish footballer who played in England /Li> Li> ",0.0,0.0,1.0,entailment,1,0.7625958323478699
2610,where is the ryder cup golf tournament being played,"on the Albatros Course of Le Golf National in Saint-Quentin-en-Yvelines, a suburb southwest of Paris",True,I don't know,0.0,0.0,0.0,contradiction,0,0.011156069114804268,The history of the India national football team dates back to the 1930s.,0.0,0.21428571428571427,0.0,entailment,1,0.7819316983222961
2611,how far south does the san andreas fault run,southern California,True,I don't know,0.0,0.0,0.0,contradiction,0,0.15123748779296875,The San Andreas Fault is a fault in the United States.,0.0,0.0,0.0,entailment,1,0.9640429019927979
2616,who does phoebe from charmed end up with,Coop,True,I don't know,0.0,0.0,1.0,contradiction,0,0.12220040708780289,"Phoebe Halliwell /Th> /Tr> Tr> Td colspan=""2""> Charmed character /Td> /Tr> Td colspan=""2""> /T",0.0,0.0,1.0,entailment,1,0.5515111684799194
2626,why is it called air on a g string,"transposed down so that it can be played entirely on a violin's lowest string, i.e., the G string",True,I don't know,0.0,0.0,0.0,neutral,0,0.13937772810459137,Potential energy in the bow limbs is transformed into the kinetic energy of the arrow as it takes flight.,0.0,0.10810810810810811,0.0,contradiction,0,0.4125692844390869
2630,how many countries are still in the british commonwealth,53,True,international organisation,0.0,0.0,1.0,neutral,0,0.24266356229782104,"The Commonwealth is an international organisation in which countries with diverse social, political, and economic backgrounds are regarded as equal in status, and cooperate within a framework of common values and goals, as outlined in the Singapore Declaration issued in 1971.",0.0,0.0,1.0,neutral,0,0.047333113849163055
2631,what is an example of a radical in chemistry,hydroxyl radical (HO•),True,phen,0.0,0.0,1.0,neutral,0,0.3625447750091553,phenyl is not to be confused with phenyl.,0.0,0.0,1.0,neutral,0,0.06118777394294739
2632,who was portrayed as the anderson brothers cousin,Ric Flair,True,I don't know,0.0,0.0,0.0,contradiction,0,0.12943094968795776,The story is about a man who is a member of an Armenian community living among the lush fruit orchards and vineyards of California.,0.0,0.0,0.0,entailment,1,0.9644632339477539
2633,the stimulus for the formation of a platelet plug or a blood clot is,endothelial injury,True,I don't know,0.0,0.0,1.0,neutral,0,0.08304549753665924,a wound.,0.0,0.0,1.0,neutral,0,0.20009136199951172
2635,who became the first pope of the roman catholic church,St Peter,True,I don't know,0.0,0.0,1.0,neutral,0,0.08367708325386047,"The Annuario Pontificio attaches no consecutive numbers to the popes, stating that it is impossible to decide which side represented at various times the legitimate succession, in particular regarding Pope Leo VIII, Pope Benedict V and some mid-11th - century popes ",0.0,0.0,1.0,contradiction,0,0.00932558998465538
2637,who is the song we belong together about,a woman's desperation for her former lover to return,True,I don't know,0.0,0.0,0.0,contradiction,0,0.2154521644115448,Format ,0.0,0.0,0.0,contradiction,0,0.2914165258407593
2638,dividing up africa among european countries was the goal of the,Berlin Conference of 1884,True,I don't know,0.0,0.0,0.0,neutral,0,0.12572044134140015,Uruguay.,0.0,0.0,0.0,contradiction,0,0.04823252931237221
2646,what player in the nfl has the most rings,Bill Belichick,True,is drafted based on their performance in the regular season.,0.0,0.0,0.0,neutral,0,0.026925640180706978,a member of the All - America Football Conference.,0.0,0.0,0.0,entailment,1,0.9182823896408081
2648,when will the 2018 nba all stars be announced,"January 18, 2018",True,I don't know,0.0,0.0,0.0,contradiction,0,0.17014530301094055,/Td> /Tr> /Tr> /Tr> /Tr> /Tr> /Tr> /Tr> /Tr> /Tr> /T,0.0,0.0,0.0,neutral,0,0.3880695700645447
2649,where is the northern highland rim in tennessee,encountered a few miles north of Nashville and extends to the Kentucky border,True,I don't know,0.0,0.0,0.0,contradiction,0,0.11016455292701721,The Tropic of Cancer is the most northerly circle of latitude.,0.0,0.16666666666666669,0.0,contradiction,0,0.11494246870279312
2653,which english comedian became the first moomba king in 1967,Robert Morley,True,Wessex,0.0,0.0,0.0,entailment,1,0.517153799533844,Wessex was Edward the Elder.,0.0,0.0,0.0,contradiction,0,0.08492831140756607
2660,who sings bring me back to life with evanescence,Paul McCoy of the band 12 Stones,True,I don't know,0.0,0.0,0.0,neutral,0,0.24023953080177307,"/Th> /Tr> /Tr> /Tr> /Th> Th colspan=""2""> /Tr> /Tr> /Th> Th colspan=""2""",0.0,0.0,0.0,entailment,1,0.528904139995575
2663,when is celebrity big brother coming to cbs,"February 7, 2018",True,I don't know,0.0,0.0,0.0,neutral,0,0.20293214917182922,The power is Pr.,0.0,0.0,0.0,neutral,0,0.35350772738456726
2668,when is dragon ball super 130 episode coming out,"March 18, 2018",True,I don't know,0.0,0.0,0.0,neutral,0,0.12262255698442459,episodes were released.,0.0,0.0,0.0,entailment,1,0.7931345105171204
2669,zones of upwelling near the shores of land masses have high primary production because such zones,"are rich in nutrients, including nitrate, phosphate and silicic acid",True,I don't know,0.0,0.0,0.0,neutral,0,0.02724342606961727,oceans.,0.0,0.0,0.0,neutral,0,0.046535275876522064
2672,when do birth of the dragon come out,"August 25, 2017",True,I don't know,0.0,0.0,0.0,contradiction,0,0.1830463856458664,"The final act of the Anglo - Saxon poem Beowulf is about the hero Beowulf's fight with a dragon, the third monster he encounters in the epic.",0.0,0.0,0.0,entailment,1,0.9884797930717468
2684,what poem is engraved on the statue of liberty,"""The New Colossus",True,I don't know,0.0,0.0,1.0,contradiction,0,0.29150864481925964,Emma Lazarus's manuscript was created in 1883.,0.0,0.0,1.0,entailment,1,0.9467663168907166
2689,what is the fifth letter of the greek alphabet,epsilon,True,I don't know,0.0,0.0,0.0,contradiction,0,0.11124122887849808,Ancient Greek mechanics.,0.0,0.0,0.0,neutral,0,0.08743060380220413
2693,who did greece beat to win euro 2004,Portugal,True,I don't know,0.0,0.0,1.0,contradiction,0,0.16101236641407013,/Th> /Th> /Th> /Th> /Th> /Th> /Th> /Th> /Th> /Th> /Th> /Th> /Th,0.0,0.0,1.0,neutral,0,0.2211371809244156
2694,what speed does the space shuttle re-enter earth,100 km,True,I don't know,0.0,0.0,0.0,neutral,0,0.16924826800823212,The dot duration is equal to the dot duration.,0.0,0.0,0.0,neutral,0,0.3038661777973175
2698,who does the voice of diane on family guy,Lori Alan,True,I don't know,0.0,0.0,0.0,neutral,0,0.15148836374282837,The Black Knight suffers from unchecked overconfidence and a staunch refusal ever to give up.,0.0,0.0,0.0,neutral,0,0.01266324520111084
2699,who is the second robot in i am frankie,Andrew,True,Seven Deadly Sins,0.0,0.0,0.0,entailment,1,0.6820712685585022,Seven Deadly Sins.,0.0,0.0,0.0,entailment,1,0.7815654277801514
2701,where is the final of u17 world cup,India,True,I don't know,0.0,0.0,1.0,neutral,0,0.19292515516281128,FIFA World Cup final tournaments.,0.0,0.0,1.0,neutral,0,0.278226763010025
2704,when did the lion king movie come out,1994,True,I don't know,0.0,0.0,0.0,contradiction,0,0.015284753404557705,The title  King of the English '' or Rex Anglorum in Latin was first used to describe thelstan by one of his charters in 928.,0.0,0.0,0.0,contradiction,0,0.016905339434742928
2706,what kind of milk is gouda cheese made from,cow's milk,True,I don't know,0.0,0.0,0.0,neutral,0,0.15922807157039642,cereals are made from processed cereal grains.,0.0,0.0,0.0,neutral,0,0.18457508087158203
2709,who plays lord elrond in lord of the rings,Hugo Wallace Weaving,True,I don't know,0.0,0.0,0.0,contradiction,0,0.09316742420196533,"The Lord of the Rings /Th> /Th> /Tr> Tr> Td colspan=""2""> The Lord of the Rings /Th> /Tr> Td colspan=""2",0.0,0.0,0.0,entailment,1,0.6832267045974731
2711,who won season 5 of america's got talent,Michael Grimm,True,I don't know,0.0,0.0,0.0,contradiction,0,0.24512879550457,The Sacred Riana /Th> /Th> /Th> /Th> /Th> /Th> /Th> /Th> /Th> /Th> /Th> /Th,0.0,0.0,0.0,entailment,1,0.7611809372901917
2713,the current chief of naval staff in nigeria,Ibok Ekwe Ibas,True,I don't know,0.0,0.0,1.0,contradiction,0,0.09621652960777283,"The current Chief of Naval Staff is Ibok Ekwe Ibas who was appointed on July 13, 2015 by President Muhammadu Buhari to succeeded Usman Oyibe Jibrin.",0.0,0.20689655172413793,1.0,entailment,1,0.9697670340538025
2715,who won the womens battle royal wrestlemania 34,Naomi,True,I don't know,0.0,0.0,0.0,contradiction,0,0.21618419885635376,The WrestleMania Women's Battle Royal was held at King Abdullah International Stadium /Td> /Tr> /Tr> /Tr> /Tr> /Tr> /Tr> ,0.0,0.0,0.0,neutral,0,0.04310999810695648
2716,the news print paper is obtained from which state in india,Madhya Pradesh,True,national language,0.0,0.0,0.0,neutral,0,0.2203330397605896,language.,0.0,0.0,0.0,neutral,0,0.3040415644645691
2717,who plays henry on once upon a time season 7,Andrew J. West,True,"Once Upon a Time ( season 7 ) /Th> /Th> /Tr> Tr> Td colspan=""2""> Promotional poster /Td> /Tr> Tr> ",0.0,0.0,1.0,entailment,1,0.48705410957336426,"Once Upon a Time ( season 7 ) /Th> /Tr> Tr> Td colspan=""2""> Promotional poster /Td> /Tr> Tr> Th> Starring",0.0,0.0,1.0,entailment,1,0.7654078006744385
2718,when did english merchants form the east india company,31 December 1600,True,India,0.0,0.0,0.0,entailment,1,0.39282166957855225,The British East India Company gradually displaced other powers and brought into existence a British administrative system over most of India.,0.0,0.0,0.0,neutral,0,0.002163593890145421
2724,who is the football coach at georgia southern,Chad Lunsford,True,I don't know,0.0,0.0,1.0,contradiction,0,0.16028878092765808,"Georgia Southern Eagles football /Th> /Tr> /Tr> Td colspan=""2""> Table> /Tr> /Tr> /Tr> /Tr> /",0.0,0.0,1.0,contradiction,0,0.2416730374097824
2727,when did medicare begin in the united states,1966,True,"Medicare is a single - payer, national social insurance program administered by the U.S. federal government since 1966",0.0,0.1111111111111111,1.0,entailment,1,0.982926607131958,"Medicare is a single - payer, national social insurance program administered by the U.S. federal government since 1966, currently using about 30 -- 50 private insurance companies across the United States under contract for administration.",0.0,0.05882352941176471,1.0,neutral,0,0.13871009647846222
2729,where does a baker's cyst come from,knee arthritis,True,I don't know,0.0,0.0,0.0,contradiction,0,0.15858447551727295,"Th colspan=""2""> Baker's cyst /Th> /Th> /Th> /Th> /Th> /Th> /Th> /Th> /Th> /Th",0.0,0.0,0.0,contradiction,0,0.39311516284942627
2733,who has the most triple-doubles ever in the nba,Oscar Robertson,True,Larry O'Brien,0.0,0.0,0.0,contradiction,0,0.04365632310509682,The NBA Finals is the championship series for the NBA and the conclusion of the sport's postseason.,0.0,0.0,0.0,contradiction,0,0.013309107162058353
2736,who died from the movie fast and furious,Paul Walker,True,I don't know,0.0,0.0,0.0,neutral,0,0.2627076208591461,The Turbo Charged Prelude for 2 Fast 2 Furious ( 2003 ) /Li> Li> Los Bandoleros ( 2009 ) /Li> /Li> /Li>,0.0,0.0,0.0,neutral,0,0.3255375027656555
2738,where is the big 12 baseball tournament held,"at Chickasaw Bricktown Ballpark in Oklahoma City, Oklahoma",True,I don't know,0.0,0.0,0.0,contradiction,0,0.12331482023000717,NCAA Tournament.,0.0,0.0,0.0,entailment,1,0.5917007923126221
2739,who is the chairman of the lok sabha,the Vice President of India,True,I don't know,0.0,0.0,0.0,neutral,0,0.009701109491288662,The maximum size of the Lok Sabha as outlined in the Constitution of India is 552 members made up of up to 530 members representing people of the states of India and up to 20 members representing people from the Union Territories.,0.0,0.1276595744680851,0.0,neutral,0,0.008921511471271515
2740,where did mark get his information to write his gospel,"a variety of pre-existing sources, such as conflict stories (Mark 2:1–3:6), apocalyptic discourse (4:1–35), and collections of sayings",True,I don't know,0.0,0.0,0.0,neutral,0,0.10266394913196564,The Fourth Amendment.,0.0,0.0,0.0,neutral,0,0.10455478727817535
2745,who played the beast in the movie shot caller,Holt McCallany,True,I don't know,0.0,0.0,0.0,neutral,0,0.17038536071777344,Serie A games,0.0,0.0,0.0,neutral,0,0.17217987775802612
2749,who plays the frog on gnomeo and juliet,Ashley Jensen,True,Robin the Frog,0.0,0.0,0.0,contradiction,0,0.2850642204284668,The song was later sung by John Denver and Robin the Frog in the 1979 television special John Denver and the Mu.,0.0,0.0,0.0,neutral,0,0.003510351525619626
2750,who was the pale rider supposed to be,Death,True,I don't know,0.0,0.0,0.0,neutral,0,0.0153049910441041,The simplest solution tends to be the correct one.,0.0,0.0,0.0,neutral,0,0.07203901559114456
2751,guy who played opie on sons of anarchy,Ryan Douglas Hurst,True,Tracy Beaker,0.0,0.0,0.0,contradiction,0,0.06183166429400444,The Dumping Ground.,0.0,0.0,0.0,contradiction,0,0.054056428372859955
2752,who does the green arrow marry in the comics,Black Canary,True,I don't know,0.0,0.0,1.0,neutral,0,0.17814156413078308,The arrow is a.,0.0,0.0,1.0,neutral,0,0.34636035561561584
2754,who did the peoples party nominate for president in 1892,James B. Weaver,True,I don't know,0.0,0.0,0.0,contradiction,0,0.046776287257671356,"The United States presidential line of succession follows the order of Vice President, Speaker of the House of Representatives, President pro tempore of the Senate, and then the heads of federal executive departments who form the Cabinet of the United States.",0.0,0.0,0.0,neutral,0,0.02548527903854847
2757,who took the israelites to the promised land,Joshua,True,Land,0.0,0.0,0.0,neutral,0,0.10961522161960602,"The Crown was a sovereign monarch, known as The Crown, held land in its own hands.",0.0,0.0,0.0,neutral,0,0.06453210860490799
2759,what is the meaning of sap erp system,enterprise resource planning software,True,I don't know,0.0,0.0,0.0,neutral,0,0.039150312542915344,The term  cracker '' was in use during the Elizabethan era to describe braggarts.,0.0,0.0,0.0,entailment,1,0.9721102714538574
2760,when did ha long bay become a world heritage site,1994,True,I don't know,0.0,0.0,1.0,contradiction,0,0.2567340135574341,/Tr> /Tr> /Tr> /Tr> /Tr> /Tr> /Tr> /Tr> /Tr> /Tr> /T,0.0,0.0,1.0,entailment,1,0.4760226905345917
2763,who sang the original version of red red wine,Neil Diamond,True,I don't know,0.0,0.0,1.0,neutral,0,0.03119189292192459,The Doll's version of the story was a pre-Perrault version of the story.,0.0,0.0,1.0,neutral,0,0.057632751762866974
2766,who appoints the governor and deputy governors of rbi,The Government of India,True,I don't know,0.0,0.0,0.0,contradiction,0,0.06802348047494888,"The governor is appointed by the President of India for a term of five years, and holds office at the President's pleasure.",0.0,0.23076923076923075,0.0,neutral,0,0.006482461467385292
2768,who voices the bears in we bare bears,Eric Edelstein,True,I don't know,0.0,0.0,1.0,contradiction,0,0.19494841992855072,"We Bare Bears /Th> /Th> /Tr> Tr> Td colspan=""2""> /Tr> /Tr> Tr> Th> Genre /Th",0.0,0.0,1.0,entailment,1,0.5599562525749207
2769,who was amy dowden partner on strictly 2017,comedian Brian Conley,True,"2""> Amy Dowden /Th> /Th> /Th> Td>",0.0,0.0,0.0,neutral,0,0.1441272348165512,Amy Dowden /Th> /Th> /Th> /Th> /Th> Td> Amy Dowden /Th> /Th> /Th> Td> Amy Dowden /Th>,0.0,0.0,0.0,neutral,0,0.10942231863737106
2770,who played the bird woman in mary poppins,Jane Darwell,True,I don't know,0.0,0.0,0.0,contradiction,0,0.04013609513640404,"/P> Ol> Li> have played at least one Serie A game for the respective club ( seasons in which and teams for, a player, did not collected any caps in Serie A, have NOT to be listed ).",0.0,0.0,0.0,contradiction,0,0.01578640565276146
2773,where did the phrase when pigs fly come from,Scottish proverb,True,I don't know,0.0,0.0,0.0,neutral,0,0.367917001247406,The phrase  when pigs fly '' is an adynaton.,0.0,0.0,0.0,entailment,1,0.9397544264793396
2774,where is the setting for leave it to beaver,United States,True,I don't know,0.0,0.0,1.0,neutral,0,0.21586690843105316,United States.,1.0,1.0,1.0,neutral,0,0.39370256662368774
2778,where did clap and a half come from,Patrick reclaimed from his seventh grade Social Studies teacher,True,I don't know,0.0,0.0,0.0,neutral,0,0.156317338347435,The Supremes ),0.0,0.0,0.0,entailment,1,0.5777339339256287
2782,scientist who lost life in their own discovery,Marie Curie,True,adulthood,0.0,0.0,0.0,neutral,0,0.19469644129276276,adulthood,0.0,0.0,0.0,neutral,0,0.19469644129276276
2786,who wrote the song i will follow him,Norman Gimbel,True,I don't know,0.0,0.0,1.0,neutral,0,0.2675611674785614,"Little Peggy March /Th> /Th> /Th> Tr> Th colspan=""2"">  I Will Follow Him '' /Th> /Th> /Tr> Td col",0.0,0.0,1.0,entailment,1,0.6860804557800293
2789,snow white and the huntsman movie heroine name,Kristen Stewart,True,I don't know,0.0,0.0,1.0,contradiction,0,0.16786377131938934,Snow White and the Seven Dwarfs /Td> /Tr> Tr> Tr> Tr> Th> First appearance /Th> Td> Snow White and the Seven Dwarfs ( 1937 ,0.0,0.0,1.0,entailment,1,0.5646265149116516
2790,how many teams from asia will qualify for world cup 2018,five,True,I don't know,0.0,0.0,1.0,neutral,0,0.19630450010299683,"The knockout stage was the second and final stage of the World Cup, following the group stage.",0.0,0.0,1.0,neutral,0,0.12872540950775146
2791,who would take over if the president dies,Vice President,True,President of the Church,0.0,0.3333333333333333,1.0,neutral,0,0.3555369973182678,President of the Church.,0.0,0.3333333333333333,1.0,neutral,0,0.024671044200658798
2795,who does the voice of dory in finding dory,Ellen DeGeneres,True,I don't know,0.0,0.0,0.0,neutral,0,0.0718403235077858,Flight data.,0.0,0.0,0.0,neutral,0,0.04893314838409424
2800,when do we vote for a new governor in california,"November 6, 2018",True,I don't know,0.0,0.0,0.0,neutral,0,0.11072696000337601,The Twentieth Amendment requires each elector to cast one vote for president and another vote for vice president.,0.0,0.0,0.0,contradiction,0,0.1312456727027893
2801,when does season 5 of the blacklist come out,"November 15, 2017",True,I don't know,0.0,0.0,0.0,neutral,0,0.21345281600952148,Communist sympathies.,0.0,0.0,0.0,neutral,0,0.17126166820526123
2807,who discovered that animals were made of cells,Henri Dutrochet,True,solid,0.0,0.0,0.0,neutral,0,0.19299045205116272,Earth.,0.0,0.0,0.0,neutral,0,0.027544055134058
2810,who plays sherman in mr peabody and sherman,Max Charles,True,"Mr. Peabody & Sherman /Th> /Th> /Tr> Tr> Td colspan=""2""> Theatrical release poster /Th> /Tr> /Tr> ",0.0,0.0,1.0,contradiction,0,0.16623669862747192,"Mr. Peabody & Sherman /Th> /Th> Tr> Th colspan=""2""> Mr. Peabody & Sherman /Th> /Th> Tr> Td colspan=""",0.0,0.0,1.0,entailment,1,0.5375028848648071
2811,who plays oz in oz the great and powerful,James Franco,True,Canada,0.0,0.0,1.0,contradiction,0,0.1783776879310608,is a large spoon used for serving or eating.,0.0,0.0,1.0,neutral,0,0.17651954293251038
2812,when was the last superbowl the cowboys won,1995,True,I don't know,0.0,0.0,0.0,contradiction,0,0.04031169041991234,"The Cowboys have played for 10 NFL Championships and have won 5, all five being Super Bowls.",0.0,0.0,0.0,entailment,1,0.5728808045387268
2813,what do you mean by analysis and design,"Systems analysis, a method of studying a system by examining its component parts and their interactions",True,I don't know,0.0,0.0,0.0,neutral,0,0.23910945653915405,"The single was released on January 9, 1995.",0.0,0.0,0.0,entailment,1,0.9455500245094299
2814,where was ross and emily's wedding filmed,"on locations in London, and in front of a live studio audience at The Fountain Studios",True,"Sarah, Duchess of Cambridge",0.0,0.1,0.0,neutral,0,0.23748309910297394,"The episode aired on May 7, 1998.",0.0,0.17391304347826086,0.0,neutral,0,0.005713487043976784
2817,who has the executive power in south carolina,the governor,True,I don't know,0.0,0.0,0.0,contradiction,0,0.21598494052886963,The Seal of South Carolina was created in 1789.,0.0,0.1818181818181818,0.0,entailment,1,0.9098399877548218
2824,when did the first pacific rim come out,2013,True,I don't know,0.0,0.0,1.0,neutral,0,0.17381253838539124,"The first two pitchers to accomplish the feat did so in 1880, under rules that differed in many important respects from those of today's game : for example, only underhand pitching -- from a flat, marked - out box 45 feet from home plate --",0.0,0.0,1.0,neutral,0,0.011621522717177868
2826,when is the start of the 2018 nba season,"October 16, 2018",True,I don't know,0.0,0.0,0.0,neutral,0,0.24592159688472748,The NBA salary cap is the maximum dollar amount each team can spend on its players for the season.,0.0,0.0,0.0,neutral,0,0.0718320682644844
2828,who sings i dreamed a dream in les miserables,the character Fantine,True,dream,0.0,0.0,0.0,entailment,1,0.516768753528595,The vision is a prophecy in chapter 37 of the Book of Ezekiel.,0.0,0.125,0.0,neutral,0,0.006856718100607395
2836,when did the last harry potter movie come out in theaters,2011,True,I don't know,0.0,0.0,0.0,contradiction,0,0.1687239408493042,"Lord Voldemort /Th> /Th> /Tr> Tr> Td colspan=""2""> Lord Voldemort /Th> /Tr> Tr> Td cols",0.0,0.0,0.0,contradiction,0,0.15837623178958893
2842,when did old 10p go out of circulation,January 2013,True,I don't know,0.0,0.0,0.0,neutral,0,0.156317338347435,The Supremes ),0.0,0.0,0.0,entailment,1,0.5777339339256287
2843,where is the origin of the frontalis muscle,Galea aponeurotica,True,I don't know,0.0,0.0,1.0,contradiction,0,0.2105497270822525,m_22 / 12549942 /Td> /Tr> Tr> Th> TA /Th> Td> A04. 1.03. 004 /Td> ,0.0,0.0,1.0,contradiction,0,0.1502857804298401
2844,the four essential elements for life are _,Freedom of speech,True,I don't know,0.0,0.0,0.0,neutral,0,0.13064537942409515,The electron configurations of elements beyond hassium are predicted.,0.0,0.16666666666666666,0.0,neutral,0,0.34622660279273987
2845,when is the last time england got to the semi final,1990,True,I don't know,0.0,0.0,0.0,neutral,0,0.049001384526491165,king of Mercia was crowned King of England.,0.0,0.0,0.0,contradiction,0,0.011198030784726143
2850,who is the singing voice of jasmine in aladdin,Maria Lea Carmen Imutan Salonga,True,The Dumping Ground,0.0,0.0,0.0,neutral,0,0.04816266894340515,The Dumping Ground.,0.0,0.0,0.0,neutral,0,0.06026814132928848
2852,when did the mint start making proof sets,1936,True,I don't know,0.0,0.0,0.0,neutral,0,0.13218165934085846,"atomic theory is a scientific theory of the nature of matter, which states that matter is composed of discrete units called atoms.",0.0,0.0,0.0,neutral,0,0.18622595071792603
2860,when did the affordable healthcare act go into effect,"March 23, 2010",True,United States Congress,0.0,0.0,1.0,entailment,1,0.5739652514457703,"The Patient Protection and Affordable Care Act was enacted by the 111th United States Congress on March 23, 2010.",0.0,0.2727272727272727,1.0,entailment,1,0.9874938130378723
2861,the first vice president of india who became the president later,Sarvepalli Radhakrishnan,True,I don't know,0.0,0.0,0.0,neutral,0,0.031583789736032486,"The United States presidential line of succession follows the order of Vice President, Speaker of the House of Representatives, President pro tempore of the Senate, and then the heads of federal executive departments who form the Cabinet of the United States.",0.0,0.0,0.0,neutral,0,0.039096899330616
2862,who played cindy brady in a very brady christmas,Jennifer Runyon,True,I don't know,0.0,0.0,1.0,contradiction,0,0.3721756041049957,"Pat Brady ( actor ) ( 1914 -- 1972 ), best known as the  comical sidekick '' to Roy Rogers /Li> Li> Li> Pat Brady ( American football ) ( 1926 -- 2009 ) ",0.0,0.0,1.0,entailment,1,0.692523181438446
2863,what episode of american dad is krampus on,the eighth episode of the tenth season,True,I don't know,0.0,0.0,0.0,contradiction,0,0.17485876381397247,American Dad!,0.0,0.0,0.0,entailment,1,0.7469790577888489
2864,when was the last time world cup was held in england,1966,True,I don't know,0.0,0.0,0.0,neutral,0,0.07875131070613861,The 2018 FIFA World Cup qualification UEFA Group F was one of the nine UEFA groups for 2018 FIFA World Cup qualification.,0.0,0.0,0.0,entailment,1,0.9679791331291199
2867,what type of car does dwight schrute drive,1987 Pontiac Trans Am,True,I don't know,0.0,0.0,0.0,contradiction,0,0.011654499918222427,The song is a pro-American number.,0.0,0.0,0.0,entailment,1,0.5321771502494812
2869,what is apollo the god of in roman mythology,music,True,I don't know,0.0,0.0,1.0,neutral,0,0.21616050601005554,"Apollo Belvedere, ca. 120 -- 140 CE /Td> /Tr> Tr> Tr> Th> Abode /Th> Mount Olympus /Tr> /Tr",0.0,0.0,1.0,contradiction,0,0.3298393189907074
2870,what do you get with diablo 3 ultimate evil edition,the original console version of Diablo III,True,P>,0.0,0.0,0.0,contradiction,0,0.19262254238128662,The song was first performed in Annie Get Your Gun by Ethel Merman and Ray Middleton.,0.0,0.08695652173913043,0.0,entailment,1,0.9775766730308533
2871,where did the chinese tallow tree come from,eastern Asia,True,I don't know,0.0,0.0,0.0,neutral,0,0.2009354829788208,The Supremes.,0.0,0.0,0.0,entailment,1,0.8860556483268738
2874,the virus in rise of the planet of the apes,ALZ-113,True,I don't know,0.0,0.0,0.0,contradiction,0,0.12583240866661072,The original series of Planet of the Apes was created by Pierre Boulle.,0.0,0.0,0.0,entailment,1,0.8784406781196594
2875,one major difference in the hellenistic and the classical sculpture is,"Common people, women, children, animals and domestic scenes became acceptable subjects for sculpture",True,membranes,0.0,0.0,0.0,entailment,1,0.5158795714378357,The difference in electric potential generates a force that drives ion diffusion until the charges are balanced on both sides.,0.0,0.0,0.0,neutral,0,0.11203382164239883
2876,who used the term element for the first time,Plato,True,I don't know,0.0,0.0,0.0,neutral,0,0.06555311381816864,"Bank Holidays Act 1871 was a colloquial term for a public holiday in the United Kingdom, some Commonwealth countries, Hong Kong and the Republic of Ireland.",0.0,0.0,0.0,entailment,1,0.6928204894065857
2884,how many times have patriots been to the superbowl,nine times,True,I don't know,0.0,0.0,0.0,neutral,0,0.22074070572853088,The practice was started with Disney re-releasing its animated films in theaters every few years which began with the reissue of 1937's Snow White and the Seven Dwarfs in 1944.,0.0,0.0,0.0,neutral,0,0.003640854964032769
2886,who is credited with the first idea of a nuclear atom,Ernest Rutherford,True,I don't know,0.0,0.0,0.0,neutral,0,0.25624874234199524,The German researchers Müller and Alfons Pilzecker rediscovered the concept that memory takes time to fixate or undergo  Konsolidierung ''.,0.0,0.0,0.0,contradiction,0,0.010957877151668072
2887,who are the twins in better call saul,The Sklar brothers,True,I don't know),0.0,0.0,0.0,contradiction,0,0.16351158916950226,apocryphal) ( or sometimes real ) cookie.,0.0,0.0,0.0,neutral,0,0.11298391968011856
2890,when did america become the united states of america,1776,True,I don't know,0.0,0.0,0.0,neutral,0,0.008671335875988007,The United States has unofficially regarded parts of Latin America as within its sphere of influence.,0.0,0.0,0.0,entailment,1,0.7718709111213684
2894,who has sold the most albums world wide,The Beatles,True,I don't know,0.0,0.0,1.0,contradiction,0,0.025797147303819656,MBTI.,0.0,0.0,1.0,contradiction,0,0.04867713898420334
2900,who plays laura croft in tomb raider 2018,Alicia Vikander,True,I don't know,0.0,0.0,1.0,contradiction,0,0.21614357829093933,"Tomb Raider /Th> /Th> /Tr> Tr> Td colspan=""2""> Theatrical release poster /Td> /Tr> Tr> Th> Direct",0.0,0.0,1.0,entailment,1,0.8245693445205688
2901,how many centuries of rohit sharma in international cricket,24,True,I don't know,0.0,0.0,1.0,contradiction,0,0.15330468118190765,Rohit Sharma is an Indian cricketer and a right - handed top order batsman.,0.0,0.0,1.0,entailment,1,0.9848167300224304
2902,twilight zone the mind and the matter cast,Shelley Berman,True,I don't know,0.0,0.0,1.0,neutral,0,0.17910151183605194,The episode no. /Th> Td> Tr> Tr> Th> Episode no. /Th> Td> Season 2 Episode 27 /Td> /Tr> /Tr,0.0,0.0,1.0,entailment,1,0.5235204100608826
2908,a glowing cloud of hot interstellar gas inside of which stars are being formed is called a(n),diffuse nebulae,True,I don't know,0.0,0.0,0.0,neutral,0,0.18206769227981567,Molds.,0.0,0.0,0.0,contradiction,0,0.16324922442436218
2914,when does the new diary of a wimpy kid movie come out on dvd,"August 8, 2017",True,I don't know,0.0,0.0,0.0,contradiction,0,0.13767100870609283,"The dogs are wealthy and glamorous and seem to lead charmed lives -- but they find adjusting to the modern world difficult, and when a young woman, Cleo Pira, befriends them, she discovers that a strange, incurable illness threatens them all",0.0,0.0,0.0,neutral,0,0.005055169574916363
2916,cytosine is an example of a nitrogen base found on what acids,nucleic,True,pH is equal.,0.0,0.0,1.0,neutral,0,0.2361924946308136,pH is maintained.,0.0,0.0,1.0,neutral,0,0.3612186014652252
2919,where does jacob wrestle with an angel in the bible,Genesis,True,I don't know,0.0,0.0,1.0,neutral,0,0.02771143801510334,excreted.,0.0,0.0,1.0,neutral,0,0.016395390033721924
2922,when did the cask of amontillado take place,in an unnamed Italian city,True,I don't know,0.0,0.0,0.0,contradiction,0,0.20706519484519958,is a reaction rate.,0.0,0.0,0.0,neutral,0,0.3265584409236908
2929,who is associated with the concept of power elite,sociologist C. Wright Mills,True,I don't know,0.0,0.0,0.0,neutral,0,0.062483951449394226,The work formulated the laws of motion and universal gravitation thereby completing the synthesis of a new cosmology.,0.0,0.0,0.0,neutral,0,0.037990085780620575
2935,where did the terrorists strike in munich germany in 1972,"Munich, West Germany",True,I don't know,0.0,0.0,0.0,neutral,0,0.156317338347435,The Supremes ),0.0,0.0,0.0,entailment,1,0.5777339339256287
2936,when was the treaty of sugauli concluded and between whom,signed on 2 December 1815,True,I don't know,0.0,0.0,0.0,neutral,0,0.08113942295312881,The Sugauli Treaty was signed by Parish Bradshaw ( for the Company Government ) and Raj Guru Ga.,0.0,0.09523809523809523,0.0,neutral,0,0.013912864029407501
2937,episode of the office where jim kisses pam,Casino Night,True,I don't know,0.0,0.0,1.0,contradiction,0,0.1483410745859146,"The original air date was January 19, 2012.",0.0,0.0,1.0,neutral,0,0.0049976143054664135
2939,where is dna stored in the cell as chromatin,within the nucleoid region,True,Chromatin is only found in eukaryotic cells,0.0,0.0,1.0,neutral,0,0.004861455876380205,Chromatin is found in eukaryotic cells.,0.0,0.0,1.0,neutral,0,0.1406688094139099
2943,where did ali do his rope a dope,his 1974 Rumble in the Jungle match against George Foreman,True,I don't know,0.0,0.0,0.0,neutral,0,0.1347460299730301,He Means the World to Me '' /Tr> /Tr> /Tr> Th> Released /Th> Td> /Tr> Tr> Th> Format /Th,0.0,0.07142857142857142,0.0,neutral,0,0.08868402987718582
2945,how much did raiders of the lost ark cost to make,$18 million,True,I don't know,0.0,0.0,0.0,contradiction,0,0.03216573968529701,The Philistines had captured the Ark of the covenant,0.0,0.0,0.0,contradiction,0,0.09762248396873474
2948,where was football first played in the world,China,True,I don't know,0.0,0.0,1.0,neutral,0,0.009188209660351276,"Arsenal Football Club is an English professional association football club based in Holloway, England.",0.0,0.0,1.0,neutral,0,0.021114671602845192
2949,who is responsible for issuing accounting standard in india,Accounting Standards Board,True,I don't know,0.0,0.0,0.0,contradiction,0,0.12235628813505173,Tuberculosis.,0.0,0.0,0.0,contradiction,0,0.035334762185811996
2954,where are most of the potatoes grown in idaho,The Eastern Idaho region,True,I don't know,0.0,0.0,0.0,neutral,0,0.03180801495909691,"The sentence "" Alternative splicing occurs as a normal phenomenon in eukaryotes.",0.0,0.13333333333333333,0.0,neutral,0,0.18470638990402222
2958,where did the expression throw under the bus come from,President Galtieri had pushed her under the bus,True,I don't know,0.0,0.0,1.0,neutral,0,0.1734660416841507,The primary accounts of the event do not survive.,0.0,0.11764705882352941,1.0,entailment,1,0.9817596673965454
2960,how i met your mother barney 200th girl,bodybuilder,True,I don't know,0.0,0.0,0.0,neutral,0,0.2731808125972748,The Mother appearing in  The Locket '' /Td> /Tr> /Tr> Tr> Tr> Tr> Td> Td> Td> T,0.0,0.0,0.0,neutral,0,0.1599029302597046
2961,who has the legal authority to bind the us government on a us government contract,Federal Acquisition Regulation,True,I don't know,0.0,0.0,0.0,contradiction,0,0.06856202334165573,"The Peruvian government has placed a limit on the number of people who may hike this trail per season, and to sharply limit the companies that can provide guides.",0.0,0.0,0.0,neutral,0,0.02399277128279209
2963,who wrote about peter rabbit and jemima puddle duck,Beatrix Potter,True,I don't know,0.0,0.0,1.0,neutral,0,0.23948992788791656,"The Tale of Jemima Puddle - Duck, the author uses the term "" duck's egg "".",0.0,0.0,1.0,contradiction,0,0.10602974146604538
2965,which disorder involves the retrograde passage of infected urine,Vesicoureteral reflux (VUR),True,egg,0.0,0.0,0.0,neutral,0,0.06314553320407867,egg.,0.0,0.0,0.0,neutral,0,0.030288580805063248
2966,who played kayla brady on days of our lives,Catherine Mary Stewart,True,I don't know,0.0,0.0,1.0,contradiction,0,0.23043346405029297,"Kayla Johnson /Th> /Tr> Tr> Td colspan=""2""> Mary Beth Evans as Kayla Brady /Th> /Tr> Tr> Th> Portrayed by ",0.0,0.09090909090909091,1.0,entailment,1,0.5185261964797974
2969,what is one of the greatest structural achievements of the bronze age,the corbelled arch,True,I don't know,0.0,0.0,0.0,contradiction,0,0.1048004999756813,"Billboard magazine in the issue dated August 4, 1958.",0.0,0.16666666666666666,0.0,entailment,1,0.8670920133590698
2970,who does chris hemsworth play in home and away,"Kimberly Jonathan ""Kim"" Hyde",True,I don't know,0.0,0.0,0.0,neutral,0,0.21261559426784515,Home and Away : Mayday /Th> /Th> /Th> /Th> /Th> /Th> /Th> /Th> /Th> /Th> /Th> ,0.0,0.0,0.0,entailment,1,0.4057161509990692
2976,how many episodes is season 6 of mindy project,10,True,I don't know,0.0,0.0,1.0,neutral,0,0.04454338923096657,"The Mindy Project was renewed for a sixth and final season, which premiered on September 12, 2017, and the final episode aired on November 14, 2017.",0.0,0.0,1.0,entailment,1,0.665875256061554
2978,when did to kill a mockingbird come out,1960,True,I don't know,0.0,0.0,1.0,contradiction,0,0.0741066262125969,"The poem was written in June 1922 at his house in Shaftsbury, Vermont.",0.0,0.0,1.0,neutral,0,0.011380945332348347
2981,who did ariel winter play in cloudy with a chance of meatballs,Various characters,True,I don't know,0.0,0.0,0.0,contradiction,0,0.16514118015766144,"The 40 - man roster includes the players on the 25 - man roster plus as many as 15 players who are either on the team's seven - or 10 - day disabled list, who are on paternity leave for up to three days.",0.0,0.0,0.0,contradiction,0,0.06803237646818161
2985,where is the carlsbad caverns national park located,Guadalupe Mountains of southeastern New Mexico,True,I don't know,0.0,0.0,0.0,neutral,0,0.1916010081768036,"The cave is located in Eddy County, New Mexico, U.S. /Td> /Tr> /Tr> Tr> Tr> Tr> Tr> Tr> T",0.0,0.16,0.0,entailment,1,0.8049499988555908
2986,who was playing during the las vegas shooting,Jason Aldean,True,I don't know,0.0,0.0,0.0,neutral,0,0.11194721609354019,"The Raiders'move to Las Vegas comes after years of failed efforts to renovate or replace the Oakland -- Alameda County Coliseum, which has been rated by multiple sources as one of the worst stadiums in the NFL.",0.0,0.0,0.0,neutral,0,0.0016115539474412799
2988,when did courage the cowardly dog stop airing,"November 22, 2002",True,Courage the Cowardly Dog,0.0,0.0,1.0,contradiction,0,0.25699201226234436,"Courage the Cowardly Dog /Th> /Th> /Tr> Tr> Td colspan=""2""> /Tr> Tr> Th> Genre /Th> T",0.0,0.0,1.0,contradiction,0,0.19842326641082764
2992,how many different species of mosquitoes are there,"Over 3,500",True,I don't know,0.0,0.0,0.0,neutral,0,0.035425569862127304,The sentence is true because the sentence is true.,0.0,0.0,0.0,contradiction,0,0.04736212641000748
2994,the back of the leg is called what,calf,True,I don't know,0.0,0.0,0.0,contradiction,0,0.04715156555175781,The fifth verse of the Gospel of Matthew in the New Testament.,0.0,0.0,0.0,contradiction,0,0.2926071584224701
2995,what is the name of our diocese in sydney,Armidale,True,I don't know,0.0,0.0,0.0,neutral,0,0.11408994346857071,Matthew 5 : 5.,0.0,0.0,0.0,contradiction,0,0.11103793233633041
2997,when was the last time rangers won the treble,2002–03,True,I don't know,0.0,0.0,0.0,neutral,0,0.050338637083768845,"The Giants' late - season rally and 2 - to - 1 - game playoff victory, capped by Thomson's moment of triumph, are collectively known in baseball lore as  The Miracle of Coogan's Bluff '', a",0.0,0.0,0.0,neutral,0,0.2811000943183899
