idx,question,gold,has_gold,pred_A,em_A,f1_A,hit@10_A,ent_label_A,ent_faith_A,ent_score_A,pred_B,em_B,f1_B,hit@10_B,ent_label_B,ent_faith_B,ent_score_B
0,when is the last episode of season 8 of the walking dead,"March 18, 2018",True,I don't know,0.0,0.0,0.0,contradiction,0,0.11653642356395721,The Walking Dead ( season 2) /Th> /Tr> /Tr> /Th> /Th> /Th> /Th> /Th> /Th> /Th> /Th> ,0.0,0.0,0.0,entailment,1,0.6973808407783508
1,in greek mythology who was the goddess of spring growth,"Persephone (/pərˈsɛfəni/; Greek: Περσεφόνη), also called Kore (/ˈkɔːriː/; ""the maiden"")",True,I don't know,0.0,0.0,0.0,contradiction,0,0.18433451652526855,Achilles is the son of the sea nymph.,0.0,0.11764705882352941,0.0,neutral,0,0.1382342427968979
2,benefits of colonial life for single celled organisms,,False,I don't know,,,,neutral,0,0.005157673731446266,Deoxyribonucleic acid ( / diks ),,,,neutral,0,0.004546540789306164
3,how many season of the man in the high castle,,False,Ochanda,,,,neutral,0,0.16506698727607727,The name originated in the Basque Country and means  wolf '' in the Basque language ( spelled otsoa or otxoa in Standard Basque ).,,,,neutral,0,0.18620146811008453
4,who was the first ministry head of state in nigeria,,False,Chief of Naval Staff,,,,neutral,0,0.06549334526062012,Chief of Naval Staff.,,,,neutral,0,0.04675067216157913
5,how many nominations does game of thrones have,,False,I don't know,,,,neutral,0,0.2829139530658722,"The first season of the series was released on July 16 ( 2017 - 07 - 16 ) -- August 27, 2017 ( 2017 - 08 - 27 ) /Td> /Tr> /Tr> /Tr> /",,,,contradiction,0,0.1479889154434204
6,what is the name of the most important jewish text,the Shulchan Aruch,True,I don't know,0.0,0.0,0.0,neutral,0,0.07940264046192169,"translators must revise errors as necessary and confirm that the translation is accurate, rather than simply copy - pasting machine - translated text into the English Wikipedia. /Li> Li> Do not translate text that appears unreliable or low - quality.",0.0,0.05,0.0,entailment,1,0.9585715532302856
7,until we meet again filipino soap episode 10,,False,I don't know,,,,contradiction,0,0.29447904229164124,"The original air date was May 3, 2011 ( 2011 - 05 - 03 ) /Td> /Tr> /Tr> /Tr> Tr> Th> Tr> Th> ",,,,neutral,0,0.007496765814721584
8,what is the name of spain's most famous soccer team,Real Madrid,True,I don't know,0.0,0.0,0.0,neutral,0,0.017978930845856667,NBA Finals is the championship series for the NBA and the conclusion of the postseason.,0.0,0.0,0.0,neutral,0,0.010107270441949368
9,when was the first robot used in surgery,1983,True,I don't know,0.0,0.0,0.0,neutral,0,0.18656185269355774,"The Marsh test is a highly sensitive method in the detection of arsenic, especially useful in the field of forensic toxicology when arsenic was used as a poison.",0.0,0.0,0.0,entailment,1,0.9717356562614441
10,who are the actors in fast and furious,,False,I don't know,,,,neutral,0,0.2627076208591461,The Turbo Charged Prelude for 2 Fast 2 Furious ( 2003 ) /Li> Li> Los Bandoleros ( 2009 ) /Li> /Li> /Li>,,,,neutral,0,0.3255375027656555
11,when does tom paris become a lieutenant again,,False,I don't know,,,,neutral,0,0.24193114042282104,"New Mexico resists Texas, applies to New Mexico, applies to New Mexico, applies to New Mexico, applies to New Mexico, applies to New Mexico, applies to New Mexico, applies to New Mexico, applies to New Mexico, applies to New Mexico, applies to New",,,,neutral,0,0.15448330342769623
12,who sang the song i'm a nut,,False,I don't know,,,,neutral,0,0.08870445936918259,"The child questions the accusation,",,,,neutral,0,0.17278368771076202
13,who sings the song i don't care i love it,Icona Pop and Charli XCX,True,I don't know,0.0,0.0,0.0,neutral,0,0.17921778559684753,The song was written by Homer Banks and Bettye Crutcher.,0.0,0.13333333333333333,0.0,contradiction,0,0.009022409096360207
14,what does the key to the city entitle you to,,False,I don't know,,,,neutral,0,0.3433411717414856,It does not adequately sum up the content of this article. Please consider expanding the lead to provide an accessible overview of all important aspects of the article. Please discuss this issue on the article's talk page.,,,,entailment,1,0.9786336421966553
15,when did fast and furious 5 come out,,False,I don't know,,,,neutral,0,0.2627076208591461,The Turbo Charged Prelude for 2 Fast 2 Furious ( 2003 ) /Li> Li> Los Bandoleros ( 2009 ) /Li> /Li> /Li>,,,,neutral,0,0.3255375027656555
16,who are uncle owen and aunt beru related to,Shmi,True,I don't know,0.0,0.0,0.0,neutral,0,0.2541215121746063,The person becomes a survivor after completing treatment.,0.0,0.0,0.0,neutral,0,0.013342253863811493
17,when the clear air act was revised in 1990 it gave states,,False,I don't know,,,,contradiction,0,0.003954633604735136,The Clean Air Act of 1963 /Td> /Tr> /Tr> /Tr> /Tr> /Tr> Th> Enacted by /Th> Td> the 88th United,,,,contradiction,0,0.005731231067329645
18,what is sauce for the goose is sauce for the gander examples,,False,I don't know,,,,neutral,0,0.14005522429943085,The endosperm is the tissue produced inside the seeds of most of the flowering plants following fertilization.,,,,entailment,1,0.9844380021095276
19,where is zimbabwe located in the world map,"in southern Africa, between the Zambezi and Limpopo Rivers, bordered by South Africa, Botswana, Zambia and Mozambique",True,I don't know,0.0,0.0,0.0,neutral,0,0.017630398273468018,"The headwaters of the Cedar River are located in Dodge County, Minnesota, consisting of a west fork and middle fork approximately three miles northeast of the town of Blooming Prairie, and an east fork approximately one mile south of the town of Hayfield.",0.0,0.16666666666666666,0.0,entailment,1,0.6717451214790344
20,100 acres is equal to how many hectares,1 square hectometre (hm2),True,electrolytes ( salts in solution) in the various body fluids,0.0,0.0,0.0,neutral,0,0.15646828711032867,The basic principle of fluid balance is that the amount of water lost from the body must equal the amount of water.,0.0,0.0,0.0,neutral,0,0.05533498153090477
21,who has won a calendar grand slam in tennis,,False,I don't know,,,,neutral,0,0.12473317235708237,"The All England Lawn Tennis and Croquet Club, also known as the All England Club, based at Church Road, Wimbledon, London, England, is a private members'club.",,,,neutral,0,0.05675116553902626
22,where was donovan mitchell picked in the draft,13th,True,I don't know,0.0,0.0,0.0,entailment,1,0.7341489195823669,"The series was officially picked up on May 6, 2015, and received a full season order on November 30, 2015.",0.0,0.0,0.0,neutral,0,0.0470287911593914
23,list of food and beverage companies in the philippines,,False,I don't know,,,,neutral,0,0.028673488646745682,The following is a list of companies that sell ready - to - assemble furniture.,,,,neutral,0,0.3041844069957733
24,where does british airways fly to in south america,,False,I don't know) are not correct.,,,,contradiction,0,0.10571448504924774,) are arbitrary.,,,,neutral,0,0.10588706284761429
25,what is the enthalpy of formation of cao(s),,False,I don't know,,,,contradiction,0,0.020244700834155083,Xanthophylls are yellow pigments that occur widely in nature and form one of two major divisions of the yellow pigments,,,,neutral,0,0.14640580117702484
26,where did the beatles final live performance take place,the roof of the headquarters of the band's multimedia corporation Apple Corps at 3 Savile Row,True,I don't know,0.0,0.0,0.0,neutral,0,0.027941595762968063,"The field grew from eight teams in the beginning to sixty - five teams by 2001 ; as of 2011, sixty five teams",0.0,0.16216216216216214,0.0,neutral,0,0.0038951991591602564
27,who is the president of costa rica 2017,Luis Guillermo Solís Rivera,True,I don't know,0.0,0.0,0.0,contradiction,0,0.16036725044250488,Luis Guillermo Sols /Th> /Tr> /Tr> /Tr> /Tr> /Tr> /Tr> /Tr> /Tr> ,0.0,0.375,0.0,entailment,1,0.6372531652450562
28,describe charlemagne in the epic the song of roland,,False,I don't know,,,,neutral,0,0.18899957835674286,databases.,,,,neutral,0,0.17626811563968658
29,when did power rangers tv show come out,"August 28, 1993",True,Power Rangers : The Movie,0.0,0.0,0.0,entailment,1,0.6157565712928772,Morphin Power Rangers : The Movie Turbo : A Power Rangers Movie,0.0,0.0,0.0,contradiction,0,0.2784056067466736
30,inheritance of the a b o blood groups is an example of,,False,I don't know,,,,neutral,0,0.221114844083786,"The ABO blood group system is used to denote the presence of one, both, or neither of the A and B antigens on erythrocytes.",,,,entailment,1,0.972269594669342
31,how many beverly hills cops movies are there,three,True,I don't know,0.0,0.0,1.0,neutral,0,0.019912581890821457,"The meaning of the word "" national consciousness "" is that it is a shared sense of national identity ; that is, it is a shared sense of national identity.",0.0,0.0,1.0,neutral,0,0.15250957012176514
32,who holds the most women's wimbledon titles,Martina Navratilova,True,NBA championships,0.0,0.0,1.0,contradiction,0,0.013572344556450844,"NBA championships, NBA championships, NBA championships, NBA championships, NBA championships, NBA championships, NBA championships, NBA championships, NBA championships, NBA championships, NBA championships, NBA championships, NBA championships ",0.0,0.0,1.0,contradiction,0,0.005057935137301683
33,what does a dualist way of thinking mean,,False,I don't know,,,,neutral,0,0.0639842078089714,The MBTI was constructed by Katharine Cook Briggs and her daughter Isabel Briggs Myers.,,,,neutral,0,0.03496866673231125
34,where does jinx you owe me a coke come from,Jinx is a children's game with varying rules and penalties that occur when two people unintentionally speak the same word or phrase simultaneously,True,I don't know,0.0,0.0,0.0,neutral,0,0.156317338347435,The Supremes ),0.0,0.08,0.0,entailment,1,0.5777339339256287
35,do yahoo email addresses end in com or net,,False,I don't know,,,,contradiction,0,0.1590801626443863,/Td> /Tr> /Tr> /Tr> /Tr> /Tr> /Tr> /Tr> /Tr> /Tr> /T,,,,contradiction,0,0.12424340099096298
36,who's making love to your old lady,,False,I don't know,,,,neutral,0,0.20006510615348816,The song I'm Trying was written by Johnnie Taylor.,,,,entailment,1,0.9649511575698853
37,athletes who have won dancing with the stars,,False,I don't know,,,,neutral,0,0.11304477602243423,He holds the record for the most NBA championships won with 11 titles during his 13 - year playing career.,,,,contradiction,0,0.03817372769117355
38,equation for the velocity of an object in motion at constant acceleration,,False,proportional to the mass of the object,,,,neutral,0,0.11496087163686752,The Coriolis force acts in a direction perpendicular to the rotation axis and to the velocity of the body in the rotating frame and is proportional to the mass of the object.,,,,neutral,0,0.13991834223270416
39,where does the last name hickey come from,Irish origin,True,I don't know,0.0,0.0,1.0,contradiction,0,0.15057320892810822,"The sentence "" Atomism "" means "" uncuttable "".",0.0,0.0,1.0,entailment,1,0.335949182510376
40,when does maggie come on grey's anatomy,,False,Grey's Anatomy,,,,entailment,1,0.4343211054801941,"Maggie Pierce /Tr> /Tr> /Tr> Tr> Td colspan=""2""> Maggie Pierce /Tr> /Tr> Tr> Tr> Tr",,,,contradiction,0,0.35845717787742615
41,the rembrandts i'll be there for you album,,False,I don't know,,,,neutral,0,0.33796682953834534,"The single was released on May 27, 1997 /Tr> /Tr> Tr> Th> Th>  We 'll Always Love Big Poppa '' /Li> Li> C",,,,entailment,1,0.9071794152259827
42,where do lie bumps come from on your tongue,,False,I don't know,,,,neutral,0,0.17953749001026154,You Can Lie to Me Tonight '' /Td> /Tr> /Tr> /Tr> Th> B - side /Tr> Th>  You Can Lie to Me Tonight '',,,,entailment,1,0.5773714780807495
43,where is the greatest royal rumble taking place,"Jeddah, Saudi Arabia",True,I don't know,0.0,0.0,1.0,neutral,0,0.1744142323732376,The WWE Network event chronology is a chronology of WWE events.,0.0,0.0,1.0,entailment,1,0.6843938231468201
44,who sang my name is tallulah in bugsy malone,"Louise ""Liberty"" Williams",True,I don't know,0.0,0.0,0.0,neutral,0,0.14969223737716675,The Black Knight.,0.0,0.0,0.0,entailment,1,0.7066320180892944
45,a property tax bill is an example of,,False,I don't know,,,,neutral,0,0.21807190775871277,The United States of America /Th> /Th> /Tr> /Tr> /Tr> /Tr> /Tr> /Tr> /Tr> /Tr> ,,,,entailment,1,0.7610466480255127
46,when did the volcano erupt in indonesia 2018,,False,I don't know,,,,neutral,0,0.009840122424066067,The AIFF was formed in 1937.,,,,neutral,0,0.005411291029304266
47,income elasticity of demand for normal good is always,,False,law of demand,,,,neutral,0,0.3213615417480469,"The law of demand states that if the price of a good increases (  ), quantity demanded decreases (  ) ; conversely, as the price of a good decreases (  ) ; quantity demanded increases (  )",,,,neutral,0,0.1338949054479599
48,what is andy's sisters name in toy story,Molly,True,I don't know,0.0,0.0,0.0,contradiction,0,0.06842055916786194,The originals is an American supernatural drama television series created by Julie Plec for The CW.,0.0,0.0,0.0,neutral,0,0.09070170670747757
49,who sings with shaggy on it wasn me,English-Jamaican singer Rikrok,True,I don't know,0.0,0.0,0.0,neutral,0,0.2523895502090454,"Shaggy /Th> /Tr> Tr> Td colspan=""2""> /Tr> /Tr> Tr> Th colspan=""2""> Single by Shaggy /Th",0.0,0.0,0.0,entailment,1,0.5983932614326477
50,when was the cat of nine tails last used,,False,I don't know,,,,neutral,0,0.3837026059627533,The Montreal Canadiens have won the Stanley Cup 24 times and made the finals an additional ten times.,,,,neutral,0,0.001228457666002214
51,what is the largest catholic high school in america,St. Francis Preparatory School,True,I don't know,0.0,0.0,0.0,neutral,0,0.09007739275693893,"The ties between the United States and most of Latin America are generally cordial, but there remain areas of tension between the two sides.",0.0,0.0,0.0,neutral,0,0.024010779336094856
52,who established the peoples republic of china in 1949,Mao Zedong,True,Empire of Japan,0.0,0.0,0.0,entailment,1,0.4982996881008148,The Imperial Seal was a symbol of Japan during the Allied occupation of Japan.,0.0,0.0,0.0,entailment,1,0.7316758632659912
53,where do clouds form when there is a cold front,,False,I don't know,,,,neutral,0,0.2020891159772873,"The Cold War was a state of geopolitical tension after World War II between powers in the Eastern Bloc ( the Soviet Union and its satellite states ) and powers in the Western Bloc ( the United States, its NATO allies and others and others and others and others and others and others and",,,,entailment,1,0.43228474259376526
54,who sang take that look off your face,Marti Webb,True,I don't know,0.0,0.0,1.0,neutral,0,0.20843525230884552,The song was written by Marti Webb and Don Black.,0.0,0.33333333333333337,1.0,neutral,0,0.012457636184990406
55,who plays percy in the lost city of z,Charlie Hunnam,True,I don't know,0.0,0.0,0.0,contradiction,0,0.041705403476953506,The Theatre,0.0,0.0,0.0,entailment,1,0.3956010043621063
56,where did meredith grey go instead of dc,,False,I don't know,,,,contradiction,0,0.15955780446529388,"The Supremes /Th> /Th> Tr> Th colspan=""2""> /Tr> Tr> Td colspan=""2""> /Tr> /Tr> ",,,,contradiction,0,0.37745702266693115
57,is stone cold steve austin in the longest yard,,False,I don't know,,,,contradiction,0,0.15530213713645935,The Longest Yard /Th> /Th> /Th> /Th> /Th> /Th> /Th> /Th> /Th> /Th> /Tr> /Th,,,,entailment,1,0.6140313148498535
58,who plays the first lady on house of cards,Joanna C. Going,True,I don't know,0.0,0.0,0.0,contradiction,0,0.15836721658706665,"The title of the episode titled "" President of the United States /Td> /Tr> /Tr> /Tr> /Tr> /Tr> /Tr> /Tr> /",0.0,0.0,0.0,neutral,0,0.0064392550848424435
59,can't take my eyes off you lyrics meaning,,False,I don't know,,,,contradiction,0,0.19720065593719482,"Frankie Valli /Tr> /Tr> Tr> Th colspan=""2"">  Can't Take My Eyes Off You '' /Th> /Tr> Tr>",,,,entailment,1,0.6742796897888184
60,what are the parts of the finger called,,False,Matthew 5:5,,,,neutral,0,0.2829867899417877,Matthew 5: 5 is the fifth verse of the fifth.,,,,neutral,0,0.24330395460128784
61,better than i've ever been dj premier remix,,False,I don't know,,,,contradiction,0,0.26023831963539124,/P>,,,,contradiction,0,0.3623329699039459
62,who sang cant take my eyes off of you,,False,I don't know,,,,contradiction,0,0.19720065593719482,"Frankie Valli /Tr> /Tr> Tr> Th colspan=""2"">  Can't Take My Eyes Off You '' /Th> /Tr> Tr>",,,,entailment,1,0.6742796897888184
63,what is the meaning of the word midian,,False,I don't know,,,,contradiction,0,0.07003708183765411,"The word xylem is derived from the Greek word  ( xylon ), meaning  wood ''.",,,,contradiction,0,0.08582305163145065
64,who invented the use of electricity during the industrial revolution,,False,I don't know,,,,neutral,0,0.06910856068134308,"The Scientific Revolution was a series of events that marked the emergence of modern science during the early modern period, when developments in mathematics, physics, astronomy,",,,,contradiction,0,0.04044177383184433
65,who owns st andrews golf course in scotland,The St Andrews Links Trust,True,I don't know,0.0,0.0,0.0,contradiction,0,0.14890681207180023,The Old Course Tr> Tr> Tr> Th> coordinates /Th> 56 ° 20 ′ 35 '' N 2 ° 48 ′ 11 '' W / 56.343 ° N 2.803 °,0.0,0.08000000000000002,0.0,entailment,1,0.8583596348762512
66,the noble gas in the same period as germanium,,False,I don't know,,,,neutral,0,0.0814104676246643,Blood gas tension refers to the partial pressure of gases in blood.,,,,neutral,0,0.19038179516792297
67,at the center of the storm george tenet,,False,I don't know,,,,contradiction,0,0.16585400700569153,"The book was published in hardcover on April 30, 2007 and has 576 pages and 576 pages of pages.",,,,neutral,0,0.036966461688280106
68,which city and state hosts the annual college world series,"Omaha, Nebraska",True,Earth,0.0,0.0,0.0,neutral,0,0.009058769792318344,"The State of the Union Address is an annual message presented by the President of the United States to a joint session of the United States Congress, except in the first year of a new president's term.",0.0,0.0,0.0,neutral,0,0.004646075423806906
69,who is ted talking about in how i met your mother,Tracy McConnell,True,I don't know,0.0,0.0,1.0,contradiction,0,0.26613903045654297,The Mother appearing in  The Locket /Td> /Tr> Tr> Tr> Th> First appearance /Th> Td>  Lucky Penny ( unseen ) /Td,0.0,0.0,1.0,contradiction,0,0.1818726509809494
70,who played the baby in the blue lagoon,,False,I don't know,,,,neutral,0,0.10859543830156326,The Goats.,,,,neutral,0,0.06525857001543045
71,the period of european history between ancient and modern eras,,False,Europe,,,,neutral,0,0.16968505084514618,European Union.,,,,neutral,0,0.16332289576530457
72,when does grey's anatomy season 14 premiere,"September 28, 2017",True,I don't know,0.0,0.0,1.0,contradiction,0,0.23095132410526276,The thirteenth season of Grey's Anatomy /Td> /Tr> /Tr> Tr> Tr> Tr> Tr> Tr> Tr> Tr,0.0,0.0,1.0,entailment,1,0.8078404664993286
73,the partial pressure of carbon dioxide in arterial blood is approximately,at sea level (765 mmHg) in arterial blood is between 35 mmHg and 45 mmHg,True,I don't know,0.0,0.0,0.0,contradiction,0,0.10530539602041245,Industrial Revolution,0.0,0.0,0.0,neutral,0,0.15485242009162903
74,what kind of music is scott joplin most famous for,,False,I don't know,,,,contradiction,0,0.1471138745546341,Scott Joplin /Th> /Th> /Th> /Th> /Th> /Th> /Th> /Th> /Th> /Th> /Th> /Th> ,,,,entailment,1,0.6730090975761414
75,cast of star trek the next generation the perfect mate,,False,I don't know,,,,contradiction,0,0.15897683799266815,The make up designed for Famke Janssen as Kamala was later used on Terry Farrell in Star Trek : Deep Space Nine /Td> /Th> /Tr> Tr> Th> Episode no. /Th>,,,,entailment,1,0.6834559440612793
76,what was uncle jesse's original last name on full house,Cochran,True,I don't know,0.0,0.0,0.0,contradiction,0,0.13347862660884857,The show was renewed for a fourth season.,0.0,0.0,0.0,entailment,1,0.9476199150085449
77,map of gulf of mexico and atlantic ocean,,False,I don't know,,,,contradiction,0,0.1715170294046402,The United States and Mexico are the largest countries in the Gulf of Mexico.,,,,neutral,0,0.007536384277045727
78,who pays the judgements on the judge mathis show,Greg Mathis,True,I don't know,0.0,0.0,0.0,neutral,0,0.06385689973831177,The Wonderful World of Make Believe is a list of episodes of the American comedy series Blue Mountain State.,0.0,0.0,0.0,contradiction,0,0.13129466772079468
79,who made up the elf on the shelf,Chanda Bell,True,I don't know,0.0,0.0,1.0,neutral,0,0.12938863039016724,"From 1998 to 2000 and since 2015, it was reverted to five but only up to the second runner - up was awarded ( regardless if the pageant post-announces the placements of the other 2 delegates who made it to the Top 5 ).",0.0,0.0,1.0,neutral,0,0.013962856493890285
80,dale carnegie how to win and influence friends pdf,,False,I don't know,,,,contradiction,0,0.1650327742099762,The escape velocity is the distance from the escape velocity of a combustible object.,,,,entailment,1,0.3890779912471771
81,does an american president have to be born in the united states,,False,I don't know,,,,neutral,0,0.019646231085062027,"Armando Quintanilla ( born 1968 ), Mexican long - distance runner",,,,neutral,0,0.02831973321735859
82,who warned concord that the british were coming,Samuel Prescott,True,I don't know,0.0,0.0,1.0,neutral,0,0.1391402781009674,"The remembrance poppy is an artificial flower that has been used since 1921 to commemorate military personnel who have died in war, and represents a common or field poppy, Papaver rhoeas.",0.0,0.0,1.0,entailment,1,0.7508549094200134
83,who lasted the longest on alone season 2,David McIntyre,True,I don't know,0.0,0.0,0.0,neutral,0,0.010295460000634193,The season was a regular season.,0.0,0.0,0.0,neutral,0,0.08705095201730728
84,for an asset to be considered money it must be,,False,I don't know,,,,neutral,0,0.18601159751415253,black dress,,,,neutral,0,0.16796831786632538
85,vienna general hospital - medical university campus wien austria,,False,I don't know,,,,contradiction,0,0.12713125348091125,The University of Vienna Tr> Tr> Tr> Tr> Tr> Th> Type /Th> Td> Public /Th> /Th> Th> Established /Th,,,,entailment,1,0.8036909699440002
86,the boy in robin hood prince of thieves,,False,I don't know,,,,neutral,0,0.014280775561928749,Whipping boy was a common punishment of tutors at that time.,,,,neutral,0,0.402602881193161
87,which is another name for a client operating system,,False,Reflection coatings exhibit low reflection over some range of wavelengths,,,,neutral,0,0.023824244737625122,Reflection coatings exhibit low reflection over some range of wavelengths.,,,,neutral,0,0.12493127584457397
88,where is the us military base in japan,"Yokota Air Base, Fussa, Western Tokyo",True,I don't know,0.0,0.0,1.0,contradiction,0,0.1827121526002884,"The Pentagon is located in Arlington County, Virginia.",0.0,0.0,1.0,neutral,0,0.005617173854261637
89,who determines the size of the supreme court,Congress,True,I don't know,0.0,0.0,1.0,contradiction,0,0.3056687116622925,The current members of the Supreme Court of the United States /Th> /Th> /Tr> Tr> Tr> Td> Dl> Dt> Chief Justice /Dt> Dd,0.0,0.0,1.0,entailment,1,0.9546589255332947
90,who is the actor that plays lucifer on tv,Thomas John Ellis,True,I don't know,0.0,0.0,0.0,neutral,0,0.25950026512145996,The Dumping Ground.,0.0,0.0,0.0,neutral,0,0.21496464312076569
91,when did darth maul die in star wars,,False,Star Wars: Episode I -- The Phantom Menace,,,,contradiction,0,0.15297044813632965,Star Wars : Episode I -- The Phantom Menace ) /Li> Li> Li> Li> Li> Tr> Tr> Tr> Tr> Tr>,,,,entailment,1,0.44183385372161865
92,who has been the richest person in the world,,False,I don't know,,,,neutral,0,0.1346493661403656,"The United States is one of only two common law jurisdictions in the world, along with Liberia, that continues to use the grand jury to screen criminal indictments.",,,,neutral,0,0.04242745786905289
93,when was the last time liverpool won first 5 games,,False,I don't know,,,,neutral,0,0.1320311278104782,The first player to win 300 games was Pud Galvin in 1888.,,,,neutral,0,0.01278733927756548
94,don henley you'll never make love in this town again,,False,to say it,,,,neutral,0,0.04638327285647392,say it,,,,neutral,0,0.18574950098991394
95,which of the following can increase the heat island effect in urban areas,,False,UHI,,,,neutral,0,0.3618873953819275,UHI.,,,,neutral,0,0.26756346225738525
96,who designed the national coat of arms of south africa,Iaan Bekker,True,I don't know,0.0,0.0,0.0,contradiction,0,0.18771231174468994,"The Coat of arms of the Republic of South Africa /Th> /Tr> Tr> Td colspan=""2""> /Tr> /Tr> /Tr> /Tr> ",0.0,0.0,0.0,entailment,1,0.8103969097137451
97,who was gails most recent husband in coronation street,,False,I don't know,,,,contradiction,0,0.1736149936914444,Gail McIntyre,,,,entailment,1,0.6787872910499573
98,when does model code of conduct come into force,immediately on announcement of the election schedule by the commission,True,MVC design pattern has been used.,0.0,0.0,0.0,neutral,0,0.084851935505867,"The EU's predecessor, the European Economic Community, was founded with the Inner Six member states in 1958.",0.0,0.14814814814814817,0.0,neutral,0,0.07343825697898865
99,when did the dolan twins post their first youtube video,,False,I don't know,,,,contradiction,0,0.20024068653583527,Logan Paul /Tr> /Tr> /Tr> /Tr> /Tr> /Tr> /Tr> /Tr> /Tr> /Tr> ,,,,neutral,0,0.05581344664096832
100,what does it mean when u have a lot of saliva,,False,I don't know,,,,neutral,0,0.2543708384037018,"The sentence ""to be flogged by proxy was the exclusive privilege of royal blood... It was much coveted for the children of the poorer gentry, as the first step in the ladder of preferment """" is true.",,,,neutral,0,0.10030053555965424
101,where does st elmo's fire take place,,False,I don't know,,,,neutral,0,0.18872876465320587,dispense with water.,,,,neutral,0,0.26396235823631287
102,who sings the song i ain't got nobody,,False,Cookie Jar Song,,,,neutral,0,0.09332362562417984,The Cookie Jar Song is a sing along and game of children's music.,,,,neutral,0,0.03604337200522423
103,what is the chemical formula for sodium bicarbonate,,False,I don't know,,,,neutral,0,0.0800347775220871,P> Table> Sodium bicarbonate Tr> /Tr> /Tr> /Tr> /Tr> /Tr> /Tr> /Tr> /T,,,,neutral,0,0.4045570492744446
104,where did the term sixes and sevens come from,,False,Love Go,,,,neutral,0,0.33401596546173096,The song Where Did Our Love Go.,,,,contradiction,0,0.07480999082326889
105,what was the benefit of allied forces taking control of north africa,,False,I don't know,,,,neutral,0,0.020071301609277725,The passage is a table of events.,,,,neutral,0,0.05284513160586357
106,when was the universal law of gravitation discovered,,False,Inge Lehmann,,,,contradiction,0,0.12765975296497345,"The Earth was discovered to have a solid inner core distinct from its liquid outer core in 1936, by the Danish seismologist Inge Lehmann, who deduced its presence by studying seismograms from earthquakes in New Zealand.",,,,contradiction,0,0.01176808588206768
107,what is the central contention of andrew carnegie's the gospel of wealth,,False,I don't know,,,,contradiction,0,0.0763411670923233,The Lord's Prayer.,,,,entailment,1,0.6115567088127136
108,where are brine shrimp found in the wild,,False,I don't know,,,,contradiction,0,0.25117698311805725,The electron transport chain is located in the cell membrane.,,,,entailment,1,0.9763430953025818
109,who played ron's sister in harry potter,,False,I don't know,,,,contradiction,0,0.18906427919864655,Lord Voldemort /Th> /Th> /Th> /Th> /Th> /Th> /Th> /Th> /Th> /Th> /Th> /Th,,,,contradiction,0,0.03352505713701248
110,now that's what i call music 17 songs,,False,I don't know,,,,contradiction,0,0.2181774526834488,"The Shrek Soundtracks are a collection of soundtracks from all four movies of the Shrek series, including separate editions for the movie score.",,,,entailment,1,0.7863795757293701
111,when did now thats what i call music come out,28 November 1983,True,I don't know,0.0,0.0,0.0,neutral,0,0.1725672334432602,"The focus was primarily on Klaus ( Joseph Morgan ), Elijah ( Daniel Gillies ), and Rebekah ( Claire Holt ) who found out in the backdoor pilot, aired on April 25, 2013, how Hayley Marshall ( Pho",0.0,0.0,0.0,contradiction,0,0.03971138596534729
112,match each animal with the best description of their migratory behavior,,False,Frederick the Great,,,,neutral,0,0.1692505031824112,Frederick the Great of Frederick the Great.,,,,neutral,0,0.29150137305259705
113,where is the 2018 grey cup being played,"The Brick Field at Commonwealth Stadium in Edmonton, Alberta",True,I don't know,0.0,0.0,0.0,contradiction,0,0.23796440660953522,American.,0.0,0.0,0.0,contradiction,0,0.04764697700738907
114,what goods does the us trade with canada,,False,America,,,,neutral,0,0.34867018461227417,The British suspended their policy of impressment of American sailors.,,,,contradiction,0,0.03502088412642479
115,how old do you have to be to get a tattoo in utah,,False,I don't know,,,,neutral,0,0.25473132729530334,The song was first performed in Annie Get Your Gun by Ethel Merman and Ray Middleton.,,,,entailment,1,0.9736073613166809
116,where did the band bastille get their name,Bastille Day,True,carotenoid group,0.0,0.0,0.0,neutral,0,0.06122897192835808,"The name is from Greek xanthos ( ,  yellow '' ) and phyllon ( ,  leaf '' ), due to their formation of the yellow pigments",0.0,0.0,0.0,neutral,0,0.00454669026657939
117,where is arkansas river located on a map,"The Arkansas River flows through Colorado, Kansas, Oklahoma, and Arkansas, and its watershed also drains parts of Texas, New Mexico and Missouri.",True,I don't know,0.0,0.0,1.0,contradiction,0,0.1488589346408844,Cedar River,0.0,0.08333333333333334,1.0,entailment,1,0.5362709760665894
118,who plays nicholas in the princess diaries 2,Chris Pine,True,I don't know,0.0,0.0,0.0,neutral,0,0.009578995406627655,/Tr> P>,0.0,0.0,0.0,neutral,0,0.009500047191977501
119,what is the population of st. john's newfoundland,,False,I don't know,,,,neutral,0,0.1030622199177742,The coordinates of St. John's are 47 ° 33 ′ 41 '' N.,,,,neutral,0,0.05554569512605667
120,the hornet the great book of nature in hindi,,False,54,,,,contradiction,0,0.17862099409103394,The running time of the film is 54 minutes.,,,,neutral,0,0.006216999609023333
121,where is krishna river located on a map,,False,I don't know,,,,neutral,0,0.017630398273468018,The Nile Delta is located in Northern Egypt.,,,,neutral,0,0.021884769201278687
122,the p-wave phase of an electrocardiogram (ecg) represents,atrial depolarization,True,I don't know,0.0,0.0,1.0,entailment,1,0.8601085543632507,The confidence level represents the frequency (,0.0,0.0,1.0,entailment,1,0.4132109582424164
123,when did star trek the next generation first air,"September 28, 1987",True,I don't know,0.0,0.0,1.0,contradiction,0,0.22882625460624695,"/Th> /Tr> Th colspan=""2"">  Suddenly Human '' /Th> /Tr> Tr> Tr> Th> Episode no. /Th> ",0.0,0.0,1.0,contradiction,0,0.34097564220428467
124,music that centers around one main note of the major or minor scale is called,,False,I don't know,,,,contradiction,0,0.07229059189558029,"The sentence ""DNA"" is a synonym for ""RNA "".",,,,neutral,0,0.21216550469398499
125,who are muckrakers and what did they do,,False,I don't know,,,,neutral,0,0.3159080743789673,The term muggle is a term used to refer to a person born to a magical parent.,,,,neutral,0,0.4355946183204651
126,is pipa from home and away in neighbours,,False,opponent,,,,contradiction,0,0.0957818552851677,The lateral pass is a lateral pass.,,,,contradiction,0,0.1705189198255539
127,why was the civil rights act of 1866 made into an amendment to the constitution,,False,I don't know,,,,neutral,0,0.19577723741531372,/Td> /Tr> /Tr> /Tr> /Tr> /Tr> /Tr> /Tr> /Tr> /Tr> /T,,,,entailment,1,0.5485943555831909
128,joy beautiful spark of the gods daughter of elysium,,False,I don't know,,,,contradiction,0,0.11911953240633011,Hera).,,,,entailment,1,0.422708660364151
129,when does project runway show at fashion week,,False,I don't know,,,,neutral,0,0.1561083197593689,The country of origin /Th> Td> United States /Td> /Tr> P> is the United States.,,,,neutral,0,0.3902556002140045
130,what is the original route of the orient express,,False,I don't know,,,,neutral,0,0.07102648168802261,The term '' cracker '' was in use during the Elizabethan era to describe braggarts.,,,,neutral,0,0.011840024963021278
131,who does rip van winkle ask for when he returns to the village,,False,King Arthur,,,,neutral,0,0.03671606630086899,The Black Knight is a fictional character who appears in a scene of the film Monty Python and the Holy Grail.,,,,contradiction,0,0.08181490004062653
132,who sang the most wonderful summer of my life,Jackie Ward,True,I don't know,0.0,0.0,0.0,contradiction,0,0.2519533634185791,The studio album by Johnny Mathis /Th> /Th> /Th> /Th> /Th> /Th> /Th> Released /Th> /Th> /Th> /Tr,0.0,0.0,0.0,entailment,1,0.9509999752044678
133,who does the voice of shaggy on scooby doo,,False,I don't know,,,,neutral,0,0.16123361885547638,The Black Knight is a fictional character who appears in a scene of the film Monty Python and the Holy Grail.,,,,entailment,1,0.9730912446975708
134,where were deep-sea hydrothermal vents first discovered 25 years ago,,False,I don't know,,,,contradiction,0,0.24605637788772583,The history of North America encompasses the past developments of people populating the continent of North America.,,,,neutral,0,0.48300158977508545
135,who was the first president to get his picture taken,,False,I don't know,,,,neutral,0,0.03429630398750305,The governor is the constitutional head of each of the twenty - nine states.,,,,contradiction,0,0.06268351525068283
136,who was the gospel of john written to,,False,London,,,,neutral,0,0.06530415266752243,London.,,,,neutral,0,0.040162671357393265
137,how many oscars did on golden pond win,three,True,I don't know,0.0,0.0,1.0,contradiction,0,0.13287973403930664,"On Golden Pond /Th> /Th> /Tr> Tr> Td colspan=""2""> Movie poster by Bill Gold /Th> /Th> /Tr> Tr> T",0.0,0.0,1.0,entailment,1,0.5995727777481079
138,when did they figure out that yeast made bread rise,,False,yeast,,,,neutral,0,0.10115517675876617,yeast.,,,,neutral,0,0.029309643432497978
139,who won season 4 of america's got talent,Kevin Skinner,True,I don't know,0.0,0.0,1.0,contradiction,0,0.24512879550457,The Sacred Riana /Th> /Th> /Th> /Th> /Th> /Th> /Th> /Th> /Th> /Th> /Th> /Th,0.0,0.0,1.0,entailment,1,0.7611809372901917
140,how many episodes on queen of the south season 1,13,True,I don't know,0.0,0.0,1.0,contradiction,0,0.05465874448418617,"The first season aired from August 29, 2005 to May 15, 2006, with a four - month break after Thanksgiving.",0.0,0.0,1.0,contradiction,0,0.12626062333583832
141,who has climbed the great wall of china,,False,I don't know,,,,neutral,0,0.18178799748420715,The Great Wall of China at Jinshanling is a map of the Great Wall of China at Jinshanling.,,,,neutral,0,0.3416619896888733
142,who led the various reform movements of the 19th century,,False,Western Christian culture,,,,contradiction,0,0.04203325882554054,Christian figure.,,,,contradiction,0,0.05552908405661583
143,who is the existing prime minister of pakistan,Imran Khan,True,I don't know,0.0,0.0,0.0,neutral,0,0.10666010528802872,The Prime Minister of India is the chief executive of the Government of India.,0.0,0.0,0.0,entailment,1,0.9836142063140869
144,who is known as the father of texas,Stephen Fuller Austin,True,I don't know,0.0,0.0,1.0,neutral,0,0.035849664360284805,muggle is known as a squib.,0.0,0.0,1.0,contradiction,0,0.08896924555301666
145,properties of red black tree in data structure,,False,I don't know,,,,contradiction,0,0.17635871469974518,The Red -- black tree /Th> /Th> /Th> Tr> Th> Tr> Th> Type /Th> Td> tree /Th> /Th> Invented,,,,entailment,1,0.5898961424827576
146,what is the orange stuff on my sushi,tobiko,True,I don't know,0.0,0.0,0.0,neutral,0,0.1892148107290268,"The album Deep Thoughts from a Shallow Mind was released on January 9, 1995.",0.0,0.0,0.0,neutral,0,0.0022605983540415764
147,what is a co op building in nyc,,False,Op. 5,,,,neutral,0,0.08993009477853775,Op. 5,,,,neutral,0,0.08993009477853775
148,what is the proximal attachment of the gastrocnemius,,False,I don't know,,,,contradiction,0,0.1406516581773758,"The series is part of what has become known as the DC animated universe, which consists of eight animated television shows and four animated films, largely surrounding DC Comics characters and their respective mythos.",,,,neutral,0,0.12488431483507156
149,when did nsw last won a state of origin series,2018,True,NCAA was ruled by the National Association of Basketball Coaches,0.0,0.0,1.0,contradiction,0,0.10838306695222855,The National Association of Basketball Coaches was the governing body of the NCAA Tournament.,0.0,0.0,1.0,neutral,0,0.07807563990354538
150,when does life is strange before the storm part 2,October 2017,True,I don't know,0.0,0.0,1.0,contradiction,0,0.20547565817832947,"Th colspan=""2""> Life Is Strange : Before the Storm /Th> /Tr> Tr> Td colspan=""2""> /Tr> /Tr> Tr> ",0.0,0.0,1.0,entailment,1,0.7438646554946899
151,what is the rocking horse winner by dh lawrence about,,False,New Hampshire,,,,neutral,0,0.025652660056948662,New Hampshire,,,,neutral,0,0.025652660056948662
152,where is sodom and gomorrah located in the bible,on the Jordan River plain in the southern region of the land of Canaan,True,re,0.0,0.0,1.0,contradiction,0,0.10647092014551163,The source of energy is redox.,0.0,0.2,1.0,contradiction,0,0.07509379088878632
153,what is the longest non medical word in the dictionary,,False,I don't know,,,,contradiction,0,0.1703299731016159,"/Tr> Tr> Td> Methionylthreonylthreonylglutaminylalanyl... isoleucine /Td> 189,819 /Td> Chemical",,,,entailment,1,0.6173079609870911
154,when did the xbox 360 slim come out,in 2010,True,I don't know,0.0,0.0,0.0,contradiction,0,0.09415274113416672,"The Xbox One gaming console has received updates from Microsoft since its launch in 2013 that enable it to play select games from its two predecessor consoles, Xbox and Xbox 360.",0.0,0.06060606060606061,0.0,entailment,1,0.9722364544868469
155,which city has the highest hiv rate in south africa,,False,I don't know,,,,neutral,0,0.02708076499402523,Two hat - tricks in the same Test match.,,,,neutral,0,0.027316434308886528
156,when was the fort of bastille razed to ground,,False,I don't know,,,,neutral,0,0.03679899498820305,"The Australian pace bowler Fred took three wickets in consecutive deliveries on 2 January 1879, in only the third Test match to take place, by the Australian pace bowler Fred",,,,neutral,0,0.07552710920572281
157,molecular motion is independent of temperature and is unaffected by a change in temperature,,False,I don't know,,,,contradiction,0,0.01934267394244671,"The solar wind is a stream of charged particles released from the upper atmosphere of the Sun, called the corona.",,,,contradiction,0,0.019870402291417122
158,what college did they film 22 jump street,,False,I don't know,,,,contradiction,0,0.19255417585372925,"The NCAA Tournament became the more prestigious of the two events, and in 1971 the NCAA barred universities from playing in other tournaments.",,,,neutral,0,0.005052350927144289
159,who became the new boss in the office,,False,I don't know,,,,neutral,0,0.15012584626674652,livestock.,,,,neutral,0,0.11761650443077087
160,all of the following terms refer to different types of texture in music except,,False,I don't know,,,,neutral,0,0.47935524582862854,"The word waltz may refer to several versions of the waltz, including the earliest waltzes done in ballroom dancing, danced to the music of Viennese waltz.",,,,entailment,1,0.5902788043022156
161,what is the moral of the ant and the grasshopper,,False,I don't know,,,,neutral,0,0.2911890745162964,The fable is a fable.,,,,entailment,1,0.9760120511054993
162,what time of year do ravens lay eggs,,False,Canada,,,,contradiction,0,0.0697467178106308,The area of some lakes is smaller than the area of some lakes.,,,,neutral,0,0.2479364275932312
163,most commonly used punishment in the united states,,False,I don't know,,,,neutral,0,0.1779918670654297,"The United States tablespoon is approximately 14.8 ml ( 0.50 US fl oz ), a United Kingdom and Canadian tablespoon is exactly 15 ml ( 0.51 US fl oz ), and an Australian tablespoon is 20 ml ( 0.68",,,,neutral,0,0.2534877359867096
164,reasons why a population may not be in hardy-weinberg equilibrium,,False,I don't know,,,,neutral,0,0.32416215538978577,War /Th> /Th> /Tr> Tr> Tr> Tr> Tr> Tr> Tr> Tr> Tr> Tr> ,,,,contradiction,0,0.346096009016037
165,bruce lee hall of mirrors enter the dragon,,False,I don't know,,,,contradiction,0,0.07956039160490036,The photograph of Robert E. Lee was taken in March 1864.,,,,neutral,0,0.005155911203473806
166,who spread the theory that one is a product of the mind and body,René Descartes,True,I don't know,0.0,0.0,1.0,neutral,0,0.048292964696884155,"The MBTI is based on the conceptual theory proposed by Carl Jung, who had speculated that humans experience the world using four principal psychological functions -- sensation, intuition, feeling, and thinking -- and that one of these four functions is dominant for a person most of the time.",0.0,0.0,1.0,neutral,0,0.00332908914424479
167,the study of the physical properties of sounds is,,False,I don't know,,,,neutral,0,0.06425245851278305,"/P> P>, the first traces of the study of different nations and cultures on Earth can be dated back to ancient geographers such as P.",,,,neutral,0,0.16677258908748627
168,how many goals scored ronaldo in his career,over 670,True,I don't know,0.0,0.0,0.0,contradiction,0,0.021936194971203804,Rohit made his ODI debut against Ireland in June 2007.,0.0,0.0,0.0,contradiction,0,0.017316294834017754
169,how many district in punjab and also write its name,,False,Nazism,,,,neutral,0,0.13034622371196747,"The Freikorps were widely seen as a precursor to Nazism, and many of their volunteers ended up joining the Nazism.",,,,neutral,0,0.0346931554377079
170,monthly girls' nozaki-kun do they get together,,False,I don't know,,,,contradiction,0,0.21070773899555206,The first volume of the series was published by Square Enix.,,,,entailment,1,0.8956838846206665
171,what is the champions league quarter final draw,,False,Wembley Stadium in London was used for six years ( 2001 -- 2006 ).,,,,neutral,0,0.004281369503587484,Wembley Stadium was closed in 2000.,,,,neutral,0,0.008531671017408371
172,how long has house of payne been on tv,,False,I don't know,,,,entailment,1,0.43826332688331604,"British Columbia was the British Prime Minister, James Madison.",,,,neutral,0,0.13574855029582977
173,fools rush in where ghosts fear to tread,,False,I don't know,,,,contradiction,0,0.18439269065856934,Gadsden flag is a historical American flag with a yellow field depicting a rattlesnake coiled and ready to strike.,,,,entailment,1,0.7766722440719604
174,erupted on august 3 1965 as the result of a routine arrest of a drunk driver,,False,I don't know,,,,neutral,0,0.012561756186187267,The failure of a bank is generally considered to be of more importance than the failure of other types of business.,,,,neutral,0,0.013063972815871239
175,who is the missing grim reaper in black,,False,Oliver Queen ( Stephen Amell ),,,,neutral,0,0.09315011650323868,Oliver Queen ( Stephen Amell ).,,,,neutral,0,0.09111915528774261
176,who played tess on touched by an angel,"Delloreese Patricia Early (July 6, 1931 – November 19, 2017), known professionally as Della Reese",True,I don't know,0.0,0.0,0.0,neutral,0,0.02652747742831707,"The first two pitchers to accomplish the feat did so in 1880, under rules that differed in many important respects from those of today's game.",0.0,0.0,0.0,neutral,0,0.01989368535578251
177,the axis powers were routed to north africa sicily and,,False,I don't know,,,,contradiction,0,0.16703476011753082,"The map shows the territories held by Allied ( green ), Axis ( orange ), and neutral ( grey ) powers at the outbreak of hostilities in the Mediterranean /Td> /Tr> /Tr> Td col",,,,entailment,1,0.9662554860115051
178,when did the hornets move to new orleans,2002–03 season,True,I don't know,0.0,0.0,0.0,contradiction,0,0.21389338374137878,"The New Orleans Pelicans are a professional basketball team based in New Orleans, Louisiana.",0.0,0.0,0.0,entailment,1,0.9007149934768677
179,how far is richmond va from newport news va,,False,I don't know,,,,neutral,0,0.3044531047344208,"The coordinates for the location of Newport News, Virginia are: 37 ° 4 ′ 15 '' N 76 ° 29 ′ 4 '' W / 37.07083 ° N 76.48444 ° W / 37.07083 ; - 7",,,,neutral,0,0.2693743407726288
180,elvis presley daddy don't you walk so fast,,False,I don't know,,,,contradiction,0,0.2038278877735138,"The single by Wayne Newton was released on April 8, 1972.",,,,entailment,1,0.9831037521362305
181,what are the ingredients in kit kat bar,,False,I don't know,,,,contradiction,0,0.1579422801733017,Kit Kat /Tr> /Tr> /Tr> /Tr> Th> Product type /Th> Confectionery /Tr> /Tr> Th> Owner /Th> Nestl,,,,entailment,1,0.4294664263725281
182,the first civil service commission in india was set up on the basis of recommendation of,,False,I don't know,,,,neutral,0,0.1816411316394806,"The Indian Civil Service ( ICS ) for part of the 19th century officially known as the Imperial Civil Service, was the elite higher civil service of the British Empire in British India during British rule in the period between 1858 and 1947.",,,,entailment,1,0.9828587174415588
183,well back in 1876 an old boy named bell,,False,I don't know,,,,neutral,0,0.2561463415622711,The album Working My Way Back to You /Th> /Th> /Tr> /Tr> /Tr> /Tr> Th> B - side /Th>  Too Many Memories /,,,,entailment,1,0.7581879496574402
184,dropkick murphys 11 short stories of pain & glory songs,,False,I don't know,,,,neutral,0,0.30559203028678894,Dropkick Murphys /Th> /Th> /Tr> /Tr> /Tr> /Tr> /Tr> /Tr> /Tr> /Tr> ,,,,entailment,1,0.5542166233062744
185,what is the capital of bulgaria on a map,,False,Greek,,,,contradiction,0,0.11615200340747833,The Hertzsprung -- Russell diagram is a scatter plot of stars showing the relationship between the stars'absolute magnitudes or luminosities versus their stellar classifications or effective temperatures.,,,,neutral,0,0.06024262681603432
186,fish appeared in the fossil record during the,the Cambrian explosion,True,I don't know,0.0,0.0,0.0,contradiction,0,0.19124184548854828,"The Devonian period 419 -- 359 Ma ( Age of Fishes ) saw the development of early sharks, armoured placoderms and various lobe - finned fishes including the tetrapod transitional species.",0.0,0.06666666666666667,0.0,entailment,1,0.9723389148712158
187,all songs of movie ajab prem ki gajab kahani,,False,I don't know,,,,contradiction,0,0.13165412843227386,"Ajab Prem Ki Ghazab Kahani /Th> /Th> /Tr> Tr> Td colspan=""2""> Theatrical release poster /Td> /Tr> ",,,,contradiction,0,0.24156063795089722
188,caravaggio's death of the virgin pamela askew,,False,England,,,,neutral,0,0.2327113300561905,England,,,,neutral,0,0.2327113300561905
189,only indian to reach 2 all england final,,False,I don't know,,,,neutral,0,0.010470772162079811,The All England Lawn Tennis and Croquet Club is a private members'club.,,,,entailment,1,0.9322523474693298
190,who died from the band faith no more,singer Chuck Mosley,True,I don't know,0.0,0.0,0.0,contradiction,0,0.29799923300743103,"Faith No More /Th> /Th> /Tr> Tr> Th> Td colspan=""2""> Background information /Th> /Th> /Tr> Tr> ",0.0,0.0,0.0,entailment,1,0.49677717685699463
191,when did social security become part of the federal budget,,False,I don't know,,,,neutral,0,0.013080008327960968,Social inhibition is a conscious or subconscious avoidance of a situation or social interaction.,,,,neutral,0,0.02633816935122013
192,who did melanie hughes play in coronation st,,False,I don't know,,,,neutral,0,0.031458016484975815,The current actors are listed alphabetically.,,,,contradiction,0,0.03325160965323448
193,who signed the gun control act of 1968,President Lyndon B. Johnson,True,I don't know,0.0,0.0,1.0,contradiction,0,0.15940308570861816,U.S.C. : Crimes and Criminal Procedure,0.0,0.0,1.0,contradiction,0,0.14709843695163727
194,when does season 7 start for married at first sight,,False,I don't know,,,,contradiction,0,0.007447378244251013,Drew Carey is the main protagonist of the series.,,,,contradiction,0,0.1795320361852646
195,where do frankenstein and the monster first meet,the mountains,True,I don't know,0.0,0.0,0.0,contradiction,0,0.01939091458916664,The song was first performed in Annie Get Your Gun by Ethel Merman and Ray Middleton.,0.0,0.1111111111111111,0.0,contradiction,0,0.008155726827681065
196,the human tendency to mimic other people’s behavior is an example of,Mirroring,True,I don't know,0.0,0.0,0.0,neutral,0,0.015025736764073372,unified impression,0.0,0.0,0.0,neutral,0,0.030962347984313965
197,when does season five of the killing come out,a fourth season consisting of six episodes to conclude the series,True,I don't know,0.0,0.0,0.0,neutral,0,0.08798263221979141,"Moses asked for an assessment of the geographical features of the land, the strength and numbers of the population, the agricultural potential and actual performance of the land, civic organization (whether their cities were like camps or strongholds ), and forestry conditions.",0.0,0.07692307692307693,0.0,neutral,0,0.18392427265644073
198,how do i get to street view on google maps,,False,I don't know,,,,neutral,0,0.2044714242219925,Google Street View /Tr> /Tr> /Tr> /Tr> /Tr> /Tr> /Tr> /Tr> /Tr> /Tr> ,,,,entailment,1,0.7523989677429199
199,how is the head of the church of england,the monarch is the supreme governor,True,I don't know,0.0,0.0,0.0,neutral,0,0.08430555462837219,The term pope is used in several Churches to denote their high spiritual leaders ( for example Coptic Pope ).,0.0,0.16666666666666666,0.0,neutral,0,0.09994994848966599
200,at what age can you legally drink alcohol,,False,I don't know,,,,neutral,0,0.42688512802124023,The legal drinking age is the age at which a person can legally consume or purchase alcoholic beverages.,,,,entailment,1,0.9801873564720154
201,what is the work of rf survey engineer,,False,I don't know,,,,contradiction,0,0.034993790090084076,Christianity.,,,,contradiction,0,0.028233002871274948
202,when does the next season of the greenhouse come out on netflix,,False,I don't know,,,,neutral,0,0.09597949683666229,The original network of Degrassi : The Next Generation was CTV.,,,,neutral,0,0.04773101955652237
203,who is the band in the new twin peaks,,False,I don't know,,,,contradiction,0,0.279449999332428,The writer of Twin Peaks is David Lynch.,,,,neutral,0,0.06780948489904404
204,what is the valley of dry bones about,,False,I don't know,,,,neutral,0,0.19609053432941437,The Nile valley in Egypt had been home to agricultural settlements as early as 5500 BCE,,,,neutral,0,0.02050313539803028
205,how to remove a methyl group from benzene,replacement of a methyl group by a hydrogen atom,True,I don't know,0.0,0.0,1.0,neutral,0,0.2235332727432251,/Tr> /Tr> /Table> Table> Tr> Tr> Tr> Tr> Tr> Tr> Tr> Tr> T,0.0,0.0,1.0,entailment,1,0.478880375623703
206,words to oh i do like to be beside the seaside,,False,Monism,,,,neutral,0,0.22952722012996674,"The term "" don't throw the baby out with the bathwater"" is a idiomatic expression for an avoidable error in which something good is eliminated when trying to get rid of something bad, or in other words, rejecting the favorable along with the unfavorable ",,,,entailment,1,0.9869793653488159
207,what does a nose ring mean in india,"a mark of beauty and social standing as well as a Hindu's honor to Parvati, the goddess of marriage",True,I don't know,0.0,0.0,0.0,neutral,0,0.15175428986549377,"is associated with a nearly continuous series of oceanic trenches, volcanic arcs, and volcanic belts and plate movements.",0.0,0.16216216216216214,0.0,neutral,0,0.3097967803478241
208,eminem and rihanna love the way you lie video,,False,I don't know,,,,contradiction,0,0.18113161623477936,"Eminem /Th> /Tr> Tr> Td colspan=""2""> /Tr> /Tr> Tr> Th colspan=""2""> Single by Eminem featuring Ri",,,,entailment,1,0.6817426085472107
209,the cuban missile crisis began in 1962 when which country placed nuclear missiles in cuba,Soviet Union,True,I don't know,0.0,0.0,1.0,contradiction,0,0.12987542152404785,"The Cuban Missile Crisis /Tr> /Tr> /Tr> Td colspan=""2""> Part of the Cold War /Tr> /Tr> Td colspan=""2""> ",0.0,0.0,1.0,entailment,1,0.8843926191329956
210,what was the result of the treaty of paris in 1763,,False,Great Britain,,,,entailment,1,0.4496856927871704,Britain /Li> Li> Kingdom of France /Li> Spanish Empire /Li> /Li> /Td> /Tr> Th> Parties /Th> Td> ,,,,contradiction,0,0.25963979959487915
211,what is the primary purpose of using sand in the still pot heating bath,,False,I don't know,,,,neutral,0,0.1984630823135376,"The primary purpose of ploughing is to turn over the upper layer of the soil, bringing fresh nutrients to the surface, while burying weeds and the remains of previous crops and allowing them to break down.",,,,entailment,1,0.9688358306884766
212,when did fasb codification become authoritative u.s. gaap,"after September 15, 2009",True,I don't know,0.0,0.0,0.0,neutral,0,0.03336848318576813,California applies to become a free state,0.0,0.0,0.0,neutral,0,0.12860015034675598
213,who plays frank in f is for family,Bill Burr,True,I don't know,0.0,0.0,0.0,neutral,0,0.08328436315059662,"The concept is valued as a descriptor for particularly strong inter-species interactions, and it has allowed easier communication between ecologists and conservation policy makers.",0.0,0.0,0.0,neutral,0,0.08454151451587677
214,where is the north pole located on a map,,False,I don't know,,,,neutral,0,0.0989568829536438,The phrase is common for the phrase to be taken literally and for a flag to be flown only halfway.,,,,neutral,0,0.009138987399637699
215,the hollywood ten who refused to answer questions,,False,Bill Russell,,,,contradiction,0,0.21007712185382843,Tom He,,,,contradiction,0,0.2578742802143097
216,android operating system was acquired by google in,July 2005,True,I don't know,0.0,0.0,0.0,neutral,0,0.09014856815338135,"Android 8.1 Oreo home screen /Td> /Tr> /Tr> Th> Developer /Th> Td> Google, Open Handset Alliance /Th> /Tr> Tr>",0.0,0.0,0.0,entailment,1,0.5269138216972351
217,where does the flexor digitorum superficialis distally attach,The tendons attach to the anterior margins on the bases of the intermediate phalanges of the four fingers. These tendons have a split (Camper's Chiasm) at the end of them through which the tendons of flexor digitorum profundus pass.,True,I don't know,0.0,0.0,0.0,neutral,0,0.22476385533809662,"/Td> /Tr> /Tr> Tr> Th colspan=""2""> Flexor digitorum superficialis /Th> /Tr> /Tr> Tr> ",0.0,0.07692307692307693,0.0,contradiction,0,0.3113935589790344
218,i m in the love with the coco,,False,I love you,,,,entailment,1,0.8241106271743774,I love you all the time.,,,,neutral,0,0.17527060210704803
219,who played daniel in the bible mini series,Jake Canuso,True,I don't know,0.0,0.0,0.0,neutral,0,0.23527725040912628,"The Eagles were in four pre-Super Bowl Era NFL Championships ( 1947, 1948, 1947, 1948, 1947, 1948, 1947, 1948, 1947, 1948, 1947, 1948, 1947, 1948, 1947, 1948,",0.0,0.0,0.0,neutral,0,0.287034809589386
220,who did demi lovato write stone cold about,,False,I don't know,,,,contradiction,0,0.2015816569328308,Laleh Pourkarim /Li>,,,,contradiction,0,0.2377612590789795
221,what does the star on the ghana flag mean,"adopted from the flag of the Black Star Line, a shipping line incorporated by Marcus Garvey that operated from 1919 to 1922",True,I don't know,0.0,0.0,0.0,neutral,0,0.25752606987953186,Ghana Tr> /Tr> /Tr> /Tr> /Tr> /Tr> /Tr> /Tr> Th> Use /Th> Td> National,0.0,0.0,0.0,entailment,1,0.8530080914497375
222,when is the last movie of divergent coming out,TBA,True,I don't know,0.0,0.0,1.0,neutral,0,0.13744623959064484,The Twelve Spies (,0.0,0.0,1.0,neutral,0,0.10176526755094528
223,the former peterlee campus of east durham college,East Durham & Houghall Community College,True,I don't know,0.0,0.0,0.0,neutral,0,0.2869510352611542,"The Ohio State Buckeyes college football team competes as part of the National Jonny Red Athletic Association ( NCAA ) Division I Football Bowl Subdivision, representing the Ohio State University in the East Division of the Big Ten Conference.",0.0,0.09523809523809523,0.0,entailment,1,0.9723753333091736
224,who wants to marry a prince tv show,,False,I don't know,,,,neutral,0,0.09303143620491028,"The show follows the players on the football team of the fictional university, Blue Mountain State, as they explore the freedoms of college life, including football, scoring with women, drinking binges, and scoring with women.",,,,neutral,0,0.03265876695513725
225,the amount of light reflected from the front surface of common window glass is about,about 4% per surface,True,reflective properties,0.0,0.0,0.0,neutral,0,0.22230802476406097,reflective ( ultraviolet) spectral characteristics.,0.0,0.0,0.0,neutral,0,0.17547298967838287
226,when did good friday become a bank holiday,,False,Christmas Day,,,,contradiction,0,0.18884961307048798,Bank Holidays Act 1871.,,,,neutral,0,0.21870431303977966
227,how many cm is a 24 inch tv,61,True,I don't know,0.0,0.0,1.0,neutral,0,0.13310261070728302,"The primary purpose of ploughing is to turn over the upper layer of the soil, bringing fresh nutrients to the surface, while burying weeds and the remains of previous crops and allowing them to break down.",0.0,0.0,1.0,entailment,1,0.9273068904876709
228,where did spain sail to set up colonies,,False,I don't know,,,,neutral,0,0.02108122408390045,The Cold War dominated European geo - politics from 1947 to 1989.,,,,neutral,0,0.04050730541348457
229,swing swing from the tangles of my heart lyrics,,False,I don't know,,,,neutral,0,0.24813909828662872,"The All - American Rejects /Th> /Tr> Tr> Tr> Th colspan=""2""> /Tr> Tr> Th colspan=""2""> Single by The All",,,,entailment,1,0.6959590315818787
230,is the song fight song in a movie,,False,I don't know,,,,neutral,0,0.17558111250400543,Rachel Platten /Li> David Bassett /Li> Jon Levine /Li> /Ul> /Td> /Tr> Tr> Th> Producer ( s ) ,,,,neutral,0,0.20900243520736694
231,which are cultural factors that geographers focus on in their study of human geography,,False,I don't know,,,,contradiction,0,0.09753821790218353,Humans are a group of people.,,,,contradiction,0,0.26162615418434143
232,the gas released by plants is used by organisms to do what,,False,I don't know,,,,neutral,0,0.3277705907821655,"Photosynthesis is largely responsible for producing and maintaining the oxygen content of the Earth's atmosphere, and supplies all of the organic compounds and most of the energy necessary for life on Earth.",,,,entailment,1,0.9868516325950623
233,where was the walking dead season 7 filmed,Georgia,True,I don't know,0.0,0.0,1.0,contradiction,0,0.2214241474866867,The Walking Dead ( season 8 ) /Th> /Tr> /Tr> /Th> /Th> /Th> /Th> /Th> /Th> /Th> /Th,0.0,0.0,1.0,entailment,1,0.63118976354599
234,what is the meaning behind the song black betty,,False,I don't know,,,,neutral,0,0.1219467967748642,"The song was written by a local George Johnson, in 1864, for his Maggie.",,,,contradiction,0,0.005364785902202129
235,what is different in national anthem of spain,,False,I don't know,,,,contradiction,0,0.2383844554424286,The first of these arrived in 1763 after Spain traded Florida to Great Britain following the latter's victory over France in the Seven Years'War.,,,,entailment,1,0.9448307752609253
236,who plays male lead in far from the madding crowd,Carey Mulligan,True,I don't know,0.0,0.0,1.0,contradiction,0,0.17057712376117706,The film was directed by Thomas Vinterberg.,0.0,0.0,1.0,entailment,1,0.8754848837852478
237,range of values that is determined to contain some population parameter,,False,I don't know,,,,neutral,0,0.12672816216945648,sign have been used in mathematical usage.,,,,neutral,0,0.25024399161338806
238,where did time to make the donuts come from,,False,I don't know,,,,neutral,0,0.156317338347435,The Supremes ),,,,entailment,1,0.5777339339256287
239,it's like i told you only the lonely can play,,False,I don't know,,,,contradiction,0,0.26027414202690125,a great guy,,,,entailment,1,0.4349542558193207
240,let me be the one by five star,,False,I don't know,,,,neutral,0,0.19654494524002075,"/Th> /Tr> /Tr> /Tr> /Tr> /Tr> /Th> Th colspan=""2""> /Tr> /Tr> ",,,,contradiction,0,0.3746512532234192
241,who is in the cast of the handmaid's tale,Elisabeth Moss,True,I don't know,0.0,0.0,1.0,neutral,0,0.005902067758142948,The Twentieth Amendment requires each elector to cast one vote for president and another vote for vice president.,0.0,0.0,1.0,neutral,0,0.010411020368337631
242,who owned the first casino in las vegas,local Las Vegas business owners,True,I don't know,0.0,0.0,0.0,neutral,0,0.02634025737643242,"The Raiders'move to Las Vegas comes after years of failed efforts to renovate or replace the Oakland -- Alameda County Coliseum, which has been rated by multiple sources as one of the worst stadiums in the NFL.",0.0,0.09756097560975609,0.0,neutral,0,0.0016115539474412799
243,who had an apple fall on his head,,False,find his father,,,,neutral,0,0.03224245458841324,Hunters.,,,,neutral,0,0.05526120588183403
244,who is the lead singer of portugal the man,John Baldwin Gourley,True,I don't know,0.0,0.0,1.0,neutral,0,0.3756481111049652,Jacob spent the night alone on a riverside during his journey back to Canaan.,0.0,0.0,1.0,neutral,0,0.08732239156961441
245,who won mtv's the challenge vendetta's,,False,"1919, because of the Spanish flu epidemic, and 2005, because of the NHL lockout",,,,neutral,0,0.058551423251628876,The Spanish flu epidemic.,,,,neutral,0,0.33609047532081604
246,who were the first european to reach the philippines,,False,I don't know,,,,neutral,0,0.019700542092323303,"The Egyptians divided the day into two 12 - hour periods, and used large obelisks to track the movement of the sun.",,,,contradiction,0,0.023491540923714638
247,when did im a slave for you come out,,False,I don't know,,,,neutral,0,0.22688907384872437,"Come Back When You Grow Up /Th> /Th> /Tr> Th colspan=""2"">  Come Back When You Grow Up /Th> /Tr> Th colspan=""2""> Single by Bobby",,,,entailment,1,0.6322571635246277
248,when does sam seaborn return to west wing,,False,I don't know,,,,contradiction,0,0.13388848304748535,Lisa Sherborne is the spouse of the Deputy White House Communications Director.,,,,contradiction,0,0.1294778734445572
249,what folk hero statue is in brainerd minnesota,,False,I don't know,,,,contradiction,0,0.2747357487678528,The song was written by Jonathan Richman.,,,,entailment,1,0.8653464317321777
250,i'm gonna knock you out mama said knock you out lyrics,,False,I don't know,,,,neutral,0,0.17956943809986115,"Walking with a Panther was released on August 28, 1990.",,,,neutral,0,0.3399525284767151
251,lds president of the quorum of the 12,,False,I don't know,,,,neutral,0,0.0924496278166771,"The line of succession follows the order of Vice President, Speaker of the House of Representatives, President pro tempore of the Senate, and then the heads of federal executive departments who form the Cabinet of the United States.",,,,neutral,0,0.005235616583377123
252,if on a winter's night a traveler length,,False,I don't know,,,,neutral,0,0.18817360699176788,"/Th> /Tr> Tr> Tr> Tr> Th colspan=""2""> /Tr> /Tr> Tr> Th colspan=""2""> Single",,,,entailment,1,0.4863513708114624
253,who does billy russo become on the punisher,Jigsaw,True,I don't know,0.0,0.0,1.0,neutral,0,0.17865435779094696,The Amazing Spider - Man # 162 (November 1976 ) /Td> /Tr> /Tr> Th> Created by /Th> Td> Len Wein Ross Andru /Tr> /,0.0,0.0,1.0,contradiction,0,0.03537371754646301
254,deeper than the holler what is a holler,,False,I don't know,,,,neutral,0,0.2112756073474884,"The single was written by Randy Travis and produced by Paul Overstreet, Don Schlitz, and Don Schlitz.",,,,neutral,0,0.09263601154088974
255,who was the founder of chick fil a,S. Truett Cathy,True,I don't know,0.0,0.0,0.0,contradiction,0,0.1512097418308258,The period is often quoted as 18 months because of Intel executive David House.,0.0,0.0,0.0,neutral,0,0.0037146375980228186
256,when was asbestos first found to be dangerous,began with the 20th century and escalated during the 1920s and 1930s,True,I don't know,0.0,0.0,0.0,contradiction,0,0.03883067145943642,The final version of the constitution was voted on and sent to the states.,0.0,0.23076923076923075,0.0,neutral,0,0.025935618206858635
257,where is the black box located on an airplane,usually mounted in the aircraft's tail section,True,I don't know,0.0,0.0,0.0,contradiction,0,0.1639804244041443,"The Cedar River is located in Dodge County, Minnesota, consisting of a west fork and middle fork approximately three miles northeast of the town of Blooming Prairie, and an east fork approximately one mile south of the town of Hayfield.",0.0,0.0851063829787234,0.0,entailment,1,0.955351710319519
258,who signed kevin de bruyne for man city,,False,I don't know,,,,neutral,0,0.296071857213974,"Kevin De Bruyne /Tr> /Tr> Th colspan=""4""> /Th> /Th> /Th> /Th> /Th> /Th> /Th> ",,,,entailment,1,0.7106951475143433
259,the organ of excretion in the earthworm and other annelids,,False,a contra - indicated immune response to an organ transplant,,,,entailment,1,0.7682579159736633,a contra - indicated immune response to an organ transplant,,,,entailment,1,0.7682579159736633
260,which ikea store is the largest in uk,,False,I don't know,,,,contradiction,0,0.05880986899137497,The first store location /Th> Th> Th> First store location /Th> Th> No. of stores /Th> Th> Notes /Th> /Th> /Th> /Tr,,,,entailment,1,0.8751082420349121
261,who does rocky end up with in shake it up,,False,Kardashian,,,,neutral,0,0.1268487274646759,The title was reactivated as the WWE United States Championship.,,,,entailment,1,0.8658940196037292
262,salto ángel is the tallest waterfall in the world,,False,I don't know,,,,contradiction,0,0.06771614402532578,The coordinates for the location of the cathedral are:,,,,contradiction,0,0.21449656784534454
263,how old is jane in return to neverland,,False,I don't know,,,,contradiction,0,0.11643820255994797,"viticultural practices, wine quality, wine age, wine quality, wine quality, wine quality, wine quality, wine quality, wine quality, wine quality, wine quality, wine quality, wine quality, wine quality, wine quality, wine",,,,neutral,0,0.3699694275856018
264,sons and daughters of greek gods and goddesses,,False,I don't know,,,,contradiction,0,0.19696037471294403,"The sentence ""Take Our Daughters And Sons To Work Day"" is a 501 ( c ) ( 3 ) non-profit educational program in the United States, Canada and Australia that revolves around parents taking their children to work for one day.",,,,entailment,1,0.9528099298477173
265,how many states comprised the united states before the purchase,,False,I don't know,,,,neutral,0,0.27102699875831604,"The modern United States, with Louisiana Purchase overlay /Td> /Tr> /Tr> /Tr> /Tr> /Tr> /Tr> /Tr> /Tr>",,,,entailment,1,0.5185778737068176
266,where is the special music contest being held in coco,,False,I don't know,,,,neutral,0,0.12536196410655975,"The headwaters of the Cedar River are located in Dodge County, Minnesota, consisting of a west fork and middle fork approximately three miles.",,,,neutral,0,0.0033018416725099087
267,when did the brewers go to national league,1998,True,I don't know,0.0,0.0,1.0,neutral,0,0.156317338347435,The Supremes ),0.0,0.0,1.0,entailment,1,0.5777339339256287
268,who are the songwriters for the greatest showman,Benj Pasek,True,U.S. citizens.,0.0,0.0,0.0,neutral,0,0.23692570626735687,The United States Electoral College is the mechanism established by the United States Constitution for the election of the president and vice president of the United States by small groups.,0.0,0.0,0.0,neutral,0,0.26286640763282776
269,who plays dylan in now you see me,Mark Ruffalo,True,I don't know,0.0,0.0,0.0,neutral,0,0.16169625520706177,You Can Lie to Me Tonight '' /Td> /Tr> /Tr> Tr> Th> B - side /Tr> Td> Td> Td> ,0.0,0.0,0.0,entailment,1,0.5514122247695923
270,where was the ark of the covenant taken,Kiriath-Jearim,True,I don't know,0.0,0.0,0.0,contradiction,0,0.05554331839084625,The first Test hat - trick was recorded in the year 1897.,0.0,0.0,0.0,contradiction,0,0.0013646978186443448
271,harrow on the hill height above sea level,124 metres (408 ft),True,Peru,0.0,0.0,0.0,contradiction,0,0.06573401391506195,Mountains.,0.0,0.0,0.0,contradiction,0,0.09393429011106491
272,who plays hitler in man in the high castle,Wolf Muser,True,I don't know,0.0,0.0,0.0,neutral,0,0.18041785061359406,The Man in the High Castle Tr> Td> /Tr> P> /Tr> P> /Tr> P> /Tr> P> /Tr> ,0.0,0.0,0.0,neutral,0,0.28660905361175537
273,lowest city below sea level in the world,"Jericho, West Bank",True,Georgia,0.0,0.0,0.0,neutral,0,0.015054186806082726,Georgia.,0.0,0.0,0.0,neutral,0,0.01200187299400568
274,who all did lebron play in the finals,,False,I don't know,,,,contradiction,0,0.20076164603233337,P> Table> 2016 NBA Finals Tr> Td> Td> Td> Td> Td> Td> Td> Td> Td> ,,,,entailment,1,0.7107159495353699
275,who voiced jack in rise of the guardians,Chris Pine,True,I don't know,0.0,0.0,1.0,neutral,0,0.13704155385494232,The Constitution of India also empowers the governor to act upon his or her own discretionary powers.,0.0,0.0,1.0,neutral,0,0.003985715098679066
276,what led to the formation of the 54th massachusetts regiment,,False,I don't know,,,,contradiction,0,0.14882220327854156,"The 54th Massachusetts at the Second Battle of Fort Wagner, July 18, 1863 /Tr> /Tr> Tr> Th> Active /Th> March 13, 1863 -- August 4, 1865 /Tr",,,,entailment,1,0.8555928468704224
277,what type of hybrid is the ford fusion,gasoline-electric,True,Sermon on the Mount,0.0,0.0,0.0,neutral,0,0.31531962752342224,The fifth chapter of the Gospel of Matthew in the New Testament is the fifth chapter of the Gospel of Matthew.,0.0,0.0,0.0,entailment,1,0.9175335168838501
278,who speaks in the poem song by james joyce,,False,I don't know,,,,neutral,0,0.15159809589385986,poem,,,,neutral,0,0.12903930246829987
279,write a short note on tdma & cdma,,False,I don't know,,,,contradiction,0,0.011424800381064415,The year 1819.,,,,entailment,1,0.5454846024513245
280,how many states is there in united states,50,True,I don't know,0.0,0.0,1.0,contradiction,0,0.026839716359972954,VINs.,0.0,0.0,1.0,contradiction,0,0.022608822211623192
281,what is the first harry potter book called in england,Harry Potter and the Philosopher's Stone,True,I don't know,0.0,0.0,0.0,contradiction,0,0.16639594733715057,The Harry Potter logo was created by J.K. Rowling.,0.0,0.4,0.0,entailment,1,0.9444326758384705
282,when did montgomery ward's go out of business,2001,True,I don't know,0.0,0.0,1.0,contradiction,0,0.2533702254295349,"The store's logo, also the store's 1982 -- 1995 and 2004 -- present logo /Td> /Tr> Tr> Th> Former type /Th> Td> Private -- Original incarnation, mail",0.0,0.0,1.0,entailment,1,0.7667186856269836
283,who won series 7 of great british bake off,Candice Brown,True,I don't know,0.0,0.0,0.0,neutral,0,0.3702833950519562,"Queen Elizabeth II, Queen Elizabeth II was the longest - reigning British monarch.",0.0,0.0,0.0,neutral,0,0.2729136645793915
284,who does the voice of special ed on crank yankers,Jim Florentine,True,I don't know,0.0,0.0,0.0,neutral,0,0.02063029445707798,The originals is an American supernatural drama television series created by Julie Plec for The CW.,0.0,0.0,0.0,neutral,0,0.05405004322528839
285,hich of the article is related to constitutional amendments,,False,I don't know,,,,contradiction,0,0.08741757273674011,Canada Act ( 1982 ),,,,contradiction,0,0.03727051615715027
286,according to the hierarchy of controls which of the following is least likely to fail,,False,I don't know,,,,entailment,1,0.3628627359867096,The European Union ( EU ) has expanded a number of times throughout its history by way of the accession of new member states to the Union.,,,,neutral,0,0.30139169096946716
287,what does the ministry of trade and industry do,directs the formulation of policies related to the development of trade and industry in Singapore,True,I don't know,0.0,0.0,0.0,neutral,0,0.15047882497310638,The metric system is an internationally recognised decimalised system of measurement.,0.0,0.15384615384615383,0.0,entailment,1,0.9876188039779663
288,what is the meaning of yanny and laurel,,False,I don't know,,,,neutral,0,0.19556373357772827,The sentence /Td> /Tr> /Tr> /Tr> /Tr> /Tr> /Tr> /Tr> /Tr> /Tr> ,,,,entailment,1,0.710783839225769
289,who sings nothings gonna hurt you baby,Cigarettes After Sex,True,I don't know,0.0,0.0,0.0,contradiction,0,0.21404902637004852,"You're Gonna Miss This '' /Th> /Th> /Tr> Tr> Td colspan=""2""> /Tr> /Tr> Tr> Th col",0.0,0.0,0.0,entailment,1,0.6890072226524353
290,where in the bible does it talk about manna from heaven,Exodus 16:1–36,True,I don't know,0.0,0.0,0.0,neutral,0,0.03679899498820305,Heorot.,0.0,0.0,0.0,neutral,0,0.12238336354494095
291,winds that blow predominantly from the northeast and the southeast are the,The trade winds,True,I don't know,0.0,0.0,1.0,neutral,0,0.0787612572312355,in the lower portion of the Earth's atmosphere near the Earth's equator.,0.0,0.13333333333333333,1.0,entailment,1,0.8293190598487854
292,what was germany like between ww1 and ww2,,False,I don't know,,,,contradiction,0,0.1869397759437561,/P>,,,,entailment,1,0.733096718788147
293,where did the term cold war come from,,False,I don't know,,,,contradiction,0,0.0416802279651165,"Cold War was a state of geopolitical tension after World War II between powers in the Eastern Bloc ( the Soviet Union and its satellite states ) and powers in the Western Bloc ( the United States, its NATO allies and others and others ).",,,,entailment,1,0.6851528286933899
294,where did agriculture develop in the americas about 7000 bp,,False,I don't know,,,,neutral,0,0.16608041524887085,He Means the World to Me '' /Tr> /Tr> /Tr> Th> Released /Th> Td> /Tr> Tr> Th> Format /Th,,,,neutral,0,0.12597057223320007
295,explain the power and function of election commission of india,,False,I don't know,,,,neutral,0,0.024691330268979073,"The members, parties, states of origin or representation.",,,,neutral,0,0.09655211120843887
296,who sang the famous song you'll never walk alone,,False,I don't know,,,,contradiction,0,0.18867775797843933,"You 'll Never Walk Alone /Th> /Th> /Tr> Tr> Th colspan=""2"">  You 'll Never Walk Alone /Th> /Th> /Tr",,,,contradiction,0,0.4024643003940582
297,what is the use of symbolic link in linux,to reorder the file system hierarchy,True,I don't know,0.0,0.0,0.0,contradiction,0,0.1720409095287323,"The following is a list of the types of links that are supported by the POSIX operating system standard, most Unix - like operating systems such as FreeBSD, Linux, and Mac OS X.",0.0,0.10526315789473684,0.0,entailment,1,0.8398042321205139
298,examine why the great depression was a catastrophic event for usa,,False,I don't know,,,,neutral,0,0.036645837128162384,"The Great Depression was a severe worldwide economic depression that took place mostly during the 1930s, originating in the United States.",,,,entailment,1,0.6391808390617371
299,time after time song was in what movie,John Tucker Must Die,True,I don't know,0.0,0.0,0.0,neutral,0,0.18899957835674286,"The core of English language descends from Old English, the language brought with the Angles, Saxon, and Jutish settlers to what was to be called England in and after the 500s.",0.0,0.0,0.0,neutral,0,0.3292282223701477
300,when did the plane crash happen in greys anatomy,,False,When pigs fly,,,,entailment,1,0.5830332040786743,"The axes of a two - dimensional Cartesian system divide the plane into four infinite regions, called quadrants, each bounded by two half - axes.",,,,entailment,1,0.8099045753479004
301,24th screen actors guild awards nominees and winners in order,,False,I don't know,,,,neutral,0,0.1237131878733635,The 24th Screen Actors Guild Awards /Th> /Th> /Th> /Th> /Th> /Th> /Th> /Th> /Th> /Th> /Th>,,,,entailment,1,0.6017377376556396
302,how long does it take for a blood cell to divide,,False,I don't know,,,,contradiction,0,0.16458538174629211,Blood hemoglobin measurement /Td> /Tr> Tr> Th> Frequency,,,,contradiction,0,0.1872972995042801
303,where do they hold the oscars in hollywood,,False,I don't know,,,,contradiction,0,0.00967602338641882,"The decision to hold the first cup in Uruguay, for example, led to only four European nations competing. The next two World Cups were both held in Europe.",,,,neutral,0,0.0046732863411307335
304,how much bigger is venus than the moon,,False,I don't know,,,,neutral,0,0.06017543748021126,The single by Randy Travis.,,,,neutral,0,0.0708596482872963
305,who sings i'm the one your mother warned you about,Mickey Gilley,True,I don't know,0.0,0.0,1.0,neutral,0,0.15592969954013824,"I'm the One Mama Warned You About '' /Th> /Tr> Tr> Th colspan=""2""> Single by Mickey Gilley /Th> /Tr> Th> ",0.0,0.1904761904761905,1.0,entailment,1,0.6775557994842529
306,who had a huge empire in north america,,False,I don't know,,,,contradiction,0,0.01540654618293047,The influences of colonization by these states on North American cultures are still apparent today.,,,,entailment,1,0.7227280139923096
307,who is considered a foreign official under fcpa,"any officer or employee of a foreign government or any department, agency, or instrumentality thereof, or of a public international organization, or any person acting in an official capacity for or on behalf of any such government or department, agency, or instrumentality, or for or on behalf of any such public international organization",True,I don't know,0.0,0.0,0.0,neutral,0,0.0040679615922272205,The Bank Holidays Act 1871.,0.0,0.0,0.0,neutral,0,0.0035437941551208496
308,love till the end of summer chinese drama ep1,,False,I don't know,,,,contradiction,0,0.2010633945465088,"/Th> /Tr> Tr> Td colspan=""2""> Drama poster /Td> /Tr> Tr> Th> Also known as /Th> Td> Love",,,,contradiction,0,0.3926386833190918
309,who made the song london bridge is falling down,Unknown,True,I don't know,0.0,0.0,1.0,neutral,0,0.16538937389850616,The Cookie Jar Song is a song written in 1925 by James Campbell and Reginald Connelly.,0.0,0.0,1.0,neutral,0,0.05340009182691574
310,when does love simon come out in canada,"March 16, 2018",True,I don't know,0.0,0.0,0.0,neutral,0,0.1847425401210785,Jackson is a great guy.,0.0,0.0,0.0,entailment,1,0.884104311466217
311,who owned the majority of land in 18th century france,,False,I don't know,,,,contradiction,0,0.04329884052276611,"The French colonization of the Americas began in the 16th century, and continued until the 18th century.",,,,contradiction,0,0.06857996433973312
312,time stood still is an example of what type of figurative language,,False,I don't know,,,,neutral,0,0.03621666133403778,fluid.,,,,neutral,0,0.148511603474617
313,what do you need to open carry in texas,,False,I don't know,,,,contradiction,0,0.2676588296890259,"/Th> /Tr> /Tr> Tr> Td colspan=""2""> /Tr> /Tr> /Tr> Th colspan=""2""> Single by Ed",,,,entailment,1,0.5528797507286072
314,who says you can't go home bon jovi,,False,"Who Says You Can't Go Home '' /Th> /Tr> /Tr> Td colspan=""2""> /Tr> /Tr> /Tr> /T",,,,entailment,1,0.6180760860443115,"a Nice Day /Th> /Th> /Th> /Tr> /Tr> /Tr> /Th> Th colspan=""2""> /Th> /Tr> ",,,,neutral,0,0.24325360357761383
315,who did the song bird bird bird bird is the word,,False,I don't know,,,,contradiction,0,0.2521238923072815,"The song was released on November 13, 1963.",,,,entailment,1,0.9766711592674255
316,kings wife but not queen of his heart,,False,I don't know,,,,contradiction,0,0.10132848471403122,King of Wessex,,,,entailment,1,0.8190698623657227
317,what were the major components of clays american system,a tariff to protect and promote American industry,True,American,0.0,0.2222222222222222,0.0,neutral,0,0.3830733001232147,American invaders,0.0,0.2,0.0,neutral,0,0.2491856962442398
318,where was pirates of the carribean on stranger tides filmed,"Principal photography began on June 14, 2010, in Hawaii.[17][47] Filming was moved to California in August 2010,[48] primarily at the Long Beach shore[33] and a recreation of Whitecap Bay done in the Universal Studios backlot,[17] as the original Hawaiian location on Halona Cove was plagued with strong tides.[22] After a brief shoot in Puerto Rico,[33] with locations in both Palomino Island and the Fort of San Cristóbal in San Juan,[49] production moved to the United Kingdom in September, where principal photography wrapped on November 18 after 106 days of shooting.[17] Locations included Hampton Court Palace in London,[23] Knole House in Kent,[33] and Old Royal Naval College at Greenwich.[50] Interiors were shot at London's Pinewood Studios, and a replica of an 18th-century London street was built on the backlot alongside the soundstages",True,I don't know,0.0,0.0,0.0,neutral,0,0.265654057264328,The language of the film is English.,0.0,0.04347826086956522,0.0,neutral,0,0.13944970071315765
319,what does the hr diagram tell us about the life cycle of stars,,False,I don't know,,,,contradiction,0,0.001617132918909192,The Hertzsprung -- Russell diagram is a scatter plot of stars showing the relationship between the stars'absolute magnitudes or luminosities versus their stellar classifications or effective temperatures.,,,,contradiction,0,0.005227099172770977
320,when was just before the battle mother written,,False,WrestleMania Women's Battle Royal,,,,neutral,0,0.05956490710377693,WWE Women's Battle Royal.,,,,neutral,0,0.04698962718248367
321,when did the egyptian god cards come out,,False,Fourth Amendment,,,,neutral,0,0.023807913064956665,Suspected.,,,,neutral,0,0.053945392370224
322,do they have the little mermaid on netflix,,False,Prairie,,,,neutral,0,0.0742412880063057,The show Little House on the Prairie is a Western drama about a family living on a farm.,,,,neutral,0,0.15659502148628235
323,why is florida panhandle not part of alabama,,False,I don't know,,,,neutral,0,0.036179348826408386,"The Florida Panhandle is an informal, unofficial term for the northwestern part of the U.S. state of Florida, lying between Alabama on the north and the west, Georgia also on the north, and the Gulf of Mexico to the south.",,,,entailment,1,0.657406747341156
324,how high can a black tailed deer jump,,False,I don't know,,,,neutral,0,0.17487740516662598,"/Td> Th colspan=""2""> Black - tailed deer /Th> /Tr> Td colspan=""2""> /Tr> /Tr> Td cols",,,,contradiction,0,0.3205367624759674
325,who sings i wanna be like you jungle book,Louis Prima,True,I don't know,0.0,0.0,0.0,contradiction,0,0.1949102133512497,"The Jungle Book /Th> /Th> /Th> /Tr> Tr> Td colspan=""2""> Theatrical release poster /Td> /Tr> Tr>",0.0,0.0,0.0,entailment,1,0.869377076625824
326,tom and jerry song is you my baby,,False,I don't know,,,,neutral,0,0.18402834236621857,"The Marshall Tucker Band /Th> /Th> Tr> Th colspan=""2"">  Can't You See '' /Th> /Tr> Th colspan=""2""> Single by",,,,entailment,1,0.7441613674163818
327,who wrote the book of philippians in the bible,Paul of Tarsus,True,"Rome, the most sought after wines -- Falernian and Surrentine -- were prized for their ability to age for decades",0.0,0.0,0.0,neutral,0,0.13095423579216003,"Romans, the most sought after wines were Falernian and Surrentine.",0.0,0.0,0.0,contradiction,0,0.057591963559389114
328,little big town i wish you were a better man,,False,I don't know,,,,neutral,0,0.20915721356868744,"The Breaker /Th> /Th> /Tr> Tr> Tr> Th colspan=""2""> /Tr> /Tr> Th colspan=""2""> Single by Little",,,,entailment,1,0.7143310308456421
329,what is it like in a turkish prison,,False,I don't know,,,,contradiction,0,0.15740640461444855,"The Hebrew Bible adds that manna was comparable to hoarfrost in color, similarly had to be collected before it was melted by the heat of the sun, and was like a coriander seed in size but white",,,,neutral,0,0.09304265677928925
330,who sold more albums carrie underwood vs kelly clarkson,Carrie Underwood,True,I don't know,0.0,0.0,0.0,contradiction,0,0.09869500994682312,"The Voice /Th> /Tr> /Tr> Th colspan=""2""> Season 14 /Th> /Tr> Th> Broadcast from /Th> Td> February 26 -- May 22",0.0,0.0,0.0,entailment,1,0.5278865098953247
331,who is the oldest child in queen sugar,Nova Bordelon,True,I don't know,0.0,0.0,0.0,neutral,0,0.17145606875419617,"The team receives help from the Lance family ; Laurel ( Katie Cassidy ), Sara ( Caity Lotz ), and Quentin ( Paul Blackthorne ), sharing the goal of bringing justice to Starling City ( later, Star City",0.0,0.0,0.0,neutral,0,0.014062953181564808
332,when did second world war start and end,1 September 1939 – 2 September 1945,True,I don't know,0.0,0.0,0.0,contradiction,0,0.0689898431301117,The United States Navy was the first to develop the concept of a Joint Task Force.,0.0,0.0,0.0,neutral,0,0.08499772846698761
333,when was the last time a composite volcano erupted,,False,I don't know,,,,neutral,0,0.06963397562503815,composite stratified structure built up from sequential outpourings of erupted materials,,,,entailment,1,0.974299967288971
334,pll when does spencer join the a team,,False,I don't know,,,,neutral,0,0.13875384628772736,"The Browns went on to win three NFL championships, nearly dominating the NFL in the 1950s, and won one more NFL championship in 1964.",,,,entailment,1,0.9783017635345459
335,who sings i only want to be with you on the abc,,False,I don't know,,,,neutral,0,0.2058698832988739,"Dusty Springfield /Th> /Th> /Tr> /Tr> /Tr> /Th> Th colspan=""2""> /Tr> /Tr> /Th> ",,,,entailment,1,0.6188106536865234
336,who tabled banking and financial dealings act 1971,,False,I don't know,,,,neutral,0,0.23799015581607819,Advising /Li> Li> Banq /Li> Central /Li> Li> Commercial /Li> Li> Community development /Li> Li> Cooperative /,,,,entailment,1,0.7460718154907227
337,who is often credited as the first modern director,,False,I don't know,,,,neutral,0,0.04132380709052086,/P> P>,,,,neutral,0,0.3507511019706726
338,google who's the tallest person in the world,,False,Code talkers are people in the 20th century who used obscure languages as a linguistic medium.,,,,neutral,0,0.009835224598646164,Code talkers are people in the 20th century who used obscure languages as a means of communication.,,,,neutral,0,0.0179106704890728
339,where are members of little big town from,,False,I don't know,,,,contradiction,0,0.19439421594142914,"Little Big Town /Th> /Th> /Th> /Tr> Tr> Td colspan=""2""> Little Big Town /Th> /Th> /Tr> Td col",,,,contradiction,0,0.37408798933029175
340,a spider with a skull on its back,Steatoda nobilis,True,India,0.0,0.0,0.0,contradiction,0,0.23448164761066437,Ancient India and ancient Greece are both ancient.,0.0,0.0,0.0,entailment,1,0.4522917866706848
341,dr. seuss the simplest seuss for youngest use,,False,I don't know,,,,entailment,1,0.3589085042476654,Hop on Pop Tr> /Tr> /Tr> Tr> Th> Author /Th> Td> Dr. Seuss /Td> /Tr> Tr> Illustrator ,,,,entailment,1,0.8333123326301575
342,where does the chief minister of maharashtra live,,False,I don't know,,,,neutral,0,0.008180883713066578,"The current Chief of Naval Staff is Ibok Ekwe Ibas who was appointed on July 13, 2015 by President Muhammadu Buhari to succeeded Usman Oyibe Jibrin.",,,,neutral,0,0.002925488166511059
343,what do the colors on the pan african flag mean,,False,Gadsden,,,,neutral,0,0.1893921047449112,Gadsden.,,,,neutral,0,0.04021420329809189
344,who sings i believe when i fall in love,,False,I don't know,,,,neutral,0,0.16052305698394775,Lionel Richie /Tr> /Tr> /Tr> /Tr> /Tr> /Tr> /Tr> /Tr> /Tr> /T,,,,neutral,0,0.11418987810611725
345,when did the movie the wiz come out,,False,I don't know,,,,neutral,0,0.14271120727062225,The Mavericks were dreadful.,,,,entailment,1,0.8434615731239319
346,the legend of the monkey king tv series,,False,I don't know,,,,contradiction,0,0.009751414880156517,"The show ran for five series of thirteen episodes each ( plus seven full - length one - off specials ), between 2009 and 2013.",,,,neutral,0,0.14617791771888733
347,what public holidays do they have in france,,False,Sunday,,,,neutral,0,0.09153620153665543,Sunday).,,,,contradiction,0,0.05575660988688469
348,where is the host of america's test kitchen,,False,I don't know,,,,contradiction,0,0.1230013445019722,Christopher Kimball /Th> /Tr> /Tr> /Tr> /Tr> /Tr> /Tr> /Tr> /Tr> /Tr> ,,,,entailment,1,0.4694332182407379
349,when did the waltz become popular in england,the Regency period,True,I don't know,0.0,0.0,0.0,contradiction,0,0.22671224176883698,the original form of the waltz,0.0,0.2222222222222222,0.0,neutral,0,0.12273059785366058
350,who followed little red riding hood in jungle,,False,I don't know,,,,neutral,0,0.03119189292192459,The Doll's version of the story was a pre-Perrault version of the story.,,,,neutral,0,0.057632751762866974
351,a picture of me without you vern gosdin,,False,Me ( Without You),,,,entailment,1,0.5830888748168945,George Jones /Th> /Th> /Th> /Th> /Th> /Th> /Th> /Th> /Th> /Th> /Th> /Th> ,,,,neutral,0,0.43579867482185364
352,what is expelled out of the body as faeces through the anus,"solid, semisolid, or liquid waste material",True,I don't know,0.0,0.0,0.0,neutral,0,0.11349812150001526,"The primary purpose of ploughing is to turn over the upper layer of the soil, bringing fresh nutrients to the surface, while burying weeds and the remains of previous crops and allowing the remains of previous crops to turn over the upper layer of the soil, while burying",0.0,0.0,0.0,entailment,1,0.4367564916610718
353,factors that decrease the rate of a chemical reaction,,False,I don't know,,,,neutral,0,0.06585349887609482,chemical equations.,,,,neutral,0,0.0702163428068161
354,when was the last time lsu was unranked,,False,I don't know,,,,contradiction,0,0.1347096562385559,"The last monarch of a distinct kingdom of England was Anne, who became Queen of Great Britain when England, the House of Wessex, was conquered by the French.",,,,contradiction,0,0.13494794070720673
355,who won the hundred years war and why,,False,I don't know,,,,contradiction,0,0.011048674583435059,"teams have won the cup, 19 of which are still active in the NHL.",,,,neutral,0,0.0762915313243866
356,who doesn't need a visa for russia,,False,I don't know,,,,neutral,0,0.11073179543018341,The main local brands are AvtoVAZ.,,,,neutral,0,0.034453362226486206
357,who was the chief guest of the official ceremony in the republic day,Crown Prince Mohammed bin Zayed Al Nahyan,True,powers has increased,0.0,0.0,0.0,contradiction,0,0.040609996765851974,"The Governor of India also empowered the governor to act upon his or her own discretion, such as the ability to appoint or dismiss a ministry, recommend President's rule, or reserve bills for the President's assent.",0.0,0.0,0.0,neutral,0,0.0066969930194318295
358,when is whose line is it anyway on tv 2017,,False,I don't know,,,,entailment,1,0.3529397249221802,No. of seasons /Th>,,,,neutral,0,0.19981741905212402
359,who says you can't go home bon jovi lyrics,,False,"Who Says You Can't Go Home '' /Th> /Tr> /Tr> Td colspan=""2""> /Tr> /Tr> /Tr> /T",,,,entailment,1,0.6180760860443115,"a Nice Day /Th> /Th> /Th> /Tr> /Tr> /Tr> /Th> Th colspan=""2""> /Th> /Tr> ",,,,neutral,0,0.24325360357761383
360,the duke edward kennedy ellington and his orchestra,,False,Duke Ellington /Th> /Th> /Th> /Th> /Th> /Th> /Th> /Th> /Th> /Th> /Th> /Th> ,,,,entailment,1,0.5705151557922363,Duke Ellington /Th> /Th> /Th> Tr> Tr> Th> Tr> Th> Tr> Tr> Th> Tr> Tr,,,,entailment,1,0.5256031155586243
361,discuss the main features of the economy of the mauryan empire,,False,I don't know,,,,contradiction,0,0.13619545102119446,The failure of a bank is generally considered to be of more importance than the failure of other types of business firms because of the interconnectedness and fragility of banking institutions.,,,,neutral,0,0.15750864148139954
362,guinness world record for the longest living dog in history,,False,Conference Finals,,,,contradiction,0,0.01855870708823204,Conference Finals,,,,contradiction,0,0.01855870708823204
363,five finger death punch- wrong side of heaven,,False,I don't know,,,,neutral,0,0.14187303185462952,"Five Finger Death Punch /Th> /Th> /Th> Th colspan=""2"">  Wrong Side of Heaven '' /Th> /Tr> /Th> Th colspan=""2",,,,entailment,1,0.5624228119850159
364,animal that looks like a hyena and fox,,False,I don't know,,,,neutral,0,0.0788627490401268,The Israelites were instructed to eat only the manna they had gathered for each day.,,,,neutral,0,0.0034155624452978373
365,who wrote the practice of the presence of god,"Brother Lawrence (born Nicholas Herman), a 17th-century Carmelite monk",True,I don't know,0.0,0.0,0.0,neutral,0,0.15712328255176544,Jesus.,0.0,0.0,0.0,contradiction,0,0.17388194799423218
366,where is the nile river on a world map,,False,I don't know,,,,contradiction,0,0.06644617766141891,The Nile Delta is located in Northern Egypt.,,,,entailment,1,0.969899594783783
367,what cities have been capital of the united states,New York City,True,Ohio,0.0,0.0,0.0,neutral,0,0.07262108474969864,"The Rust Belt begins in western New York and traverses west through Pennsylvania, West Virginia, Ohio, Indiana, and the Lower Peninsula of Michigan.",0.0,0.15384615384615383,0.0,entailment,1,0.45956140756607056
368,riders to the sea by john millington synge summary,,False,Treaty of Paris of 1783,,,,neutral,0,0.032635413110256195,Treaty of Paris of 1783.,,,,neutral,0,0.020842628553509712
369,when does alex come back on orange is the new black,,False,I don't know,,,,contradiction,0,0.20102590322494507,Alex Vause ( wife ; de facto ) Larry Bloom ( ex-fianc,,,,contradiction,0,0.16484208405017853
370,where were prisoners kept in the tower of london,,False,I don't know,,,,contradiction,0,0.21129894256591797,/Tr> Tr> Th> Location /Th> Tr> Tr> Th> Location /Th> Tr> Th> Location /Th> Tr> Th,,,,entailment,1,0.5102084279060364
371,what was the outcome of operation pedro pan,,False,I don't know,,,,neutral,0,0.057743217796087265,"The first systematic Hollywood blacklist was instituted on November 25, 1947.",,,,neutral,0,0.06884772330522537
372,when did india conduct the nuclear test at pokhran,May 1998,True,I don't know,0.0,0.0,1.0,neutral,0,0.1861899048089981,The test range was in Rajasthan.,0.0,0.0,1.0,entailment,1,0.9780805110931396
373,nhl record for shots on goal in a game,"Ray Bourque (March 21, 1991), 19",True,I don't know,0.0,0.0,0.0,neutral,0,0.07013046741485596,"The first two pitchers to accomplish the feat did so in 1880, under rules that differed in many important respects from those of today's game : for example, only underhand pitching -- from a flat, marked - out box 45 feet from home plate --",0.0,0.0,0.0,entailment,1,0.8438243269920349
374,where does the sagging pants trend come from,1990s,True,I don't know,0.0,0.0,0.0,neutral,0,0.20859499275684357,"Cassius Dio, Suetonius and Tacitus.",0.0,0.0,0.0,neutral,0,0.2609426975250244
375,who has played in the most nba finals games,Bill Russell,True,championships won by MLB players,0.0,0.0,1.0,contradiction,0,0.03233989328145981,championships won by players.,0.0,0.0,1.0,entailment,1,0.9415168166160583
376,who has right of way at a t junction,,False,I don't know,,,,neutral,0,0.09532003849744797,To the prescribed dosage.,,,,neutral,0,0.29475024342536926
377,rain water harvesting in different parts of india,,False,Indias population is Hindu.,,,,neutral,0,0.02346983179450035,"The state is a mixture of Hinduism, Islam and Christianity.",,,,neutral,0,0.026599356904625893
378,moment of inertia of a rod about a point,radius of gyration,True,I don't know,0.0,0.0,0.0,neutral,0,0.05098913237452507,The mass moment of inertia is an additive function.,0.0,0.16666666666666666,0.0,entailment,1,0.9658688902854919
379,how many times can you pass the ball in nfl,,False,I don't know,,,,neutral,0,0.038239192217588425,"The lateral pass is a part of rugby union and rugby league, where such passes are the norm.",,,,entailment,1,0.9872757792472839
380,list of hum tv dramas based on novels,Dayar-e-Dil,True,I don't know,0.0,0.0,0.0,contradiction,0,0.17465892434120178,/Th> /Th> /Th> /Th> /Th> /Th> /Th> /Th> /Th> /Th> /Th> /Th> /Th,0.0,0.0,0.0,contradiction,0,0.3658122420310974
381,when does mark show up in grey anatomy,season two,True,I don't know,0.0,0.0,0.0,contradiction,0,0.12595196068286896,"Grey's Anatomy ( season 13 ) /Th> /Tr> /Tr> Th colspan=""2""> Grey's Anatomy ( season 14 ) /Th> /Tr> ",0.0,0.11764705882352941,0.0,neutral,0,0.28768739104270935
382,where were you were when the world stopped turning lyrics,,False,I don't know,,,,contradiction,0,0.14718236029148102,"The single was released on November 26, 2001.",,,,entailment,1,0.8867879509925842
383,the vietnamese led independence movements against the chinese,,False,I don't know,,,,neutral,0,0.212155282497406,The Chinese lunar new year is a lunar new year.,,,,entailment,1,0.4581674039363861
384,where is the iguazu falls located on a map,on the border of the Argentine province of Misiones and the Brazilian state of Paraná,True,"Electron transport chains are used for extracting energy via redox reactions from sunlight in photosynthesis or, such as in the case of the oxidation of sugars or, such as in the case of the oxidation of sugars, cellular respiration",0.0,0.2222222222222222,0.0,neutral,0,0.2416866570711136,"Electron transport chains are used for extracting energy via redox reactions from sunlight in photosynthesis or, such as in the case of the oxidation of sugars, cellular respiration.",0.0,0.18604651162790697,0.0,neutral,0,0.3494738042354584
385,in the 1st century bc egypt became a colony of,the Roman Empire,True,I don't know,0.0,0.0,0.0,contradiction,0,0.2256532907485962,The Millennium : /Th> Td> 1st millennium /Td> /Tr> Tr> Th> Centuries : /Th> Td> Ul> ,0.0,0.11764705882352941,0.0,entailment,1,0.5616661310195923
386,how to play on the pga champions tour,,False,I don't know,,,,neutral,0,0.21486470103263855,Jordan Spieth /Th> /Th> /Th> /Th> /Th> /Th> /Th> /Th> /Th> /Th> /Th> /Th>,,,,entailment,1,0.8428953886032104
387,who is the cheif minister of uttar pradesh up,Yogi Adityanath,True,I don't know,0.0,0.0,1.0,neutral,0,0.14926953613758087,"The Governor must be appointed by the President of India for a term of five years, and holds office at the President's pleasure.",0.0,0.0,1.0,neutral,0,0.01768307201564312
388,who played jono on star trek next generation,Chad Allen,True,I don't know,0.0,0.0,1.0,neutral,0,0.2287748008966446,Star Trek : The Next Generation episode /Td> /Tr> Tr> Th> Episode no. /Th> Td> Tr> Th> Season 4 Episode 4 /Td> ,0.0,0.0,1.0,contradiction,0,0.33015310764312744
389,where were the colonists smuggling sugar and molasses from,,False,I don't know,,,,neutral,0,0.16878411173820496,"The Sugar Act 1764 Tr> /Tr> /Tr> Tr> Th> Long title /Th> An act for granting certain duties in the British colonies and plantations in America, for continuing, amending,",,,,entailment,1,0.9328458309173584
390,this bear lives in the hundred acre wood,Winnie-the-Pooh,True,I don't know,0.0,0.0,0.0,contradiction,0,0.17488637566566467,xylem is a type of transport tissue in vascular plants.,0.0,0.0,0.0,neutral,0,0.22562123835086823
391,what do you mean by anemia in hindi,,False,I don't know,,,,neutral,0,0.23910945653915405,"The single was released on January 9, 1995.",,,,entailment,1,0.9455500245094299
392,who holds the record for most wins in major league baseball,,False,I don't know,,,,neutral,0,0.1415795534849167,batter.,,,,neutral,0,0.1624065786600113
393,who sang the song my boyfriend's back,,False,I don't know,,,,neutral,0,0.21814250946044922,"My Boyfriend's Back /Th> /Th> /Tr> Tr> Th colspan=""2""> Side - A label of the U.S. 7 - inch vinyl single /Th> /Th",,,,contradiction,0,0.32436811923980713
394,where did the st louis cardinals play before busch stadium,,False,I don't know,,,,contradiction,0,0.1998792588710785,"The Cardinals are a professional baseball team based in St. Louis, Missouri.",,,,entailment,1,0.6235122084617615
395,the basal ganglia are a related cluster of cell bodies,,False,,,,,neutral,0,0.21607054769992828,The Greek philosopher Aristotle believed that there is no effect or motion without a cause.,,,,entailment,1,0.9783867597579956
396,where can you get a tattoo at 14 with a parental consent,,False,I don't know,,,,neutral,0,0.028561096638441086,"The studio album by REO Speedwagon was released on March 16, 1978.",,,,neutral,0,0.05869066342711449
397,13th amendment vote house of representatives roll call,,False,Twelfth Amendment,,,,entailment,1,0.4968284070491791,States House of Representatives /Th> /Th> /Tr> P>,,,,neutral,0,0.09971591830253601
398,what is the holy book of lslam called,Quran,True,I don't know,0.0,0.0,0.0,neutral,0,0.05755120515823364,"The story of Edgar Cayce, a 1997 book by Thomas Sugrue, originally published in 1969 as The story of Edgar Cayce : There Is a River",0.0,0.0,0.0,contradiction,0,0.01864626072347164
399,who sings proud mary in the movie proud mary,,False,I don't know,,,,neutral,0,0.22322852909564972,"Creedence Clearwater Revival /Th> /Th> /Tr> /Tr> Th colspan=""2"">  Proud Mary '' /Th> /Tr> T",,,,entailment,1,0.6770393252372742
400,when did the bmw 2 series come out,,False,I don't know,,,,neutral,0,0.14271120727062225,The Mavericks were dreadful.,,,,entailment,1,0.8434615731239319
401,who is the actor that plays tommy in power,,False,I don't know,,,,neutral,0,0.032862283289432526,A keystone species is a plant or animal that plays a unique and crucial role in the way an ecosystem functions.,,,,neutral,0,0.36227816343307495
402,how many types of page orientation are there in ms word,,False,I don't know,,,,contradiction,0,0.09180928021669388,Oxygen atoms.,,,,contradiction,0,0.08740264922380447
403,where is super bowl played at this year,,False,American cities,,,,contradiction,0,0.08919946104288101,The Super Bowl is the annual American football game that determines the champion of the National Football League ( NFL ).,,,,neutral,0,0.09445331990718842
404,chief starr and the raiders of the galaxy,,False,"St. Louis, Missouri to Los Angeles, California on January 12, 2016, and the Chargers'move from St. Louis, Missouri to Los Angeles, California on January 12, 2016,",,,,contradiction,0,0.021861618384718895,"Los Angeles to Los Angeles, California on January 12, 2016, and the Chargers'move from San Francisco, California on January 12, 2016, and the Chargers'move from San Francisco, California on January 12, 2016,",,,,contradiction,0,0.069708913564682
405,does president have to be born in usa,,False,I don't know,,,,contradiction,0,0.008957764133810997,"The birthplace of Abraham Quintanilla, Jr.",,,,contradiction,0,0.008519614115357399
406,when did saudi arabia became a member of the un,,False,Arsenal,,,,neutral,0,0.11449023336172104,Arsenal.,,,,entailment,1,0.564319372177124
407,where does the phrase up and adam come from,,False,I don't know,,,,neutral,0,0.2050878405570984,Here Today '' ( 1966 ) /Tr> Tr> Tr> Tr> Tr> Tr> Tr> Tr> Tr> Tr> Tr,,,,contradiction,0,0.19039416313171387
408,who influenced the pure food and drug act,,False,I don't know,,,,contradiction,0,0.036196764558553696,Stat. 416 ( 1912 ) ( Sherley Amendment ) /Li> 37 U.S. Stat. 732 ( 1913 ) ( Gould Amendment ) /Li> 41 U.S. Stat. 271 ( 1919 ) ( Ken,,,,contradiction,0,0.24048355221748352
409,who won the women's championship at wimbledon this year,Garbiñe Muguruza,True,Bill Russell),0.0,0.0,0.0,contradiction,0,0.0481744222342968,The NBA.,0.0,0.0,0.0,contradiction,0,0.030929753556847572
410,what's the difference between flank steak and round steak,,False,I don't know,,,,contradiction,0,0.2431502640247345,The French fries are a type of French fries.,,,,entailment,1,0.8713233470916748
411,this must be the place talking heads naive melody,,False,I don't know,,,,neutral,0,0.19401565194129944,"Talking Heads /Th> /Th> /Tr> /Tr> /Tr> /Th> Th colspan=""2""> /Tr> /Tr> /Th>",,,,entailment,1,0.51482754945755
412,how to find the molar mass of copper ii nitrate,,False,I don't know,,,,contradiction,0,0.14806899428367615,"/Tr> /Tr> /Tr> /Tr> Th colspan=""2""> Names /Th> /Tr> Tr> Td colspan=""2""> ",,,,entailment,1,0.5639155507087708
413,where are the non metals located on the periodic table,,False,thylakoid membrane of the chloroplast,,,,neutral,0,0.17180615663528442,thylakoid membrane of the chloroplast in photosynthetic eukaryotes.,,,,neutral,0,0.23167748749256134
414,how many verses in each chapter of the bible,,False,I don't know,,,,neutral,0,0.01987510360777378,The term '' peacekeeping '' is generally considered to lie in ( or between ) Chapter 6.,,,,neutral,0,0.008859188295900822
415,who won second place in miss universe 2017,Laura González,True,Steelers).,0.0,0.0,0.0,contradiction,0,0.0072677708230912685,Steelers ).,0.0,0.0,0.0,contradiction,0,0.0066534290090203285
416,did the milwaukee brewers ever won a world series,,False,I don't know,,,,contradiction,0,0.13909046351909637,The Milwaukee Brewers are the major league affiliates of the Milwaukee Brewers.,,,,neutral,0,0.23530913889408112
417,when does the new wheel of fortune season start,"September 10, 2018",True,I don't know,0.0,0.0,0.0,neutral,0,0.09704098105430603,"NBA games, the players are rewarded with trophies.",0.0,0.0,0.0,neutral,0,0.11250518262386322
418,when does ricky find out adrian is pregnant,,False,I don't know,,,,neutral,0,0.014199243858456612,The sentence is true because the sentence is true.,,,,neutral,0,0.08796059340238571
419,the justice for victims of trafficking act of 2015,,False,I don't know,,,,contradiction,0,0.1294187307357788,"The Act was passed by the House on May 9, 2000 ( Voice Vote ).",,,,contradiction,0,0.02091185562312603
420,where have you gone charming billy by tim o'brien,,False,I don't know,,,,neutral,0,0.2542368769645691,You can't have your cake and eat it ( too ),,,,entailment,1,0.8240638971328735
421,tom and jerry movie the fast and the furry,,False,Warner Bros. Animation,,,,neutral,0,0.18217800557613373,Turner Entertainment Co.,,,,neutral,0,0.11068262904882431
422,who has been elected next president of united nations 2018,María Fernanda Espinosa,True,Priesthood,0.0,0.0,0.0,contradiction,0,0.056432705372571945,Priesthood calling in The Church of Jesus Christ of Latter - day Saints ( LDS Church ).,0.0,0.0,0.0,neutral,0,0.08783791214227676
423,names of governors of all 29 indian states,,False,cyclones,,,,neutral,0,0.01214087288826704,Tropical cyclones /Th> /Tr> /Tr> /Tr> /Tr> /Tr> /Tr> /Tr> /Tr> /Tr>,,,,neutral,0,0.1573481410741806
424,when was the myers briggs type indicator developed,during World War II,True,I don't know,0.0,0.0,0.0,neutral,0,0.16666294634342194,"The Miami, Florida, meeting was held in Florida, Florida, United States.",0.0,0.0,0.0,neutral,0,0.16770406067371368
425,when was the last time australia won the rugby world cup,1999,True,I don't know,0.0,0.0,0.0,contradiction,0,0.028511565178632736,The trophy has been won 100 times from 1914 to the end of the 2018 season.,0.0,0.0,0.0,entailment,1,0.9790709018707275
426,what are the commonwealth countries of the united kingdom,,False,I don't know,,,,contradiction,0,0.07020322978496552,"The United Kingdom is an international organisation in which countries with diverse social, political, and economic backgrounds are regarded as equal in status, and cooperate within a framework of common values and goals, as outlined in the Singapore Declaration issued in 1971.",,,,neutral,0,0.011164667084813118
427,why is the bible called the king james version,,False,I don't know,,,,contradiction,0,0.2863805890083313,The King James Version of the Bible is a book of the Bible.,,,,entailment,1,0.7930103540420532
428,where was the movie it's complicated filmed,New York City,True,I don't know,0.0,0.0,0.0,neutral,0,0.20785124599933624,/P> P>,0.0,0.0,0.0,neutral,0,0.3457536995410919
429,how many flights to the top of the eiffel tower,,False,Construction started,,,,neutral,0,0.18712656199932098,Construction started in the 7th arrondissement.,,,,neutral,0,0.07481524348258972
430,who plays the coach's daughter in friday night lights,,False,I don't know,,,,contradiction,0,0.041705403476953506,The Theatre,,,,entailment,1,0.3956010043621063
431,how many episodes of pretty little liars on netflix,,False,I don't know,,,,neutral,0,0.24781551957130432,"The DVD cover of the DVD was released on June 8, 2010 ( 2010 - 06 - 08 ) -- March 21, 2011 ( 2011 - 03 - 21 ) /Td> /Tr> /Tr> /Tr>",,,,entailment,1,0.9631413817405701
432,where are radar detectors illegal in the us,,False,I don't know,,,,neutral,0,0.03420766070485115,The age of the person for whom it is written.,,,,neutral,0,0.18220680952072144
433,what is the purpose of sinners in the hands of an angry god,,False,I don't know,,,,neutral,0,0.14526456594467163,"The name of God is not a human invention, but has divine origin and is based on divine revelation.",,,,neutral,0,0.07827107608318329
434,where did the term how's tricks come from,,False,I don't know,,,,neutral,0,0.20395749807357788,"The term is a shortening of the term  duck's egg '', the latter being used long before Test cricket began.",,,,entailment,1,0.9496020674705505
435,who wrote the story for the shape of water,Guillermo del Toro,True,I don't know,0.0,0.0,0.0,contradiction,0,0.04174992814660072,"The term is believed to come from the shape of the number  0 '' being similar to that of a duck's egg, as in the case of the American slang term  goose - egg ''.",0.0,0.0,0.0,neutral,0,0.019317522644996643
436,what is vouching how would you vouch the cash book,,False,I don't know,,,,contradiction,0,0.04779623821377754,The book was originally bound with the idea that the book would be used in a library setting where the book would receive harder use than those usual trade editions sold to the public.,,,,entailment,1,0.7158235311508179
437,when do fifty shades of freed come out,"February 9, 2018",True,I don't know,0.0,0.0,1.0,neutral,0,0.24311082065105438,Fifty Shades of Grey /Tr> /Tr> /Tr> /Tr> Th> Author /Th> Td> /Tr> /Tr> Th> Th,0.0,0.0,1.0,entailment,1,0.7187163233757019
438,when you find a fork in the road take it meaning,,False,I don't know,,,,neutral,0,0.21916447579860687,The proverb means that one can not have or want more than one deserves or is reasonable.,,,,neutral,0,0.13182996213436127
439,who did the royals play in the world series,,False,Magic,,,,neutral,0,0.3717976212501526,Magic is depicted as a supernatural force that can be used to override the usual laws of nature.,,,,neutral,0,0.29098308086395264
440,what happened to the first danny on full house,,False,I don't know,,,,contradiction,0,0.3010765612125397,The President of the United States ( Season 2 ),,,,contradiction,0,0.25479403138160706
441,why they call new york the big apple,,False,I don't know,,,,entailment,1,0.5395552515983582,"The mass of organisms in situ is regarded as the natural mass of organisms in situ, just as they are.",,,,neutral,0,0.23110684752464294
442,when were hungry love will keep us alive lyrics,,False,I don't know,,,,contradiction,0,0.19577370584011078,The Eagles' producer was Elliot Sche.,,,,neutral,0,0.025907311588525772
443,why does the eye of a hurricane have low pressure,,False,low,,,,neutral,0,0.06855649501085281,pressure in the western Pacific below average.,,,,neutral,0,0.1632300317287445
444,where is the lighthouse in lighthouse point fl,Hillsboro Beach,True,I don't know,0.0,0.0,0.0,contradiction,0,0.25809141993522644,"Lighthouse Point is located in Broward County, Florida, United States of America.",0.0,0.0,0.0,entailment,1,0.9677135944366455
445,who founded the first university in the world,Fatima bint Muhammad Al-Fihriya Al-Qurashiya,True,supernatural,0.0,0.0,0.0,neutral,0,0.09981992840766907,The author of the book remained fascinated by the possibilities of human psychology.,0.0,0.0,0.0,neutral,0,0.07131554931402206
446,when do you stop growing new facial hair,,False,I don't know,,,,neutral,0,0.2902034819126129,Facial hair ) (,,,,neutral,0,0.4438101649284363
447,if you ever want to be in love song download,,False,I don't know,,,,neutral,0,0.22292210161685944,"James Bay /Th> /Th> Tr> Th colspan=""2""> /Tr> Tr> Th colspan=""2""> Single by James Bay /Th> /Th> ",,,,entailment,1,0.6402871608734131
448,when did tiger win his last pga tournament,2007,True,I don't know,0.0,0.0,1.0,contradiction,0,0.20368675887584686,Tiger Woods /Th> /Th> /Th> /Th> /Th> /Th> /Th> /Th> /Th> /Th> /Th> /Th> ,0.0,0.0,1.0,entailment,1,0.6281131505966187
449,how many book are there of fifty shades of grey,,False,E.L. James,,,,entailment,1,0.7988712191581726,Charlotte Moore.,,,,neutral,0,0.32667961716651917
450,who wrote aerosmith i don't want to miss a thing,Diane Warren,True,I don't know,0.0,0.0,1.0,contradiction,0,0.20313508808612823,Aerosmith /Th> /Th> /Tr> /Tr> /Tr> /Tr> /Th> /Th> /Th> /Th> /Th> /,0.0,0.0,1.0,entailment,1,0.7391864061355591
451,who were the characters on dukes of hazzard,,False,I don't know,,,,contradiction,0,0.22495891153812408,"The Dukes of Hazzard /Th> /Th> /Tr> Tr> Td colspan=""2""> /Tr> /Tr> Tr> Th> Genre ",,,,entailment,1,0.7824605703353882
452,artists with top 40 hits in 4 decades,,False,I don't know,,,,contradiction,0,0.02408209629356861,are listed with their sales figures.,,,,entailment,1,0.8197205066680908
453,cast of i can be bad all by myself,,False,"Tyler Perry /Th> /Th> /Th> Th colspan=""2"">  All by Myself /Th> /Th> /Th> Td colspan=""2""> Theatrical release",,,,entailment,1,0.5227448344230652,"Tyler Perry /Tr> /Tr> Th colspan=""2"">  All by Myself '' /Th> /Tr> Tr> Th colspan=""2""> Theatrical release",,,,entailment,1,0.5359858274459839
454,when does season two of i am frankie come out,,False,I don't know,,,,neutral,0,0.15394364297389984,Promised Land.,,,,neutral,0,0.16948950290679932
455,the day after we broke up korean drama,,False,I don't know,,,,neutral,0,0.1985013335943222,The organization is a nonprofit.,,,,neutral,0,0.029644694179296494
456,which country won the last south pacific games 2017,,False,NHL,,,,neutral,0,0.1624804139137268,NHL.,,,,neutral,0,0.3293399512767792
457,what is the point of a bloody mary,,False,I don't know,,,,entailment,1,0.488668292760849,The Bloody Mary is a mixed drink containing 4.5 cl ( 3 parts ) Vodka /Li> /Ul> /Td> /Tr> /Tr> /Tr> /T,,,,neutral,0,0.15556646883487701
458,when did virgin active start in south africa,,False,Stuart Broad,,,,neutral,0,0.2654460072517395,Stuart Broad.,,,,neutral,0,0.11302268505096436
459,what was the capital of brazil before brasilia,Rio de Janeiro,True,I don't know,0.0,0.0,0.0,neutral,0,0.23319457471370697,The Netherlands and Chile were eliminated after suffering two defeats in their opening two matches.,0.0,0.0,0.0,neutral,0,0.1783238649368286
460,where was the kath and kim movie filmed,Positano,True,I don't know,0.0,0.0,0.0,contradiction,0,0.09437395632266998,Vinland,0.0,0.0,0.0,neutral,0,0.10470696538686752
461,who is responsible for setting up the configuration libraries,,False,TB vaccine is available,,,,neutral,0,0.15207958221435547,TB vaccine is available in the United States.,,,,neutral,0,0.4106786549091339
462,what is red's real name on that 70's show,"Reginald Albert ""Red"" Forman",True,Hiibel v. Sixth Judicial District Court of Nevada,0.0,0.0,0.0,neutral,0,0.021921884268522263,Court held that the name disclosure did not violate the Fourth Amendment prohibition on unreasonable searches and seizures.,0.0,0.0,0.0,neutral,0,0.024622684344649315
463,oranhe is the new black season 5 cast,,False,I don't know,,,,neutral,0,0.00789575930684805,"The series stars Clark Gregg, reprising his role of Phil Coulson from the films, as well as Ming - Na Wen, Brett Dalton, Chloe Bennet, Iain De Caestecker, and Elizabeth Henstridge.",,,,neutral,0,0.005481467582285404
464,where does the saying you can't have your cake and eat it too come from,,False,I don't know,,,,neutral,0,0.218018040060997,You can't have your cake and eat it ( too ) is a popular English idiomatic proverb or figure of speech.,,,,entailment,1,0.9901069402694702
465,when is the new pitch perfect coming out,,False,I don't know,,,,neutral,0,0.19123929738998413,"The first two pitchers to accomplish the feat did so in 1880, under rules that differed in many important respects from those of today's game.",,,,entailment,1,0.981255054473877
466,when was the demonetization first time done in india,,False,I don't know,,,,contradiction,0,0.13397927582263947,"The 1948 London Olympics was India's first major international tournament, where a predominately barefooted Indian team lost 2 -- 1 to France, failing to convert two penalties.",,,,neutral,0,0.016951045021414757
467,how much money did blink 182 get for rock show,,False,I don't know,,,,neutral,0,0.19862985610961914,"Blink - 182 /Th> /Th> /Th> Th colspan=""2""> Single by Blink - 182 /Th> /Th> /Th> Th colspan=""2"">",,,,entailment,1,0.5789714455604553
468,where are the lobes of the brain located,,False,thylakoid membrane of the chloroplast,,,,neutral,0,0.17180615663528442,thylakoid membrane of the chloroplast in photosynthetic eukaryotes.,,,,neutral,0,0.23167748749256134
469,what will you do about me randy travis,,False,I don't know,,,,neutral,0,0.23910945653915405,"The single was released on January 9, 1995.",,,,entailment,1,0.9455500245094299
470,when did nhl start 3 on 3 overtime,2015–16 NHL season,True,I don't know,0.0,0.0,0.0,neutral,0,0.17336489260196686,The 2017 season was the second season in which the trophy has been won 100 times.,0.0,0.10526315789473684,0.0,neutral,0,0.12346585094928741
471,who is the founder of red cross society,Henry Dunant,True,I don't know,0.0,0.0,1.0,contradiction,0,0.1460733413696289,"The Geneva Conventions'three emblems in use : Red Cross, Red Crescent, Red Crystal /Td> /Tr> Tr> Tr> Th> Founded /Th> Ul> L",0.0,0.0,1.0,entailment,1,0.8228268027305603
472,what are the three rivers of pittsburgh pennsylvania,Allegheny,True,Yellow River,0.0,0.0,0.0,contradiction,0,0.18832214176654816,Yellow River.,0.0,0.0,0.0,contradiction,0,0.1371670365333557
473,who was involved in the 1992 la gang truce and peace talks,,False,I don't know,,,,neutral,0,0.05878130719065666,"Cuba, Venezuela, Bolivia, Ecuador, Dominica, and Nicaragua )",,,,neutral,0,0.04821990430355072
474,is italy an example of a unitary government,,False,Cost benefit analysis,,,,neutral,0,0.1126602441072464,The process is a systematic process for calculating and comparing benefits.,,,,neutral,0,0.01929393783211708
475,what happened after the battle at lexington and concord,,False,I don't know,,,,contradiction,0,0.2802111804485321,Lexington : 42 ° 26 ′ 58.7 '' N 71 ° 13 ′ 51.0 '' W / 42.449639 ° N 71.230833 ° W / 42.449639 ; - 71.230,,,,entailment,1,0.612204909324646
476,what were the two super powers during the cold war,Soviet Union,True,Communist state,0.0,0.0,1.0,neutral,0,0.3098616600036621,"The Cold War split the temporary wartime alliance against Nazi Germany, leaving the Soviet Union and the United States as two superpowers with profound economic and political differences.",0.0,0.13333333333333333,1.0,neutral,0,0.03723908215761185
477,at present who is the speaker of lok sabha,Sumitra Mahajan,True,I don't know,0.0,0.0,0.0,neutral,0,0.05594190955162048,The maximum size of the Lok Sabha as outlined in the Constitution of India is 552 members made up of up to 530 members representing people of the states of India and up to 20 members representing people from the Union Territories.,0.0,0.0,0.0,contradiction,0,0.02054067887365818
478,who voices the faceless old woman who secretly lives in your home,Mara Wilson,True,I don't know,0.0,0.0,0.0,neutral,0,0.050766780972480774,jumbuck you've got in your tucker bag.,0.0,0.0,0.0,neutral,0,0.059611156582832336
479,throw the baby out with the bathwater example,,False,neutralized.,,,,neutral,0,0.24143849313259125,"The pH is balanced by the presence of both a weak acid ( for example, H CO ) and its conjugate base ( for example, HCO ) so that any excess acid or base introduced to the system is neutral.",,,,neutral,0,0.058567021042108536
480,who played the mother in my big fat greek wedding,,False,I don't know,,,,neutral,0,0.032806288450956345,The player who played for the Philadelphia Eagles of the National Football League ( NFL ).,,,,entailment,1,0.9581876397132874
481,when did sweet dreams are made of this come out,1983,True,I don't know,0.0,0.0,1.0,neutral,0,0.26130083203315735,"Eurythmics /Th> /Th> Tr> Th colspan=""2""> /Tr> /Tr> Th colspan=""2""> Single by Eurythmics /Th>",0.0,0.0,1.0,entailment,1,0.7267634272575378
482,when were catholic churches allowed back in england,Dioceses (replacing districts) were re-established by Pope Pius IX in 1850,True,I don't know,0.0,0.0,0.0,neutral,0,0.139422208070755,The term pope is used in several Churches to denote their high spiritual leaders ( for example Coptic Pope ).,0.0,0.13793103448275862,0.0,entailment,1,0.9843547344207764
483,where is biltmore estate located and what is it famous for,,False,it serves as the site of oxidative phosphorylation through the action of ATP synthase,,,,neutral,0,0.2648039162158966,serves as the site of oxidative phosphorylation through the action of ATP synthase.,,,,neutral,0,0.305868923664093
484,who plays wendy the waitress in how i met your mother,Charlene Amoia,True,I don't know,0.0,0.0,0.0,neutral,0,0.2731808125972748,The Mother appearing in  The Locket '' /Td> /Tr> /Tr> Tr> Tr> Tr> Td> Td> Td> T,0.0,0.0,0.0,neutral,0,0.1599029302597046
485,stevie wonder i don't know why i love you,,False,I don't know,,,,entailment,1,0.5819063186645508,The time.,,,,entailment,1,0.7542213201522827
486,where did the night at the museum take place,New York City's American Museum of Natural History,True,I don't know,0.0,0.0,0.0,neutral,0,0.09015602618455887,The reaction rate or rate of reaction is the speed at which reactants are converted into products.,0.0,0.07999999999999999,0.0,neutral,0,0.204755961894989
487,a capacitor that transfers an ac signal from one stage to another is called a,,False,I don't know,,,,contradiction,0,0.09465449303388596,is a reversible circuit.,,,,neutral,0,0.22118917107582092
488,which episode does pam and jim get together,,False,I don't know,,,,contradiction,0,0.18827763199806213,The ark narrative does not include any mention of Samuel ; Bill Arnold suggests that it is  in order to celebrate the power of Yahweh's ark.,,,,contradiction,0,0.029101407155394554
489,what's the difference between windows 7 home basic and ultimate,,False,I don't know) are not identical,,,,neutral,0,0.34322789311408997,) are not identical.,,,,entailment,1,0.7449516654014587
490,colonialism and nationalism in india meaning in hindi,,False,I don't know,,,,contradiction,0,0.019121024757623672,"The flag of India is a horizontal triband of India saffron, white, and India green ; charged.",,,,contradiction,0,0.024422869086265564
491,list of food items of different regions of india,,False,I don't know,,,,neutral,0,0.03353537991642952,The state tree and the state flower are sandals.,,,,neutral,0,0.012831063009798527
492,what are freshmen called at the air force academy,Fourth class cadets,True,I don't know,0.0,0.0,0.0,contradiction,0,0.10843649506568909,"The United States Air Force Academy, Colorado, U.S. /Td> /Tr> Tr> Th> motto is Integrity First, Service Before Self, Excellence in All We Do /Td> /Tr",0.0,0.0,0.0,neutral,0,0.06129879131913185
493,who played rosario on will & grace and is she still alive,,False,I don't know,,,,contradiction,0,0.15762537717819214,The Eagles recorded the single Love Will Keep Us Alive.,,,,entailment,1,0.9733440279960632
494,who's had the most number one singles,,False,I don't know,,,,neutral,0,0.09132624417543411,Britain.,,,,neutral,0,0.12945052981376648
495,who began the religious change in england and who carried out the change over several years,,False,I don't know,,,,neutral,0,0.07635176926851273,income.,,,,neutral,0,0.31339535117149353
496,who is the voice of smokey the bear,,False,I don't know,,,,neutral,0,0.01257286872714758,The name of God has been seen as a representation of the entire system of  divine truth '' revealed to the faithful  that believe on his name '' as in John 1 : 12 or  walk in the name of the LORD our God '' in Micah 4,,,,entailment,1,0.9496395587921143
497,mai rahoon ya na rahoon song movie name,,False,I don't know,,,,neutral,0,0.20318050682544708,songs have been compiled.,,,,entailment,1,0.5754439830780029
498,how old was jordan when he played for wizards,,False,I don't know,,,,neutral,0,0.12246188521385193,Drew Carey Sr.,,,,neutral,0,0.13239559531211853
499,what kind of gin for long island iced tea,,False,I don't know,,,,neutral,0,0.3553577959537506,The Long Island Iced Tea was named for its visual resemblance to non-alcoholic Iced tea.,,,,entailment,1,0.909084677696228
500,how many gold medals did nz win in the 2018 commonwealth,46,True,I don't know,0.0,0.0,1.0,contradiction,0,0.0726877823472023,The medals were ranked 5th in the medals table.,0.0,0.0,1.0,neutral,0,0.003750166855752468
501,who is the actor playing terry on general hospital,Cassandra James,True,I don't know,0.0,0.0,0.0,neutral,0,0.0833648070693016,American military seniority is higher than the average.,0.0,0.0,0.0,neutral,0,0.1803598552942276
502,which of the following is not a mental change that takes place during young adulthood,,False,I don't know,,,,neutral,0,0.09605865180492401,"The term emerging adulthood is highly controversial within the developmental field, with developmental psychologists contested over the legitimacy of Arnett's theories and methods.",,,,neutral,0,0.014791131019592285
503,how many characters are there in coronation street,,False,Helen Worth,,,,contradiction,0,0.049085307866334915,Gail McIntyre.,,,,entailment,1,0.6512523293495178
504,which group took control of the middle east from the arab,,False,I don't know,,,,contradiction,0,0.06960081309080124,The United Nations Peacekeeping began in 1948.,,,,contradiction,0,0.22917619347572327
505,who is the leader of the state government in australia,the Queen of Australia,True,I don't know,0.0,0.0,0.0,neutral,0,0.04827037453651428,The Prime Minister of India is the chief executive of the Government of India.,0.0,0.22222222222222224,0.0,neutral,0,0.05017394199967384
506,when was national food security act introduced in rajasthan,22 December 2011,True,I don't know,0.0,0.0,0.0,contradiction,0,0.12533684074878693,/P>,0.0,0.0,0.0,contradiction,0,0.06045330688357353
507,good morning america what time does it start,7:00 to 9:00 a.m. in all U.S. time zones (live in the Eastern Time Zone and on tape delay elsewhere across the country),True,I don't know,0.0,0.0,0.0,neutral,0,0.22852705419063568,EMI,0.0,0.0,0.0,entailment,1,0.45255956053733826
508,what kind of peppers are in dave's insanity sauce,,False,I don't know,,,,contradiction,0,0.20313508808612823,Aerosmith /Th> /Th> /Tr> /Tr> /Tr> /Tr> /Th> /Th> /Th> /Th> /Th> /,,,,entailment,1,0.7391864061355591
509,who sang the song late december back in 63,,False,American Civil War,,,,entailment,1,0.7926583290100098,nineteenth century.,,,,neutral,0,0.1057502031326294
510,beginning in the 1820s which type of deference characterized american politics,,False,I don't know,,,,neutral,0,0.11135074496269226,Original sin.,,,,neutral,0,0.03769167885184288
511,list the iso 9000 series of quality management standards,,False,I don't know,,,,neutral,0,0.018802527338266373,"The Gantt chart is almost the same as their original counterparts, and are a critical part of all project management systems.",,,,neutral,0,0.007337415125221014
512,what happened to the equal rights amendment quizlet,,False,I don't know,,,,neutral,0,0.35425305366516113,"The Constitution ( Forty - second Amendment ) Act, 1976 /Th> /Th> /Tr> Tr> Td colspan=""2""> /Tr> /Tr> /Tr",,,,entailment,1,0.676546037197113
513,what are the main sources of vitamin k,green leafy vegetables,True,List of abbreviations used in medical prescriptions,0.0,0.0,0.0,neutral,0,0.19127154350280762,'s are used in medical prescriptions.,0.0,0.0,0.0,neutral,0,0.031250834465026855
514,when did the edwardian era start and end,1901 to 1910,True,I don't know,0.0,0.0,0.0,neutral,0,0.01323652919381857,"The war was a war between Great Britain and the United States, 1812 - 1815.",0.0,0.0,0.0,entailment,1,0.9492056965827942
515,impact of trade unions on the south african economy,,False,I don't know,,,,neutral,0,0.029972223564982414,The Labour Relations Act.,,,,neutral,0,0.018332859501242638
516,who sang put one foot in front of the other,,False,"Chandigarh, Dadra and Nagar Haveli are governed by an administrator.",,,,neutral,0,0.153579443693161,"Chandigarh union territories, the lieutenant - governors are ceremonial.",,,,neutral,0,0.0851922407746315
517,what type of sharks can you have as pets,,False,n't have your cake and eat it ( too ),,,,neutral,0,0.14253748953342438, you can't have your cake and eat it ( too ),,,,neutral,0,0.1647990643978119
518,in step 1 of the reid technique interrogation,,False,I don't know,,,,neutral,0,0.06129537150263786,single - hulled canoes,,,,neutral,0,0.08467835932970047
519,what was the copperheads position on fighting the war,opposed the American Civil War and wanted an immediate peace settlement with the Confederates,True,America's honour,0.0,0.0,0.0,neutral,0,0.10693395137786865,"The Cold War was a state of geopolitical tension after World War II between powers in the Eastern Bloc ( the Soviet Union and its satellite states ) and powers in the Western Bloc ( the United States, its NATO allies and others and others ).",0.0,0.14285714285714285,0.0,entailment,1,0.9822743535041809
520,where was the film call me by your name filmed,,False,I don't know,,,,contradiction,0,0.03669186308979988,"The film version of New York, New York, a helluva town",,,,neutral,0,0.12147421389818192
521,when was rudolph the red nosed reindeer written,1939,True,I don't know,0.0,0.0,1.0,contradiction,0,0.19265638291835785,The Red Nosed Reindeer /Td> /Tr> /Tr> /Tr> /Tr> /Tr> /Tr> /Tr> /Tr> /,0.0,0.0,1.0,entailment,1,0.5326351523399353
522,of the three vastus muscle of the quadriceps which is the largest,,False,I don't know,,,,contradiction,0,0.2428649514913559,"/Tr> /Tr> /Tr> Tr> Th colspan=""2""> Details /Th> /Th> /Tr> Tr> Th> Origin /Th",,,,contradiction,0,0.27305638790130615
523,game of thrones who's who season 1,,False,I don't know,,,,neutral,0,0.2999700605869293,/Th> /Tr> Tr> Tr> Th> Tr> Th> Tr> Th> Tr> Th> Tr> Th> T,,,,entailment,1,0.4952501356601715
524,what is the haunting of whaley house about,,False,I don't know,,,,contradiction,0,0.13220669329166412,The word waltz is a slang term for a dance.,,,,contradiction,0,0.32125937938690186
525,describe the powers that the president has in the role of commander in chief,,False,Continental Army,,,,neutral,0,0.02283201552927494,"The key Founding Fathers are John Adams, Benjamin Franklin, Alexander Hamilton, John Jay, Thomas Jefferson, James Madison, and George Washington.",,,,neutral,0,0.0271091740578413
526,mere jane ke baad mujhe yaad karoge mp3 download,,False,I don't know,,,,neutral,0,0.007026367355138063,The venue of the event is not specified.,,,,contradiction,0,0.015418726950883865
527,when does season 3 of lucifer come out,"October 2, 2017",True,I don't know,0.0,0.0,0.0,neutral,0,0.13414372503757477,The land of Canaan.,0.0,0.0,0.0,neutral,0,0.18112213909626007
528,who wrote the music for the moody blues,,False,Stephen Sondheim,,,,contradiction,0,0.3178788125514984,Stephen Sondheim wrote the lyrics and Leonard Bernstein composed the music.,,,,entailment,1,0.9402161836624146
529,what kind of currency is used in new zealand,New Zealand dollar,True,I don't know,0.0,0.0,1.0,contradiction,0,0.06621995568275452,"The Universal Product Code ( UPC ) is a barcode symbology that is widely used in the United States, Canada, United Kingdom, Australia and New Zealand, to commemorate their servicemen and women killed in all conflicts.",0.0,0.10810810810810811,1.0,neutral,0,0.13673675060272217
530,when are wales playing in the world cup,,False,FIFA World Cup qualification,,,,entailment,1,0.8091031312942505,The 2018 FIFA World Cup qualification UEFA Group D was one of the nine UEFA groups for 2018 FIFA World Cup qualification.,,,,entailment,1,0.9559541940689087
531,when was the last time mount shasta was active,about two centuries ago,True,I don't know,0.0,0.0,0.0,neutral,0,0.20160669088363647,"1919, because of the Spanish flu epidemic, and 1919, because of the American flu epidemic.",0.0,0.0,0.0,contradiction,0,0.05897451937198639
532,south park pandemic 2 the startling full episode,,False,South Park,,,,entailment,1,0.7169231176376343,Episode no. /Th> Td> Season 12 Episode 11 /Td> /Tr> Tr> Th> Directed by /Th> Td> Trey Parker /Td> ,,,,entailment,1,0.8811485171318054
533,who sings the song fly me to the moon,,False,I don't know,,,,neutral,0,0.00908233318477869,sitting down,,,,neutral,0,0.010564912110567093
534,is the great barrier reef the biggest reef in the world,,False,I don't know,,,,contradiction,0,0.15983253717422485,The coordinates are: 18 ° 17 ′ 10 '' S 147 ° 42 ′ 00 '' E / 18.28611 ° S 147.70000 ° E / - 18.28611 ; 147.70000 Coordinates,,,,neutral,0,0.31457772850990295
535,who played laura palmers mom in twin peaks,,False,I don't know,,,,neutral,0,0.2254001945257187,The opening theme /Th> Td> Td> /Tr> Tr> Th> Composer ( s ) /Th> Td> Angelo Badalamenti /Td>,,,,contradiction,0,0.11060791462659836
536,who does lucy hale play in secret of the wings,,False,Walt Disney Studios Motion Pictures,,,,contradiction,0,0.08762355148792267,Walt Disney Studios Motion Pictures ( Thea ),,,,contradiction,0,0.10394059121608734
537,who was the oldest of the bee gees,,False,I don't know,,,,contradiction,0,0.07697394490242004,The Stanley Cup is a trophy awarded annually to the playoff champion club of the National Hockey League ( NHL ) ice hockey league.,,,,entailment,1,0.9735047817230225
538,triple h vs shawn michaels bad blood 2004,,False,I don't know,,,,contradiction,0,0.15785185992717743,"The event was held at the Nationwide Arena in Columbus, Ohio.",,,,neutral,0,0.001071989070624113
539,which is first dawn of the planet of the apes or rise of the planet of the apes,Rise of the Planet of the Apes,True,I don't know,0.0,0.0,1.0,contradiction,0,0.12583240866661072,The original series of Planet of the Apes was created by Pierre Boulle.,0.0,0.6,1.0,entailment,1,0.8784406781196594
540,who visited niagra falls twice before becoming president,,False,I don't know,,,,contradiction,0,0.05996939539909363,Florence Henderson of season eleven passed away after appearing on the show,,,,contradiction,0,0.04200395941734314
541,who has the power to veto a bill,,False,"centuries has been largely based on the impact of great men, or heroes.",,,,entailment,1,0.8274659514427185,centuries has been largely based on the great man theory.,,,,contradiction,0,0.06626564264297485
542,when is the next season of americas got talent,,False,I don't know,,,,neutral,0,0.2102358043193817,The Sacred Riana /Th> /Th> /Th> /Th> /Th> /Th> /Th> /Th> /Th> /Th> /Th> /Th,,,,entailment,1,0.5641564726829529
543,coriolosis component of acceleration can be found in,the Earth,True,I don't know,0.0,0.0,0.0,neutral,0,0.07037138938903809,Aluminium is recycled.,0.0,0.0,0.0,neutral,0,0.03719724714756012
544,which of the following is a high biological value food for protein,,False,I don't know,,,,neutral,0,0.0965500921010971,"The science education resource center, Carleton College, offers the following description :",,,,neutral,0,0.03173698112368584
545,according to thomas hobbes in leviathan what does the term leviathan mean in a biblical sense,,False,solve any equation defined by continuous functions,,,,neutral,0,0.33192795515060425,The root - finding algorithms do not guarantee the root - finding algorithms do not guarantee the root - finding algorithms do not guarantee the root - finding algorithms do not guarantee the root - finding algorithms do not guarantee the root - finding algorithms do not guarantee the root - finding algorithms do not guarantee the,,,,neutral,0,0.4262332618236542
546,evaluation of moore’s in the semiconductor industry,,False,rectifier,,,,neutral,0,0.11596449464559555,rectifier.,,,,neutral,0,0.04838627949357033
547,who sings i always feel like somebody's watching me,TRU,True,I don't know,0.0,0.0,1.0,neutral,0,0.26698482036590576,Rockwell /Th> /Th> /Th> /Th> /Th> /Th> /Th> /Th> /Th> /Th> /Th> /Th> ,0.0,0.0,1.0,entailment,1,0.44734853506088257
548,where is lebron on the all time scoring list,7,True,Japanese,0.0,0.0,1.0,neutral,0,0.06995061784982681,Japan.,0.0,0.0,1.0,neutral,0,0.038518957793712616
549,who wrote there's nothing holdin me back,Shawn Mendes,True,I don't know,0.0,0.0,1.0,contradiction,0,0.20875678956508636,"Shawn Mendes /Th> /Th> Tr> Th colspan=""2""> /Th> /Tr> Tr> Th colspan=""2""> Single by Shawn Mendes /",0.0,0.2222222222222222,1.0,entailment,1,0.6582978367805481
550,when was silicon added to the periodic table,1823,True,I don't know,0.0,0.0,0.0,neutral,0,0.028099043294787407,The ball was a baseball.,0.0,0.0,0.0,neutral,0,0.01810172200202942
551,what was going on in the world in 1500 ad,,False,I don't know,,,,contradiction,0,0.1399022936820984,The poem was written by George Johnson.,,,,contradiction,0,0.06910007447004318
552,where are ligand gated channels found on a neuron,,False,I don't know,,,,neutral,0,0.006475502159446478,"The following table lists the fifty most subscribed channels on YouTube, with each total rounded down to the nearest million subscribers, as well as the network and language of each channel.",,,,neutral,0,0.005849011242389679
553,where was the movie the killing fields filmed,,False,I don't know,,,,neutral,0,0.024847647175192833,"The real Sparta is near the Mississippi at Vicksburg from Louisiana, not Arkansas.",,,,neutral,0,0.0228247232735157
554,the whole is greater than the sum of it's parts,,False,I don't know,,,,contradiction,0,0.03146561235189438,"The variables tend to show similar behavior ), the covariance is positive.",,,,neutral,0,0.1814882457256317
555,where do the golden knights hockey team play,"at T-Mobile Arena on the Las Vegas Strip in Paradise, Nevada",True,"Washington, D.C.",0.0,0.0,0.0,contradiction,0,0.09133739024400711,The Capitals were founded in 1875.,0.0,0.23529411764705885,0.0,contradiction,0,0.030972465872764587
556,where is black sea located in the world,"between Eastern Europe, the Caucasus, and Western Asia",True,I don't know,0.0,0.0,0.0,neutral,0,0.037602487951517105,"The Cedar River is located in Dodge County, Minnesota, consisting of a west fork and middle fork approximately three miles northeast of the town of Blooming Prairie, and an east fork approximately one mile south of the town of Hayfield.",0.0,0.08333333333333334,0.0,contradiction,0,0.012891389429569244
557,how many volts does a wind-powered power station produce each day,,False,I don't know,,,,neutral,0,0.22962453961372375,"The following table lists the fifty most subscribed channels on YouTube, with each total rounded down to the nearest million subscribers, as well as the network and language of each channel.",,,,neutral,0,0.26843464374542236
558,when can a person be held for a capital crime without benefit of presentment,"in cases arising in the land or naval forces, or in the Militia, when in actual service in time of War or public danger",True,I don't know,0.0,0.0,0.0,contradiction,0,0.010973739437758923,The Fifth Amendment does not apply to self - incrimination.,0.0,0.06060606060606061,0.0,neutral,0,0.018067022785544395
559,is it an offence to take a picture of someone,,False,"U.S., the program is a 501 ( c) ( 3 ) ( 3 ) ( 3 ) ( 3 ) ( 3 ) ( 3 ) ( 3 ) ( 3 ) ( 3 ) ( 3 ) ( 3 ) ( 3 )",,,,neutral,0,0.09652383625507355,"The program is a 501 ( c ) ( 3 ) non-profit educational program in the United States, Canada and Australia that revolves around parents taking their children to work for one day.",,,,neutral,0,0.11322624981403351
560,when was central statistical organisation of india established,2 May 1951,True,I don't know,0.0,0.0,0.0,neutral,0,0.06054661422967911,The British segregated Indians by caste.,0.0,0.0,0.0,neutral,0,0.1105012521147728
561,what are the three parts of this url,,False,I don't know,,,,contradiction,0,0.11767005175352097,a more user-friendly interface.,,,,neutral,0,0.16546550393104553
562,when does the first 48 come back on,,False,I don't know,,,,neutral,0,0.2050878405570984,Here Today '' ( 1966 ) /Tr> Tr> Tr> Tr> Tr> Tr> Tr> Tr> Tr> Tr> Tr,,,,contradiction,0,0.19039416313171387
563,when does jane the vigin season 5 come out,,False,Conference Finals,,,,neutral,0,0.03217316046357155,Conference Finals record,,,,neutral,0,0.024577273055911064
564,who plays red's voice in angry birds,Jason Sudeikis,True,Iduna's,0.0,0.0,1.0,entailment,1,0.6591355204582214,The story of Tracy Beaker is a story about a young girl who is a wolf.,0.0,0.0,1.0,contradiction,0,0.00975573156028986
565,what was the track of hurricane camille in 1969,,False,I don't know,,,,contradiction,0,0.15925897657871246,Camille was a Category 5 hurricane that weakened to Category 5 status on August 16.,,,,contradiction,0,0.15726245939731598
566,who has been to the bottom of the marianas trench,,False,Jesus,,,,entailment,1,0.6600748896598816,Father.,,,,neutral,0,0.2653019428253174
567,smith and wesson model 19 serial number database,,False,I don't know,,,,neutral,0,0.15658007562160492,"Model 19 /Th> /Th> /Tr> Tr> Td colspan=""2""> Smith & Wesson Model 19 /Th> /Tr> Td> Td cols",,,,entailment,1,0.529397189617157
568,what was the first book that charles dickens published,The Pickwick Papers,True,I don't know,0.0,0.0,1.0,contradiction,0,0.27111348509788513,The Pickwick Papers is a collection of poems by Joyce Kilmer.,0.0,0.42857142857142855,1.0,contradiction,0,0.1573757827281952
569,which major layer of the digestive tract consists of an epithelium and a lamina propria,,False,"World Cup Finals, is the final phase",,,,neutral,0,0.054087284952402115,The qualification phase consists of the qualification phase and the final phase ( officially called the World Cup Finals ).,,,,neutral,0,0.17359256744384766
570,the figures from ain ghazal embody the centrality of the,,False,U.S. consumer price index,,,,neutral,0,0.03460186347365379,U.S. consumer price index.,,,,neutral,0,0.057891085743904114
571,how many episodes is there in season 14 of greys anatomy,24,True,I don't know,0.0,0.0,1.0,contradiction,0,0.20460763573646545,The original network of Grey's Anatomy was ABC.,0.0,0.0,1.0,neutral,0,0.018667807802557945
572,how much fuel does the us military use,,False,I don't know,,,,contradiction,0,0.0433594211935997,"The United States Department of Defense is one of the largest single consumers of energy in the world, responsible for 93 % of all US government fuel consumption in 2007 ( Air Force : 52 % ; Navy : 33 % ; Army : 7 % ; Other DoD ",,,,entailment,1,0.9003652930259705
573,who is the highest paid nba player in 2016,LeBron James,True,I don't know,0.0,0.0,1.0,neutral,0,0.3162080943584442,Arsenal.,0.0,0.0,1.0,neutral,0,0.2272334098815918
574,why do ice cubes get smaller over time,,False,I don't know,,,,entailment,1,0.488668292760849,The Bloody Mary is a mixed drink containing 4.5 cl ( 3 parts ) Vodka /Li> /Ul> /Td> /Tr> /Tr> /Tr> /T,,,,neutral,0,0.15556646883487701
575,who has been on the throne the longest in england,Queen Elizabeth II,True,I don't know,0.0,0.0,1.0,contradiction,0,0.05867322161793709,The Tri-State Tornado was the deadliest single tornado in United States history with 695 fatalities.,0.0,0.0,1.0,neutral,0,0.005790949799120426
576,where is earth within the milky way galaxy,Orion Arm,True,I don't know,0.0,0.0,0.0,contradiction,0,0.10038191080093384,The Milky Way Galaxy is located in the Orion -- Cygnus Arm of the Milky Way.,0.0,0.23529411764705882,0.0,entailment,1,0.9718960523605347
577,who plays shiv's ex boyfriend on succession,Ashley Zukerman,True,I don't know,0.0,0.0,0.0,contradiction,0,0.0970773696899414,"Pretty Little Liars character /Td> /Tr> /Tr> Td colspan=""2""> Spencer Hastings /Tr> /Tr> Td colspan=""2""> Troi",0.0,0.0,0.0,contradiction,0,0.3081262707710266
578,what is the population of yukon in 2017,"35,874 people",True,Florida cracker,0.0,0.0,0.0,entailment,1,0.44708630442619324,"The core of English language descends from Old English, the language brought with the Angles, Saxon, and Jutish settlers to what was to be called England in and after the 500s.",0.0,0.0,0.0,neutral,0,0.4447939991950989
579,when was a whiter shade of pale recorded,1967,True,I don't know,0.0,0.0,1.0,neutral,0,0.20755048096179962,"Procol Harum /Th> /Tr> /Tr> Tr> Th colspan=""2""> Single by Procol Harum /Th> /Tr> Th colspan=""2""> Single",0.0,0.0,1.0,entailment,1,0.7176164984703064
580,where did you sleep last night song wiki,,False,I don't know,,,,contradiction,0,0.15606610476970673,The song was released in 1956 in My Fair Lady.,,,,entailment,1,0.9784408807754517
581,the three classes of fire most common in healthcare settings,,False,Greek text,,,,neutral,0,0.22410260140895844,Greek texts.,,,,contradiction,0,0.11156037449836731
582,where is love it or list it shot,,False,sleep,,,,contradiction,0,0.2937939167022705,I can't breathe. I can't eat. And I love you. I love you all the time. Every minute of every day. I love you.,,,,entailment,1,0.982316792011261
583,early blues musicians used which combination of instruments,,False,I don't know,,,,neutral,0,0.1792655736207962,"/Tr> Th colspan=""2""> Hard bop /Th> /Tr> Tr> Th> Stylistic origins /Th> Td> Ul> Li",,,,contradiction,0,0.14374694228172302
584,who is the killer in the alienist based on,,False,I don't know,,,,neutral,0,0.2137484848499298,The Melancholy of Haruhi Suzumiya is an anime television series produced by Kyoto Animation and directed by Tatsuy.,,,,neutral,0,0.28733548521995544
585,who won the us women's figure skating championship,,False,"2"">",,,,entailment,1,0.49128448963165283,The 2018 U.S. Figure Skating Championships /Th> /Th> /Th> /Th> /Th> /Th> /Th> /Th> /Th> /Th> /,,,,entailment,1,0.5966358184814453
586,what is often called the advertising department within the firm,,False,I don't know,,,,neutral,0,0.16978345811367035,a common view.,,,,entailment,1,0.5270379781723022
587,who went home on the challenge champs vs pros,,False,I don't know,,,,contradiction,0,0.20760565996170044,"The Challenge : Champs vs. Pros /Th> /Th> /Th> Td colspan=""2""> /Td> /Tr> /Tr> Th> Genre ",,,,entailment,1,0.5059407949447632
588,the song i want a man with a slow hand,,False,I don't know,,,,contradiction,0,0.019201058894395828,The waltz is the original form of the waltz.,,,,entailment,1,0.8218826651573181
589,when did the song all by myself come out,in 1975,True,I don't know,0.0,0.0,0.0,neutral,0,0.20095452666282654,"The poem was written in June 1922 at his house in Shaftsbury, Vermont.",0.0,0.13333333333333336,0.0,entailment,1,0.9755170941352844
590,of the types of rights associated with the growth of citizenship,,False,I don't know,,,,neutral,0,0.17034074664115906,Primetime Emmy Award,,,,neutral,0,0.09291105717420578
591,an antibaryon composed of two anti up quarks and one anti down quark would have a charge of,,False,I don't know,,,,contradiction,0,0.26219022274017334,Theorized /Th> Td> Ul> Li> Murray Gell - Mann ( 1964 ) /Li>,,,,entailment,1,0.4191855192184448
592,are there snakes in the new jumanji 2017,,False,I don't know,,,,neutral,0,0.10398750752210617,"The United States has about 20 species of venomous snakes, which include 16 species of rattlesnakes, two species of coral snakes, one species of cottonmouth ( or water moccasin ), and one species of copperhead.",,,,entailment,1,0.9829673767089844
593,what is the meaning of region in english,"areas that are broadly divided by physical characteristics (physical geography), human impact characteristics (human geography), and the interaction of humanity and the environment (environmental geography)",True,I don't know,0.0,0.0,0.0,neutral,0,0.0812523290514946,British colonial settlers,0.0,0.0,0.0,neutral,0,0.3030121922492981
594,what type of colony was virginia in 1607,,False,I don't know,,,,contradiction,0,0.17781643569469452,Colony of Virginia /Td> /Tr> /Tr> /Tr> /Tr> /Tr> /Tr> /Tr> /Tr> /Tr,,,,entailment,1,0.5513890981674194
595,where is the only way is marbs filmed,,False,I don't know,,,,neutral,0,0.15070639550685883,Latina.,,,,contradiction,0,0.14964818954467773
596,where does the monarch butterfly go during the winter months,,False,I don't know,,,,contradiction,0,0.050713371485471725,numbers of casualties.,,,,neutral,0,0.05961721017956734
597,when does arrow season 6 episode 21 air,"May 3, 2018",True,I don't know,0.0,0.0,0.0,contradiction,0,0.18203489482402802,/Th>,0.0,0.0,0.0,contradiction,0,0.3215554654598236
598,who starred in the original movie cape fear,Robert Mitchum,True,I don't know,0.0,0.0,1.0,neutral,0,0.1892043948173523,The movie is based on a true story.,0.0,0.0,1.0,neutral,0,0.037120360881090164
599,who is the bloke in the go compare advert,Wynne Evans,True,I don't know,0.0,0.0,1.0,neutral,0,0.03282419592142105,British colonies in America declared their independence from Great Britain in 1776,0.0,0.0,1.0,neutral,0,0.037834640592336655
600,where does a jury of her peers take place,"fictional Dickson County (representing Dickinson County, Iowa)",True,United States,0.0,0.0,0.0,entailment,1,0.8018935322761536,"The United States is one of only two common law jurisdictions in the world, along with Liberia, that continues to use the grand jury to screen criminal indictments.",0.0,0.0,0.0,neutral,0,0.01712709292769432
601,where did our love go in the middle of nowhere,,False,I don't know,,,,neutral,0,0.156317338347435,The Supremes ),,,,entailment,1,0.5777339339256287
602,how far is knoxville tn from memphis tn,,False,I don't know,,,,neutral,0,0.02001410350203514,"The process involves simply re-melting the metal, which is far less expensive and energy - efficient.",,,,neutral,0,0.002824450144544244
603,what language do they speak in the czech republic,Czech,True,Czech Republic /Td> /Tr> /Tr> /Tr> /Tr> /Tr> /Tr> /Tr> /Tr> /Tr> ,0.0,0.15384615384615385,1.0,entailment,1,0.6514089107513428,Czech /Th> /Tr> Tr> Tr> Tr> Tr> Tr> Tr> Tr> Tr> Th> Native to /Th> ,0.0,0.125,1.0,entailment,1,0.6384727954864502
604,who is el senor de los cielos based on,Amado Carrillo Fuentes,True,I don't know,0.0,0.0,1.0,neutral,0,0.21405702829360962,"The original name,  El Nio de Navidad '', traces its origin centuries back to Peruvian fishermen, who named the weather phenomenon in reference to the newborn Christ.",0.0,0.0,1.0,entailment,1,0.9422621130943298
605,who proposed that all matter is composed of indivisible particles called atoms,,False,I don't know,,,,contradiction,0,0.054889462888240814,Atomism,,,,entailment,1,0.3467741310596466
606,numerical methods for finding the roots of a function,,False,I don't know,,,,neutral,0,0.015713710337877274,Greece,,,,neutral,0,0.017193101346492767
607,what year did the drummer lose his arm,1985,True,I don't know,0.0,0.0,0.0,neutral,0,0.0045282309874892235,college.,0.0,0.0,0.0,neutral,0,0.004342257976531982
608,prime minister of india from first to now,,False,I don't know,,,,contradiction,0,0.13397927582263947,The Prime Minister of India is the chief executive of the Government of India.,,,,neutral,0,0.2259453386068344
609,where is redding california located on a map,"along the Sacramento River, 162 miles (261 kilometers) north of Sacramento, and 120 miles (190 km) south of California's northern border, shared with the state of Oregon",True,I don't know,0.0,0.0,0.0,contradiction,0,0.2482786476612091,"Redding is located in Shasta County, California.",0.0,0.0,0.0,entailment,1,0.9851264953613281
610,what role did the free corps play in the early history of the weimar republic,,False,I don't know,,,,neutral,0,0.015407195314764977,The kilt was first worn by the Prussian von Kleist Freikorps.,,,,neutral,0,0.017256423830986023
611,when did the last christmas eve fall on a sunday,,False,substitute holiday is given,,,,entailment,1,0.844690203666687,is given on the following day.,,,,entailment,1,0.41836661100387573
612,how does an oyster break down its food,,False,I don't know,,,,neutral,0,0.07729139924049377,The article is about a tucker bag.,,,,entailment,1,0.8957251310348511
613,when does celebs go dating series 3 start,4 September 2017,True,I don't know,0.0,0.0,0.0,neutral,0,0.1071992740035057,The power of the power of the power of the power of the power of the power of the power of the power of the power of the power of the power of the power of the power of the power of the power of the power of the power of the power of the power of the power of the power of the,0.0,0.0,0.0,neutral,0,0.24773307144641876
614,which is the third tier of federalism in india,,False,I don't know,,,,contradiction,0,0.001016293652355671,The term synaptic consolidation is a term used to describe the process of stabilizing a memory trace after its initial acquisition.,,,,contradiction,0,0.007718738634139299
615,who played drew carey's girlfriend on his show,,False,Mimi Bobeck,,,,contradiction,0,0.025953369215130806,Mimi Bobeck.,,,,contradiction,0,0.030274268239736557
616,when is the wind of winter coming out,,False,Wind shear.,,,,neutral,0,0.20058391988277435,"The idiom is applicable not only when throwing out the baby with the bathwater, but also when someone might throw out the baby and keep the bathwater.",,,,neutral,0,0.21242645382881165
617,who dies in season 2 of walking dead,,False,I don't know,,,,contradiction,0,0.17590606212615967,The Walking Dead ( season 8 ) /Th> /Tr> /Tr> /Th> /Th> /Th> /Th> /Th> /Th> /Th> /Th,,,,entailment,1,0.6148529648780823
618,morse code 3 dots 3 dashes 3 dots,,False,I don't know,,,,neutral,0,0.07609955221414566,"The International Morse Code encodes the ISO basic Latin alphabet, some extra Latin letters, the Arabic numerals and a small set of punctuation and procedural signals ( prosigns ) as standardized sequences of short and long signals called  dots '' and ",,,,neutral,0,0.055584680289030075
619,what is the newest jurassic park movie called,Jurassic World: Fallen Kingdom,True,I don't know,0.0,0.0,0.0,contradiction,0,0.09194817394018173,"The first systematic Hollywood blacklist was instituted on November 25, 1947, the day after ten writers and directors were cited for contempt of Congress for refusing to testify to the House Un-American Activities Committee.",0.0,0.0,0.0,neutral,0,0.13449662923812866
620,identify the religious movement/new religious ideas of the medieval period,,False,Romanticism,,,,entailment,1,0.80158931016922,The Middle Ages or Medieval Period lasted from the 5th to the 15th century.,,,,entailment,1,0.9195493459701538
621,st thomas more catholic school and sixth form college,,False,I don't know,,,,neutral,0,0.2314644604921341,"Milton Primary Academy, Milton /Li> Moor",,,,contradiction,0,0.19501946866512299
622,who wrote the song one wing from sparkle,R. Kelly,True,I don't know,0.0,0.0,0.0,neutral,0,0.2742607593536377,West Side Story is  Who Stole the Cookie from the Cookie Jar? '',0.0,0.0,0.0,entailment,1,0.5863733887672424
623,who sang wish you were here pink floyd,David Gilmour,True,I don't know,0.0,0.0,1.0,contradiction,0,0.19641678035259247,The song was written by David Gilmour and Roger Waters.,0.0,0.33333333333333337,1.0,neutral,0,0.03630832955241203
624,who can be buried in arlington national cemetary,,False,Arlington National Cemetery,,,,entailment,1,0.8204558491706848,"The cemetery is located in Arlington County, Virginia.",,,,entailment,1,0.942021906375885
625,meaning of three colours of indian national flag in english,,False,I don't know,,,,contradiction,0,0.01473989337682724,"The first Test hat - trick was recorded on 2 January 1879, in only the third Test match to take place, by the Australian pace bowler Fred Spofforth, nicknamed  The Demon Bowler '', who dismissed three English batsmen with consecutive",,,,neutral,0,0.0038797310553491116
626,which of the following is not one of the roles of the federal communications​ commission,,False,regulate them,,,,neutral,0,0.4016212224960327,"The Interstate Commerce Act of 1887 was a federal law that was designed to regulate the railroad industry, particularly its monopolistic practices.",,,,neutral,0,0.3929796516895294
627,who won the women's 400 meter dash in the olympics,Shaunae Miller,True,Morse code symbol represents either a text character ( letter or numeral) or a prosign and is represented by a unique sequence of dots and dashes.,0.0,0.0,1.0,neutral,0,0.0776863768696785,The dot duration is three times the duration of a dot.,0.0,0.0,1.0,contradiction,0,0.036288995295763016
628,who has the most points in nba history career,LeBron James,True,I don't know,0.0,0.0,1.0,contradiction,0,0.010949697345495224,"The NBA scoring title was originally determined by total points scored through the 1968 -- 69 season, after which points per game was used to determine the leader instead.",0.0,0.0,1.0,contradiction,0,0.004482603166252375
629,who is paige on days of our lives,True O'Brien,True,I don't know,0.0,0.0,0.0,contradiction,0,0.10706459730863571,"Days of Our Lives) /Th> /Th> /Th> /Tr> Td colspan=""2""> /Tr> /Tr> Tr> Th> Genre /",0.0,0.0,0.0,entailment,1,0.4941541254520416
630,who was the team captain for the us during the 2006 fifa world cup,,False,I don't know,,,,neutral,0,0.17909997701644897,Cup finals were held in Uruguay.,,,,neutral,0,0.010487060993909836
631,why blue green algae are classified along with bacteria and placed in the kingdom monera,,False,I don't know,,,,neutral,0,0.014119340106844902,Omnivore / mnivr / is a consumption classification for animals that have the capability to obtain chemical energy and nutrients from materials originating from plant and animal origin.,,,,entailment,1,0.8686648011207581
632,who sings get me to the church on time,,False,I don't know,,,,contradiction,0,0.15875144302845,The song was released in 1956 in My Fair Lady.,,,,entailment,1,0.9567760825157166
633,what is the legal drinking age in ontario,,False,I don't know,,,,neutral,0,0.40737396478652954,laws that regulate the practice of tattooing.,,,,neutral,0,0.2528599798679352
634,bible verse if your hand causes you sin cut off,Matthew 5:30,True,I don't know,0.0,0.0,0.0,neutral,0,0.09058599174022675,"The concept of original sin was first alluded to in the 2nd century by Irenaeus, Bishop of Lyon in his controversy with certain dualist Gnostics.",0.0,0.0,0.0,neutral,0,0.03482288867235184
635,when was i born if i'm 18,,False,I don't know,,,,neutral,0,0.021632377058267593,"The life expectancy is shown separately for males and females, as well as a combined figure.",,,,entailment,1,0.6875986456871033
636,who has won the most masters 1000 titles,,False,I don't know,,,,contradiction,0,0.010010729543864727,"The list encompasses the honours won by Arsenal at national, regional, county and friendly level, records set by the club.",,,,contradiction,0,0.007017152383923531
637,where and when do electoral college electors vote,,False,I don't know,,,,neutral,0,0.031583789736032486,All 538 electoral votes of the Electoral College,,,,neutral,0,0.05403289943933487
638,when did the first slender game come out,2012,True,I don't know,0.0,0.0,0.0,neutral,0,0.29631903767585754,"The first two pitchers to accomplish the feat did so in 1880, under rules that differed in many important respects from those of today's game : for example, only underhand pitching -- from a flat, marked - out box 45 feet from home plate --",0.0,0.0,0.0,entailment,1,0.9834380745887756
639,nasa conducted a poll with 9 names to choose the name of the rover which landed on mars recently,,False,I don't know,,,,neutral,0,0.14674265682697296,The P>,,,,entailment,1,0.4546555280685425
640,when do the red sox play sweet caroline,in the middle of the eighth inning,True,Sox,0.0,0.0,0.0,contradiction,0,0.3706437349319458,The Yankees won the series 12 -- 11.,0.0,0.2857142857142857,0.0,contradiction,0,0.2852942943572998
641,who has the biggest arsenal in the world,,False,I don't know,,,,neutral,0,0.04815707355737686,"The ball of twine with the largest circumference is located in Cawker City, Kansas.",,,,contradiction,0,0.13134343922138214
642,which country emerged the winner of this second tournament,,False,I don't know,,,,neutral,0,0.062162693589925766,teams,,,,entailment,1,0.5378037691116333
643,who had appointed first prime minister of india,,False,I don't know,,,,neutral,0,0.10666010528802872,The Prime Minister of India is the chief executive of the Government of India.,,,,entailment,1,0.9836142063140869
644,who plays the black knight in monty python,John Cleese,True,I don't know,0.0,0.0,1.0,neutral,0,0.1224781721830368,The Black Knight is a fictional character who appears in a scene of the film Monty Python and the Holy Grail.,0.0,0.0,1.0,entailment,1,0.8250766396522522
645,secreted by cells in the walls of the hearts atria,Atrial natriuretic peptide (ANP),True,Matthias Schleiden and Theodor Schwann,0.0,0.0,0.0,neutral,0,0.06251070648431778,Matthias Schleiden and Theodor Schwann were credited with the development of cell theory.,0.0,0.0,0.0,neutral,0,0.009061615914106369
646,west virginia take me home to the place i belong,,False,I don't know,,,,contradiction,0,0.18035878241062164,"The album Poems, Prayers & Promises was released on April 12, 1971.",,,,neutral,0,0.016100939363241196
647,what kinds of domestic investments did the government make as a result of the cold war,,False,United States and Latin America,,,,neutral,0,0.0143349664285779,The United States and Latin America are relations between the United States of America and the countries of Latin America.,,,,neutral,0,0.05025802552700043
648,who wrote the book modern constitution and when,,False,I don't know,,,,neutral,0,0.20081569254398346,Keturah took a son.,,,,neutral,0,0.1933201551437378
649,which nba player has scored the most points,Kareem Abdul-Jabbar,True,draft,0.0,0.0,0.0,neutral,0,0.13817965984344482,NBA draft.,0.0,0.0,0.0,neutral,0,0.19687491655349731
650,who are the 12 remaining on the voice,,False,I don't know,,,,neutral,0,0.02322443574666977,Major League Baseball has a 25 - man roster and a 40 - man roster of players.,,,,neutral,0,0.12208469212055206
651,who did the soviet union support in china civil war,the CCP,True,I don't know,0.0,0.0,0.0,contradiction,0,0.15200331807136536,The Soviet Union was a Soviet Socialist Republic during the Soviet era.,0.0,0.14285714285714285,0.0,entailment,1,0.9621918797492981
652,who was roy rogers sidekick that drove the jeep,,False,I don't know,,,,contradiction,0,0.14802426099777222,"The MBTI is based on the conceptual theory proposed by Carl Jung, who had speculated that humans experience the world using four principal psychological functions -- sensation, intuition, feeling, and thinking -- and that one of these four functions is dominant for a person most of the world",,,,neutral,0,0.1039910614490509
653,when was the last time a total eclipse happened,"August 21, 2017",True,I don't know,0.0,0.0,0.0,contradiction,0,0.10641620308160782,"The show was ordered to series on May 8, 2014, followed by a full season order on October 21, 2014.",0.0,0.08695652173913045,0.0,contradiction,0,0.021923204883933067
654,what happens at the end of ps i love you,,False,I don't know,,,,contradiction,0,0.22256989777088165,I just can't think about anything or anybody and I can't sleep. I can't breathe. I can't eat. And I love you. I love you all the time. Every minute of every day. I love,,,,entailment,1,0.985471248626709
655,where is vitamin c synthesized in the body,,False,transcribed into the first of a series of RNA intermediates,,,,neutral,0,0.07159464061260223,The cistron DNA is transcribed into the first of a series of RNA intermediates.,,,,neutral,0,0.07542284578084946
656,who played the scare crow in wizard of oz,Raymond Wallace Bolger,True,I don't know,0.0,0.0,1.0,neutral,0,0.04144984856247902,The Wizard of Oz /Th> /Th> /Th> /Th> /Th> /Th> /Th> /Th> /Th> /Th> /Th> /Th>,0.0,0.0,1.0,entailment,1,0.8660954236984253
657,when does ant man 2 come out in canada,,False,I don't know,,,,neutral,0,0.04156641289591789,"The Ant and the Grasshopper, alternatively titled The Grasshopper and the Ant ( or Ants ), is one of Aesop's Fables, numbered 373 in the Perry Index.",,,,entailment,1,0.9849741458892822
658,who sang the mermaid song in harry potter,,False,I don't know,,,,contradiction,0,0.130154088139534,The song was later sung by John Denver and Robin the Frog in the 1979 television special John Denver and the Muppets : A Christmas Together.,,,,contradiction,0,0.42895829677581787
659,why is iron is alloyed with other metals to produce alloy steels,,False,I don't know,,,,contradiction,0,0.2564554214477539,Tr> Th> Steels and other iron -- carbon alloy phases /Th> /Tr> Td> /Td> /Tr> Td> Ul> Ferrite /Li>,,,,entailment,1,0.4986470639705658
660,who is responsible for paying estate taxes levied by a state,,False,I don't know,,,,neutral,0,0.011126110330224037,The gun laws of California are some of the most restrictive in the United States.,,,,neutral,0,0.13637064397335052
661,who does mark marry in parks and rec,,False,I don't know,,,,contradiction,0,0.15863655507564545,Harry /Td> /Tr> /Tr> /Tr> /Tr> /Tr> /Tr> /Tr> /Tr> /Tr> /,,,,contradiction,0,0.10324922204017639
662,how much area is covered under forest in india,,False,I don't know,,,,neutral,0,0.07986749708652496,The state of Karnataka is in South India.,,,,entailment,1,0.9860450625419617
663,where do monarch butterflies live in the world,,False,I don't know,,,,contradiction,0,0.1753300428390503,"The single was released on November 26, 2001.",,,,entailment,1,0.7079751491546631
664,the clean air act of 1970 successfully accomplished all of the following through regulation except,,False,I don't know,,,,neutral,0,0.2249061018228531,The Clean Air Act of 1963 was enacted by the 88th United States Congress.,,,,entailment,1,0.9854265451431274
665,who led the american army in the battle of saratoga,,False,I don't know,,,,neutral,0,0.15301759541034698,The Army of Texas was formed in 1835.,,,,entailment,1,0.682100772857666
666,what would happen if a nucleus emitted three alpha particles,,False,I don't know,,,,contradiction,0,0.017928821966052055,"The solar wind is a stream of charged particles released from the upper atmosphere of the Sun, called the corona.",,,,entailment,1,0.9722638726234436
667,where is the femur located on the human body,proximal (closest to the hip joint) bone of the leg,True,I don't know,0.0,0.0,0.0,contradiction,0,0.0618489533662796,The thylakoid membrane of the chloroplast is also found in the inner mitochondrial membrane.,0.0,0.25,0.0,neutral,0,0.040372177958488464
668,who said truth justice and the american way,the comic-book character Superman,True,"influence, have a great influence on history",0.0,0.0,0.0,neutral,0,0.3565942049026489,"The great man theory is a 19th - century idea according to which history can be largely explained by the impact of great men, or heroes ; highly influential individuals who, due to either their personal charisma, intelligence, wisdom, or political",0.0,0.04651162790697674,0.0,neutral,0,0.24089625477790833
669,who won the first stage of the 2018 tour de france,Fernando Gaviria of Quick-Step Floors,True,I don't know,0.0,0.0,0.0,neutral,0,0.11861579865217209,"The knockout stage of the 2018 FIFA World Cup was the second and final stage of the competition, following the group stage.",0.0,0.07407407407407407,0.0,neutral,0,0.029571043327450752
670,when was king of the road season 3 filmed,,False,Wessex,,,,entailment,1,0.517153799533844,Wessex was Edward the Elder.,,,,contradiction,0,0.08492831140756607
671,who did robin date on how i met your mother,,False,I don't know,,,,neutral,0,0.2731808125972748,The Mother appearing in  The Locket '' /Td> /Tr> /Tr> Tr> Tr> Tr> Td> Td> Td> T,,,,neutral,0,0.1599029302597046
672,where is kuala lumpur located on a map,3°8′N 101°41′E﻿ / ﻿3.133°N 101.683°E,True,"Jalan Istana, Kuala Lumpur /Td> /Tr> /Tr> /Tr> /Tr> /Tr> /Tr> /Tr> /T",0.0,0.0,0.0,neutral,0,0.07920503616333008,"Td> Jalan Istana, Kuala Lumpur /Td> /Tr> /Tr> /Tr> /Tr> /Tr> /Tr> /Tr",0.0,0.0,0.0,neutral,0,0.13993829488754272
673,when did falcon first appear in the mcu,in the 2014 film Captain America: The Winter Soldier,True,I don't know,0.0,0.0,0.0,neutral,0,0.168795645236969,The symbols  and > first appear in Artis Analyticae Praxis ad Aequationes Algebraicas Resolvendas ( The Analytical Arts Applied to Solving Algebraic Equations ) by Thomas Harriot ( 1560 -- 1621 ,0.0,0.17142857142857146,0.0,neutral,0,0.10400623828172684
674,england's last semi-final in the world cup,,False,I don't know,,,,neutral,0,0.2139909714460373,"the world, with an estimated 715.1 million people watching the 2006 Final.",,,,neutral,0,0.006117077078670263
675,when did the battle of bannockburn take place,24 June 1314,True,I don't know,0.0,0.0,0.0,neutral,0,0.170413538813591,The Black Knight defeats the Green Knight by throwing his sword straight through the eye slot of the Green Knight's great helm.,0.0,0.0,0.0,neutral,0,0.014896904118359089
676,can police officers carry guns across state lines,,False,I don't know,,,,neutral,0,0.2342853844165802,The state permit is required to purchase a gun.,,,,entailment,1,0.9048957228660583
677,who does danny end up with in just go with it,Katherine,True,I don't know,0.0,0.0,0.0,contradiction,0,0.13078193366527557,Jackson.,0.0,0.0,0.0,neutral,0,0.19589084386825562
678,who played tj on head of the class,Rain Pryor,True,Governor,0.0,0.0,0.0,entailment,1,0.6968019604682922,Governor.,0.0,0.0,0.0,entailment,1,0.7845112681388855
679,song this is the last song i ll ever write for you,,False,I don't know,,,,contradiction,0,0.005802948493510485,"The opening theme song for episodes 1 to 76 is  Chzetsu Dynamic! '' (   !, Chzetsu Dainamikku,  Excellent Dynamic! '' ) performed by",,,,contradiction,0,0.025344278663396835
680,where is the largest ball of yarn located,,False,I don't know,,,,neutral,0,0.12118551135063171,"The ball of twine with the largest circumference is located in Cawker City, Kansas.",,,,entailment,1,0.9869949221611023
681,petition for a writ of certiorari and motion for leave to proceed in forma pauperis filed,,False,I don't know,,,,neutral,0,0.09346961230039597,"The first sign is Aries, followed by Taurus, Gemini, Cancer, Leo, Virgo, Libra, Scorpio, Sagittarius, Capricorn, Aqua,",,,,neutral,0,0.05819724127650261
682,3. what are outrigger canoes why are they important in oceania,,False,I don't know,,,,neutral,0,0.007773654535412788,"The paddle is single sided, with either a straight or a double - bend shaft.",,,,neutral,0,0.011090978048741817
683,when is your birthday if you are born on february 29th,,False,I don't know,,,,contradiction,0,0.10926095396280289,New Year's Day and Christmas Day are national holidays.,,,,neutral,0,0.13363410532474518
684,what is free trade area of the americas,agreement to eliminate or reduce the trade barriers,True,I don't know,0.0,0.0,1.0,neutral,0,0.015358736738562584,"The Free Trade Area of the Americas ( FTAA ; Spanish : rea de Libre Comercio de las Américas, ALCA ; French : Zone de libre - échange des Amériques, ZLÉA ; Portuguese : ",0.0,0.11764705882352941,1.0,contradiction,0,0.0650092139840126
685,who was the first to suggest an atom existed,the ancient Greek philosophers Leucippus and his pupil Democritus,True,I don't know,0.0,0.0,0.0,neutral,0,0.09150263667106628,The British Empire was a country that had been ruled by the monarch until the end of World War II.,0.0,0.06896551724137932,0.0,neutral,0,0.08032099157571793
686,what percentage of the us population is east of the mississippi,58.28%,True,I don't know,0.0,0.0,0.0,neutral,0,0.15281030535697937,"Florida Panhandle is an informal, unofficial term for the northwestern part of the U.S. state of Florida",0.0,0.0,0.0,entailment,1,0.9810521602630615
687,who is gertrude bell queen of the desert,"an English writer, traveller, political officer, administrator, and archaeologist",True,Gertrude Bell,0.0,0.0,0.0,entailment,1,0.8176339864730835,Gertrude Bell /Th> /Th> /Th> /Th> /Th> /Th> /Th> /Th> /Th> /Th> /Th> /Th>,0.0,0.0,0.0,entailment,1,0.4904212951660156
688,what is the name given to the rows in the periodic table,periods,True,Ochotorena,0.0,0.0,0.0,contradiction,0,0.024003535509109497,Ochotorena or Otxotorena.,0.0,0.0,0.0,contradiction,0,0.1252223253250122
689,who is the current director of the national park service,"Mike Reynolds, Acting Director",True,I don't know,0.0,0.0,1.0,contradiction,0,0.16306807100772858,The National Park Service is the parent agency of the Department of the Interior.,0.0,0.0,1.0,neutral,0,0.007681670598685741
690,when was the first legend of zelda game released,,False,I don't know,,,,contradiction,0,0.16265954077243805,The Legend of Zelda /Th> /Th> /Tr> Tr> Tr> Th> Genres /Th> Td> Action - adventure /Td> /Tr,,,,entailment,1,0.8452609181404114
691,who was the first person who discovered gravitational pull,Aryabhata,True,I don't know,0.0,0.0,0.0,neutral,0,0.11625345796346664,"The MBTI is based on the conceptual theory proposed by Carl Jung, who had speculated that humans experience the world using four principal psychological functions -- sensation, sensation, and sensation.",0.0,0.0,0.0,neutral,0,0.05098705738782883
692,when was the old mount gambier hospital built,,False,"Mount Gambier South Australia /Th> /Th> /Th> Tr> Th colspan=""2""> Mount Gambier South Australia /Th> /Th> Tr> Tr> Td",,,,entailment,1,0.6031822562217712,"Mount Gambier South Australia /Th> /Th> /Tr> Tr> Tr> Td colspan=""2""> Mount Gambier South Australia /Th> /Tr> Tr> ",,,,entailment,1,0.6733211278915405
693,i thought the astros were in the national league,,False,Super Bowl,,,,entailment,1,0.5364328622817993,Super Bowl,,,,entailment,1,0.5364328622817993
694,who are the world health organisation and what do they do,,False,"capitalism is not clear, it is a debate about the past, current and future stages of capitalism.",,,,neutral,0,0.22392968833446503,"capitalism, the current and future stages of capitalism are still being debated.",,,,neutral,0,0.06675335764884949
695,can't help falling in love who wrote it,Hugo Peretti,True,to say it,0.0,0.0,0.0,entailment,1,0.6244213581085205,say it,0.0,0.0,0.0,entailment,1,0.6112394332885742
696,which one is calvin and which one is hobbes,,False,I don't know,,,,neutral,0,0.04919165372848511,"A housing cooperative, co-op, or housing company ( especially in Finland ), is a legal entity, usually a cooperative or a corporation, which owns real estate, consisting of one or more residential buildings ;",,,,neutral,0,0.3619194030761719
697,where is finland located on a map of europe,Northern Europe,True,thylakoid membrane of the chloroplast,0.0,0.0,0.0,neutral,0,0.17180615663528442,thylakoid membrane of the chloroplast in photosynthetic eukaryotes.,0.0,0.0,0.0,neutral,0,0.23167748749256134
698,wallace stevens the emperor of ice cream pdf,,False,I don't know,,,,contradiction,0,0.1341782510280609,"The date of the event is March 3, 1947.",,,,contradiction,0,0.04681597277522087
699,how many light years to the end of the universe,,False,I don't know,,,,entailment,1,0.4389607608318329,The Greek philosopher Aristotle believed that there is no effect or motion without a cause.,,,,entailment,1,0.9857450723648071
700,who wrote the i had a dream speech,Martin Luther King Jr.,True,New York in 2008,0.0,0.0,0.0,contradiction,0,0.05038540065288544,"The dogs are wealthy and glamorous and seem to lead charmed lives -- but they find adjusting to the modern world difficult, and when a young woman, Cleo Pira, befriends them",0.0,0.0,0.0,neutral,0,0.003486671717837453
701,who is the highest paid player in all of sports,Cristiano Ronaldo,True,I don't know,0.0,0.0,0.0,neutral,0,0.024067940190434456,The Chief of Naval Staff is the highest ranking military officer of the Nigerian Navy.,0.0,0.0,0.0,neutral,0,0.009354728274047375
702,what was the closest finish in nascar history,,False,I don't know,,,,neutral,0,0.06595049798488617,"The 2018 PowerShares QQQ 300 produced the closest finish in NASCAR touring series history of all three Top series when Tyler Reddick edged Elliott Sadler by a tiny margin of 0.0004 s, making it the closest finish in NASCAR history.",,,,entailment,1,0.906596839427948
703,the tale of the beedle and the bard,,False,I don't know,,,,neutral,0,0.10449855774641037,The cover of the UK public paperback edition.,,,,entailment,1,0.8837825655937195
704,hamara dil aapke paas hai (2000) - hindi full movie,,False,I don't know,,,,contradiction,0,0.16037249565124512,The film was released on 25 August 2000.,,,,neutral,0,0.002162507502362132
705,when do blaine and kurt kiss for the first time,,False,I don't know,,,,contradiction,0,0.1595095843076706,"Glee character Blaine Anderson /Th> /Th> /Tr> Tr> Td colspan=""2""> Blaine Anderson /Th> /Tr> Td colspan=""2"">",,,,contradiction,0,0.33799442648887634
706,who won the battle of charleston in the revolutionary war,the British,True,Dutch,0.0,0.0,0.0,neutral,0,0.1951863020658493,Dutch men,0.0,0.0,0.0,neutral,0,0.17546714842319489
707,who has scored the most own goals ever,,False,I don't know,,,,neutral,0,0.18536849319934845,The Homestead Acts were an extension of the Homestead Principle in law.,,,,neutral,0,0.1069839596748352
708,what is the longest bridge in the western hemisphere,,False,I don't know,,,,neutral,0,0.11770836263895035,Vivek Express is a chain of express trains on the Indian Railways network.,,,,neutral,0,0.18402983248233795
709,who is in the video god's gonna cut you down,,False,I don't know,,,,contradiction,0,0.22256989777088165,I just can't think about anything or anybody and I can't sleep. I can't breathe. I can't eat. And I love you. I love you all the time. Every minute of every day. I love,,,,entailment,1,0.985471248626709
710,which of the following are components of the pns,nerves and ganglia outside the brain and spinal cord,True,I don't know,0.0,0.0,0.0,neutral,0,0.01729263737797737,"The artists in the table below are listed with both their claimed sales figure along with their total of certified units and are ranked in descending order, with the artist with the highest amount of claimed sales at the top.",0.0,0.0816326530612245,0.0,neutral,0,0.021574489772319794
711,who wrote the song come thou fount of every blessing,18th century pastor and hymnist Robert Robinson,True,I don't know,0.0,0.0,0.0,contradiction,0,0.17714928090572357,Frost.,0.0,0.0,0.0,contradiction,0,0.11108866333961487
712,the little drummer boy bing crosby david bowie,,False,I don't know,,,,neutral,0,0.19138304889202118,"The single was released on November 27, 1982.",,,,entailment,1,0.9807137846946716
713,festivals in the philippines with dates and places,,False,I don't know,,,,neutral,0,0.14543543756008148,"The climate of Asia is wet across southeast sections, and dry across much of the interior.",,,,entailment,1,0.9376718401908875
714,what number book is mark in the bible,,False,"Genesis, manna is described twice",,,,neutral,0,0.1801186352968216,"Numbers 11 : 1 -- 9, manna is described twice : once in Exodus 16 : 1 -- 36 with the full narrative surrounding it, and once again in Numbers 11 : 1 -- 9 as a part of a separate narrative.",,,,contradiction,0,0.1368790566921234
715,who was the last british monarch to be born abroad,,False,I don't know,,,,contradiction,0,0.17365092039108276,"The last monarch of a distinct kingdom of England was Anne, who became Queen of Great Britain when England merged with Scotland to form a union in 1707.",,,,contradiction,0,0.0878564864397049
716,a series of unfortunate events season 1 episode 2,The Bad Beginning: Part Two,True,I don't know,0.0,0.0,0.0,contradiction,0,0.34236404299736023,The show will be moving from Disney XD to Disney Channel for its fourth season.,0.0,0.1,0.0,contradiction,0,0.17702916264533997
717,if u liked it then u should of put a ring on it lyrics,,False,I don't know,,,,contradiction,0,0.21608634293079376,"Beyoncé /Th> /Th> /Tr> /Tr> Td colspan=""2""> /Tr> /Tr> /Tr> /Th> Th",,,,entailment,1,0.5902507901191711
718,when was the last everybody loves raymond made,,False,I don't know,,,,contradiction,0,0.05187377706170082,The song Everybody Loves Raymond was written by Philip Rosenthal and was written by Ray Romano and Patricia Heaton.,,,,entailment,1,0.6228483319282532
719,who is the present speaker in lok sabha,Sumitra Mahajan of the Bharatiya Janata Party,True,I don't know,0.0,0.0,0.0,neutral,0,0.05594190955162048,The maximum size of the Lok Sabha as outlined in the Constitution of India is 552 members made up of up to 530 members representing people of the states of India and up to 20 members representing people from the Union Territories.,0.0,0.08163265306122448,0.0,contradiction,0,0.02054067887365818
720,who is said be the father of volleyball,William George Morgan,True,New Testament,0.0,0.0,0.0,neutral,0,0.07120564579963684,The Lord's Prayer is a venerated Christian prayer that Jesus taught as the way to pray.,0.0,0.0,0.0,neutral,0,0.07779844850301743
721,which king died from a surfeit of lampreys,,False,I don't know,,,,contradiction,0,0.22671224176883698,"The total number of New Zealand troops and nurses to serve overseas in 1914 -- 18, excluding those in British and other Dominion forces, was 100,444, from a population of just over a million.",,,,contradiction,0,0.07364090532064438
722,who has the most medals in this year's winter olympics,Norway,True,I don't know,0.0,0.0,0.0,contradiction,0,0.24741673469543457,The medals were ranked 19th.,0.0,0.0,0.0,neutral,0,0.007624181918799877
723,when was the internet introduced in the philippines,"on March 29, 1994",True,Christmas Day,0.0,0.0,1.0,neutral,0,0.15627595782279968,"Scotland was treated separately because of its separate traditions : for example, New Year is a more important holiday",0.0,0.0,1.0,neutral,0,0.013658114708960056
724,what is 2s class in rajya rani express,,False,I don't know,,,,contradiction,0,0.20563088357448578,"The service type is Superfast, Rajya Rani Express /Td> /Tr> /Tr> /Tr> Th> First service /Th> Td> 11 March 2012 ( 1 ) ( 2 ",,,,entailment,1,0.9351216554641724
725,what seasons of prison break are on netflix,,False,I don't know,,,,neutral,0,0.04228604584932327,The fourth season was scheduled to begin in September 2008.,,,,neutral,0,0.006567458622157574
726,when does children's work become child labor,,False,I don't know,,,,neutral,0,0.035720791667699814,"The sentence "" Potential energy /Th> /Tr> Tr> Td> In the case of a bow and arrow, when the archer does work on the bow, drawing the string back, some of the chemical energy of the archer",,,,neutral,0,0.27540475130081177
727,how do you represent each genotype​ in hardy weinberg,,False,I don't know,,,,contradiction,0,0.2999504804611206,template message ) /Td> /Tr> /Tr> /Tr> /Tr> /Tr> /Tr> /Tr> /Tr> /Tr>,,,,neutral,0,0.3189692199230194
728,songs with cant get you out of my head,,False,I don't know,,,,neutral,0,0.24950829148292542,"Kylie Minogue /Th> /Th> /Tr> /Th> Tr> Th> Td colspan=""2""> Single by Kylie Minogue /Th> /Th> /",,,,entailment,1,0.6775495409965515
729,who is the heroine of quit india movement,Aruna Asaf Ali,True,is de jure,0.0,0.0,0.0,neutral,0,0.20033270120620728,The governor is de jure head of the state government ; all its executive actions,0.0,0.0,0.0,neutral,0,0.052448928356170654
730,he-man & the masters of the universe episode 12,,False,I don't know,,,,neutral,0,0.05201733112335205,Mimi Bobeck is the wife of Mr. Wick.,,,,neutral,0,0.0313764363527298
731,when can a med student be called doctor,Upon successful completion of medical school,True,I don't know,0.0,0.0,0.0,contradiction,0,0.23731090128421783,The Tenth Doctor is a fictional character in the Doctor Who series.,0.0,0.0,0.0,neutral,0,0.25377577543258667
732,difference between an o ring and x ring chain,,False,I don't know,,,,contradiction,0,0.10662046819925308,The Ring of Fire is a major area in the basin of the Pacific Ocean where many earthquakes and volcanic eruptions occur.,,,,entailment,1,0.6813860535621643
733,yeh pyar nahi to kya hai cast real name,,False,I don't know,,,,contradiction,0,0.20275487005710602,"Th colspan=""2""> Yeh Pyaar Nahi Toh Kya Hai /Th> /Th> /Tr> Th colspan=""2""> Yeh Rishta Kya Kehlata Hai ",,,,entailment,1,0.5152044892311096
734,expansion of idea on blood is thicker than water,,False,I don't know,,,,neutral,0,0.18959246575832367,Barry Gibb /Tr> /Tr> /Tr> /Tr> /Tr> /Tr> /Tr> /Tr> /Tr> /Tr> ,,,,contradiction,0,0.18980665504932404
735,how far is herrington ks from wichita ks,,False,Arkansas,,,,neutral,0,0.1621587574481964,Arkansas /Td> /Tr> /Tr> /Tr> /Tr> /Tr> /Tr> /Tr> /Tr> /Tr> /,,,,neutral,0,0.009760231710970402
736,who played piggy in lord of the flies,Hugh Edwards,True,I don't know,0.0,0.0,1.0,neutral,0,0.04387114197015762,The first sentence of the passage refers to the following:,0.0,0.0,1.0,neutral,0,0.24071255326271057
737,large objects ( 10 m) in space originating from a region between jupiter and mars,,False,I don't know,,,,neutral,0,0.0618710070848465,The Sun is the closest star to Earth.,,,,neutral,0,0.11536254733800888
738,who is buried at hebron in the bible,,False,I don't know,,,,neutral,0,0.023738058283925056,The King James Version of the Bible,,,,entailment,1,0.5754132270812988
739,the economic boom and social transformation of postwar united states,,False,I don't know,,,,neutral,0,0.40517911314964294,"State of the Union Address is an annual message presented by the President of the United States to a joint session of the United States Congress, except in the first year of a new president's term.",,,,neutral,0,0.13390964269638062
740,where did the name three 6 mafia come from,,False,I don't know,,,,neutral,0,0.12802739441394806,The Court did not rule on whether particular identification cards could be required.,,,,neutral,0,0.018887287005782127
741,when did disney's 101 dalmations come out,"January 25, 1961",True,I don't know,0.0,0.0,0.0,neutral,0,0.17041409015655518,"The album Come Back When You Grow Up /Th> /Tr> Tr> Tr> Tr> Th colspan=""2""> from the album Come Back When You Grow Up /Th> /Tr>",0.0,0.0,0.0,entailment,1,0.793170690536499
742,when did they stop putting cigarettes in rations,1975,True,I don't know,0.0,0.0,1.0,neutral,0,0.006865459494292736,United States military personnel,0.0,0.0,1.0,neutral,0,0.0070655164308846
743,when did reese's peanut butter cups first come out,1928,True,I don't know,0.0,0.0,0.0,neutral,0,0.1285189688205719,"The first two pitchers to accomplish the feat did so in 1880, under rules that differed in many important respects from those of today's game : for example, only underhand pitching -- from a flat, marked - out box 45 feet from home plate --",0.0,0.0,0.0,neutral,0,0.02682371623814106
744,best day to go to a cricket test match,,False,I don't know,,,,neutral,0,0.18083223700523376,The most recent bowler to achieve the feat was English spin bowler Moeen Ali against South Africa on 31 July 2017.,,,,entailment,1,0.9761014580726624
745,how deep is your love song by bee gees,,False,I don't know),,,,contradiction,0,0.1868976652622223,"Bee Gees /Th> /Tr> Tr> Tr> Th colspan=""2""> /Tr> /Tr> Th colspan=""2""> Single by Bee Gees ",,,,entailment,1,0.7071139812469482
746,metallica jump in the fire album song list,,False,I don't know,,,,neutral,0,0.1949470341205597,Metallica,,,,entailment,1,0.6382815837860107
747,a requirement of the internet protocol version 6 that allows encryption is called,,False,I don't know,,,,contradiction,0,0.22035817801952362,The Internet is a complex network of computers and networks that are governed by the Internet.,,,,neutral,0,0.28814104199409485
748,there is a million ways to die in the west,,False,I don't know,,,,neutral,0,0.024105152115225792,The first United States postage stamps were issued in 1847.,,,,entailment,1,0.9775031805038452
749,who does christopher walken play in the jungle book,King Louie,True,I don't know,0.0,0.0,0.0,contradiction,0,0.1706821769475937,The Jungle Book /Th> /Th> /Tr> Tr> Tr> Th> Directed by /Th> Td> Jon Favreau /Td> /Tr>,0.0,0.0,0.0,entailment,1,0.46568313241004944
750,is there an australian version of i'm a celebrity,,False,I don't know,,,,contradiction,0,0.006196984555572271,"a River : Black River, a c. 1944 book about the Black River in South Carolina by W.R. Pritchett",,,,contradiction,0,0.004171442240476608
751,what is the name of the island of haiti and dominican republic,Hispaniola,True,I don't know,0.0,0.0,0.0,neutral,0,0.11788181215524673,The governor is de jure head of the state government ; all its executive actions are taken in the governor's name.,0.0,0.0,0.0,neutral,0,0.05625767260789871
752,where was the star spangled banner written and under what conditions,,False,I don't know,,,,contradiction,0,0.18781547248363495,The Star - Spangled Banner '' instrumental Ul> Li> file /Li> Li> help /Li> /Ul> /Tr> /Tr> Tr> ,,,,entailment,1,0.5180759429931641
753,national lampoon's attack of the 5'2 woman,,False,2,,,,entailment,1,0.42476707696914673,The film was directed by Richard Wenk.,,,,entailment,1,0.6191592812538147
754,where have the mescalero apache settled in new mexico,Mescalero Apache Reservation,True,Brazil have participated in all 21 tournaments,0.0,0.0,0.0,neutral,0,0.048315562307834625,participated in all 21 tournaments.,0.0,0.0,0.0,neutral,0,0.033142201602458954
755,do you require a visa for st lucia,,False,I don't know,,,,neutral,0,0.3282061517238617,/P>,,,,entailment,1,0.36753758788108826
756,where is the new texas rangers stadium being built,Arlington,True,I don't know,0.0,0.0,1.0,contradiction,0,0.20978358387947083,The Architect /Th> was a professional architect.,0.0,0.0,1.0,neutral,0,0.04530825838446617
757,though he has retired as a professional football receiver,,False,"American football, the forward pass is not",,,,contradiction,0,0.026095032691955566,"American football game, it is not a professional game.",,,,neutral,0,0.2238166630268097
758,teams who won back to back stanley cups,,False,I don't know,,,,contradiction,0,0.1745322346687317,"The most successful nation in the competition are currently Brazil, who have won the cup on five occasions.",,,,neutral,0,0.007883140817284584
759,who plays gandolf in lord of the rings,,False,I don't know,,,,contradiction,0,0.09316742420196533,"The Lord of the Rings /Th> /Th> /Tr> Tr> Td colspan=""2""> The Lord of the Rings /Th> /Tr> Td colspan=""2",,,,entailment,1,0.6832267045974731
760,how to do a balloon in a balloon,,False,neutrality of this article is disputed,,,,entailment,1,0.9359709620475769,P> Tr> Td> /Td> Td> The neutrality of this article is disputed.,,,,entailment,1,0.8361184000968933
761,where was mash 4077 supposed to be in korea,"Uijeongbu, South Korea",True,I don't know,0.0,0.0,0.0,entailment,1,0.40295207500457764,Jackson,0.0,0.0,0.0,entailment,1,0.501604437828064
762,what happened to sasuke in naruto shippuden the movie,,False,I don't know,,,,contradiction,0,0.19590799510478973,"Naruto Shippuden the Movie /Th> /Th> /Th> /Tr> Td colspan=""2""> /Tr> /Tr> Tr> Th> Directed",,,,entailment,1,0.8661963939666748
763,theme of the movie akeelah and the bee,overcoming obstacles despite difficult challenges along the way,True,I don't know,0.0,0.0,0.0,contradiction,0,0.016182543709874153,"The show's first opening theme song is  Netsuj no Spectrum '' (   , Netsuj no Supekutoramu,  Spectrum of Passion '' ) performed by Ikimono - ga",0.0,0.07142857142857144,0.0,entailment,1,0.9513617157936096
764,who has the most nba championships in nba history,Bill Russell,True,Larry O'Brien,0.0,0.0,1.0,contradiction,0,0.04365632310509682,The NBA Finals is the championship series for the NBA and the conclusion of the sport's postseason.,0.0,0.0,1.0,contradiction,0,0.013309107162058353
765,when will ios 10 be released for ipad mini,"September 13, 2016",True,I don't know,0.0,0.0,1.0,contradiction,0,0.15283960103988647,iOS 10 Tr> Tr> Tr> Tr> Tr> Tr> Tr> Tr> Tr> Tr> Tr> Tr> ,0.0,0.0,1.0,contradiction,0,0.23728704452514648
766,former research institute for experimental medicine berlin germany,,False,I don't know,,,,neutral,0,0.21785931289196014,The Max Planck Institute of Experimental Medicine was founded in 1947.,,,,entailment,1,0.8184168934822083
767,when did the song i love rock and roll come out,,False,I don't know,,,,contradiction,0,0.21713300049304962,The song was written by Alvin Lee and Chris Wright.,,,,neutral,0,0.0024724402464926243
768,two similar wooden blocks are tied one behind the other,,False,I don't know,,,,neutral,0,0.21523109078407288,The game was between two nine - member teams.,,,,neutral,0,0.06208992376923561
769,who is buried in peter and paul fortress,,False,I don't know,,,,neutral,0,0.15310929715633392,"The cathedral is the first and oldest landmark in St. Petersburg, built between 1712 and 1733 on Hare Island along the Neva River.",,,,entailment,1,0.980399489402771
770,when did north america arrive at the location it is in today,mid-Cretaceous period,True,I don't know,0.0,0.0,0.0,neutral,0,0.05738651752471924,The NBA is a professional basketball league in North America.,0.0,0.0,0.0,neutral,0,0.0706683099269867
771,cues provide information regarding changes in lighting that occur during a performance,,False,I don't know,,,,contradiction,0,0.12771639227867126,National consciousness are a common sense.,,,,neutral,0,0.37534114718437195
772,who said off with their heads in alice in wonderland,The Queen of Hearts,True,I don't know,0.0,0.0,0.0,contradiction,0,0.0959930568933487,The sentence is true because the sentence is true.,0.0,0.15384615384615383,0.0,neutral,0,0.24113360047340393
773,what was where the wild things are about,,False,I don't know,,,,neutral,0,0.16668716073036194,The debate is ongoing.,,,,neutral,0,0.09886862337589264
774,who devised the first test for detection of arsenic in 1775,Carl Wilhelm Scheele,True,I don't know,0.0,0.0,0.0,contradiction,0,0.11650749295949936,The most recent bowler to achieve the feat was English spin bowler Moeen Ali against South Africa on 31 July 2017.,0.0,0.0,0.0,neutral,0,0.0021925217006355524
775,take me out to the ballgame youtube lyrics,,False,I don't know,,,,contradiction,0,0.16245360672473907,The album Take Me to Church was released on 13 September 2013 ( 2013 - 09).,,,,neutral,0,0.024983549490571022
776,who plays nikki green in dawson's creek,,False,I don't know,,,,contradiction,0,0.058832064270973206,"The film, King Arthur ( Graham Chapman ), accompanied by his trusty squire Patsy ( Terry Gilliam ), is travelling through a forest when he enters a clearing and observes a fight taking place between a Black Knight",,,,neutral,0,0.005588210187852383
777,who plays the bad guy in looney tunes back in action,Steve Martin,True,rushing play,0.0,0.0,1.0,neutral,0,0.05765041336417198,a last - minute desperation strategy.,0.0,0.0,1.0,neutral,0,0.1325472891330719
778,you are the apple of my eye (2011 taiwan),,False,You Are the Apple of My Eye,,,,entailment,1,0.8868222832679749,"You Are the Apple of My Eye /Th> /Th> /Th> /Tr> Td colspan=""2""> Hong Kong theatrical poster /Th> /Th> /Tr> Td col",,,,contradiction,0,0.19722208380699158
779,when did dr seuss wrote his first book,1936,True,I don't know,0.0,0.0,0.0,contradiction,0,0.1622600555419922,"Theodor Seuss Geisel was born in Springfield, Massachusetts, U.S. /Td> /Tr> Th> Th> Th> Td> Theodor Seuss Geisel ( 1904 ",0.0,0.0,0.0,entailment,1,0.8914235830307007
780,the form of the forgetting curve and the fate of memories,,False,I don't know,,,,neutral,0,0.025929316878318787,The proverb is a proverb that is used in the context of a proverb.,,,,contradiction,0,0.3605791926383972
781,new tv show with dwight from the office,,False,I don't know,,,,contradiction,0,0.0402681902050972,The show aired one TV film and a stand - alone special.,,,,entailment,1,0.8366332650184631
782,the power of the necessary and proper clause are,,False,I don't know,,,,contradiction,0,0.05355435609817505,The health care provider should educate patients about proper use of antibiotics.,,,,contradiction,0,0.018969202414155006
783,what is the average age to die in the uk,81.2,True,I don't know,0.0,0.0,0.0,neutral,0,0.010680707171559334,The legal drinking age is the age at which a person can legally consume or purchase alcoholic beverages.,0.0,0.0,0.0,entailment,1,0.9877879023551941
784,when do we use the process of centrifugation,"to separate two miscible substances, but also to analyze the hydrodynamic properties of macromolecules",True,I don't know,0.0,0.0,0.0,neutral,0,0.21605244278907776,"The sentence "" The after market library binding is the method of binding serials, and re-binding paperback or hardcover books, for use within libraries.",0.0,0.1081081081081081,0.0,entailment,1,0.9292054772377014
785,who went to world cup instead of usa,,False,World Cups,,,,entailment,1,0.5967133641242981,The 2018 FIFA World Cup qualification UEFA Group D was one of the nine UEFA groups for 2018 FIFA World Cup qualification.,,,,entailment,1,0.9760914444923401
786,when do they announce the cy young award winner,,False,I don't know,,,,contradiction,0,0.11295778304338455,Reddick,,,,contradiction,0,0.1522948443889618
787,sharp pain in lower abdomen with sudden movement,,False,I don't know,,,,neutral,0,0.15694108605384827,/Th> /Tr> /Tr> /Tr> /Tr> /Tr> /Tr> /Tr> /Tr> /Tr> /Tr,,,,contradiction,0,0.36810436844825745
788,what is the difference between hamartoma and choristoma,,False,I don't know,,,,contradiction,0,0.10988201946020126,The mass number is different for each different isotope of a chemical element.,,,,neutral,0,0.1114940494298935
789,poison ivy is not a relative to which plant,,False,I don't know,,,,contradiction,0,0.22878992557525635,"Poison ivy /Th> /Tr> Tr> Td colspan=""2""> /Tr> /Tr> /Tr> Tr> Td colspan",,,,entailment,1,0.5282158255577087
790,who sings the theme song for miami vice,Jan Hammer,True,I don't know,0.0,0.0,0.0,contradiction,0,0.033469829708337784,The sixth ending theme for episodes 60 to 72 is  Chao Han Music '' (,0.0,0.0,0.0,contradiction,0,0.034786105155944824
791,where is red dog mine located in alaska,68°04′19″N 162°52′34″W﻿ / ﻿68.071989°N 162.876044°W,True,I don't know,0.0,0.0,0.0,neutral,0,0.27277126908302307,"Red Dog Mine, Alaska /Th> /Th> /Tr> Tr> Tr> Td colspan=""2""> Census - designated place /Td> /Tr> /T",0.0,0.0,0.0,entailment,1,0.6410926580429077
792,who did the voices for the movie coco,,False,I don't know,,,,contradiction,0,0.23655101656913757,The story was written by Robert L. May.,,,,entailment,1,0.9072698354721069
793,where are the genes for antibiotic resistance located,,False,I don't know,,,,neutral,0,0.13507843017578125,The Cedar River is located in Minnesota.,,,,entailment,1,0.9570385217666626
794,world war 1 gas warfare tactics and equipment,,False,I don't know,,,,neutral,0,0.040869563817977905,World War I,,,,neutral,0,0.16475914418697357
795,where does the name iron maiden come from,iron maiden torture device,True,the artist.,0.0,0.0,0.0,neutral,0,0.41075360774993896,criteria provided by certifying bodies.,0.0,0.0,0.0,neutral,0,0.3029897212982178
796,where is orange county choppers located in new york,"the town of Newburgh, located in Orange County, New York",True,I don't know,0.0,0.0,0.0,neutral,0,0.09587585180997849,It has been translated into eight languages and made into a stage play.,0.0,0.0,0.0,neutral,0,0.00220258510671556
797,when did my girl by the temptations come out,"December 21, 1964",True,I don't know,0.0,0.0,0.0,neutral,0,0.17008709907531738,"The album Where Did Our Love Go was released on June 17, 1964",0.0,0.125,0.0,neutral,0,0.012742295861244202
798,where is the upc number located on a product,,False,I don't know,,,,neutral,0,0.23175691068172455,"The headwaters of the Cedar River are located in Dodge County, Minnesota, consisting of a west fork and middle fork approximately three miles northeast of the town of Blooming Prairie, and an east fork approximately one mile south of the town of Hayfield.",,,,neutral,0,0.3838367164134979
799,when did the first winter olympic games take place,1924,True,I don't know,0.0,0.0,0.0,contradiction,0,0.09539803117513657,"/Th> /Tr> Th colspan=""2""> Ice hockey at the XXII Olympic Winter Games /Th> /Tr> Tr> Td colspan=""2""> /T",0.0,0.0,0.0,contradiction,0,0.3858809173107147
800,love is god tamil movie with english subtitles,,False,I don't know,,,,entailment,1,0.5819063186645508,The time.,,,,entailment,1,0.7542213201522827
801,when was the godfather supposed to take place,,False,I don't know,,,,contradiction,0,0.2254195213317871,The Godfather Part II ( 1974 ) The Godfather Part II 1974 /Td> /Tr> /Tr> /Tr> /Tr> /Tr> /Tr> /Tr> ,,,,entailment,1,0.47218531370162964
802,when is the raiders first game in las vegas,2020,True,Ice Hockey,0.0,0.0,1.0,neutral,0,0.01832924596965313,Ice Hockey rink,0.0,0.0,1.0,neutral,0,0.03209846466779709
803,in which one of the following states do you not have to register to vote brainly,,False,I don't know,,,,neutral,0,0.19506481289863586,The Twelfth Amendment requires each elector to cast one vote for president and another vote for vice president.,,,,entailment,1,0.9234450459480286
804,maxwell school of citizenship and public affairs ranking,,False,I don't know,,,,contradiction,0,0.17335504293441772,The Maxwell School of Citizenship and Public Affairs /Tr> Th> Type /Th> /Tr> Th> Private /Tr> /Tr> Th> Parent institution /Th> Td,,,,entailment,1,0.9445611834526062
805,who is chief executive of marks and spencer,Stephen Joseph Rowe,True,I don't know,0.0,0.0,1.0,contradiction,0,0.04210681840777397,parliamentary system,0.0,0.0,1.0,contradiction,0,0.0659034475684166
806,who wrote my candle burns at both ends,,False,I don't know,,,,neutral,0,0.03264370933175087,The sentence is true because the sentence is true.,,,,entailment,1,0.6294606924057007
807,where was the battle of the sexes played,,False,I don't know,,,,contradiction,0,0.1599547564983368,The Fabulous Moolah.,,,,contradiction,0,0.12741117179393768
808,why did germany want to sign an alliance with austria hungary and italy,,False,I don't know,,,,contradiction,0,0.10440810024738312,The Triple Alliance in 1913 /Td> /Tr> /Tr> /Tr> /Tr> /Tr> /Tr> /Tr> /Tr> /T,,,,entailment,1,0.45192497968673706
809,what race is aaron judge of the new york yankees,African-American,True,I don't know,0.0,0.0,0.0,neutral,0,0.21964773535728455,"Aaron Judge /Th> /Tr> /Tr> Th colspan=""2""> Aaron Judge /Th> /Tr> Th colspan=""2""> Aaron Judge /Th> /Tr",0.0,0.0,0.0,entailment,1,0.7008717656135559
810,when is the delta connection of resistors equivalent to the wye connected resistors,,False,I don't know,,,,neutral,0,0.13006600737571716,The Y -  transform is a mathematical technique to simplify the analysis of an electrical network.,,,,entailment,1,0.9842340350151062
811,when did the secret service start guarding the president,After the 1901 assassination of President William McKinley,True,I don't know,0.0,0.0,0.0,neutral,0,0.04909186810255051,The United States Secret Service /Tr> /Tr> /Tr> /Tr> /Tr> /Tr> /Tr> /Tr> /Tr> /Tr,0.0,0.08695652173913045,0.0,entailment,1,0.5663974285125732
812,what percent of the english language is greek,5.32%,True,Matthew account,0.0,0.0,0.0,neutral,0,0.12219996005296707,Epiousios.,0.0,0.0,0.0,neutral,0,0.06776204705238342
813,who played alice in seven brides for seven brothers,Nancy Kilgas,True,churches,0.0,0.0,1.0,contradiction,0,0.013646351173520088,Christians worship.,0.0,0.0,1.0,contradiction,0,0.01638324186205864
814,who wants to date a millionaire tv show,,False,I don't know,,,,neutral,0,0.2699483335018158,"Who Wants to Be a Millionaire? /Th> /Tr> Th colspan=""2""> Who Wants to Be a Millionaire /Th> /Tr> Td colspan=""2""> ",,,,entailment,1,0.7006258964538574
815,when does the 2018 mn legislative session end,"January 7, 2019",True,I don't know,0.0,0.0,0.0,neutral,0,0.0945729985833168,"The 2017 -- 18 UEFA Champions League knockout phase began on 13 February and will end on 26 May 2018 with the final at the NSC Olimpiyskiy Stadium in Kiev, Ukraine, to decide the champions of the 2017 -- 18 UEFA Champions League.",0.0,0.0,0.0,neutral,0,0.003913556691259146
816,when was the most recent amendment and what was it,,False,I don't know,,,,neutral,0,0.18874873220920563,Romanticism.,,,,neutral,0,0.12319867312908173
817,who does the voice of sarah in land before time,,False,Northerners,,,,entailment,1,0.47836834192276,"The Homestead Acts were an expression of the  Free Soil '' policy of Northerners who wanted individual farmers to own and operate their own farms, as opposed to Southern slaves",,,,neutral,0,0.014946508221328259
818,which statement is true regarding the gate control theory (gct) of pain,,False,I don't know,,,,contradiction,0,0.2125909924507141,The gate control theory of pain is considered to be one of the most influential theories of pain because it provided a neural basis which reconciled the specificity and pattern theories and ultimately revolutionized pain research.,,,,entailment,1,0.9673736691474915
819,when did dallas cowboys go to the superbowl,1970,True,I don't know,0.0,0.0,0.0,neutral,0,0.34763145446777344,"The album Where Did Our Love Go was released on June 17, 1964.",0.0,0.0,0.0,neutral,0,0.0051397294737398624
820,when did the last episode of code black air,"July 18, 2018",True,I don't know,0.0,0.0,0.0,contradiction,0,0.21861834824085236,The episode number for the 12th South Park episode is.,0.0,0.0,0.0,entailment,1,0.6695730686187744
821,differentiate between and describe examples of the four ways of knowing identified by carper,,False,I don't know,,,,neutral,0,0.2170066386461258,"The terminology of the British Isles refers to the various words and phrases that are used to describe the different ( and sometimes overlapping ) geographical and political areas of the islands of Great Britain, Ireland, and the smaller islands which surround them.",,,,neutral,0,0.06623674184083939
822,who plays marnie in bring it on again,Bethany Joy Lenz,True,I don't know,0.0,0.0,0.0,neutral,0,0.03409965708851814,"The title of the episode is a list of characters who have appeared in the BAFTA - award winning trilogy of CBBC children's drama series The Story of Tracy Beaker, Tracy Beaker Returns and The Dumping Ground, which have spanned thirteen",0.0,0.0,0.0,entailment,1,0.869375467300415
823,who sang lady first kenny rogers or lionel richie,,False,I don't know,,,,neutral,0,0.16052305698394775,Lionel Richie /Tr> /Tr> /Tr> /Tr> /Tr> /Tr> /Tr> /Tr> /Tr> /T,,,,neutral,0,0.11418987810611725
824,list of animals by brain to body ratio,,False,I don't know,,,,neutral,0,0.1483764350414276,Fruits are a fruit.,,,,contradiction,0,0.2944924235343933
825,pulmonary congestion is when the blood from the ventricle flows back into the,,False,I don't know,,,,neutral,0,0.20241481065750122,The term hemostasis refers to the blood vessel that is damaged by a blood clot.,,,,contradiction,0,0.13985605537891388
826,pga tour at&t pebble beach national pro am,,False,I don't know,,,,neutral,0,0.2357131540775299,"The AT&T Pebble Beach Pro-Am is a professional golf tournament that is played at Pebble Beach, California.",,,,entailment,1,0.554746150970459
827,when was the last time byu won utah,"November 28, 2009",True,"Utah leads, 60 -- 34 -- 4",0.0,0.0,0.0,contradiction,0,0.0979931652545929,"Utah leads, 60 -- 34 -- 4 /Td> /Tr> /Tr> /Tr> /Tr> /Tr> /Tr> /Tr> /Tr> ",0.0,0.0,0.0,contradiction,0,0.04005405679345131
828,who flew to close to the sun and his wings melted,Icarus,True,"Genesis, 9 : 1 -- 12",0.0,0.0,1.0,neutral,0,0.1449911892414093,"The story focuses on 12 - year - old Gon Freecss and his quest to become a Hunter in order to find his father, Ging Freecss, who is himself a famous Hunter.",0.0,0.0,1.0,neutral,0,0.0049417950212955475
829,a glimpse in the mind of charles swan,,False,I don't know,,,,contradiction,0,0.22161366045475006,The movie is a film.,,,,entailment,1,0.7644785642623901
830,is the western wall in east or west jerusalem,,False,I don't know,,,,entailment,1,0.39183634519577026,"The length of the Western Wall is 488 metres ( 1,601 ft ) and the height is 19 metres ( 62 ft ).",,,,neutral,0,0.24490489065647125
831,where does the oil for frying potato chips come from,,False,I don't know,,,,entailment,1,0.5649883151054382,The main ingredients are potatoes and oil.,,,,neutral,0,0.2575302720069885
832,new york new york song on the town,,False,I don't know,,,,neutral,0,0.10249027609825134,The New Colossus was created in 1883.,,,,neutral,0,0.03131856769323349
833,where are the sweet 16 games being played in 2018,,False,I don't know,,,,contradiction,0,0.08229077607393265,"1966, the Oakland Raiders were a charter member of the American Football League ( AFL )",,,,neutral,0,0.12044363468885422
834,when was amen first used in the bible,Numbers 5:22,True,I don't know,0.0,0.0,0.0,contradiction,0,0.15595421195030212,"The first recorded indoor ice hockey game took place at the Victoria Skating Rink in Montreal, Quebec, Canada.",0.0,0.0,0.0,neutral,0,0.13060195744037628
835,ub40 and chrissie hynde i got you babe,,False,I don't know,,,,neutral,0,0.16552704572677612,"French 7 - inch single cover /Td> /Tr> /Tr> Th colspan=""2""> French 7 - inch single cover /Td> /Tr> Th colspan=""2"">",,,,entailment,1,0.7395240664482117
836,when did the anaheim ducks change their logo,,False,I don't know,,,,neutral,0,0.24313358962535858,Anaheim Ducks /Th> /Th> /Tr> /Tr> /Tr> /Tr> /Tr> /Tr> /Tr> /Tr> ,,,,entailment,1,0.4369591474533081
837,the hero of san jacinto became the first president of the texas republic,,False,I don't know,,,,contradiction,0,0.06490740180015564,The Army of Texas /Td> /Tr> Tr> Tr> Tr> Tr> Tr> Tr> Tr> Tr> Tr> T,,,,contradiction,0,0.049828313291072845
838,who sings don't get around much anymore,Duke Ellington,True,I don't know,0.0,0.0,1.0,neutral,0,0.24587450921535492,The song was written by Duke Ellington and Bob Russell.,0.0,0.33333333333333337,1.0,entailment,1,0.8838878870010376
839,how many episodes per series in breaking bad,,False,I don't know,,,,contradiction,0,0.15255559980869293,"The pilot episode was first aired on January 20, 2008, and the series finale was broadcast on September 29, 2013.",,,,entailment,1,0.8987583518028259
840,who was compared unfavorably to the lilies of the field,,False,I don't know,,,,neutral,0,0.04027841240167618,"The sentence "" Asperger syndrome ( AS ) is an autism spectrum disorder ( ASD ).",,,,entailment,1,0.9758368730545044
841,what were some of the dangers on the oregon trail,,False,Warmiwausqa),,,,contradiction,0,0.22080275416374207,Mollepata is the longest of the three routes with the highest mountain pass and intersects with the Classic route before crossing Warmiwausqa (  dead woman '' ),,,,neutral,0,0.014440526254475117
842,when did the battle of fort sumter happen,"April 12–13, 1861",True,I don't know,0.0,0.0,0.0,neutral,0,0.24198338389396667,"Battle of Fort Sumter /Th> /Tr> Tr> Td colspan=""2""> Battle of Fort Sumter /Th> /Tr> Td colspan=""2""> Part of the American Civil",0.0,0.0,0.0,entailment,1,0.8823235034942627
843,tallest person in the world guinness world record,Robert Wadlow,True,I don't know,0.0,0.0,0.0,contradiction,0,0.005960939917713404,"The ball of twine with the largest circumference is located in Cawker City, Kansas.",0.0,0.0,0.0,contradiction,0,0.009151889942586422
844,at what output is marginal product of labour the highest,at the point of diminishing returns,True,I don't know,0.0,0.0,0.0,neutral,0,0.08060522377490997,The company that operates the Bloukrans Bridge Bungy is Face Ad.,0.0,0.11764705882352942,0.0,neutral,0,0.1150447279214859
845,just let it go let it be james bay,,False,I don't know,,,,neutral,0,0.2406691014766693,"James Bay /Th> /Tr> Tr> Td colspan=""2""> /Tr> Tr> Th colspan=""2""> Single by James Bay /Th> /Tr",,,,entailment,1,0.7534725666046143
846,who did they find at the end of matrix reloaded,,False,I don't know,,,,neutral,0,0.05468394607305527,The kilt stretches back to at least the end of the 16th century.,,,,entailment,1,0.9791720509529114
847,how did the middle passage affect british colonial culture,,False,I don't know,,,,neutral,0,0.1410762220621109,"The collapse of the Mughal era saw the rise of powerful men who associated themselves with kings, priests and ascetics, affirming the regal and martial form of the caste system as it exists today.",,,,neutral,0,0.08617182075977325
848,where will the next winter olympics be held in 2019,,False,I don't know,,,,neutral,0,0.21397513151168823,The National Collegilegiate Athletic Association (NCAA) is the governing body for the NCAA Division I men's basketball championships.,,,,neutral,0,0.07004401832818985
849,where is the liver situated in a human body,,False,I don't know,,,,contradiction,0,0.26260805130004883,The human urinary system is the system that holds the uterus suspended inside the abdominal cavity.,,,,entailment,1,0.9872180819511414
850,who sing the theme song for good times,Jim Gilstrap,True,I don't know,0.0,0.0,0.0,contradiction,0,0.033469829708337784,The sixth ending theme for episodes 60 to 72 is  Chao Han Music '' (,0.0,0.0,0.0,contradiction,0,0.034786105155944824
851,where did they film american horror story cult,,False,I don't know,,,,neutral,0,0.20403523743152618,"American Horror Story : Cult /Th> /Th> Tr> Td colspan=""2""> Promotional poster /Th> /Tr> Tr> Th> Starring /Th>",,,,entailment,1,0.8068157434463501
852,how old are the turtles in tmnt 2012,,False,I don't know,,,,contradiction,0,0.08853714913129807,The Teenage Mutant Ninja Turtles ( season five title ) /Td> /Tr> /Tr> Tr> Tr> Tr> Tr> Tr> Tr> ,,,,entailment,1,0.7133667469024658
853,archaeologists believe vinland was located on the continent of,,False,I don't know,,,,neutral,0,0.0959552675485611,Samuel,,,,neutral,0,0.14982588589191437
854,tu cheez badi hai mast mast tu cheez badi hai mast old song,,False,I don't know,,,,neutral,0,0.006579696200788021,The tradition of flying the flag at half - mast began in the 17th century.,,,,neutral,0,0.004833101760596037
855,how many nights is the block on tv,,False,I don't know,,,,neutral,0,0.027515878900885582,"cryptography, a block cipher mode of operation is an algorithm that uses a block cipher to provide an information service such as confidentiality or authenticity.",,,,neutral,0,0.3419486880302429
856,where is the world juniors being held this year,,False,I don't know,,,,neutral,0,0.0043692821636796,0 to 0 is a discrepancy in the number of years in which the number of championships has been held.,,,,contradiction,0,0.021635834127664566
857,what is area code 01446 in the uk,Barry,True,I don't know,0.0,0.0,0.0,contradiction,0,0.01160537451505661,The dot duration is the basic unit of time measurement in code transmission.,0.0,0.0,0.0,neutral,0,0.10329622030258179
858,when is halley's comet coming around again,mid-2061,True,I don't know,0.0,0.0,0.0,contradiction,0,0.1870492696762085,"The Comet was discovered by Edmond Halley ( recognition of periodicity ) /Td> /Tr> Tr> Th colspan=""2""> Discovery /Th> /Tr> Tr> Th",0.0,0.0,0.0,entailment,1,0.4517814815044403
859,what is no slip condition in fluid mechanics,,False,I don't know,,,,neutral,0,0.06520853191614151,/P> P>,,,,neutral,0,0.3931773006916046
860,where are the 7 natural wonders of the world located,,False,Iowa River was the world's biggest.,,,,contradiction,0,0.01139569841325283,Iowa River was the world's biggest.,,,,contradiction,0,0.01139569841325283
861,johnny mathis the wonderful world of make believe,,False,I don't know,,,,contradiction,0,0.17829571664333344,I 'll Search My Heart and Other Great Hits 1964 /Td> /Tr> Tr> Tr> Tr> Tr> Tr> Tr> Tr> Tr,,,,neutral,0,0.07370688021183014
862,what is the significance of the dust bowl,,False,I don't know,,,,neutral,0,0.2471638023853302,The Dust Bowl was a period of severe dust storms that greatly damaged the ecology and agriculture of the American and Canadian prairies during the 1930s ; severe drought and a failure to apply dryland farming methods to prevent wind erosion ( the Aeolian processes ) caused the phenomenon.,,,,neutral,0,0.07367458939552307
863,is tomato a fruit or vegetable us supreme court,vegetable,True,identification cards,0.0,0.0,1.0,neutral,0,0.03534316271543503,identification cards.,0.0,0.0,1.0,neutral,0,0.03264755755662918
864,where do silk and bamboo ensembles usually play,,False,I don't know,,,,contradiction,0,0.26508405804634094,"/Th> Td colspan=""2""> /Tr> Tr> Tr> Td colspan=""2""> /Tr> Tr> Tr> Tr>",,,,contradiction,0,0.046835269778966904
865,when was palm oil first used in food,,False,I don't know,,,,contradiction,0,0.2162325084209442,bag is used for storing food in a frying pan.,,,,neutral,0,0.2627338767051697
866,who plays dean and sam dad in supernatural,Jeffrey Dean Morgan,True,I don't know,0.0,0.0,1.0,contradiction,0,0.22393536567687988,) Nels Guloien ( child ) /Td> /Tr> Tr> Th> First appearance /Th> Td>  Pilot '' /Td> /Tr>,0.0,0.0,1.0,contradiction,0,0.3290513753890991
867,the first railway line between karachi and kotri was constructed in,April 1858,True,I don't know,0.0,0.0,0.0,neutral,0,0.1476118117570877,    /Th> /Tr> Tr> Th> Location /Th> /Tr> Th> Th> Coordinates /Th> Td> 25 °,0.0,0.0,0.0,contradiction,0,0.23372215032577515
868,do you have to be canadian to be prime minister,,False,I don't know,,,,contradiction,0,0.13397927582263947,The Prime Minister of India is the chief executive of the Government of India.,,,,neutral,0,0.2259453386068344
869,what are the characters in avengers infinity war,,False,Battles.,,,,entailment,1,0.49935317039489746,Battles.,,,,entailment,1,0.49935317039489746
870,when does jacob find out he's a werewolf,In the second book of the series (New Moon),True,I don't know,0.0,0.0,0.0,neutral,0,0.01431490108370781,The root - finding algorithms do not guarantee that they will find all the roots.,0.0,0.17391304347826086,0.0,neutral,0,0.06242081895470619
871,ed sheeran you need me and i don't need you,,False,I don't know,,,,contradiction,0,0.2606600224971771,"The single was released on 26 August 2011 ( 2011 - 08 - 26 ) /Td> /Tr> Tr> Tr> Th colspan=""2""> /Tr> /Tr> ",,,,entailment,1,0.8315100073814392
872,describe the roof of the cathedral of st. basil in moscow,,False,I don't know,,,,contradiction,0,0.08022233098745346,The coordinates of the cathedral are: 55 ° 45 ′ 9 '' N 37 ° 37 ′ 23 '' E / 55.75250 ° N 37.62306 ° E / 55.75250 ; 37.62306 Coordinates:,,,,contradiction,0,0.22827887535095215
873,who is the creator of star vs the forces of evil,Daron Nefcy,True,Nigerian Navy,0.0,0.0,1.0,entailment,1,0.6414598226547241,Nigerian Navy.,0.0,0.0,1.0,neutral,0,0.37262794375419617
874,meaning of the song cry by mandy moore,,False,I don't know,,,,neutral,0,0.23375862836837769,"Mandy Moore /Th> /Tr> Tr> Tr> Th colspan=""2""> /Tr> /Tr> Th colspan=""2""> Single by Mandy Moore ",,,,entailment,1,0.7201980352401733
875,the words of the song 12 days of christmas,,False,I don't know,,,,contradiction,0,0.09866645932197571,1834.,,,,neutral,0,0.08223094791173935
876,kapoor and sons lets nacho mp3 song download,,False,I don't know,,,,contradiction,0,0.12843923270702362,"Kapoor & Sons /Th> /Th> /Tr> Tr> Td colspan=""2""> Theatrical release poster /Td> /Tr> /Tr> ",,,,entailment,1,0.5896075367927551
877,what group of trading kingdoms ruled southern india,,False,I don't know,,,,contradiction,0,0.007928292267024517,The title  King of the English '' or Rex Anglorum in Latin was first used to describe thelstan by one of his charters in 928.,,,,contradiction,0,0.01560500729829073
878,where does it always sunny in philadelphia take place,Philadelphia,True,I don't know,0.0,0.0,1.0,contradiction,0,0.21493306756019592,"It's Always Sunny in Philadelphia /Th> /Th> /Tr> Tr> Td colspan=""2""> /Tr> /Tr> Tr> Th> Genre ",0.0,0.11764705882352941,1.0,entailment,1,0.6430867314338684
879,who is the longest reigning wwe united states champion,Lex Luger,True,veterans,0.0,0.0,0.0,neutral,0,0.16493472456932068,Veterans.,0.0,0.0,0.0,neutral,0,0.14343445003032684
880,when did we start the pledge of allegiance,1942,True,I don't know,0.0,0.0,0.0,contradiction,0,0.2248631715774536,"I pledge allegiance to the Flag of the United States of America and to the Republic for which it stands, one nation, indivisible, with liberty and justice for all.",0.0,0.0,0.0,entailment,1,0.9165034890174866
881,goosebumps tv show night of the living dummy,,False,I don't know,,,,neutral,0,0.021408863365650177,Saturday Night Live episode is a set of sketches.,,,,entailment,1,0.731972873210907
882,what does the o in e. coli o157h7 refer to,,False,I don't know,,,,neutral,0,0.09852176159620285,The word waltz was the first ballroom dance performed in the closed hold or  waltz '' position.,,,,entailment,1,0.9140214323997498
883,who plays the girl in harry potter and the goblet of fire,,False,I don't know,,,,contradiction,0,0.1666763424873352,"Harry Potter and the Goblet of Fire : Original Motion Picture Soundtrack /Th> /Tr> /Tr> Td colspan=""2""> /Tr> /Tr> /Tr> ",,,,neutral,0,0.3090689778327942
884,total number of articles in indian constitution at present,448,True,I don't know,0.0,0.0,0.0,contradiction,0,0.01730145327746868,The purpose of the Constitution of India is to define the official language of the Government of India.,0.0,0.0,0.0,entailment,1,0.5273876786231995
885,i hope i don't die in alabama song,,False,I don't know,,,,contradiction,0,0.17898130416870117,The College Football Playoff /Th> /Th> /Tr> /Tr> /Tr> /Tr> /Tr> /Tr> /Tr> /Tr> ,,,,entailment,1,0.7364426851272583
886,who served during the mexican war and as commander of the union forces,,False,Honor,,,,neutral,0,0.12116491794586182,Military rank.,,,,neutral,0,0.20866312086582184
887,who teaches defense against the dark arts after snape,Amycus Carrow,True,I don't know,0.0,0.0,0.0,neutral,0,0.13199861347675323,The iodine clock reaction is a classical chemical clock demonstration experiment to display chemical kinetics in action ; it was discovered by Hans Heinrich Landolt in 1886.,0.0,0.0,0.0,neutral,0,0.09674748033285141
888,who does the voice for the aflac duck,Gilbert Gottfried,True,I don't know,0.0,0.0,0.0,neutral,0,0.12179508805274963,The Black Knight is a fictional character who appears in a scene of the film Monty Python and the Holy Grail.,0.0,0.0,0.0,entailment,1,0.9864111542701721
889,when was the last time celtics won nba championship,2008,True,Larry O'Brien,0.0,0.0,0.0,contradiction,0,0.04365632310509682,The NBA Finals is the championship series for the NBA and the conclusion of the sport's postseason.,0.0,0.0,0.0,contradiction,0,0.013309107162058353
890,when does the sun set in london in september,,False,I don't know,,,,neutral,0,0.10327868163585663,"The United States national federations, USA Swimming and United States Masters Swimming, both maintain SCY USA records.",,,,neutral,0,0.16522711515426636
891,when is new year celebrated according to indian national calendar,,False,States.,,,,neutral,0,0.06565739214420319,The State of the Union Address is an annual message presented by the President of the United States.,,,,entailment,1,0.6062471866607666
892,which of the following is a tributry of beas river,,False,Florida,,,,neutral,0,0.19564421474933624,Florida.,,,,contradiction,0,0.04324454069137573
893,pirates of the caribbean how many movies will there be,,False,I don't know,,,,neutral,0,0.07596663385629654,The text is a list of the films that have been directed by Milton Friedman.,,,,neutral,0,0.0924147292971611
894,who wrote when you and i were young maggie,,False,I don't know,,,,neutral,0,0.06261171400547028,The town is located in the United States.,,,,neutral,0,0.06490296870470047
895,when was the national world war ii memorial built,"April 29, 2004",True,I don't know,0.0,0.0,0.0,contradiction,0,0.17320318520069122,"Tr> Th colspan=""2""> World War II Memorial /Th> /Tr> Tr> Td colspan=""2""> /Tr> Tr> Td colspan",0.0,0.0,0.0,contradiction,0,0.4192967712879181
896,where was the final episode of the bachelor filmed,,False,I don't know,,,,contradiction,0,0.13435395061969757,The series was produced in commemoration of the original series'20th and 25th anniversaries.,,,,neutral,0,0.010406500659883022
897,how much money did it take to make skyrim,,False,March 2012 ) ( Learn how and when to remove this template message ) /Td> /Tr> /Table> Table> Tr> Td> Td> This article relies too much on references to primary sources.,,,,entailment,1,0.8662424683570862,2012 ) ( Learn how and when to remove this template message ) /Td> /Tr> /Table> Table> Tr> Td> /Td> Td> This article relies too much on,,,,entailment,1,0.7436525225639343
898,who wrote the book of obadiah in the bible,Obadiah,True,"Rome, the most sought after wines -- Falernian and Surrentine -- were prized for their ability to age for decades",0.0,0.0,0.0,neutral,0,0.13095423579216003,"Romans, the most sought after wines were Falernian and Surrentine.",0.0,0.0,0.0,contradiction,0,0.057591963559389114
899,the summer of the beautiful white horse summary in hindi language,,False,I don't know,,,,contradiction,0,0.13968679308891296,"The Constitution of India designates the official language of the Government of India as Hindi written in the Devanagari script, as well as English.",,,,contradiction,0,0.016079464927315712
900,in wabash v. illinois the supreme court ruled that states could not regulate,,False,I don't know,,,,neutral,0,0.023779887706041336,The gun laws of California are some of the most restrictive in the United States.,,,,neutral,0,0.0020108227618038654
901,who plays janine's mom on house of payne,Anne-Marie Johnson,True,I don't know,0.0,0.0,0.0,neutral,0,0.18971844017505646,"The United States presidential line of succession follows the order of Vice President, Speaker of the House of Representatives, President pro tempore of the Senate, and then the heads of federal executive departments who form the Cabinet of the United States.",0.0,0.0,0.0,neutral,0,0.023602142930030823
902,what effect did the scientific revolution have on some philosophers,,False,nature,,,,entailment,1,0.5590212345123291,Romanticism was characterized by its emphasis on emotion and individualism as well as glorification of all,,,,neutral,0,0.06576137244701385
903,where was the lowest temperature ever recorded on earth,Soviet Vostok Station in Antarctica,True,I don't know,0.0,0.0,1.0,neutral,0,0.10308809578418732,"The lowest temperature recorded in Asia was  89.2 ° C (  128.6 ° F ; 184.0 K ) at the Soviet Vostok Station in Antarctica on July 21, 1983 by ground measurements.",0.0,0.3125,1.0,contradiction,0,0.13669687509536743
904,who sings the song nobody knows but me,,False,I don't know,,,,neutral,0,0.25818729400634766,"The single was released on November 7, 1995 /Th> /Tr> /Tr> Tr> Tr> Th colspan=""2""> /Tr> /Tr> Tr>",,,,entailment,1,0.7406496405601501
905,when the term price is used in the law of demand price is referring to,,False,I don't know,,,,neutral,0,0.18767668306827545,its liabilities.,,,,neutral,0,0.2242722511291504
906,pete seeger - this land is your land,,False,I don't know,,,,contradiction,0,0.025680916383862495,The Great Lakes are the only major water bodies in the United States.,,,,contradiction,0,0.027080949395895004
907,who was put in charge of the volunteers and the regular army,,False,I don't know,,,,neutral,0,0.12264037877321243,The Philadelphia Eagles franchise was founded in 1933.,,,,neutral,0,0.027252325788140297
908,who wrote the strange case of dr jekyll and mr hyde,Robert Louis Stevenson,True,I don't know,0.0,0.0,1.0,neutral,0,0.21796658635139465,The title page of the first London edition ( 1886 ) was written by Robert Louis Stevenson.,0.0,0.33333333333333337,1.0,entailment,1,0.9741953611373901
909,who sang from the cradle to the grave,,False,I don't know,,,,contradiction,0,0.1706157773733139,The country of origin /Th> Td> United Kingdom /Td> /Tr> Tr> Tr> P>,,,,neutral,0,0.10568372905254364
910,a large collection of servers is called a(n),server farm or server cluster,True,Mycelium,0.0,0.0,0.0,neutral,0,0.01779729686677456,Mycelium is a single organism.,0.0,0.0,0.0,neutral,0,0.009822315536439419
911,when the allies began bombing the japanese mainland casualties were high because the bombings,,False,I don't know,,,,neutral,0,0.04799141362309456,The Rape of Nanking.,,,,entailment,1,0.5643835663795471
912,when does masterchef australia 2016 start in south africa,,False,I don't know,,,,contradiction,0,0.1860281378030777,"Eminent domain ( United States, Philippines ), land acquisition ( Singapore ), compulsory purchase ( United Kingdom, New Zealand, Ireland ), resumption ( Hong Kong, Uganda ), resumption / compulsory acquisition ( Australia",,,,contradiction,0,0.26900672912597656
913,nba's list of career three-point field goals made,,False,I don't know,,,,neutral,0,0.14555226266384125,The Mavericks were dreadful.,,,,contradiction,0,0.008820658549666405
914,when did the first rocket launched into space,1944,True,I don't know,0.0,0.0,0.0,neutral,0,0.22433044016361237,The first draw was held on Friday 13 February 2004 in Paris.,0.0,0.0,0.0,contradiction,0,0.00815196055918932
915,who came up with the idea of milk and cereal,,False,I don't know,,,,neutral,0,0.0475149005651474,World War II.,,,,neutral,0,0.10746362060308456
916,daniel bedingfield if you're not the one album,Gotta Get Thru This,True,Daniel Bedingfield,0.0,0.0,1.0,entailment,1,0.7325102090835571,"If You're Not the One '' /Th> /Tr> Tr> Td colspan=""2""> /Tr> /Tr> Tr> Th colspan=""2""",0.0,0.0,1.0,entailment,1,0.6662777662277222
917,compare the election procedure followed in india with the united kingdom,,False,I don't know,,,,neutral,0,0.04048533737659454,"The United States Electoral College is the mechanism established by the United States Constitution for the election of the president and vice president of the United States by small groups of appointed representatives, electors, from each state and the District of Columbia.",,,,neutral,0,0.07502343505620956
918,when did winning colors win the kentucky derby,1988,True,I don't know,0.0,0.0,1.0,contradiction,0,0.1807548701763153,Winning Colors at 1988 Kentucky Derby /Td> /Tr> /Tr> Th> Sire /Th> Td> Caro /Td> /Tr> Tr> Th,0.0,0.10526315789473684,1.0,entailment,1,0.7333349585533142
919,when was the last time the la kings made the playoffs,2017–18,True,Wessex,0.0,0.0,0.0,entailment,1,0.655927300453186,Wessex was the dominant Anglo - Saxon kingdom by the late ninth century Wessex was the dominant Anglo - Saxon kingdom by the late ninth century Wessex was the dominant Anglo - Saxon kingdom by the late ninth century Wessex was the dominant,0.0,0.0,0.0,entailment,1,0.7661829590797424
920,how far is wilson nc from fayetteville nc,,False,I don't know,,,,contradiction,0,0.16615600883960724,"Interstate 95 /Th> /Tr> Td colspan=""2""> /Tr> /Tr> Td colspan=""2""> Route information /Th> /Tr> /T",,,,entailment,1,0.4769401252269745
921,cyndi lauper girl wanna have fun youtube,,False,I don't know,,,,contradiction,0,0.17901040613651276,"Girls Just Want to Have Fun '' /Th> /Tr> /Tr> Td colspan=""2""> /Tr> /Tr> /Tr> Th colspan=""2""",,,,entailment,1,0.7686073184013367
922,list three offices included in the executive office of the president,Office of Administration,True,I don't know,0.0,0.0,0.0,neutral,0,0.05140065774321556,The governor is de jure head of the state government.,0.0,0.15384615384615383,0.0,contradiction,0,0.037737637758255005
923,how many national parks are there in karnataka,five,True,I don't know,0.0,0.0,1.0,contradiction,0,0.0668327584862709,cultural backgrounds of a people group,0.0,0.0,1.0,neutral,0,0.3809570372104645
924,what is the 7th month of the jewish calendar,,False,I don't know,,,,contradiction,0,0.19675835967063904,In contemporary Judaism /Th> /Tr> /Tr> /Tr> /Tr> /Tr> /Tr> /Tr> /Tr> /T,,,,neutral,0,0.48665204644203186
925,when does how i met your mother take place,,False,I don't know,,,,neutral,0,0.2731808125972748,The Mother appearing in  The Locket '' /Td> /Tr> /Tr> Tr> Tr> Tr> Td> Td> Td> T,,,,neutral,0,0.1599029302597046
926,what movies has the song to build a home been in,,False,I don't know,,,,neutral,0,0.022417806088924408,/Tr> /Tr> /Tr> /Tr> /Tr> /Tr> /Tr> /Tr> /Tr> /Tr> /T,,,,neutral,0,0.012881020084023476
927,where was the french connection car chase filmed,"in Bensonhurst, Brooklyn roughly running under the BMT West End Line (currently the D train, then the B train) which runs on an elevated track above Stillwell Avenue, 86th Street and New Utrecht Avenue in Brooklyn, with the chase ending just north of the 62nd Street station.",True,I don't know,0.0,0.0,0.0,neutral,0,0.12743864953517914,The metric system is now known as the International System of Units ( ISU).,0.0,0.1,0.0,neutral,0,0.030077630653977394
928,what season does the airplane crash in grey's anatomy,,False,I don't know,,,,contradiction,0,0.2275265008211136,The thirteenth season of Grey's Anatomy /Td> /Tr> /Tr> Tr> Tr> Tr> Tr> Tr> Tr> Tr,,,,entailment,1,0.808323085308075
929,what is the main authority of data protection law in the uk,,False,Data Protection Act 1998,,,,entailment,1,0.5144641995429993,"Data Protection Act 1998 Tr> Td colspan=""2""> Act of Parliament /Td> /Tr> /Tr> Tr> Tr> Tr> Th> Long title ",,,,entailment,1,0.44156238436698914
930,what did the french fry say to the potato,,False,I don't know,,,,contradiction,0,0.1736447960138321,No. of episodes /Th>,,,,neutral,0,0.1731966733932495
931,what is the movie the secret garden about,,False,I don't know,,,,contradiction,0,0.047876566648483276,stages of capitalism.,,,,contradiction,0,0.028563058003783226
932,how much do you win on family feud,,False,I don't know,,,,entailment,1,0.34538838267326355,This article relies too much on references to primary sources.,,,,entailment,1,0.9791265726089478
933,which of the following indian groups was most closely related to the karankawas,,False,I don't know,,,,contradiction,0,0.2022504359483719,The average brain size is.,,,,neutral,0,0.1314990222454071
934,who is commentating hockey night in canada tonight,,False,NBC name.,,,,contradiction,0,0.18295909464359283,Saturday Night Live,,,,contradiction,0,0.10478217899799347
935,when do the new england patriots play in london,,False,I don't know,,,,neutral,0,0.2261991947889328,"/Th> /Th> /Tr> Tr> Td colspan=""2""> Table> /Tr> Th> Carolina Panthers ( NFC ) /Th> Th> New",,,,contradiction,0,0.3629058301448822
936,the translation of old norse alfheim in english,,False,I don't know,,,,neutral,0,0.058634575456380844,"The word kilt comes from the Scots word kilt meaning to tuck up the clothes around the body, although the 11th edition of the Encyclopdia Britannica contains the word kilt.",,,,neutral,0,0.0180574432015419
937,when does a series of unfortunate events come on netflix,,False,I don't know,,,,contradiction,0,0.2152332365512848,"A Series of Unfortunate Events /Th> /Tr> Tr> Td colspan=""2""> /Td> /Tr> Tr> Th> Genre /Th>",,,,entailment,1,0.4345124065876007
938,how thick is the steel on a water tower,,False,Russia,,,,neutral,0,0.021962516009807587,The water tower is a water tower that can supply water even during power outages.,,,,entailment,1,0.9821065664291382
939,what is the prefix for new in medical terminology,,False,I don't know,,,,neutral,0,0.0058492692187428474,The main discussion of these abbreviations in the context of drug prescriptions is at List of abbreviations used in medical prescriptions.,,,,neutral,0,0.04164411872625351
940,countries that have already qualified for russia 2018 world cup,,False,Brazil have been in the tournament,,,,contradiction,0,0.03391175717115402,France,,,,contradiction,0,0.16521766781806946
941,who plays henry's daughter in once upon a time,,False,I don't know,,,,contradiction,0,0.16214551031589508,"- October 6, 2017 -",,,,contradiction,0,0.13397076725959778
942,when do you get a criminal record uk,,False,I don't know,,,,neutral,0,0.1549299657344818,The song was first performed in Annie Get Your Gun by Ethel Merman and Ray Middleton.,,,,entailment,1,0.5958325862884521
943,what is significant about the canada act of 1982,,False,I don't know,,,,contradiction,0,0.14882627129554749,The Constitution Act of 1982 /Li> /Tr> /Tr> /Tr> /Tr> /Tr> /Tr> /Tr> /Tr> /Tr,,,,contradiction,0,0.07041647285223007
944,beauty and the beat victoria's secret fashion show,,False,I don't know,,,,neutral,0,0.05393851548433304,"The song was released on June 11, 2012.",,,,entailment,1,0.6642502546310425
945,how many sports are there in the 2018 commonwealth games,19 Commonwealth sports,True,I don't know,0.0,0.0,0.0,neutral,0,0.05503047630190849,The medals were ranked 5th /Th> Td> Dl> Dt> Gold /Dt> Dd> 15 /Dd> Dt> Silver.,0.0,0.0,0.0,neutral,0,0.0064170784316957
946,important cases decided by the permanent court of international justice,,False,I don't know,,,,neutral,0,0.013151890598237514,The Supreme Court of the Netherlands.,,,,neutral,0,0.08191201090812683
947,queer eye for the straight guy catch phrase,American reality television series,True,I don't know,0.0,0.0,0.0,contradiction,0,0.05712293088436127,Superman,0.0,0.0,0.0,contradiction,0,0.12485617399215698
948,beethoven sonata for cello and piano in a major,,False,I don't know,,,,neutral,0,0.019849464297294617,"The album was released on March 16, 1978.",,,,contradiction,0,0.010516827926039696
949,catching a foul ball at a baseball game,,False,I don't know,,,,contradiction,0,0.09390266984701157,/Li> Li> P>,,,,contradiction,0,0.09112278372049332
950,why is the wet adiabatic lapse rate less than the dry adiabatic lapse rate,,False,I don't know,,,,neutral,0,0.22069814801216125,astronomers use to locate celestial objects,,,,neutral,0,0.131537526845932
951,who played the twins in everybody loves raymond,,False,I don't know,,,,contradiction,0,0.05187377706170082,The song Everybody Loves Raymond was written by Philip Rosenthal and was written by Ray Romano and Patricia Heaton.,,,,entailment,1,0.6228483319282532
952,who won britain's got talent 2012 winner,Ashleigh and Pudsey,True,I don't know,0.0,0.0,1.0,contradiction,0,0.2449512779712677,The Next Mentalist /Li> /Li> /Li> /Li> /Li> /Li> /Li> /Li> /Li> /Li>,0.0,0.0,1.0,contradiction,0,0.09330838173627853
953,what three offices made up virginia's representative government,lieutenant governor and attorney general,True,I don't know,0.0,0.0,0.0,contradiction,0,0.16142629086971283,"The FCO closed its diplomatic missions in Nassau ( in the Bahamas ), Asunción ( Paraguay ), Dili ( East Timor ), Maseru ( Lesotho ), Mbabane ( Swaziland )",0.0,0.0,0.0,neutral,0,0.009231108240783215
954,who wins in the movie batman versus superman,,False,Disney's 'The Incredibles' starring in the top ten.,,,,contradiction,0,0.018139846622943878,Disney.,,,,neutral,0,0.0452592670917511
955,who sings hey now hey now the dream is over,,False,I don't know,,,,contradiction,0,0.23713329434394836,"The album was released on August 27, 1979.",,,,entailment,1,0.9299055337905884
956,if you get subbed out in soccer can you come back in,,False,I don't know,,,,neutral,0,0.24519261717796326,"The album Come Back When You Grow Up was released on June 9, 1967.",,,,entailment,1,0.971416175365448
957,who plays the evil queen on once upon a time,Lana Maria Parrilla,True,I don't know,0.0,0.0,0.0,contradiction,0,0.17431843280792236,"The information contained in this article is based on the Wikipedia article ""Snow White and the Seven Dwarfs"".",0.0,0.0,0.0,neutral,0,0.14797848463058472
958,plot of the flying machine by ray bradbury,,False,I don't know,,,,neutral,0,0.12137023359537125,It is common for the phrase to be taken literally.,,,,neutral,0,0.027932176366448402
959,notes on a doll's house henrik ibsen,,False,I don't know,,,,contradiction,0,0.2786000669002533,"The original manuscript cover page, 1879 /Tr> /Tr> Tr> Th> was written by /Th> Td> Henrik Ibsen /Tr> /Tr> ",,,,entailment,1,0.7834069728851318
960,who won the nascar race in north carolina,,False,I don't know,,,,neutral,0,0.16058754920959473,"The record was tied at the 2011 Aaron's 499 at the Talladega Superspeedway, when Jimmie Johnson was victorious over Clint Bowyer in a four - wide finish.",,,,entailment,1,0.7944779396057129
961,sawai man singh medical college and controller associated hospital,,False,I don't know,,,,contradiction,0,0.13516539335250854,Miss Bombay 1966 ( Winner ) Eve's Weekly Miss India 1966 ( Winner ) Miss World 1966 ( Winner ) Best in Eveningwear /Td> /Tr> /Tr> /Tr> /Tr> ,,,,contradiction,0,0.041505116969347
962,what children's book was set in camp green lake texas,Holes,True,Mexico,0.0,0.0,0.0,neutral,0,0.39388900995254517,United States.,0.0,0.0,0.0,entailment,1,0.7184688448905945
963,when did college football go to 15 minute quarters,,False,I don't know,,,,neutral,0,0.08452130854129791,The Supremes.,,,,neutral,0,0.10402000695466995
964,where was the first battle of the mexican american war fought,,False,I don't know,,,,neutral,0,0.02862253412604332,"The battles of the Mexican -- American War include all major engagements and most reported skirmishes, including Thornton's Defeat, the Battle of Palo Alto, and the Battle of Resaca de la Palma, which took place prior to the",,,,neutral,0,0.020616238936781883
965,a national delicacy this sauce is found on most tables in south america,,False,I don't know,,,,neutral,0,0.01575770042836666,The number of championships won by NBA superstar is not specified.,,,,neutral,0,0.05027765780687332
966,when was the united states holocaust memorial museum built,,False,United States Holocaust Memorial Museum,,,,entailment,1,0.4547272324562073,"The United States Holocaust Memorial Museum is located in Washington, D.C. and is located at 100 Raoul Wallenberg Place, SW Washington, D.C. The museum was established on April 22, 1993 and is located at 100 Raoul Wallenberg Place, SW Washington, D.",,,,entailment,1,0.9156322479248047
967,the first hit record for motown from 1959 was,,False,I don't know,,,,contradiction,0,0.10634185373783112,Malayalam newspaper is the oldest in circulation.,,,,neutral,0,0.037238676100969315
968,who sings the song hey ho let's go,Ramones,True,I don't know,0.0,0.0,0.0,neutral,0,0.2406691014766693,"James Bay /Th> /Tr> Tr> Td colspan=""2""> /Tr> Tr> Th colspan=""2""> Single by James Bay /Th> /Tr",0.0,0.0,0.0,entailment,1,0.7534725666046143
969,where does the last name javier come from,,False,I don't know,,,,contradiction,0,0.14399245381355286,Jacob.,,,,contradiction,0,0.1759401112794876
970,when was harry potter first published in the us,1 September 1998,True,I don't know,0.0,0.0,1.0,contradiction,0,0.15597283840179443,The Half - Blood Prince ( 2005 ) /Li> Li> Li> Li> The Half - Blood Prince ( 2005 ) /Li> Li> Li> The Deathly Hallows (,0.0,0.0,1.0,entailment,1,0.6971117854118347
971,causes of soviet invasion of hungary in 1956,,False,I don't know,,,,contradiction,0,0.15200331807136536,The Soviet Union was a Soviet Socialist Republic during the Soviet era.,,,,entailment,1,0.9621918797492981
972,why is the blue mountains called the blue mountains,,False,I don't know,,,,contradiction,0,0.20559009909629822,"The Three Sisters sandstone rock formation is located in the Blue Mountains, New South Wales, Australia.",,,,entailment,1,0.8798746466636658
973,when was oman given the official name sultanate of oman,9 August 1970,True,I don't know,0.0,0.0,1.0,neutral,0,0.1322280317544937,Oman /Tr> /Tr> /Tr> /Tr> /Tr> /Tr> /Tr> /Tr> /Tr> /Tr> ,0.0,0.0,1.0,entailment,1,0.4543343186378479
974,nothing gonna stop us now chinese version,,False,I don't know,,,,contradiction,0,0.22160404920578003,"Starship /Th> /Th> /Tr> Td colspan=""2""> /Tr> /Tr> /Tr> Th colspan=""2""> Single by Starship /",,,,entailment,1,0.5304334163665771
975,where will game 2 of the world series be played,,False,I don't know,,,,contradiction,0,0.07080096006393433,"The first two major league perfect games, and the only two of the premodern era, were thrown in 1880, five days apart.",,,,entailment,1,0.7771870493888855
976,who sang backing vocals on you're so vain,Mick Jagger,True,I don't know,0.0,0.0,0.0,neutral,0,0.22524821758270264,"Carly Simon /Th> /Th> Tr> Th colspan=""2""> /Th> /Tr> Tr> Th colspan=""2""> Single by Carly Simon /Th>",0.0,0.0,0.0,entailment,1,0.7482877969741821
977,what episode did jim die on ghost whisperer,"""Imaginary Friends and Enemies""",True,I don't know,0.0,0.0,0.0,neutral,0,0.2439146786928177,"Ghost Whisperer season 4 /Th> /Th> /Tr> Tr> Td colspan=""2""> DVD cover /Th> /Tr> /Tr> Tr> ",0.0,0.0,0.0,entailment,1,0.7236511707305908
978,where did virtually all deep focus earthquakes (in the whole world) occur in last 15 years,,False,volcanic belts and plate movements,,,,entailment,1,0.7876158356666565,The Ring of Fire is a major area in the basin of the Pacific Ocean where many earthquakes and volcanic eruptions occur.,,,,entailment,1,0.7063478827476501
979,who plays becky on the us cellular commercial,Darien Sills-Evans,True,luck,0.0,0.0,0.0,neutral,0,0.1692505031824112,The family's lifestyle exceeds its income.,0.0,0.0,0.0,neutral,0,0.22265087068080902
980,which city in florida is closest to georgia,,False,Florida Panhandle,,,,entailment,1,0.6857342720031738,Florida Panhandle.,,,,entailment,1,0.7950736284255981
981,what was the time period of indus civilisation,,False,Romantic,,,,neutral,0,0.22442443668842316,"Romanticism was characterized by its emphasis on emotion and individualism as well as glorification of all the past and nature, preferring the medieval rather than the classical",,,,neutral,0,0.02147776260972023
982,what does shaggy from scooby doo look like now,,False,I don't know,,,,neutral,0,0.15128126740455627,The format of the cassette is /Th> Td> Ul> Li> 7 '' /Th> Li> 12 '' /Th> cassette /Th> Li>,,,,contradiction,0,0.09913291037082672
983,when does the show awkward come back on,,False,I don't know,,,,neutral,0,0.24250832200050354,"The album Come Back When You Grow Up was released on June 9, 1967.",,,,neutral,0,0.02797558158636093
984,what was the final medal standings at the olympics,,False,I don't know,,,,neutral,0,0.06506676226854324,The final version of the constitution was voted on and sent to the states.,,,,neutral,0,0.004847498144954443
985,who is the first living indian to feature on the postage stamp,,False,I don't know,,,,contradiction,0,0.15668171644210815,The United States issued its first postage stamps in 1847.,,,,contradiction,0,0.0028856052085757256
986,where do the tomatoes for la tomatina come from,,False,I don't know,,,,contradiction,0,0.13180968165397644,The Atomic Energy Commission (AECC) has issued a statement stating that the following events occurred in August:,,,,neutral,0,0.11282431334257126
987,where does battle of the gods fit in,during the time skip in chapter 517 of the original manga,True,Dragon Ball Z - Battle of Gods.,0.0,0.11764705882352942,0.0,neutral,0,0.38709867000579834,"Dragon Ball Z, a fictional character, of the events of the previous series.",0.0,0.24999999999999994,0.0,entailment,1,0.6188648343086243
988,who plays jack abbott's mother on the young and the restless,,False,I don't know,,,,neutral,0,0.3235419988632202,"The Young and the Restless /Th> /Th> /Tr> Tr> Th colspan=""2""> Kyle Abbott /Th> /Tr> Tr> Tr> Th col",,,,entailment,1,0.5785233974456787
989,how long does it take carbon to turn into a diamond,,False,I don't know,,,,contradiction,0,0.08142652362585068,cite,,,,neutral,0,0.21711987257003784
990,what is an example of a natural climate record/proxy,ice cores,True,I don't know,0.0,0.0,1.0,neutral,0,0.16636139154434204,The biomass of organisms in situ is regarded as the total wett,0.0,0.0,1.0,neutral,0,0.07848114520311356
991,where does the book of daniel take place,Babylon,True,I don't know,0.0,0.0,0.0,contradiction,0,0.04510331153869629,World Cup Finals.,0.0,0.0,0.0,contradiction,0,0.04926392808556557
992,what is in the tower bridge of london,,False,I don't know,,,,contradiction,0,0.18604226410388947,The Shard London Bridge is the tallest building in London.,,,,entailment,1,0.9720244407653809
993,what best describes representation within the united states national political structure today,,False,I don't know,,,,neutral,0,0.24628758430480957,a formal definition of a database schema.,,,,neutral,0,0.3360132575035095
994,who starred in back to the future 2,,False,Treaty of Amity and Commerce was concluded.,,,,neutral,0,0.08009449392557144,Treaty of Amity and Commerce.,,,,neutral,0,0.012722257524728775
995,how many seasons total of game of thrones,,False,I don't know,,,,neutral,0,0.2829139530658722,"The first season of the series was released on July 16 ( 2017 - 07 - 16 ) -- August 27, 2017 ( 2017 - 08 - 27 ) /Td> /Tr> /Tr> /Tr> /",,,,contradiction,0,0.1479889154434204
996,how old do you have to be to get an abortion without parental consent uk,,False,I don't know,,,,neutral,0,0.21404002606868744,The song was released in 1956 in My Fair Lady.,,,,entailment,1,0.9753574728965759
997,who plays victoria in young and the restless,Amelia Heinle Luckinbill,True,I don't know,0.0,0.0,0.0,contradiction,0,0.053848907351493835,"The Victoria's Secret Fashion Show is an annual fashion show sponsored by Victoria's Secret, a brand of lingerie and sleepwear.",0.0,0.0,0.0,neutral,0,0.24316129088401794
998,i can hear your voice in the wind,,False,I don't know,,,,contradiction,0,0.1363922655582428,"I Can Hear Your Voice /Th> /Th> /Tr> Tr> Td colspan=""2""> I Can Hear Your Voice /Th> /Tr> Tr> Td",,,,contradiction,0,0.28419050574302673
999,where did the name eggs benedict come from,,False,armed weapon,,,,neutral,0,0.19857104122638702,armed with weapons is constitutionally permissible.,,,,neutral,0,0.13982990384101868
1000,what do we with a drunken sailor lyrics,,False,I don't know,,,,neutral,0,0.16052305698394775,Lionel Richie /Tr> /Tr> /Tr> /Tr> /Tr> /Tr> /Tr> /Tr> /Tr> /T,,,,neutral,0,0.11418987810611725
1001,who won the cfp national championship last year,Alabama,True,I don't know,0.0,0.0,0.0,contradiction,0,0.00811703409999609,"The 1949 -- 50 CCNY team won both tournaments ( defeating Bradley in both finals ), and is the only college basketball team",0.0,0.0,0.0,contradiction,0,0.006118621211498976
1002,what triggered the growth of cities in west africa,,False,I don't know,,,,neutral,0,0.01419160608202219,"The Florida Panhandle is an informal, unofficial term for the northwestern part of the U.S. state of Florida, lying between Alabama on the north and the west, Georgia also on the north, and the Gulf of Mexico to the south.",,,,neutral,0,0.1537017673254013
1003,how many tenses are in the english language,,False,22 officially recognized languages in India is not specified,,,,contradiction,0,0.02694413997232914,States within India has the liberty and powers to specify their own official language ( s ) through legislation and therefore there are 22 officially recognized languages in India of which Hindi is the most used.,,,,neutral,0,0.0637737512588501
1004,where was last song filmed on tybee island,on the island's beach and pier,True,I don't know,0.0,0.0,0.0,neutral,0,0.18899957835674286,He died in 1917,0.0,0.0,0.0,entailment,1,0.8794578909873962
1005,what does lcm scm scy mean in swimming,,False,I don't know,,,,neutral,0,0.08205582201480865,"The sentence ""Short course yards is generally abbreviated as  SCY '' to differentiate it from short course meters ( SCM ) "".",,,,entailment,1,0.9796621799468994
1006,how do forces in the earth cause earthquakes,,False,I don't know,,,,neutral,0,0.12182510644197464,"The Earth was discovered to have a solid inner core distinct from its liquid outer core in 1936, by the Danish seismologist Inge Lehmann, who deduced its presence by studying seismograms from earthquakes in New Zealand.",,,,neutral,0,0.004905061796307564
1007,what is the meaning of the song leather and lace,,False,I don't know,,,,neutral,0,0.24651846289634705,"Leather and Lace '' /Th> /Tr> Tr> Td colspan=""2""> /Tr> /Tr> Tr> Th colspan=""2""> Single by Ste",,,,entailment,1,0.5466011762619019
1008,who led the brewers in home runs in 1982,Gorman Thomas,True,I don't know,0.0,0.0,0.0,neutral,0,0.050799522548913956,The Founding Fathers were descendants of immigrants settled in the Thirteen Colonies.,0.0,0.0,0.0,neutral,0,0.2128356546163559
1009,how many democratic presidents has the united states had,,False,I don't know,,,,contradiction,0,0.11653996258974075,Canada,,,,neutral,0,0.30065086483955383
1010,who won season 3 rupaul's drag race all stars,Trixie Mattel,True,I don't know,0.0,0.0,1.0,contradiction,0,0.25265130400657654,"/Th> /Tr> Th colspan=""2""> RuPaul's Drag Race /Th> /Tr> Tr> Th colspan=""2""> RuPaul's Drag Race /",0.0,0.0,1.0,entailment,1,0.3927552103996277
1011,who is the white guy in who dat boy,,False,I don't know,,,,contradiction,0,0.1794918179512024,"/Th> /Tr> /Tr> /Tr> /Tr> Th colspan=""2""> /Tr> /Tr> Th colspan=""2""> Single by Tyler",,,,entailment,1,0.36002182960510254
1012,how far is the horsehead nebula from earth,approximately 1500 light years,True,I don't know,0.0,0.0,0.0,neutral,0,0.15518738329410553,The nebula is located in the center of the Horsehead Nebula.,0.0,0.0,0.0,entailment,1,0.4441681206226349
1013,who wrote the song there is a river,,False,I don't know,,,,neutral,0,0.09570140391588211,The second opening theme song for episodes 77 to 131 is  Limit - Break x.,,,,neutral,0,0.07309895008802414
1014,who was the song i'll be missing you about,"Christopher ""The Notorious B.I.G."" Wallace",True,I don't know,0.0,0.0,0.0,neutral,0,0.33796682953834534,"The single was released on May 27, 1997 /Tr> /Tr> Tr> Th> Th>  We 'll Always Love Big Poppa '' /Li> Li> C",0.0,0.14814814814814814,0.0,entailment,1,0.9071794152259827
1015,when does the criminal law punish a failure to act,,False,I don't know,,,,contradiction,0,0.17051538825035095,The United States of America /Th> /Th> /Th> /Th> /Th> /Th> /Th> /Th> /Th> /Th> /Th> /Th,,,,entailment,1,0.7771443724632263
1016,the secret life of the american teenager season 1 recap,,False,I don't know,,,,contradiction,0,0.36245959997177124,"The Secret Life of the American Teenager ( season 3 ) /Th> /Tr> Tr> Th colspan=""2""> The Secret Life of the American Teenager ( season 1 ) /Th> /Tr> ",,,,entailment,1,0.6467725038528442
1017,a credit card is an example of which type of credit,,False,I don't know,,,,contradiction,0,0.2415660172700882,/Tr> /Tr> /Tr> /Tr> /Tr> /Tr> /Tr> /Tr> /Tr> /Tr> /T,,,,contradiction,0,0.3591731786727905
1018,3 types of seismic waves and its meaning,,False,I don't know,,,,contradiction,0,0.14952456951141357,"The Earth was discovered to have a solid inner core distinct from its liquid outer core in 1936, by the Danish seismologist Inge Lehmann, who deduced its presence by studying seismograms from earthquakes in New Zealand.",,,,entailment,1,0.9854903221130371
1019,who played sunshine in the movie harlem nights,Rochon,True,I don't know,0.0,0.0,0.0,contradiction,0,0.04013609513640404,"/P> Ol> Li> have played at least one Serie A game for the respective club ( seasons in which and teams for, a player, did not collected any caps in Serie A, have NOT to be listed ).",0.0,0.0,0.0,contradiction,0,0.01578640565276146
1020,who wrote most of the songs for queen,,False,I don't know,,,,neutral,0,0.00465416070073843,I was a Dutch - American villager in colonial America,,,,neutral,0,0.004657140467315912
1021,what age do you have to be to work in a supermarket,,False,I don't know,,,,entailment,1,0.5819063186645508,The time.,,,,entailment,1,0.7542213201522827
1022,where do the chicago white sox play spring training,Camelback Ranch–Glendale,True,I don't know,0.0,0.0,0.0,neutral,0,0.0568229965865612,"10712 W. Camelback Road Phoenix, AZ 85037 /Td> /Tr> Th> /Th> Tr> Th> Tr> Th> 33 ° 30 ′ 51 ",0.0,0.09999999999999999,0.0,neutral,0,0.3093179762363434
1023,what do you do at a hindu temple,,False,I don't know,,,,neutral,0,0.23910945653915405,"The single was released on January 9, 1995.",,,,entailment,1,0.9455500245094299
1024,when did china and japan go to war,,False,I don't know,,,,contradiction,0,0.15955780446529388,"The Supremes /Th> /Th> Tr> Th colspan=""2""> /Tr> Tr> Td colspan=""2""> /Tr> /Tr> ",,,,contradiction,0,0.37745702266693115
1025,which of these works from the italian renaissance exhibits contrapposto,,False,I don't know,,,,contradiction,0,0.036945413798093796,The influence of Latin in English is primarily lexical.,,,,contradiction,0,0.023916279897093773
1026,who won the first ever football world cup match,,False,World Cup,,,,contradiction,0,0.052968136966228485,"The tournament has been awarded every four years since the first tournament in 1930, except in 1942 and 1946, due to World War II.",,,,contradiction,0,0.2732493579387665
1027,what are the dates for the 2018 winter olympics,,False,I don't know,,,,contradiction,0,0.1719510853290558,The 2010 and 2018 Winter Olympics were held on 8 -- 23 February 2014.,,,,neutral,0,0.025302540510892868
1028,where did industrial capitalism originate and what advantages did this location have,,False,I don't know,,,,contradiction,0,0.2620038390159607,The length of the single is a bit longer than the length of the album.,,,,neutral,0,0.24566248059272766
1029,when does star wars last jedi come out in australia,,False,I don't know,,,,contradiction,0,0.1674899458885193,"/Th> /Th> Tr> Th colspan=""2""> Star Wars character /Td> /Tr> /Tr> Tr> Td colspan=""2""> Star Wars",,,,entailment,1,0.49648189544677734
1030,what is the difference between duplex and doppler ultrasound,,False,I don't know,,,,neutral,0,0.13844533264636993,atomic weight.,,,,neutral,0,0.22249111533164978
1031,where does the last name haugen come from,the old Norse word haugr,True,I don't know,0.0,0.0,1.0,contradiction,0,0.07594943791627884,Haugen.,0.0,0.0,1.0,entailment,1,0.4842846989631653
1032,the netherlands in europe is more than 60 percent near or below sea level,,False,insolvent,,,,neutral,0,0.06593698263168335,insolvent,,,,neutral,0,0.06593698263168335
1033,national film award for best non feature film music direction,,False,I don't know,,,,contradiction,0,0.16764132678508759,1993 to early 2000s.,,,,neutral,0,0.2560552656650543
1034,is the civic holiday in august a statutory holiday,,False,substitute holiday is given,,,,entailment,1,0.844690203666687,is given on the following day.,,,,entailment,1,0.41836661100387573
1035,do you have to show id in oklahoma,,False,I don't know,,,,entailment,1,0.5819063186645508,The time.,,,,entailment,1,0.7542213201522827
1036,when does i caught myself play in twilight,,False,I don't know,,,,neutral,0,0.17910151183605194,The episode no. /Th> Td> Tr> Tr> Th> Episode no. /Th> Td> Season 2 Episode 27 /Td> /Tr> /Tr,,,,entailment,1,0.5235204100608826
1037,when can we use a subjective standard when measuring whether a defendant’s actions are offensive,,False,I don't know,,,,neutral,0,0.10570648312568665,"Wikipedia does not have a notability guideline for geographic features, it is not relevant to this article.",,,,contradiction,0,0.015230759046971798
1038,when was the last time north korea fired a missile,September 15,True,I don't know,0.0,0.0,0.0,contradiction,0,0.20242032408714294,North Korea crisis,0.0,0.0,0.0,entailment,1,0.646675705909729
1039,youtube future sound of london papua new guinea,,False,I don't know,,,,neutral,0,0.2051575928926468,/Th> /Th> /Tr> /Tr> /Tr> /Tr> /Tr> /Th> /Th> /Th> /Th> /Th,,,,entailment,1,0.46627384424209595
1040,where is the tv show castle rock filmed,,False,Blue Mountain State are aired on Spike.,,,,contradiction,0,0.020312564447522163,episodes are from the Disney Channel Original Series Phineas and Ferb.,,,,entailment,1,0.49962133169174194
1041,who played professor wilder on dawson's creek,"Kenneth Joseph ""Ken"" Marino",True,I don't know,0.0,0.0,0.0,contradiction,0,0.04330996796488762,"The show was a Western drama about a family living on a farm in Walnut Grove, Minnesota from the 1870s to the 1890s.",0.0,0.0,0.0,entailment,1,0.9783706665039062
1042,information about the musical instrument called jaltarang and how the different notes are produced,,False,I don't know,,,,neutral,0,0.1386418342590332,be a sign of social inhibition.,,,,neutral,0,0.13830487430095673
1043,who sang can't get enough of your love baby,Barry White,True,I don't know,0.0,0.0,1.0,neutral,0,0.265269935131073,"The single by Barry White was released on July 25, 1974 /Tr> /Tr> /Tr> Tr> Tr> Th colspan=""2""> /Tr> /Tr> ",0.0,0.18181818181818182,1.0,entailment,1,0.9624913930892944
1044,who is nana saheb in bajirao mastani movie,Ayush Tandon,True,Irrfan Khan,0.0,0.0,0.0,neutral,0,0.18750639259815216,/Th> Td> Td> Td> Td> Td> Td> Td> Td> Td> Td> Td> Td,0.0,0.0,0.0,contradiction,0,0.1836296021938324
1045,what is the color of hyperlink in html,blue,True,I don't know,0.0,0.0,0.0,neutral,0,0.015814369544386864,"A practical demonstration of mechanically - scanned color television was given by John Logie Baird in 1928, but the limitations of a mechanical system were apparent even then.",0.0,0.0,0.0,neutral,0,0.0026863350067287683
1046,what is the control unit function in the cpu,"tells the computer's memory, arithmetic/logic unit and input and output devices how to respond to the instructions that have been sent to the processor",True,cubic,0.0,0.0,0.0,neutral,0,0.1050586923956871,The control unit is a component of a computer's central processing unit ( CPU ) that directs the operation of the processor.,0.0,0.31818181818181823,0.0,entailment,1,0.7486789226531982
1047,who sings i got a new girl now,,False,I don't know,,,,neutral,0,0.15592969954013824,"I'm the One Mama Warned You About '' /Th> /Tr> Tr> Th colspan=""2""> Single by Mickey Gilley /Th> /Tr> Th> ",,,,entailment,1,0.6775557994842529
1048,who is the managing director of hdfc bank,Aditya Puri,True,I don't know,0.0,0.0,1.0,neutral,0,0.037756700068712234,The failure of a bank is generally considered to be of more importance than the failure of other types of business firms because of the interconnectedness and fragility of banking institutions.,0.0,0.0,1.0,neutral,0,0.001136922393925488
1049,short story ray bradbury all summer in a day,,False,I don't know,,,,neutral,0,0.14329703152179718,Toy Story 3 ).,,,,neutral,0,0.09672223776578903
1050,how old do you have to be to run for the president of the united states,thirty-five Years,True,United States,0.0,0.0,0.0,entailment,1,0.5698538422584534,United States Electoral College.,0.0,0.0,0.0,neutral,0,0.09670059382915497
1051,what is the jelly stuff in vienna sausages,,False,English,,,,neutral,0,0.13496199250221252,"The core of English language descends from Old English, the language brought with the Angles, Saxon, and Jutish settlers to what was to be called England in and after the 500s.",,,,neutral,0,0.36225804686546326
1052,haydn string quartet in g major op 76 no 1,,False,I don't know,,,,entailment,1,0.42814239859580994,The six String Quartets are the last complete set of string quartets that Haydn composed.,,,,contradiction,0,0.3935129940509796
1053,when did israel adopt the star of david,"October 28, 1948",True,I don't know,0.0,0.0,0.0,contradiction,0,0.0040886858478188515,a fungus that grows in the form of multicellular filaments called hyphae.,0.0,0.0,0.0,contradiction,0,0.0022886255756020546
1054,how many episodes does barney wear the ducky tie,,False,I don't know,,,,contradiction,0,0.15285886824131012,"The  little black dress '' is considered essential to a complete wardrobe by many women and fashion observers, who believe it a  rule of fashion '' that every woman should own a simple, elegant black dress that can be dressed up or down depending on the occasion :",,,,neutral,0,0.16264472901821136
1055,who did france give the statue of liberty to first,,False,I don't know,,,,contradiction,0,0.21084852516651154,"The Statue of Liberty was a bronze statue of Liberty, which was erected in 1886 on Liberty Island, Manhattan, New York City, New York, U.S..",,,,neutral,0,0.03619862720370293
1056,the idea that the moons development began when a large object collided with earth is called the,"The giant-impact hypothesis, sometimes called the Big Splash, or the Theia Impact",True,I don't know,0.0,0.0,0.0,contradiction,0,0.01817401498556137,"The minimum escape velocity assumes that there is no friction ( e.g., atmospheric drag ), which would increase the required instantaneous velocity to escape the gravitational influence, which would increase the required instantaneous velocity to escape the gravitational influence.",0.0,0.12244897959183675,0.0,neutral,0,0.010595791041851044
1057,who played toby in the first episode of pll,,False,I don't know,,,,neutral,0,0.12175486236810684,"The first season of the anime series was confirmed on September 27, 2015, to air in January 13.",,,,contradiction,0,0.005277312360703945
1058,does trump tower in las vegas have a casino,,False,I don't know,,,,contradiction,0,0.28263911604881287,The Trump International Hotel Las Vegas was completed in January 2017.,,,,entailment,1,0.7169783711433411
1059,where are the ascii characters found in the utf-8 code points,The first 128 characters,True,I don't know,0.0,0.0,0.0,contradiction,0,0.12521962821483612,a site of oxidative phosphorylation through the use of ATP synthase.,0.0,0.13333333333333333,0.0,neutral,0,0.30748358368873596
1060,when was the last time a category 4 hurricane hit nc,,False,I don't know,,,,contradiction,0,0.011488293297588825,"Hurricane Camille was a Category 5 hurricane that formed on August 14, 1969.",,,,neutral,0,0.03927110135555267
1061,who won an oscar for best supporting actress,,False,I don't know,,,,neutral,0,0.242040753364563,The 2018 recipient : Allison Janney,,,,entailment,1,0.7262012958526611
1062,who was the founder of pre fabricated housing districts,,False,I don't know,,,,neutral,0,0.05327168479561806,The camp Straumf may be located on the island of Newfoundland.,,,,neutral,0,0.080226369202137
1063,who made thor's hammer for the movie,,False,I don't know,,,,entailment,1,0.3910231292247772,"The poem was written by Jonathan Swift, who was most famous for his book Gulliver's Travels.",,,,contradiction,0,0.14334706962108612
1064,where can you not carry a concealed weapon in michigan,,False,I don't know,,,,neutral,0,0.2420383095741272,/Td> Td> Td> /Td> /Td> /Td> /Td> /Td> /Td> /Td> /Td>,,,,entailment,1,0.5473923087120056
1065,when is mockingjay part 2 going to be on tv,,False,I don't know,,,,neutral,0,0.006811890285462141,The Hunger Games : Mockingjay -- Part 2 /Th> /Th> /Th> /Th> /Th> /Th> /Th> /Th> /Th> /Th> ,,,,neutral,0,0.007154052145779133
1066,which of the following increases the political independence of the federal reserve,,False,Soviet Union,,,,contradiction,0,0.025760965421795845,Soviet Union.,,,,contradiction,0,0.013370638713240623
1067,common characteristics of philippine folktales and japanese folktales,,False,I don't know,,,,contradiction,0,0.12912285327911377,The Constitution prohibits discrimination in the private sector.,,,,contradiction,0,0.09609013050794601
1068,who won a tony emmy oscar and grammy,,False,I don't know,,,,neutral,0,0.007178140338510275,The Boston Celtics center Bill Russell holds the record for the most NBA championships won with 11 titles during his 13 - year playing career.,,,,neutral,0,0.006288948003202677
1069,is an encoding for english alphanumeric characters as 7-bit numbers,ASCII,True,I don't know,0.0,0.0,0.0,neutral,0,0.29484888911247253,The Twelve Spies.,0.0,0.0,0.0,neutral,0,0.12755213677883148
1070,which filibuster army captured nacogdoches goliad and san antonio before being defeated,,False,I don't know,,,,neutral,0,0.18158525228500366,Battle of Gonzales ( 1835 ) /Li> Li> Li> Li> Li> Li> Li> Li> Li> Li> Li,,,,neutral,0,0.12360925227403641
1071,who played lucky on king of the hill,Tom Petty,True,I don't know,0.0,0.0,0.0,neutral,0,0.09319506585597992,The Dumping Ground.,0.0,0.0,0.0,contradiction,0,0.06032736599445343
1072,i never cried when old yeller died at least not in front of my friends,,False,World,,,,neutral,0,0.2578224837779999,The sentence is true because George Johnson died in 1917.,,,,contradiction,0,0.04035206511616707
1073,where does you can do it come from,,False,I don't know,,,,neutral,0,0.2916148900985718,The song was first performed in Annie Get Your Gun by Ethel Merman and Ray Middleton.,,,,entailment,1,0.7020638585090637
1074,when did they start the draft for the vietnam war,"December 1, 1969",True,I don't know,0.0,0.0,0.0,neutral,0,0.1451542228460312,The main result of the war was two centuries of peace between the United States and Britain.,0.0,0.0,0.0,neutral,0,0.0032539095263928175
1075,speech on independence day of pakistan in english pdf,,False,I don't know,,,,neutral,0,0.08935780078172684,"/Tr> Th colspan=""2""> Independence Day of Pakistan /Th> /Tr> Tr> Td colspan=""2""> The flag of Pakistan hoisted at the mount of the Pakistan Monument in Islama",,,,entailment,1,0.7521724700927734
1076,the fibrous capsule of a synovial joint is composed of,,False,I don't know,,,,neutral,0,0.11758679151535034,Concurrence of both houses.,,,,neutral,0,0.13609015941619873
1077,who plays the mother in a monster calls,Felicity Jones,True,I don't know,0.0,0.0,0.0,contradiction,0,0.036743730306625366,"The sentence ""A Monster Calls /Th> /Th> /Tr> P> The final act of the Anglo - Saxon poem Beowulf is about the hero Beowulf's fight with a dragon, the third",0.0,0.0,0.0,entailment,1,0.7949280738830566
1078,when does the 16 days of activism campaign start,25 November,True,I don't know,0.0,0.0,1.0,contradiction,0,0.18661430478096008,The process of fermentation in winemaking turns grape juice into an alcoholic beverage.,0.0,0.0,1.0,entailment,1,0.49263039231300354
1079,when did bud lose his leg in jag,2002,True,give his or her name,0.0,0.0,0.0,entailment,1,0.5642926096916199,Fourth Amendment prohibition on unreasonable searches and seizures.,0.0,0.0,0.0,entailment,1,0.7362825870513916
1080,who does mary camden marry in 7th heaven,Carlos Rivera,True,I don't know,0.0,0.0,0.0,contradiction,0,0.17347092926502228,The characters in the list are:,0.0,0.0,0.0,entailment,1,0.491567999124527
1081,list the phonetic environments for all oral stop consonants,,False,I don't know,,,,neutral,0,0.15957790613174438,"cite a driver for a cell phone use violation if the driver has committed another primary violation ( such as speeding, failure to stop, etc. ) at the same time.",,,,entailment,1,0.8061767816543579
1082,what does bruno mars look like in 2018,,False,I don't know,,,,contradiction,0,0.2347114384174347,"The show featured performances by Rihanna, Bruno Mars and Justin Bieber.",,,,entailment,1,0.9694615006446838
1083,who wrote the music for dances with wolves,John Barry Prendergast,True,I don't know,0.0,0.0,0.0,neutral,0,0.3086495101451874,Snow,0.0,0.0,0.0,neutral,0,0.31050044298171997
1084,who did the donkey talk to in the bible,Balaam,True,I don't know,0.0,0.0,0.0,neutral,0,0.23555000126361847,manna is a bdellium seed.,0.0,0.0,0.0,neutral,0,0.02364298328757286
1085,what movie has the song here comes the sun,Sgt. Pepper's Lonely Hearts Club Band,True,I don't know,0.0,0.0,0.0,neutral,0,0.007355735637247562,"The genre of song is first, followed by any other singers and the music director or lyricist, then Album name and Year released.",0.0,0.0,0.0,neutral,0,0.019145844504237175
1086,what is the name of wonder womans sword,,False,I don't know,,,,neutral,0,0.10685080289840698,The author of Excalibur the Sword is Howard.,,,,neutral,0,0.06303560733795166
1087,briefly describe the content or focus of the vedas,,False,Coriolis force and centrifugal force,,,,neutral,0,0.003661622293293476,Coriolis force and centrifugal force are the same force.,,,,neutral,0,0.00557998800650239
1088,i'm working my way back to you babe four seasons,,False,I don't know,,,,neutral,0,0.19474489986896515,"Working My Way Back to You /Th> /Th> /Tr> Tr> Tr> Th colspan=""2""> /Tr> /Tr> Th colspan=""2"">",,,,entailment,1,0.6808342337608337
1089,when did the song colt 45 come out,"September 6, 2001",True,I don't know,0.0,0.0,0.0,neutral,0,0.12339285761117935,"The first two pitchers to accomplish the feat did so in 1880, under rules that differed in many important respects from those of today's game : for example, only underhand pitching -- from a flat, marked - out box 45 feet from home plate --",0.0,0.0,0.0,neutral,0,0.004116999916732311
1090,what is the main train station in milan,Milan Central,True,I don't know,0.0,0.0,0.0,contradiction,0,0.1757020354270935,"The station is located at Piazza Duca d'Aosta, Italy.",0.0,0.0,0.0,entailment,1,0.7331414222717285
1091,character played by michael richards in sitcom about nothing,,False,Nothing's Gonna Stop Us Now '',,,,contradiction,0,0.06469614803791046,"/Th> /Tr> Tr> Tr> Tr> Tr> Tr> Td colspan=""2""> Michael Richards /Th> /Th> /T",,,,contradiction,0,0.18841947615146637
1092,who handles the money in the us government,Department of the Treasury,True,To meet its obligations,0.0,0.0,0.0,neutral,0,0.14838603138923645,meet its obligations,0.0,0.0,0.0,neutral,0,0.054339200258255005
1093,in human populations in africa two common alleles,,False,I don't know,,,,neutral,0,0.13616152107715607,Human Genetic Variation,,,,entailment,1,0.7539282441139221
1094,person variables concerned with what a person is able to do,,False,I don't know,,,,neutral,0,0.03973137587308884,The term is commonly used in the context of international conventions.,,,,neutral,0,0.005426409188657999
1095,where was life liberty and the pursuit of happiness said,,False,I don't know,,,,neutral,0,0.08167170733213425,"The temple was built under Solomon, king of the United Kingdom of Israel and Judah and that during the Kingdom of Judah, the temple was dedicated to Yahweh, and is said to have housed the Ark of the Covenant.",,,,neutral,0,0.009947160258889198
1096,describe the character of angel in stand and deliver,,False,I don't know,,,,neutral,0,0.14256122708320618,The Matthew account alone includes the  Your will be done '' and the  Rescue us from the evil one '' petitions.,,,,neutral,0,0.0121599230915308
1097,when did the center of the roman empire moved from rome to constantinople,11 May 330 AD,True,I don't know,0.0,0.0,0.0,neutral,0,0.15813694894313812,The fall of the Roman Empire in AD 476 traditionally marks the start of the Middle Ages.,0.0,0.09523809523809523,0.0,entailment,1,0.9750149250030518
1098,what is the difference in terms of who is enclosed in protective cages or structures,,False,I don't know,,,,neutral,0,0.19011946022510529,The President of the Church is the current President of the Church.,,,,neutral,0,0.4329107999801636
1099,who had the infinity stones in infinity war,,False,I don't know,,,,neutral,0,0.08218937367200851,"The object will move away from the other body, slowing forever and approaching, but never reaching zero speed.",,,,neutral,0,0.15770317614078522
1100,what is the day of the dead festival in mexico,"a Mexican holiday celebrated throughout Mexico, in particular the Central and South regions, and by people of Mexican ancestry living in other places, especially the United States",True,Day of the Dead,0.0,0.12903225806451613,0.0,neutral,0,0.39626190066337585,Day of the Dead /Tr> /Tr> /Tr> /Tr> /Tr> /Tr> /Tr> /Tr> /Tr> /Tr>,0.0,0.0975609756097561,0.0,neutral,0,0.39127570390701294
1101,which is true of america immediately after the war of 1812 ended,,False,I don't know,,,,neutral,0,0.02342027612030506,France.,,,,contradiction,0,0.02404995635151863
1102,can u play xbox 360 games on a xbox one,,False,I don't know,,,,contradiction,0,0.01905062422156334,"The Xbox One gaming console has received updates from Microsoft since its launch in 2013 that enable it to play select games from its two predecessor consoles, Xbox and Xbox 360.",,,,neutral,0,0.09261678159236908
1103,the day the earth stood still 2008 spoiler,,False,I don't know,,,,contradiction,0,0.09426059573888779,"The Day the Earth Stood Still /Th> /Th> /Tr> Tr> Td colspan=""2""> Theatrical release poster /Td> /Tr> Tr> ",,,,entailment,1,0.6335101127624512
1104,will a xbox 360 game work in a xbox one,"The Xbox One gaming console has received updates from Microsoft since its launch in 2013 that enable it to play select games from its two predecessor consoles, Xbox and Xbox 360.",True,I don't know,0.0,0.0,1.0,contradiction,0,0.04085445776581764,"The Xbox One gaming console has received updates from Microsoft since its launch in 2013 that enable it to play select games from its two predecessor consoles, Xbox and Xbox 360.",1.0,1.0,1.0,neutral,0,0.09261678159236908
1105,what type of ammo does an ar-15 use,,False,I don't know,,,,neutral,0,0.1745547354221344,The Colt AR-15 & M16 are carbine variants of the Colt AR-15.,,,,neutral,0,0.19315452873706818
1106,where did they film the first twilight movie,"primarily in Portland, Oregon",True,I don't know,0.0,0.0,0.0,contradiction,0,0.23655101656913757,The story was written by Robert L. May.,0.0,0.0,0.0,entailment,1,0.9072698354721069
1107,how many members in vidhan parishad in maharashtra,,False,I don't know,,,,contradiction,0,0.12496548891067505,"The Maharashtra Legislative Council /Th> /Tr> /Tr> Th colspan=""2""> Type /Th> /Tr> Th> Th> Type /Th> Upper house",,,,entailment,1,0.7864907383918762
1108,when does disney's zombies come out on dvd,,False,I don't know,,,,contradiction,0,0.13545769453048706,The film was directed by /Th> Td> Peggy Holmes /Td> /Tr> Tr> Tr> Td> Tr> Td> Td> Td,,,,entailment,1,0.8458638787269592
1109,which of the following is not a name of a typical division of an investment bank,,False,I don't know,,,,neutral,0,0.08450140804052353,URLs.,,,,neutral,0,0.20776426792144775
1110,ooh boy i love you so rose royce,,False,I don't know,,,,neutral,0,0.30042698979377747,Rose Royce,,,,entailment,1,0.6972262263298035
1111,what is the average height of a man in germany,,False,I don't know,,,,contradiction,0,0.13835327327251434,"The sentence ""the miracle of healing the man born blind is one of the miracles of Jesus in the Gospels "" is true.",,,,neutral,0,0.24116995930671692
1112,the evil queen's name in snow white,Queen Grimhilde,True,I don't know,0.0,0.0,1.0,contradiction,0,0.2193240225315094,The character in both of her forms from Snow White and the Seven Dwarfs /Td> /Tr> /Tr> Th> First appearance /Th> Td> Snow White and the Seven Dwarfs ( 1937 ),0.0,0.0,1.0,entailment,1,0.9037400484085083
1113,who was the ruler of india when east india company was set up,Queen Elizabeth I,True,I don't know,0.0,0.3333333333333333,0.0,contradiction,0,0.13397927582263947,"The British East India Company gradually displaced other powers and brought into existence a British administrative system over most of India, with a need to establish and maintain both official and commercial mail systems.",0.0,0.0,0.0,neutral,0,0.07234898954629898
1114,who is considered to be the first pope,St Peter,True,I don't know,0.0,0.0,1.0,neutral,0,0.04237532615661621,a dress worn by a woman.,0.0,0.0,1.0,neutral,0,0.00794969405978918
1115,who played mick wolf on one tree hill,,False,I don't know,,,,neutral,0,0.34400054812431335,/Th> /Tr> /Tr> /Th> /Th> /Th> /Th> /Th> /Th> /Th> /Th> /Tr> ,,,,entailment,1,0.47709426283836365
1116,when did ibm design the first personal computer and why did it fail,,False,I don't know,,,,contradiction,0,0.17010726034641266,IBM Personal Computer XT IBM PCjr IBM Portable Personal Computer,,,,contradiction,0,0.1791727989912033
1117,the sound source of the synthesizer is an oscillator,,False,I don't know,,,,neutral,0,0.08688437938690186,Plant.,,,,neutral,0,0.15421423316001892
1118,who sings im only happy when it rains,,False,I don't know,,,,neutral,0,0.24222217500209808,"Garbage /Th> /Th> /Tr> Tr> Td colspan=""2""> /Tr> /Tr> Tr> Th colspan=""2""> Single by",,,,entailment,1,0.5793800354003906
1119,where does the red river begin and end,"Harmon County, Oklahoma",True,Mississippi River,0.0,0.0,1.0,entailment,1,0.35431987047195435,Iowa River.,0.0,0.0,1.0,entailment,1,0.5127164721488953
1120,when did sachin tendulkar win the world cup,2011,True,I don't know,0.0,0.0,1.0,contradiction,0,0.18781307339668274,Sachin Tendulkar),0.0,0.0,1.0,neutral,0,0.31836700439453125
1121,what is the difference between natural greenhouse gases and anthropogenic greenhouse gases,,False,I don't know,,,,neutral,0,0.035968802869319916,The rubber balloon was invented by Michael Faraday in 1824.,,,,contradiction,0,0.04055560380220413
1122,when did beverly hills cop 2 come out,1987,True,I don't know,0.0,0.0,1.0,neutral,0,0.16486717760562897,The song Come Back When You Grow Up was released in 1922.,0.0,0.0,1.0,neutral,0,0.3026273548603058
1123,who did they kill in i know what you did last summer,,False,Lois Duncan,,,,entailment,1,0.39852622151374817,Lois Duncan,,,,entailment,1,0.39852622151374817
1124,which leader halted the muslim invasion of western europe at the battle of tours,Charles Martel,True,I don't know,0.0,0.0,1.0,contradiction,0,0.19609840214252472,"The Battle of Tours, a battle between the Umayyad and the Franks, was part of the Umayyad invasion of Gaul.",0.0,0.0,1.0,entailment,1,0.9748867750167847
1125,where is milan located on the world map,,False,I don't know,,,,neutral,0,0.017630398273468018,"The headwaters of the Cedar River are located in Dodge County, Minnesota, consisting of a west fork and middle fork approximately three miles northeast of the town of Blooming Prairie, and an east fork approximately one mile south of the town of Hayfield.",,,,entailment,1,0.6717451214790344
1126,what is the largest state in america by size,Alaska,True,constitution,0.0,0.0,0.0,neutral,0,0.1788962185382843,the principles,0.0,0.0,0.0,neutral,0,0.19980190694332123
1127,actor who plays jack in will and grace,Sean Patrick Hayes,True,I don't know,0.0,0.0,0.0,neutral,0,0.028377870097756386,Augustine said that free will was weakened but not destroyed by original sin,0.0,0.0,0.0,neutral,0,0.00848997663706541
1128,college basketball teams that have never made the ncaa tournament,,False,I don't know,,,,neutral,0,0.005286404862999916,"CCNY, the tournament was considered less important.",,,,contradiction,0,0.009210256859660149
1129,who was the first person to die in romeo and juliet,Mercutio,True,I don't know,0.0,0.0,1.0,contradiction,0,0.15194782614707947,The play was written by Shakespeare.,0.0,0.0,1.0,entailment,1,0.8393787741661072
1130,when was the first color tv sold in the us,,False,I don't know,,,,neutral,0,0.0627283900976181,The author of the passage is Richard B. Morris.,,,,neutral,0,0.06407652795314789
1131,who does chris griffin's voice on family guy,Seth Green,True,I don't know,0.0,0.0,0.0,contradiction,0,0.06475572288036346,"Geoff Griffin took the fewest total Test wickets of any player who recorded a hat - trick, taking only eight wickets in his entire Test career.",0.0,0.0,0.0,neutral,0,0.009798773564398289
1132,what is the most selling movie of all time,,False,I don't know,,,,contradiction,0,0.003496917663142085,The whole nine yards,,,,contradiction,0,0.00495314272120595
1133,what classification is used in mims to classify the medicine,,False,I don't know,,,,contradiction,0,0.22447769343852997,"The ABO blood group system is used to denote the presence of one, both, or neither of the A and B antigens on erythrocytes.",,,,entailment,1,0.8823204636573792
1134,who makes the federal laws in the united states,,False,California legal,,,,neutral,0,0.03540642559528351,California legal,,,,neutral,0,0.03540642559528351
1135,how many republicans are in the senate in 2018,51,True,I don't know,0.0,0.0,0.0,contradiction,0,0.10309392958879471,The color of the spectral types of the stars and brown dwarfs is not specified.,0.0,0.0,0.0,neutral,0,0.014288395643234253
1136,what are two other names for a muscle fiber,,False,I don't know,,,,contradiction,0,0.11362481862306595,HO is a molecule that has one unpaired unpaired radical.,,,,entailment,1,0.34729403257369995
1137,who is the writer of first haryana novel,,False,I don't know,,,,neutral,0,0.07859893143177032,Seven Deadly Sins is a Japanese manga series written and illustrated by Nakaba Suzuki.,,,,neutral,0,0.16038629412651062
1138,what was the first lord of the rings movie,,False,I don't know,,,,contradiction,0,0.09316742420196533,"The Lord of the Rings /Th> /Th> /Tr> Tr> Td colspan=""2""> The Lord of the Rings /Th> /Tr> Td colspan=""2",,,,entailment,1,0.6832267045974731
1139,dragon ball z movie the tree of might,,False,Dragon Ball Z.,,,,contradiction,0,0.24368466436862946,"The series was broadcast in Japan on Fuji TV from April 5, 2009 to March 27, 2011.",,,,contradiction,0,0.031828392297029495
1140,how many season are there of days of our lives,,False,countries,,,,entailment,1,0.4916604161262512,"Public holidays in the United Kingdom are days on which most businesses and non-essential services are closed, although an increasing number of retail businesses (especially the larger ones ) do open on some of the public holidays.",,,,neutral,0,0.007006185594946146
1141,who has been the lead singer for journey,,False,I don't know,,,,neutral,0,0.014680353924632072,"The song was first recorded by Corinne Morgan and Frank C. Stanley in 1905 and has been recorded since by many famous artists including opera tenors John McCormack and Jan Peerce, early country singer Fiddlin'John Carson, country singer Slim Whitman,",,,,neutral,0,0.004544837400317192
1142,who did cleveland play in the finals last year,Golden State Warriors,True,I don't know,0.0,0.0,1.0,contradiction,0,0.01741740293800831,The Cleveland Cavaliers are the second team in NFL History to reach an 0 - 16 record.,0.0,0.0,1.0,contradiction,0,0.29594841599464417
1143,what is the joint commission and what do they do,"a United States-based nonprofit tax-exempt 501(c) organization[1] that accredits more than 21,000 US health care organizations and programs",True,I don't know,0.0,0.0,0.0,neutral,0,0.1534595489501953,"The album Deep Thoughts from a Shallow Mind was released on January 9, 1995.",0.0,0.0625,0.0,neutral,0,0.0018561033066362143
1144,the two earliest examples of the university where at,,False,I don't know,,,,neutral,0,0.011531454510986805,The hydroxyl radical is a radical that is a free radical.,,,,neutral,0,0.1869976818561554
1145,how many athletes does great britain have in the 2018 olympics,58,True,I don't know,0.0,0.0,1.0,neutral,0,0.09576679021120071,The following is a list of the largest sports contracts.,0.0,0.0,1.0,entailment,1,0.9800313711166382
1146,2018 belgian first division a europa league play-offs scores,,False,I don't know,,,,contradiction,0,0.0733434185385704,/Tr> /Tr> Th> Dates /Th> Td> 28 July 2017 -- 20 May 2018 /Td> /Tr> /Tr> Th> Champions /Th> ,,,,contradiction,0,0.27151045203208923
1147,a million ways to die in th west,,False,I don't know,,,,contradiction,0,0.15249492228031158,"A Million Ways to Die in the West /Th> /Th> /Tr> Tr> Td colspan=""2""> Theatrical release poster /Td> /Tr> Tr>",,,,entailment,1,0.8867475390434265
1148,what breed of dog is on cesar dog food,,False,I don't know,,,,contradiction,0,0.12792477011680603,/Tr> /Tr> /Tr> /Tr> /Tr> /Tr> /Tr> /Tr> /Tr> /Tr> /T,,,,contradiction,0,0.07483574002981186
1149,who got the highest paid contract in the nba,Stephen Curry,True,I don't know,0.0,0.0,1.0,neutral,0,0.016679270192980766,The player records section includes the club's leading goalscorers and those who have made most appearances in first team competitions.,0.0,0.0,1.0,neutral,0,0.053040821105241776
1150,who was involved in the global financial crisis,,False,I don't know,,,,contradiction,0,0.1702323853969574,"The G8 summit was held in Washington, D.C.",,,,neutral,0,0.06350243836641312
1151,the south african institute of tax practitioners was constituted as,a Not for Profit professional body,True,I don't know,0.0,0.0,0.0,contradiction,0,0.2040935456752777,The Columbian Exchange.,0.0,0.0,0.0,contradiction,0,0.06358213722705841
1152,which president was the president of columbia university,Dwight D. Eisenhower,True,I don't know,0.0,0.0,0.0,neutral,0,0.031058480963110924,The Twentieth Amendment requires each elector to cast one vote for president and another vote for vice president.,0.0,0.0,0.0,contradiction,0,0.04319107532501221
1153,who played spur in man from snowy river,Kirk Douglas,True,I don't know,0.0,0.0,1.0,contradiction,0,0.13108746707439423,"The Man from Snowy River /Th> /Th> /Tr> Tr> Td colspan=""2""> The Man from Snowy River /Th> /Tr> Tr> Td",0.0,0.0,1.0,contradiction,0,0.1855323165655136
1154,what is the main music street in nashville,,False,I don't know,,,,contradiction,0,0.055143844336271286,Music Row is Music Row.,,,,entailment,1,0.608474612236023
1155,where is xanthophyll found in a plant's cell,leaves,True,I don't know,0.0,0.0,1.0,contradiction,0,0.23099391162395477,"The process by which metabolic waste is eliminated from an organism is primarily carried out by the lungs, kidneys and skin.",0.0,0.0,1.0,neutral,0,0.03702295571565628
1156,who pioneered the little black dress or lbd back in 1926,Coco Chanel,True,I don't know,0.0,0.0,1.0,neutral,0,0.12949293851852417,"The earliest derivatives of Behaviorism can be traced back to the late 19th century where Edward Thorndike pioneered the law of effect, a process that involved strengthening behavior through the use of reinforcement.",0.0,0.0,1.0,neutral,0,0.16208887100219727
1157,who was the last person executed in the uk,,False,I don't know,,,,contradiction,0,0.06311380863189697,"The MBTI is based on the conceptual theory proposed by Carl Jung, who had speculated that humans experience the world using four principal psychological functions -- sensation, intuition, feeling, and thinking -- and that one of these four functions is dominant for a person most of the world",,,,neutral,0,0.04275795817375183
1158,what are the 10 largest cities in the united states by area,,False,I don't know,,,,contradiction,0,0.05234188586473465,"United States, the ball of twine with the largest circumference is located in Cawker City, Kansas.",,,,contradiction,0,0.12761497497558594
1159,poverty alleviation and employment generation programme in india,,False,I don't know,,,,neutral,0,0.1634654849767685,"Central Statistics Office ( CSO ) is a governmental agency in India under the Ministry of Statistics and Programme Implementation responsible for co-ordination of statistical activities in India, and evolving and maintaining statistical standards.",,,,entailment,1,0.5602560043334961
1160,which is not a climate zone found in india,,False,I don't know,,,,contradiction,0,0.09014581143856049,The Western Ghats mountains in the western region of Karnataka are a biodiversity hot,,,,neutral,0,0.16932402551174164
1161,who were the first to start a company to trade with india,the Portuguese Estado da Índia,True,I don't know,0.0,0.0,0.0,neutral,0,0.3652080297470093,The Roman bridges were built by ancient Romans.,0.0,0.15384615384615385,0.0,entailment,1,0.46481287479400635
1162,pay scale of section officer in central secretariat,Junior Time Scale,True,I don't know,0.0,0.0,0.0,contradiction,0,0.23145438730716705,The previous service was the Imperial Secretariat Service ( 1919 - 1946 ).,0.0,0.0,0.0,neutral,0,0.030126208439469337
1163,who is the actor that plays jax in sons of anarchy,Charles Matthew Hunnam,True,"Tracy Beaker, I don't know",0.0,0.0,0.0,neutral,0,0.014913797378540039,"Tracy Beaker, then",0.0,0.0,0.0,neutral,0,0.2781083583831787
1164,six of one half a dozen of the other etymology,,False,I don't know,,,,neutral,0,0.3391842842102051,"The 2018 FIFA World Cup qualification UEFA Group D was one of the nine UEFA groups for 2018 FIFA World Cup qualification. The group consisted of six teams : Wales, Austria, Serbia, Republic of Ireland, Moldova, and Georgia.",,,,entailment,1,0.9355443716049194
1165,what does it mean to archive a story on wattpad,,False,I don't know,,,,neutral,0,0.1270976960659027,"The sentence ""to be flogged by proxy was the exclusive privilege of royal blood... It was much coveted for the children of the poorer gentry, as the first step in the ladder of preferment."" means that the sentence ""to be flogged by proxy was the exclusive privilege of",,,,entailment,1,0.6184366345405579
1166,what is the longest tennis match at wimbledon,,False,I don't know,,,,neutral,0,0.02034381590783596,The All England Lawn Tennis and Croquet Club is a private members'club.,,,,entailment,1,0.8615560531616211
1167,what kind of car does jack irish drive,,False,I don't know,,,,contradiction,0,0.2170301228761673,"The album Armageddon : The Album /Th> /Th> /Tr> Tr> Td colspan=""2""> /Tr> Tr> Tr> Th colspan=""",,,,entailment,1,0.7739441990852356
1168,what is the distinction between the virgin birth and the immaculate conception,,False,Florida Panhandle,,,,neutral,0,0.08843432366847992,Florida Panhandle was a British colony ( 1763 -- 1783 ).,,,,neutral,0,0.13704152405261993
1169,who is the yankees all-time leader in pitching wins,Roger Clemens,True,Cookie,0.0,0.0,0.0,neutral,0,0.049766696989536285,Cookie.,0.0,0.0,0.0,neutral,0,0.054695338010787964
1170,where did the 2010 world cup take place,South Africa,True,World Cup,0.0,0.0,0.0,neutral,0,0.43627503514289856,The knockout stage was the second and final stage of the World Cup in 2006.,0.0,0.0,0.0,neutral,0,0.14440244436264038
1171,who plays the character dog in game of thrones,Rory McCann,True,I don't know,0.0,0.0,0.0,contradiction,0,0.06021837517619133,The season chronology of the series is based on the season 7 episode number.,0.0,0.0,0.0,neutral,0,0.4030246138572693
1172,travis tritt i am going to be somebody,,False,I don't know,,,,neutral,0,0.22663843631744385,The Road Home '' /Td> /Tr> /Tr> /Tr> /Tr> /Tr> /Tr> /Tr> /Tr> /T,,,,entailment,1,0.4917876720428467
1173,what are the highest mountains in the usa,,False,New York,,,,contradiction,0,0.09833917021751404,"The sentence ""The Beatles are considered the highest - selling band based on sales claims and Rihanna is the highest - selling individual artist based on certified units."" means that the artist has a claim of 75 million or more record sales.",,,,entailment,1,0.9392474889755249
1174,the president of the united states is a member of what branch of government,the executive branch of the federal government,True,I don't know,0.0,0.0,0.0,neutral,0,0.2443264275789261,"The President of the United States of America /Th> /Tr> /Tr> Td colspan=""2""> Presidential Seal /Tr> /Tr> Td colspan=""2""> Presidential Standard ",0.0,0.21428571428571427,0.0,entailment,1,0.909329891204834
1175,when does consolidation of new memories primarily happen,,False,I don't know,,,,contradiction,0,0.05361567437648773,a song.,,,,neutral,0,0.046436503529548645
1176,an anion is any atom or group of atoms with a positive charge,,False,I don't know,,,,neutral,0,0.13908040523529053,"atoms are atoms, they are ionic compounds.",,,,entailment,1,0.5165808796882629
1177,what is the moral of the story the ant and the cricket,,False,I don't know,,,,neutral,0,0.2911890745162964,The fable is a fable.,,,,entailment,1,0.9760120511054993
1178,who was aragorn in lord of the rings,,False,I don't know,,,,contradiction,0,0.09316742420196533,"The Lord of the Rings /Th> /Th> /Tr> Tr> Td colspan=""2""> The Lord of the Rings /Th> /Tr> Td colspan=""2",,,,entailment,1,0.6832267045974731
1179,who sings the song ain't no stopping us now,McFadden & Whitehead,True,I don't know,0.0,0.0,1.0,neutral,0,0.22163815796375275,The album was released in April 1979.,0.0,0.0,1.0,entailment,1,0.9394173622131348
1180,what impact did the indian ocean trade have on southern china,,False,I don't know,,,,neutral,0,0.16579210758209229,"The trade winds are the prevailing pattern of easterly surface winds found in the tropics, within the lower portion of the Earth's atmosphere, in the lower section of the troposphere near the Earth's equator.",,,,neutral,0,0.06986302137374878
1181,who drove the number 33 car in nascar,"Harold Phil Gant[1] (born January 10, 1940), better known as ""Handsome Harry""",True,I don't know,0.0,0.0,0.0,neutral,0,0.06306993216276169,Numbers 13 : 1 - 33.,0.0,0.0,0.0,neutral,0,0.05264784395694733
1182,how many chelsea players are in 2018 world cup,,False,I don't know,,,,neutral,0,0.15035192668437958,The 2018 FIFA World Cup qualification UEFA Group F was one of the nine UEFA groups for 2018 FIFA World Cup qualification.,,,,neutral,0,0.21496552228927612
1183,what kind of boat is used in the everglades,Airboats,True,India,0.0,0.0,1.0,neutral,0,0.008745102211833,The Gregorian calendar is also used in Java and Bali.,0.0,0.0,1.0,neutral,0,0.0031270307954400778
1184,has there ever been a 5 star marine general,,False,justice,,,,neutral,0,0.36353805661201477,a judicial body.,,,,entailment,1,0.5096970200538635
1185,where are the protons of the electron transport chain located,,False,I don't know,,,,neutral,0,0.30708059668540955,electron transport chains are used.,,,,entailment,1,0.891911506652832
1186,how many countries have been in a world cup final,,False,I don't know,,,,neutral,0,0.09783551841974258,"The tournament culminates at the end of the league season usually in May with the FA Cup Final, officially named The Football Association Challenge Cup Final.",,,,neutral,0,0.004402929451316595
1187,where will the 2020 and 2024 olympics be held,,False,I don't know,,,,contradiction,0,0.021756747737526894,NCAA Tournament.,,,,contradiction,0,0.007546727079898119
1188,where is the american conference tournament being played,,False,I don't know,,,,neutral,0,0.004695048555731773,NFL) has been the winner of the American Football Conference ( AFC ).,,,,neutral,0,0.022692710161209106
1189,why is rifling present in the bore of the barrel,for the purpose of exerting torque and thus imparting a spin to a projectile around its longitudinal axis during shooting,True,I don't know,0.0,0.0,1.0,neutral,0,0.1621527224779129,P>,0.0,0.0,1.0,neutral,0,0.31337976455688477
1190,how did educational opportunities expand following the civil war,,False,I don't know,,,,contradiction,0,0.028093570843338966,"American historians agree is inevitable, the Battle of Gettysburg in July 1863 is the event most modern scholars would agree is inevitable.",,,,contradiction,0,0.04255550354719162
1191,what are the 5 waves in the 5th wave,,False,I don't know,,,,neutral,0,0.044793855398893356,"The P wave in the ECG represents atrial depolarization, which results in atrial contraction, or atrial",,,,neutral,0,0.17919878661632538
1192,when did alcoholics anonymous start in the uk,,False,I don't know,,,,neutral,0,0.03842013329267502,The Twelve Traditions are a religious organization that is based on the Twelve Steps.,,,,neutral,0,0.2154569774866104
1193,where do the amino acids come from in protein synthesis,tRNA molecules,True,I don't know,0.0,0.0,0.0,neutral,0,0.019183963537216187,The process of splicing a single gene into multiple proteins allows for the splicing of multiple genes.,0.0,0.0,0.0,neutral,0,0.1223222017288208
1194,did germany have any aircraft carriers during world war ii,,False,I don't know,,,,contradiction,0,0.2655816376209259,The name code talkers is strongly associated with bilingual Navajo speakers specially recruited during World War II by the Marines to serve in their standard communications units in the Pacific Theater.,,,,entailment,1,0.7480895519256592
1195,who replaced ringo starr on thomas the tank engine,Michael Angelis,True,I don't know,0.0,0.0,1.0,neutral,0,0.2832143306732178,"The Beatles /Th> /Th> /Tr> /Tr> Td colspan=""2""> The Beatles /Th> /Tr> Td colspan=""2""> The Beatles /",0.0,0.0,1.0,entailment,1,0.8244671821594238
1196,where is the beginning of the shining filmed,,False,I don't know,,,,neutral,0,0.006810622755438089,The fictionalized Sparta was featured in the 1967 film In the Heat of the Night and the television series in the 1980s and'90s.,,,,neutral,0,0.008978824131190777
1197,who was the first president born a citizen of the united states,Martin Van Buren,True,I don't know,0.0,0.0,0.0,neutral,0,0.05140065774321556,"Joseph Smith, who died in 1844.",0.0,0.0,0.0,neutral,0,0.038458626717329025
1198,general land office of the state of texas,,False,I don't know,,,,contradiction,0,0.1799924671649933,The Mexican -- American War lasted from 1846 until 1848.,,,,contradiction,0,0.12636752426624298
1199,who sings the song reunited and it feels so good,Peaches & Herb,True,I don't know,0.0,0.0,0.0,entailment,1,0.5819063186645508,The time.,0.0,0.0,0.0,entailment,1,0.7542213201522827
1200,where do the st louis cardinals do spring training,Roger Dean Stadium,True,Roger Dean Stadium /Tr> /Tr> /Tr> Th> /Tr> Th> /Tr> Th> /Tr> Th> /Tr> Th,0.0,0.33333333333333337,1.0,entailment,1,0.7700672745704651,Roger Dean Stadium /Tr> /Tr> /Tr> Th> /Tr> Th> /Tr> Th> /Tr> Th> /Tr> Th,0.0,0.33333333333333337,1.0,entailment,1,0.7700672745704651
1201,when was the last time the mavericks made the playoffs,2015–16,True,I don't know,0.0,0.0,0.0,neutral,0,0.019036732614040375,"The sentence "" Haydn was employed at the court of Prince Nicolaus Esterházy II"" means he was a composer.",0.0,0.0,0.0,neutral,0,0.05935998633503914
1202,when did quill pens go out of use,,False,I don't know,,,,neutral,0,0.156317338347435,The Supremes ),,,,entailment,1,0.5777339339256287
1203,who died on say yes to the dress,,False,I don't know,,,,contradiction,0,0.15188872814178467,Half Yard Productions /Th>,,,,neutral,0,0.12106344848871231
1204,which is the largest country in eastern africa,,False,I don't know,,,,neutral,0,0.0972522720694542,Africa,,,,neutral,0,0.31305333971977234
1205,when did the age of majority change from 21 to 18 in the uk,1970,True,I don't know,0.0,0.0,1.0,neutral,0,0.13823390007019043,The legal drinking age is the age at which a person can legally consume or purchase alcoholic beverages.,0.0,0.0,1.0,entailment,1,0.9878696799278259
1206,who plays taylor on bold and the beautiful,Hunter Tylo,True,I don't know,0.0,0.0,0.0,neutral,0,0.18463540077209473,The play was written by Irish Literary Renaissance playwright John Millington Syn.,0.0,0.0,0.0,contradiction,0,0.013325816951692104
1207,who played phil in phil of the future,Raviv Ullman,True,Agents of S.H.I.E.L.D. : Slingshot,0.0,0.0,0.0,entailment,1,0.7289196252822876,Agents of S.H.I.E.L.D. : Slingshot.,0.0,0.0,0.0,entailment,1,0.6494855284690857
1208,where does the north (or south) celestial pole appear in charleston,,False,I don't know,,,,contradiction,0,0.1549966037273407,God ''.,,,,contradiction,0,0.23466582596302032
1209,what is the clean up hitter in baseball,fourth player in the batting order,True,roster is eligible to play in official major league games throughout the season.,0.0,0.21052631578947367,0.0,entailment,1,0.4765480160713196,roster is eligible to play in official major league games throughout the season.,0.0,0.21052631578947367,0.0,entailment,1,0.4765480160713196
1210,what is the song anything you can do from,Annie Get Your Gun,True,I don't know,0.0,0.0,1.0,neutral,0,0.17428718507289886,The song was first performed in Annie Get Your Gun by Ethel Merman and Ray Middleton.,0.0,0.4,1.0,entailment,1,0.561866819858551
1211,wilt chamberlain stats in the 100 point game,,False,I don't know,,,,contradiction,0,0.008172464556992054,169 /Td> /Tr> /Tr> /Tr> /Tr> /Tr> /Tr> /Tr> /Tr> /Tr> ,,,,contradiction,0,0.02792622335255146
1212,what is the most popular car in russia,the classic Lada Riva,True,I don't know,0.0,0.0,0.0,neutral,0,0.09630421549081802,The forts are in Rajasthan.,0.0,0.22222222222222224,0.0,neutral,0,0.015708860009908676
1213,how many african american pilots were trained at tuskegee,,False,I don't know,,,,contradiction,0,0.11987273395061493,"The Columbian Exchange was the widespread transfer of plants, animals, culture, human populations, technology, and ideas between the Americas and the Old World in the 15th and 16th centuries, related to European colonization and trade after Christopher Columbus's 1492 voyage.",,,,entailment,1,0.9109411835670471
1214,what was mrs howell's first name on gilligan's island,Lovey,True,I don't know,0.0,0.0,0.0,contradiction,0,0.11944884806871414,Florida Panhandle is a state in the U.S. state of Florida.,0.0,0.0,0.0,neutral,0,0.11362512409687042
1215,which of the following was one of the major causes of the cold war,,False,I don't know,,,,neutral,0,0.09397167712450027,Cold air is denser than warm air.,,,,neutral,0,0.30933085083961487
1216,when is the other team allowed to sweep in curling,,False,I don't know,,,,neutral,0,0.00724845752120018,The Cleveland Browns were a charter member club of the All - America Football Conference ( AAFC).,,,,neutral,0,0.019813574850559235
1217,what flag has green white and red stripes,,False,I don't know,,,,neutral,0,0.25752606987953186,Ghana Tr> /Tr> /Tr> /Tr> /Tr> /Tr> /Tr> /Tr> Th> Use /Th> Td> National,,,,entailment,1,0.8530080914497375
1218,who plays ruby on anne with an e,Kyla Matthews,True,Tracy Beaker,0.0,0.0,0.0,contradiction,0,0.1723831593990326,Mike Milligan character.,0.0,0.0,0.0,contradiction,0,0.17135468125343323
1219,sierra leone ministry of foreign affairs and international cooperation,,False,I don't know,,,,contradiction,0,0.12298586219549179,The Constitution ( show ) Ul> Li> Human rights /Li> /Ul> /Ul> /Td> /Tr> Executive ( show ) Ul> Li> President,,,,entailment,1,0.5443698167800903
1220,what are the features of green revolution in india,,False,I don't know,,,,contradiction,0,0.047770824283361435,English are spoken in India.,,,,contradiction,0,0.03929220139980316
1221,the only way i know jason aldean luke bryan,,False,I don't know,,,,neutral,0,0.2430076152086258,Jason Aldean,,,,entailment,1,0.6152632832527161
1222,how many points did robert parish score in his career,"23,334",True,I don't know,0.0,0.0,1.0,neutral,0,0.08948448300361633,The sentence is true because the sentence is true.,0.0,0.0,1.0,neutral,0,0.07662127166986465
1223,when does england play its first world cup match,,False,I don't know,,,,contradiction,0,0.06167544797062874,The dates of the 2014 FIFA World Cup are:,,,,neutral,0,0.26463672518730164
1224,why did the participants obey in milgram's study,,False,social situations,,,,entailment,1,0.49736684560775757,levels.,,,,neutral,0,0.3885992765426636
1225,cisco certified network associate (ccna) routing and switching,,False,I don't know,,,,neutral,0,0.029557965695858,"The artists in the following tables are listed with both their claimed sales figure along with their total of certified units and are ranked in descending order, with the artist with the highest amount of claimed sales at the top.",,,,entailment,1,0.9650827050209045
1226,who sings when they think of me they think of you,,False,I don't know,,,,neutral,0,0.16674859821796417,"/Th> /Th> Tr> Th colspan=""2""> /Th> /Tr> Td colspan=""2""> /Tr> /Tr> Th cols",,,,contradiction,0,0.345897912979126
1227,who sings boss baby back in business theme song,,False,I don't know,,,,contradiction,0,0.18242086470127106,"The Boss Baby : Back in Business /Th> /Tr> Tr> Td colspan=""2""> /Tr> /Tr> Tr> Th> Genre /Th",,,,entailment,1,0.6829319596290588
1228,who won the 2017 women's final wimbledon,,False,I don't know,,,,contradiction,0,0.2852948307991028,The results of the 2017 Wimbledon Championships are as follows:,,,,entailment,1,0.5940269827842712
1229,discuss the composition and function of the major circulating lipoproteins,,False,I don't know,,,,contradiction,0,0.13322986662387848,The main determinant of the skin color of darker - skinned humans is melanin.,,,,neutral,0,0.00379160069860518
1230,the insolvency of a bank can spread and cause a financial crisis due to,,False,I don't know,,,,neutral,0,0.10690082609653473,The United States housing bubble,,,,neutral,0,0.1052573025226593
1231,where is folic acid absorbed in the body,intestine,True,I don't know,0.0,0.0,0.0,neutral,0,0.06470081210136414,The Twelve Apostles are the leaders of the Church.,0.0,0.0,0.0,neutral,0,0.34350430965423584
1232,which of the following formulated the doctrine of original sin,,False,I don't know,,,,neutral,0,0.06625155359506607,"to be a savage, savage, savage, savage, savage, savage, savage, savage, savage, savage,",,,,contradiction,0,0.11980321258306503
1233,number of lok sabha seats in each state in india,,False,I don't know,,,,neutral,0,0.1618248075246811,Anglo - Indians.,,,,neutral,0,0.12325592339038849
1234,why did they kill off fran on mama's family,"Rue McClanahan (Aunt Fran) and Betty White (Ellen Jackson) had both gone on to star in the NBC sitcom The Golden Girls, rendering them unavailable to return",True,I'm a Believer,0.0,0.0,0.0,neutral,0,0.14945612847805023,I'm a Believer,0.0,0.0,0.0,neutral,0,0.14945612847805023
1235,what is the website for the united states postal service,www.usps.com,True,I don't know,0.0,0.0,1.0,neutral,0,0.05482736974954605,determined by who holds the highest rank,0.0,0.0,1.0,neutral,0,0.030375055968761444
1236,who owns the rio casino in las vegas,Caesars Entertainment Corporation,True,I don't know,0.0,0.0,1.0,neutral,0,0.028691275045275688,"The Raiders'move to Las Vegas comes after years of failed efforts to renovate or replace the Oakland -- Alameda County Coliseum, which has been rated by multiple sources as one of the worst stadiums in the NFL.",0.0,0.0,1.0,neutral,0,0.0009422116563655436
1237,who has scored the most goals in the world cup final,Geoff Hurst,True,a period of about a month,0.0,0.0,0.0,contradiction,0,0.013202312402427197,a period of about a month,0.0,0.0,0.0,contradiction,0,0.013202312402427197
1238,identify the type of government created by the national convention,,False,I don't know,,,,neutral,0,0.11149068176746368,The Constitution of India designates the Constitution of India as a constitutional monarchy.,,,,neutral,0,0.08432571589946747
1239,who played the most number of matches for mi in the first 10 ipl season,,False,1960,,,,entailment,1,0.431582510471344,The Philadelphia Eagles franchise was founded in 1933.,,,,contradiction,0,0.013645566999912262
1240,who is called a grey beard loon and why,,False,I don't know,,,,contradiction,0,0.12319163978099823,"War /Th> /Th> Tr> Th> Tr> Th> Td colspan=""2""> /Tr> /Tr> Th colspan=""2""> Southern Che",,,,contradiction,0,0.14202184975147247
1241,essay on proverb an apple a day keeps doctor away,,False,An apple a day keeps the doctor away,,,,entailment,1,0.5985938310623169,Proverb,,,,entailment,1,0.5754484534263611
1242,degrassi the next generation season 1 episode 1 cast,,False,Star Trek : The Next Generation,,,,neutral,0,0.26158204674720764,"Star Trek : The Next Next Generation ( season 1) /Th> /Th> /Tr> Tr> Td colspan=""2""> Degrassi : The Next Generation Season 1 DVD /Td> /Th",,,,neutral,0,0.24711446464061737
1243,what was the name of the last planet of the apes movie,War for the Planet of the Apes,True,I don't know,0.0,0.0,1.0,contradiction,0,0.12583240866661072,The original series of Planet of the Apes was created by Pierre Boulle.,0.0,0.5,1.0,entailment,1,0.8784406781196594
1244,who spoke about america being a city on a hill,,False,I don't know,,,,neutral,0,0.36232131719589233,Buck.,,,,entailment,1,0.6474560499191284
1245,what does turtleback school library binding edition mean,,False,I don't know,,,,neutral,0,0.054878395050764084,The school is located in the United States.,,,,neutral,0,0.02193674072623253
1246,where are sensory neurons located in the body,,False,thylakoid membrane of the chloroplast,,,,neutral,0,0.17180615663528442,thylakoid membrane of the chloroplast in photosynthetic eukaryotes.,,,,neutral,0,0.23167748749256134
1247,the condemnation of private property for public use is allowed under the state's right of,Eminent domain,True,I don't know,0.0,0.0,1.0,neutral,0,0.017821945250034332,The gun laws of California are some of the most restrictive in the United States.,0.0,0.0,1.0,neutral,0,0.00403539789840579
1248,how long did it take pioneers on the oregon trail,about 160 days in 1849 to 140 days 10 years later,True,Warmiwausqa),0.0,0.0,0.0,contradiction,0,0.22080275416374207,Mollepata is the longest of the three routes with the highest mountain pass and intersects with the Classic route before crossing Warmiwausqa (  dead woman '' ),0.0,0.0,0.0,neutral,0,0.014440526254475117
1249,when is kasauti zindagi ki season 2 starting,,False,I don't know,,,,contradiction,0,0.33652347326278687,The show will be moving from Disney XD to Disney Channel for its fourth season.,,,,contradiction,0,0.16769343614578247
1250,when did a change in the weather slow down the craft crossword clue,,False,income,,,,neutral,0,0.053264763206243515,The sentence is true because the sentence is true.,,,,neutral,0,0.16479410231113434
1251,writing on the wall album destiny's child,,False,Destiny's Child,,,,entailment,1,0.6813844442367554,Destiny's Child /Th> /Th> /Tr> /Tr> /Tr> /Tr> /Th> Studio album by Destiny's Child /Th> /Th>,,,,entailment,1,0.8682757019996643
1252,who does seol end up with in cheese in the trap,,False,I don't know,,,,contradiction,0,0.14917074143886566,The film was produced by /Th> Td> Lee Yoon - jung /Th> Tr> Tr> Tr> Th> Td> Th> Td> Th>,,,,entailment,1,0.7142075896263123
1253,what is a levite according to the bible,a Jewish male whose descent is traced by tradition to Levi,True,I don't know,0.0,0.0,0.0,neutral,0,0.23985540866851807,"The Bible is a compilation of many shorter books written at different times by a variety of authors, and later assembled into the biblical canon.",0.0,0.16666666666666666,0.0,neutral,0,0.039826467633247375
1254,how much is a table spoon in ounces,0.50 US fl oz,True,I don't know,0.0,0.0,1.0,neutral,0,0.2307649403810501,The unit of measurement varies by region : a United States tablespoon is approximately 14.8 ml ( 0.50 US fl oz ),0.0,0.34782608695652173,1.0,neutral,0,0.030418336391448975
1255,cast of the ghost in the invisable bikini,,False,the series,,,,entailment,1,0.561194658279419,"The series stars Clark Gregg, reprising his role of Phil Coulson from the films, as well as Ming - Na Wen, Brett Dalton, Chloe Bennet, Iain De Caestecker, and Elizabeth Henstridge ",,,,neutral,0,0.03385956585407257
1256,when is a child's neck fully developed,,False,I don't know,,,,neutral,0,0.10958900302648544,"The Marsh test is a highly sensitive method in the detection of arsenic, especially useful in the field of forensic toxicology when arsenic was used as a poison.",,,,neutral,0,0.05275556445121765
1257,who played in the movie walk the line,,False,I don't know,,,,contradiction,0,0.05878107249736786,Eagles are a professional football team.,,,,contradiction,0,0.10262171179056168
1258,what is the wimbledon runner up prize money,"£1,125,000",True,I don't know,0.0,0.0,0.0,neutral,0,0.12679609656333923,"The All England Lawn Tennis and Croquet Club, also known as the All England Club, based at Church Road, Wimbledon, London, England, is a private members'club.",0.0,0.0,0.0,entailment,1,0.9867462515830994
1259,in 1945 who won the federal elections in brazil,,False,I don't know,,,,contradiction,0,0.04711869731545448,Brazil team.,,,,contradiction,0,0.16793282330036163
1260,who is considered the father of american history,,False,Herbes de Provence,,,,neutral,0,0.008356641978025436,Herbes de Provence,,,,neutral,0,0.008356641978025436
1261,athol fugard's sizwe bansi is dead pdf,,False,I don't know,,,,contradiction,0,0.06137856841087341,The Killing Fields /Th> /Th> /Tr> Tr> Tr> Tr> Tr> Tr> Tr> Tr> Tr> T,,,,entailment,1,0.7494108080863953
1262,what is the highest grossing movie in the united states,,False,I don't know,,,,contradiction,0,0.0041126892901957035,cars.,,,,contradiction,0,0.008829356171190739
1263,who stars in the man in the high castle,Alexa Davalos,True,I don't know,0.0,0.0,1.0,neutral,0,0.19541610777378082,The insignia for the French OF - 10 rank maréchal de France contains 7 stars ; the insignia for the Portuguese marechal contains four gold stars ; and many of the insignia of the ranks in Commonwealth of Nations contain no stars at all.,0.0,0.0,1.0,contradiction,0,0.10063904523849487
1264,when does luke find out he is leia's brother,,False,I don't know,,,,neutral,0,0.031264640390872955,Beowulf was alive,,,,neutral,0,0.15922611951828003
1265,who sang the song i'm only human,,False,I don't know,,,,entailment,1,0.35107284784317017,The song was later sung by John Denver and Robin the Frog in the 1979 television special John Denver and the Muppets : A Christmas Together.,,,,entailment,1,0.9757490158081055
1266,chandrayan 1 indian first mission to moon was launched in,,False,I don't know,,,,neutral,0,0.06386559456586838,The mission's scientific objective was to search for and characterize a wide range of rocks and soils that hold clues to past water activity on Mars,,,,neutral,0,0.01618688926100731
1267,when was the lion the witch and the wardrobe first published,16 October 1950,True,I don't know,0.0,0.0,1.0,contradiction,0,0.11810518056154251,"The Lion, the Witch and the Wardrobe was published in hardcover and paperback on 16 October 1950.",0.0,0.3,1.0,neutral,0,0.002476911526173353
1268,monty python and the holy grail travel music,,False,I don't know,,,,neutral,0,0.22942137718200684,The Holy Grail,,,,entailment,1,0.6188754439353943
1269,this refers to an old ritual of formalizing an engagement to marry,Betrothal (also called espousal),True,I don't know,0.0,0.0,0.0,neutral,0,0.20516489446163177,The lead section of this article may need to be rewritten.,0.0,0.0,0.0,neutral,0,0.032653674483299255
1270,what are the ski races in the olympics,,False,UCLA Bruins men's basketball,,,,neutral,0,0.15801513195037842,"UCLA Bruins men's basketball, USC Trojans baseball, USC Trojans track & field, and Cal State Fullerton Titans baseball",,,,neutral,0,0.40286555886268616
1271,how many years is the term for a member of the house of representatives,two-year terms,True,I don't know,0.0,0.0,0.0,neutral,0,0.031172243878245354,The Gang of Eight is a colloquial term for a set of eight leaders within the United States Congress who are briefed on classified intelligence matters by the executive branch.,0.0,0.0,0.0,entailment,1,0.9497634172439575
1272,where does hydrolysis take place in the body,,False,I don't know,,,,contradiction,0,0.15845008194446564,tattoo artists to tattoos that are not legal.,,,,neutral,0,0.12044788151979446
1273,where did piss up a rope come from,a song by the band Ween in 1996 from the album 12 Golden Country Greats,True,I don't know,0.0,0.0,0.0,neutral,0,0.156317338347435,The Supremes ),0.0,0.11764705882352941,0.0,entailment,1,0.5777339339256287
1274,the wizard of oz 2011 london palladium recording,,False,I don't know,,,,contradiction,0,0.14754991233348846,"Gerard Marenghi ( 1920 - 01 - 24 ) January 24, 1920",,,,entailment,1,0.43400678038597107
1275,the most common type of land tenure in australia,,False,I don't know,,,,contradiction,0,0.017783891409635544,United States' most populous states.,,,,neutral,0,0.015203670598566532
1276,compare and contrast nebular hypothesis and protoplanet hypothesis,,False,I don't know,,,,contradiction,0,0.1939416527748108,The power of a binary hypothesis test is the probability that the test correctly rejects the null hypothesis ( H ) when a specific alternative hypothesis ( H ) is true.,,,,entailment,1,0.7469082474708557
1277,what is the moon festival called in chinese,Mid-Autumn Festival,True,I don't know,0.0,0.0,1.0,neutral,0,0.13810977339744568,The Chinese New Year is celebrated on the following days:,0.0,0.0,1.0,neutral,0,0.10067404061555862
1278,seven deadly sins episode season 2 episode 6,,False,season premiered on March 30,,,,contradiction,0,0.004431505687534809,The episode Bon Bon the Birthday Clown marked the mid-season finale for the second season.,,,,contradiction,0,0.008390546776354313
1279,why do you think tourist like to visit rajasthan,,False,I don't know,,,,neutral,0,0.18642869591712952,a disease.,,,,entailment,1,0.8784783482551575
1280,tory lanez - memories don't die tracklist,,False,I don't know,,,,contradiction,0,0.17194107174873352,Tory Lanez /Li> /Tr> /Tr> /Tr> /Tr> /Tr> /Tr> /Th> Studio album by Tory Lanez /Th> ,,,,entailment,1,0.46097129583358765
1281,what are the powers of the three elven rings,,False,I don't know,,,,neutral,0,0.14267337322235107,"The major difference between a Canadian province and a territory is that provinces receive their power and authority from the Constitution Act, 1867 ( formerly called the British North America Act, 1867 ), whereas territorial governments have powers delegated to them by the Parliament of Canada.",,,,entailment,1,0.8396880626678467
1282,names from the bible that start with b,,False,I don't know,,,,contradiction,0,0.2381455898284912,"The New International Version, formerly the International Bible Society, was published in 1978.",,,,entailment,1,0.6240153908729553
1283,spain and portugal divide the world between them in,The Treaty of Tordesillas,True,I - 11 centuries,0.0,0.0,0.0,neutral,0,0.1585599184036255,14th century and the 13th century.,0.0,0.2,0.0,contradiction,0,0.20389635860919952
1284,when does ted meet the mother in how i met your mother,,False,I don't know,,,,neutral,0,0.2731808125972748,The Mother appearing in  The Locket '' /Td> /Tr> /Tr> Tr> Tr> Tr> Td> Td> Td> T,,,,neutral,0,0.1599029302597046
1285,which state of india was richest flora and fauna,,False,Northern Hemisphere to the northernmost part of the Northern Hemisphere,,,,neutral,0,0.10350421071052551,"Canada's Boreal forest comprises about one third of the circumpolar boreal forest that rings the Northern Hemisphere, mostly north of the 50th parallel.",,,,neutral,0,0.21179711818695068
1286,what is meant by tri in adenosine triphosphate,,False,I don't know,,,,entailment,1,0.6207061409950256,P>,,,,entailment,1,0.8988150954246521
1287,who plays the clown in american horror story season 4,John Carroll Lynch,True,I don't know,0.0,0.0,0.0,contradiction,0,0.04469931498169899,The story is set in New York's Catskill Mountains.,0.0,0.0,0.0,entailment,1,0.9536838531494141
1288,when was dragon ball z first aired in the us,"September 13, 1996",True,I don't know,0.0,0.0,0.0,neutral,0,0.017517734318971634,anniversaries,0.0,0.0,0.0,neutral,0,0.2740749716758728
1289,who played the kangaroo in horton hears a who,Carol Burnett,True,I don't know,0.0,0.0,0.0,contradiction,0,0.13322003185749054,"Theatrical release poster /Td> /Tr> /Tr> Tr> Td colspan=""2""> Theatrical release poster /Td> /Tr> Tr> ",0.0,0.0,0.0,entailment,1,0.512420654296875
1290,who sang the theme song to quantum of solace,Jack White,True,I don't know,0.0,0.0,0.0,neutral,0,0.2389063537120819,The Chronicles of Narnia : The Voyage of the Dawn Treader ( 2010 ) /Td> /Tr> /Tr> /Tr> /Tr> /Tr> /Tr,0.0,0.0,0.0,contradiction,0,0.040212053805589676
1291,how many episodes are in this season of the originals,,False,I don't know,,,,neutral,0,0.3116418421268463,The Originals.,,,,entailment,1,0.75246661901474
1292,where is cape verde located on the african map,570 kilometres (350 mi) west of the Cape Verde Peninsula in West Africa,True,I don't know,0.0,0.0,0.0,neutral,0,0.12090466171503067,"The headwaters of the Cedar River are located in Dodge County, Minnesota, consisting of a west fork and middle fork approximately three miles northeast of the town of Blooming Prairie, and an east fork approximately one mile south of the town of Hayfield.",0.0,0.14285714285714285,0.0,entailment,1,0.8363599181175232
1293,who was the song hey jude written for,"John Lennon's son, Julian",True,I don't know,0.0,0.0,0.0,contradiction,0,0.19368575513362885,The song was written by Paul Williams for Jim Henson's 1977 HBO special Emmet Otter's Jug - Band Christmas.,0.0,0.0,0.0,entailment,1,0.9190263748168945
1294,who is the guy on the kentucky fried chicken commercial,,False,I don't know,,,,neutral,0,0.10848114639520645,"Harland David Sanders ( 1890 - 09 ) September 9, 1890 Henryville, Indiana, U.S.",,,,neutral,0,0.04831332340836525
1295,what is the first novel in sri lanka,,False,I don't know,,,,neutral,0,0.10331954061985016,The constitution was ratified by the President of Sri Lanka on 16 January 1890.,,,,neutral,0,0.05259862542152405
1296,where is love it or list it filmed in north carolina,,False,I don't know,,,,entailment,1,0.6255838871002197,I am infected by Mark Sloan,,,,neutral,0,0.2973800003528595
1297,who said this quote ask not what your country can do for you,John F. Kennedy,True,I don't know,0.0,0.0,0.0,neutral,0,0.27148526906967163,The song was first performed in Annie Get Your Gun by Ethel Merman and Ray Middleton.,0.0,0.0,0.0,entailment,1,0.5732109546661377
1298,what is the highest point in portland oregon,,False,I don't know,,,,neutral,0,0.24073593318462372,The coordinates of Portland are: 45 ° 31 ′ 12 '' N 122 ° 40 ′ 55 '' W / 45.52000 ° N 122.68194 ° W / 45.52000 ; - 122.68194 Coordinates,,,,neutral,0,0.3521518111228943
1299,what was the last episode of bonanza called,,False,I don't know,,,,neutral,0,0.10813459008932114,Britain was no longer at war with France.,,,,neutral,0,0.13508400321006775
1300,when did pokemon cards come out in america,,False,Fourth Amendment prohibition on unreasonable searches and seizures,,,,entailment,1,0.6215612292289734,Fourth Amendment prohibition on unreasonable searches and seizures.,,,,entailment,1,0.9608368277549744
1301,the most hierarchical society in british north america was found in,,False,I don't know,,,,neutral,0,0.06061404570937157,The provinces and territories of Canada are the administrative divisions that are responsible for the delivery of sub-national governance within the geographical areas of Canada under the authority of the Canadian Constitution.,,,,neutral,0,0.2345249205827713
1302,who won the battle of the kings mountain,,False,Boston Celtics,,,,neutral,0,0.027893109247088432,Boston Celtics.,,,,neutral,0,0.06422404199838638
1303,where did helium come from the early universe,Primordial nucleosynthesis,True,I don't know,0.0,0.0,0.0,neutral,0,0.07747097313404083,The primary accounts did not survive.,0.0,0.0,0.0,entailment,1,0.9605904817581177
1304,how did the french and indian war lead to the proclamation of 1763,,False,I don't know,,,,contradiction,0,0.0288140457123518,"The 1763 Treaty of Paris ended the major war known by Americans as the French and Indian War and by Canadians as the Seven Years'War / Guerre de Sept Ans, or by French - Canadians, La Guerre de la Conquête.",,,,entailment,1,0.9726699590682983
1305,what is meant by cyst in the ovary,a fluid-filled sac within the ovary,True,I don't know,0.0,0.0,0.0,neutral,0,0.15694108605384827,/Th> /Tr> /Tr> /Tr> /Tr> /Tr> /Tr> /Tr> /Tr> /Tr> /Tr,0.0,0.0,0.0,contradiction,0,0.36810436844825745
1306,what type of speech is the gettysburg address,,False,I don't know,,,,contradiction,0,0.20368945598602295,"The Four Freedoms were goals articulated by United States President Franklin D. Roosevelt on Monday, January 6, 1941.",,,,entailment,1,0.9526219367980957
1307,who plays the little girl in field of dreams,Gabrielle Mary Hoffmann,True,I don't know,0.0,0.0,0.0,neutral,0,0.2801525592803955,"Eurythmics /Th> /Tr> Tr> Tr> Th colspan=""2""> /Tr> /Tr> Th colspan=""2""> Single by Eurythmic",0.0,0.0,0.0,entailment,1,0.7253166437149048
1308,who played jimmy edwards on one tree hill,,False,I don't know,,,,entailment,1,0.359621524810791,"The CW /Th> Td> Tr> Tr> Td colspan=""2""> One Tree Hill /Th> /Tr> Tr> Td colspan=""2"">",,,,entailment,1,0.7713011503219604
1309,who plays the kree on agents of shield,,False,I don't know,,,,neutral,0,0.02188938297331333,The supplemental digital series Marvel's Agents also includes characters from the series.,,,,neutral,0,0.008153041824698448
1310,use a ph scale to indicate acid and alkaline soil,,False,I don't know,,,,neutral,0,0.006534341722726822,HCO ).,,,,neutral,0,0.016781717538833618
1311,who produced as long as you love me,"Rodney ""Darkchild"" Jerkins",True,I don't know,0.0,0.0,0.0,contradiction,0,0.23223017156124115,"The single was released on June 11, 2012.",0.0,0.0,0.0,entailment,1,0.9708092212677002
1312,when does megan die in life as we knew it,,False,I don't know,,,,neutral,0,0.17102934420108795,The Dead and the Gone This World was published in 2004.,,,,contradiction,0,0.056579068303108215
1313,a major reason for the rapid rise in mexican foreign debt was,,False,Malayalam newspapers,,,,contradiction,0,0.025845840573310852,Malayalam newspapers,,,,contradiction,0,0.025845840573310852
1314,what does the speed of a lens mean,"maximum aperture diameter, or minimum f-number, of a photographic lens. A lens with a larger maximum aperture (that is, a smaller minimum f-number)",True,I don't know,0.0,0.0,0.0,neutral,0,0.0749877542257309,The term '' lens speed '' is a synonym for '' lens speed ''.,0.0,0.24242424242424243,0.0,entailment,1,0.564312756061554
1315,when will it start getting hot in georgia,,False,I don't know,,,,neutral,0,0.055229559540748596,is a discrepancy in the number of jobs created in Georgia.,,,,neutral,0,0.019301777705550194
1316,three years after its original ruling the supreme court reversed its opinion about which law,,False,Disney Vault,,,,contradiction,0,0.12724226713180542,Disney Vault,,,,contradiction,0,0.12724226713180542
1317,when is season 3 of star vs the forces of evil come out,"July 15, 2017",True,I don't know,0.0,0.0,0.0,entailment,1,0.5402327179908752,The series is a comedy series.,0.0,0.0,0.0,neutral,0,0.01250518299639225
1318,most points ever averaged in a nba season,"1,389",True,"seasons, the highest - paid NBA players have received contracts with salaries noted in the twenty - million - dollar range",0.0,0.0,0.0,neutral,0,0.01578347384929657,"seasons, the highest paid NBA players have received contracts with salaries noted in the twenty - million - dollar range.",0.0,0.0,0.0,neutral,0,0.00999805610626936
1319,where was the titanic going when it sunk,New York City,True,I don't know,0.0,0.0,0.0,neutral,0,0.11359462141990662,The proverb originated in Wales.,0.0,0.0,0.0,contradiction,0,0.02281126193702221
1320,who sings it all started with a beer,Frankie Ballard,True,I don't know,0.0,0.0,1.0,neutral,0,0.1923954337835312,The song was written by Jaren Johnston and Neil Mason.,0.0,0.0,1.0,neutral,0,0.005854297894984484
1321,who was the first sri lankan politician who held the office of the prime minister for four times,Ranil Wickramasinghe,True,"India, the Prime Minister would be replaced by a new Prime Minister.",0.0,0.0,0.0,entailment,1,0.8138777613639832,"Indian National Congress party, Indira Gandhi was sworn in as Prime Minister.",0.0,0.0,0.0,entailment,1,0.9284242987632751
1322,what is the relationship between measurement and quality control,,False,I don't know,,,,contradiction,0,0.03384346887469292,The text is a list of textual elements.,,,,neutral,0,0.18001846969127655
1323,how many games did the cowboys win last year,9,True,NBA's record.,0.0,0.0,1.0,contradiction,0,0.03547973185777664,The Mavericks were dreadful.,0.0,0.0,1.0,neutral,0,0.04491556063294411
1324,who are the presidents appointed by someone else other than the chief justice,,False,I don't know,,,,contradiction,0,0.04210681840777397,The Chief of Naval Staff was the highest ranking military officer of the Nigerian Navy.,,,,entailment,1,0.9805150032043457
1325,what does the pacific ring of fire mean for our future,,False,I don't know,,,,neutral,0,0.13675715029239655,volcanic eruptions occurred at volcanoes in the Ring of Fire.,,,,neutral,0,0.3071445822715759
1326,how does mass marketing help the u.s. economy function,,False,I don't know,,,,neutral,0,0.06744362413883209,Remember that it is an additive function and exploit the parallel axis and perpendicular axis theorems.,,,,entailment,1,0.9536320567131042
1327,where is the aqueous humor located in a cow eye,ciliary epithelium,True,Iowa-Missouri border.,0.0,0.0,0.0,contradiction,0,0.1976187825202942,Iowa River,0.0,0.0,0.0,contradiction,0,0.07882539182901382
1328,where are the world juniors being played this year,,False,I don't know,,,,neutral,0,0.07348114252090454,The NAIRU is a term used to describe the non-accelerating inflation rate of unemployment.,,,,neutral,0,0.07928134500980377
1329,who signed the general order that recognized chief petty officer as an official navy rate,,False,I don't know,,,,contradiction,0,0.04573869705200195,"The current Chief of Naval Staff is Ibok Ekwe Ibas who was appointed on July 13, 2015 by President Muhammadu Buhari to succeeded Usman Oyibe Jibrin.",,,,entailment,1,0.8330262303352356
1330,what book is the lake house movie based on,,False,I don't know,,,,contradiction,0,0.1014752984046936,Game of Thrones.,,,,contradiction,0,0.15425993502140045
1331,list of top colleges in mumbai for commerce,,False,Home runs hit,,,,entailment,1,0.9074355363845825,The list of top 300 Major League Baseball leaders in home runs hit is a list of the top 300 Major League Baseball leaders in home runs hit.,,,,entailment,1,0.9788317680358887
1332,malcolm in the middle high school play cast,,False,I don't know,,,,neutral,0,0.04410281777381897,"The following characters had significant roles in the American television comedy series Malcolm in the Middle, which was originally televised from 2000 to 2006 on the Fox Network.",,,,entailment,1,0.9487860202789307
1333,what does the a113 mean in disney movies,,False,season,,,,neutral,0,0.09203336387872696,"The first episode of the series premiered on January 18, 2015.",,,,neutral,0,0.01782086119055748
1334,which item is not part of the ghs system,,False,I don't know,,,,contradiction,0,0.20983029901981354,The earliest known idiomatic use of the phrase is from 1907 in southern Indiana.,,,,entailment,1,0.9855279326438904
1335,which branch of government commands the army and navy,executive branch,True,I don't know,0.0,0.0,1.0,contradiction,0,0.19171473383903503,The photograph of Robert E. Lee in March 1864 was taken in March 1864.,0.0,0.0,1.0,entailment,1,0.9570220112800598
1336,who played lincoln in steven spielberg's lincoln,Daniel Day-Lewis,True,I don't know,0.0,0.0,0.0,contradiction,0,0.2072996199131012,Theatrical release poster /Th> /Th> /Th> /Th> /Th> /Th> Directed by /Th> Td> /Tr> /Th> Produced,0.0,0.0,0.0,entailment,1,0.721235990524292
1337,who is the father of gon in hunter x hunter,,False,Iduna,,,,entailment,1,0.4709680676460266,Iduna.,,,,neutral,0,0.2407178282737732
1338,who played the guitar solo on the beatles taxman,,False,"New Orleans, Klaus and Elijah were forced to return to New Orleans.",,,,contradiction,0,0.12080413848161697,"New Orleans area, Klaus and Elijah were forced to return to New Orleans.",,,,neutral,0,0.10624421387910843
1339,who plays the daughter of the president in designated survivor,,False,The Dumping Ground,,,,neutral,0,0.06408610939979553,The Dumping Ground.,,,,neutral,0,0.038741324096918106
1340,how did make it or break it end,,False,March 2012 ) ( Learn how and when to remove this template message ) /Td> /Tr> /Table> Table> Tr> Td> Td> This article relies too much on references to primary sources.,,,,entailment,1,0.8662424683570862,2012 ) ( Learn how and when to remove this template message ) /Td> /Tr> /Table> Table> Tr> Td> /Td> Td> This article relies too much on,,,,entailment,1,0.7436525225639343
1341,when was a new hope added to star wars,,False,I don't know,,,,contradiction,0,0.08984411507844925,The first appearance of Princess Leia in the 1977 Star Wars film was in 1977.,,,,contradiction,0,0.290546178817749
1342,grim adventures of billy and mandy live action,,False,I don't know,,,,contradiction,0,0.14094328880310059,"The Grim Adventures of Billy & Mandy /Th> /Th> /Tr> Tr> Td colspan=""2""> /Tr> /Tr> Tr> Th>",,,,entailment,1,0.7706964612007141
1343,collect information about various observatories in india and present it in the class wikipedia,,False,I don't know,,,,neutral,0,0.09294018149375916,Hinduism and Islam.,,,,neutral,0,0.04856427386403084
1344,who plays daniel in descendants of the sun,Cho Tae-gwan,True,I don't know,0.0,0.0,0.0,contradiction,0,0.17755502462387085,"The Egyptians divided the day into two 12 - hour periods, and used large obelisks to track the day.",0.0,0.0,0.0,neutral,0,0.08841025084257126
1345,the history of the book of galatians in the bible,,False,I don't know,,,,neutral,0,0.01514752209186554,"manna was a fine, flake - like thing like the frost on the ground",,,,neutral,0,0.014447106048464775
1346,where did the first hominids settle in italy,,False,I don't know,,,,contradiction,0,0.031369898468256,The album Where Did Our Love Go was released in 1964.,,,,neutral,0,0.015204119496047497
1347,what does a new york accent sound like,,False,I don't know,,,,neutral,0,0.04263843968510628,The TFSA is a type of savings account that is not a cash savings account.,,,,neutral,0,0.1067560613155365
1348,what is the song king and lionheart about,,False,I don't know,,,,neutral,0,0.1603822559118271,"King and Lionheart '' /Th> /Tr> Tr> Td colspan=""2""> /Tr> /Tr> Tr> Th colspan=""2""> Single by",,,,entailment,1,0.8081643581390381
1349,luke bryan - that's my kind of night,,False,I don't know,,,,neutral,0,0.16205109655857086,The song was written by Luke Bryan and recorded by Jeff Stevens.,,,,neutral,0,0.030576171353459358
1350,i come from barcelona. i know nothing,,False,I don't know,,,,contradiction,0,0.12486603856086731,Know Nothing /Th> /Th> /Tr> Tr> Tr> Tr> Tr> Tr> Tr> Tr> Tr> Tr> ,,,,contradiction,0,0.3023151457309723
1351,map of the united states divided into 5 regions,,False,I don't know,,,,neutral,0,0.20710249245166779,"geography, or geography, is a classification of geographic regions.",,,,entailment,1,0.7969017624855042
1352,how many kinds of basidiocarps are recognised in polyporus,,False,I don't know,,,,neutral,0,0.0951652005314827,The Turkish government has a system of remanding prisoners.,,,,neutral,0,0.4414849281311035
1353,who plays leonard snart in legends of tomorrow,Wentworth Earl Miller III,True,Surrey,0.0,0.0,0.0,contradiction,0,0.020554224029183388,The location of the theatre is not specified.,0.0,0.0,0.0,neutral,0,0.016150837764143944
1354,when was divorce legalized in the united states,,False,I don't know,,,,contradiction,0,0.12001695483922958,"The Cold War was a state of geopolitical tension after World War II between powers in the Eastern Bloc ( the Soviet Union and its satellite states ) and powers in the Western Bloc ( the United States, its NATO allies and others and others ).",,,,entailment,1,0.49081405997276306
1355,who plays lily bell on hell on wheels,,False,A one - act tragedy,,,,contradiction,0,0.07672252506017685,"A one - act tragedy, the play is set in the Aran Islands, Inishmaan, and like all of Synge's plays it is noted for capturing the poetic dialogue of rural Ireland.",,,,neutral,0,0.004230194725096226
1356,president of the largest steel company in 1923,,False,I don't know,,,,contradiction,0,0.04566335678100586,The current President of the Quorum of the Twelve is Dallin H. Oaks.,,,,neutral,0,0.035002462565898895
1357,how to get visa on arrival in pakistan,,False,I don't know,,,,neutral,0,0.11163654178380966,The governor generals who represented them from 1947 to 1956 were the British monarch.,,,,neutral,0,0.05986533686518669
1358,number of tube cells in the nucule of chara,,False,I don't know,,,,neutral,0,0.03429646044969559,Chromatin is only found in eukaryotic cells.,,,,neutral,0,0.015847904607653618
1359,where are semilunar valves to be found in the mammalian heart,,False,re,,,,neutral,0,0.3309960961341858,The redox reaction is a process in which electrons are transported via electron transport chains.,,,,neutral,0,0.27549105882644653
1360,is antarctica totally situated in the antarctica circle,,False,"The group leader asks who stole a cookie from an apocryphal cookie jar, followed by the name of one of the children in the circle.",,,,neutral,0,0.022247526794672012,circle.,,,,neutral,0,0.2469571828842163
1361,list of political parties in pakistan with leaders,,False,I don't know,,,,contradiction,0,0.12569671869277954,The Democratic Party /Td> /Td> /Td> /Td> /Td> /Td> /Td> /Td> /Td> /Td> ,,,,entailment,1,0.6051576137542725
1362,koi wa ameagari no you ni second season,,False,I don't know,,,,contradiction,0,0.1929478496313095,The first volume of manga was published by Shogakukan.,,,,entailment,1,0.9757195115089417
1363,where is passing certificate number on hsc certificate of maharashtra,,False,I don't know,,,,contradiction,0,0.08302109688520432,Maharashtra State Board of Secondary and Higher Secondary Education,,,,neutral,0,0.08216740190982819
1364,interim national medical and dental council of south africa,,False,I don't know,,,,contradiction,0,0.061867617070674896,"Table> Trade unions in South Africa Tr> Th> COSATU, FEDUSA, NACTU, CONSAWU /Td> /Tr> Tr> Tr> Tr> ",,,,contradiction,0,0.07476146519184113
1365,what are the sirens in o brother where art thou,,False,I don't know,,,,neutral,0,0.24647648632526398,The Ten Commandments are a series of books on Catholic theology.,,,,neutral,0,0.016358207911252975
1366,what was the composition of the estate general of france,clergy,True,Convention,0.0,0.0,0.0,contradiction,0,0.044818539172410965,The United States.,0.0,0.0,0.0,neutral,0,0.20930324494838715
1367,when did the falcons last win the superbowl,,False,I don't know,,,,contradiction,0,0.035873107612133026,Cleveland Cavaliers,,,,contradiction,0,0.04360491782426834
1368,victims of trafficking and violence protection act 2000,,False,I don't know,,,,contradiction,0,0.1294187307357788,"The Act was passed by the House on May 9, 2000 ( Voice Vote ).",,,,contradiction,0,0.02091185562312603
1369,who sang nothing going on but the rent,,False,I don't know,,,,contradiction,0,0.2053234726190567,"Gwen Guthrie /Tr> /Tr> /Tr> /Tr> /Tr> Th colspan=""2""> /Tr> /Tr> Th colspan",,,,entailment,1,0.6377779841423035
1370,the largest freshwater lakes is in which continent,,False,Al O,,,,neutral,0,0.06756594032049179,Al O.,,,,neutral,0,0.0829620212316513
1371,who is responsible for resolving conflicts in a country,,False,BCG immunization efficacy in adults.,,,,neutral,0,0.24753056466579437,effectiveness of BCG immunization in adults.,,,,neutral,0,0.1700376719236374
1372,who won season one of rupaul's drag race,BeBe Zahara Benet,True,I don't know,0.0,0.0,1.0,neutral,0,0.2322230339050293,"Tr> Th colspan=""2""> RuPaul's Drag Race /Th> /Tr> Th colspan=""2""> RuPaul's Drag Race /Th> /Tr> Th",0.0,0.0,1.0,contradiction,0,0.25259140133857727
1373,who plays 15 cent in the proud family movie,Omarion,True,I don't know,0.0,0.0,1.0,neutral,0,0.12409162521362305,Producer ( ),0.0,0.0,1.0,neutral,0,0.14199978113174438
1374,how did spain rule its empire in the americas,,False,I don't know,,,,neutral,0,0.01705719530582428,American quest for honor after its humiliations by the British were satisfied.,,,,neutral,0,0.006432483904063702
1375,who won the gold metal for men's ice hockey in 2014,Canada,True,I don't know,0.0,0.0,1.0,contradiction,0,0.1501019150018692,"The first recorded indoor ice hockey game took place at the Victoria Skating Rink in Montreal, Quebec, Canada.",0.0,0.10526315789473684,1.0,contradiction,0,0.07133125513792038
1376,what is the name of the pig in charlotte's web,Wilbur,True,I don't know,0.0,0.0,0.0,contradiction,0,0.10927936434745789,The pig is the twelfth and last sign of the Earthly Branches (  ).,0.0,0.0,0.0,entailment,1,0.7885965704917908
1377,when did women get the right to vote in england,,False,Constitution,,,,neutral,0,0.0685516744852066,The Twentieth Amendment requires each elector to cast one vote for president and another vote for vice president.,,,,neutral,0,0.028553612530231476
1378,where is the land rover discovery sport built,,False,I don't know,,,,neutral,0,0.21046994626522064,The Land Rover Discovery Sport is a 5 door SUV with a front-wheel drive or four-wheel drive platform.,,,,neutral,0,0.019028697162866592
1379,show me a map of denmark and sweden,,False,I don't know,,,,contradiction,0,0.1466788947582245,R.H. Macy and Company Store /Td> /Tr> /Tr> /Tr> /Tr> /Tr> /Tr> /Tr> /Tr> ,,,,contradiction,0,0.11372677236795425
1380,jaws show me the way to go home lyrics,,False,I don't know,,,,neutral,0,0.05819758027791977,Visualization of the whole observable universe.,,,,neutral,0,0.11621002107858658
1381,who sang i want to change the world,Alvin Lee,True,I don't know,0.0,0.0,1.0,contradiction,0,0.20172160863876343,The song was released in 1971.,0.0,0.0,1.0,entailment,1,0.8814830780029297
1382,who has won the race to liquefy helium,Heike Kamerlingh Onnes,True,I don't know,0.0,0.0,0.0,contradiction,0,0.009568062610924244,The Montreal Canadiens have won the Stanley Cup 24 times and made the finals an additional ten times.,0.0,0.0,0.0,contradiction,0,0.013524660840630531
1383,who voices captain dog in puppy dog pals,Patrick Warburton,True,I don't know,0.0,0.0,0.0,neutral,0,0.1855321079492569,/Th> /Th> /Th> /Th> /Th> /Th> /Th> /Th> /Th> /Th> /Th> /Th> /Th,0.0,0.0,0.0,contradiction,0,0.31673210859298706
1384,what is the movie the secret scripture about,,False,I don't know,,,,contradiction,0,0.056416112929582596,stages of capitalism.,,,,contradiction,0,0.030771907418966293
1385,how many times have england reached the world cup final,,False,FIFA World Cup finals),,,,entailment,1,0.40647631883621216,Cup).,,,,entailment,1,0.470599889755249
1386,who had the biggest hair in the 80s,,False,America,,,,neutral,0,0.09661168605089188,American Revolution.,,,,neutral,0,0.10760489851236343
1387,who is known as the father of the internet,Vinton Gray Cerf,True,I don't know,0.0,0.0,0.0,neutral,0,0.035849664360284805,The Apostles Creed.,0.0,0.0,0.0,neutral,0,0.0529651865363121
1388,when was the first speed camera introduced in the uk,1991,True,I don't know,0.0,0.0,0.0,neutral,0,0.11914299428462982,The Bank Holidays Act 1871.,0.0,0.0,0.0,contradiction,0,0.10598370432853699
1389,when is the new year day celebrated according to the indian national calendar,March 22/21,True,I don't know,0.0,0.0,0.0,neutral,0,0.08380237966775894,The Super Bowl is the annual American football game that determines the champion of the National Football League ( NFL ).,0.0,0.0,0.0,entailment,1,0.49457690119743347
1390,how many numbers should a uk mobile have,,False,I don't know,,,,neutral,0,0.07729659229516983,are able to purchase alcohol legally in public places.,,,,neutral,0,0.13967172801494598
1391,when does the new legends of monkey season 2 come out,,False,I don't know,,,,neutral,0,0.06414452940225601,New Orleans.,,,,entailment,1,0.5597813725471497
1392,who is going to play richard pryor in the movie,,False,As I was going to St Ives,,,,neutral,0,0.26139768958091736,"The play begins with a framing device, often referred to as the induction, in which a mischievous nobleman tricks a drunken tinker named Christopher Sly into believing he is actually a nobleman himself.",,,,neutral,0,0.34274670481681824
1393,shape of you full song with lyrics download,,False,I don't know,,,,contradiction,0,0.18583527207374573,"The song itself derives from the way a tucker bag swayed to - and - fro on a swagman's back as he walked along, who was said to be out  waltzing Matilda ",,,,entailment,1,0.7857839465141296
1394,who are the gang of eight in washington,,False,I don't know,,,,neutral,0,0.01295546256005764,The Gang of Eight is a colloquial term for a set of eight leaders within the United States Congress who are briefed on classified intelligence matters by the executive branch.,,,,neutral,0,0.009151498787105083
1395,what is the reason the declaration of independence was written,,False,I don't know,,,,neutral,0,0.0111293476074934,"The United States Declaration of Independence was drafted by Thomas Jefferson, and then edited by the Committee of Five, which consisted of Jefferson, John Adams, Benjamin Franklin, Roger Sherman, and Robert Livingston.",,,,entailment,1,0.7329844832420349
1396,the presence of too many individuals in an area,,False,I don't know,,,,neutral,0,0.4473285675048828,"The Roaring Twenties ( and the Golden Twenties ) were a period of economic prosperity and growth for the middle class in North America, Europe and many other parts of the world.",,,,neutral,0,0.2819940447807312
1397,willy wonka and the chocolate factory 1971 cast charlie,Peter Ostrum,True,I don't know,0.0,0.0,1.0,neutral,0,0.2380976378917694,"Willy Wonka & the Chocolate Factory /Th> /Th> /Th> /Th> /Tr> Td colspan=""2""> Theatrical release poster /Th> /Tr>",0.0,0.0,1.0,entailment,1,0.5740338563919067
1398,who sings the most wonderful time of the year,Andy Williams,True,I don't know,0.0,0.0,1.0,neutral,0,0.05753691494464874,Chief of Naval Staff is the highest ranking military officer of the Nigerian Navy.,0.0,0.0,1.0,neutral,0,0.07080619782209396
1399,when have the bills been in the playoffs,,False,I don't know,,,,contradiction,0,0.02883066236972809,The Spanish flu epidemic.,,,,contradiction,0,0.028719721361994743
1400,list and briefly describe two types of collisional mountain belts,,False,I don't know,,,,neutral,0,0.14165140688419342,The show was renewed for a third season in February 2010.,,,,neutral,0,0.002658769953995943
1401,what is the difference between los angeles and los angeles county,,False,I don't know,,,,neutral,0,0.09699448943138123,"Los Angeles, the Los Angeles area has ten major league professional teams.",,,,entailment,1,0.6028282046318054
1402,who won the series between the red sox and yankees,,False,Sox,,,,contradiction,0,0.3706437349319458,The Yankees won the series 12 -- 11.,,,,contradiction,0,0.2852942943572998
1403,hey girl hey boy superstar dj here we go,,False,I don't know,,,,neutral,0,0.19388486444950104,"/Th> /Tr> /Tr> Th colspan=""2"">  Hey Hey, My My ( Into the Black ) '' /Th> /Tr> /Tr> ",,,,contradiction,0,0.2044781744480133
1404,the industrial revolution took place in england during,,False,Industrial Revolution,,,,entailment,1,0.5134446024894714,"The Rust Belt begins in western New York and traverses west through Pennsylvania, West Virginia, Ohio, Indiana, and the Lower Peninsula of Michigan, ending in northern Illinois, eastern Iowa, and southeastern Wisconsin.",,,,contradiction,0,0.018681753426790237
1405,definition of freedom of speech in the constitution,,False,I don't know,,,,contradiction,0,0.242689847946167,The Constitutional Law of the United States /Th> /Tr> Tr> Td> /Tr> Tr> Tr> Th> Overview /Th> /Tr> T,,,,entailment,1,0.845795750617981
1406,who plays alicia florrick's brother on the good wife,,False,I don't know,,,,contradiction,0,0.09229772537946701,"The Midianites were the descendants of Midian, who was a son of Abraham and his wife Keturah :  Abraham took a wife, and her name was Keturah. And she bare him Zimran, and Jokshan, and Med",,,,entailment,1,0.8538248538970947
1407,in the kansas city style of jazz arrangements were based on,memory,True,I don't know,0.0,0.0,0.0,contradiction,0,0.2239982932806015,"The first feature film originally presented as a talkie was The Jazz Singer, released in October 1927.",0.0,0.0,0.0,entailment,1,0.918355405330658
1408,who did the los angeles lakers pick up,,False,I don't know,,,,neutral,0,0.09699448943138123,"Los Angeles, the Los Angeles area has ten major league professional teams.",,,,entailment,1,0.6028282046318054
1409,when did they start putting vin numbers on cars,1954,True,I don't know,0.0,0.0,0.0,neutral,0,0.03679899498820305,"The Book of Exodus describes manna as being  a fine, flake - like thing '' like the frost on the ground.",0.0,0.0,0.0,entailment,1,0.8958919644355774
1410,where did the concept of informed consent first appear officially,a medical malpractice United States court case in 1957,True,I don't know,0.0,0.0,0.0,neutral,0,0.03601493313908577,is a science that is based on the theory of atoms.,0.0,0.09999999999999999,0.0,neutral,0,0.03284817561507225
1411,what was the oklahoma city bomb made out of,,False,I don't know,,,,contradiction,0,0.13953951001167297,"The date of the Oklahoma City bombing is April 19, 1995.",,,,contradiction,0,0.01207789033651352
1412,what was the top of the empire state building for,,False,I don't know,,,,contradiction,0,0.08675752580165863,song.,,,,neutral,0,0.13901256024837494
1413,who played roxy in the story of tracy beaker,Sophie Borja,True,I don't know,0.0,0.0,0.0,neutral,0,0.08774497359991074,The story is set in New York.,0.0,0.0,0.0,neutral,0,0.00569829111918807
1414,when does the regular season start for the nfl 2018,"September 6, 2018",True,draft,0.0,0.0,1.0,contradiction,0,0.000712095876224339,"The player who has the worst record the previous year picks first, the next - worst team second, and so on.",0.0,0.0,1.0,entailment,1,0.6325669884681702
1415,who plays regina's mother in once upon a time,,False,I don't know,,,,contradiction,0,0.16214551031589508,"- October 6, 2017 -",,,,contradiction,0,0.13397076725959778
1416,a criminal's modus operandi is the details of,,False,"grand jury, a grand jury is not a criminal investigation",,,,contradiction,0,0.01182741392403841,petit.,,,,neutral,0,0.35619619488716125
1417,what is the source of the yangtze river,Qinghai,True,I don't know,0.0,0.0,1.0,contradiction,0,0.11418920755386353,Middle East.,0.0,0.0,1.0,contradiction,0,0.1493881344795227
1418,when does season 2 of spirit riding free come out,"September 8, 2017",True,"Spirit Riding Free /Th> /Th> /Tr> Tr> Td colspan=""2""> /Tr> /Tr> Tr> Th> Genre /Th>",0.0,0.0,0.0,entailment,1,0.6560171842575073,"2""> Spirit Riding Free /Th> /Tr> Tr> Td colspan=""2""> /Tr> Tr> Tr> Th> Genre /Th> T",0.0,0.0,0.0,entailment,1,0.6843506097793579
1419,who does flag go to at a military funeral,the next of kin,True,I don't know,0.0,0.0,0.0,neutral,0,0.12511718273162842,The Gadsden flag is a historical American flag with a yellow field depicting a rattlesn.,0.0,0.10526315789473685,0.0,neutral,0,0.04469800740480423
1420,elvis presley vs. junkie xl a little less conversation,,False,I don't know,,,,neutral,0,0.2736971080303192,/Th> /Th> Th> Th> Th>  Almost in Love '' /Th> /Th> /Th> /Th> /Th> /Th> /,,,,entailment,1,0.43337199091911316
1421,when does the new mortal kombat come out,,False,I don't know,,,,contradiction,0,0.1985001415014267,"The original logo of the Mortal Kombat tournament /Td> /Tr> Tr> Td colspan=""2""> Mortal Kombat /Th> /Tr> Tr> Td cols",,,,entailment,1,0.4516931176185608
1422,whose voice is the robot on the orville,Rachael MacFarlane,True,I don't know,0.0,0.0,0.0,neutral,0,0.23901581764221191,"The biological donor is a married man, a former playboy.",0.0,0.0,0.0,neutral,0,0.3597038984298706
1423,what is the difference between 30-06 and 30-06 springfield,,False,I don't know,,,,contradiction,0,0.06396421045064926,"The cold front forms in the wake of an extratropical cyclone, at the leading edge of its cold air advection pattern, which is also known as the cyclone's dry conveyor belt circulation.",,,,neutral,0,0.042699649930000305
1424,every morning in africa a gazelle wakes up author,Abe Gubegna,True,I don't know,0.0,0.0,0.0,contradiction,0,0.11571171879768372,The meaning of the word '' Rip Van Winkle '' is '' Rip Van Winkle ''.,0.0,0.0,0.0,entailment,1,0.6865172386169434
1425,who played mr collins in bbc pride and prejudice,,False,I don't know,,,,contradiction,0,0.022913925349712372,"The album Flower Boy was released on June 30, 2017.",,,,contradiction,0,0.013837121427059174
1426,which of the following states is an example of fragmented states,,False,I don't know,,,,neutral,0,0.09530811011791229,Excretion is an essential process in all forms of life.,,,,neutral,0,0.0559922493994236
1427,is there a 500 dollar bill in us currency,,False,I don't know,,,,contradiction,0,0.10989360511302948,The Republic of Zimbabwe /Th> /Th> /Tr> /Tr> /Tr> /Tr> /Tr> /Tr> /Tr> /Tr> ,,,,contradiction,0,0.3803670406341553
1428,who did sweet pea belong to on popeye,Popeye,True,I don't know,0.0,0.0,0.0,contradiction,0,0.28515270352363586,"The album Sweet Dreams ( Are Made of This ) /Th> /Tr> Tr> Tr> Th colspan=""2""> /Tr> /Tr> Th colspan=""2""",0.0,0.0,0.0,entailment,1,0.8247458338737488
1429,average salary of a person in the united states,"$31,099",True,I don't know,0.0,0.0,0.0,neutral,0,0.0067792315967381,"The Department of Defense uses 4,600,000,000 US gallons ( 1.7  10 L ) of fuel annually, an average of 12,600,000 US gallons ( 48,000,000 L ) of fuel per year.",0.0,0.0,0.0,neutral,0,0.009322556667029858
1430,big machine vodka 400 at the brickyard race weekend,,False,I don't know,,,,contradiction,0,0.16377754509449005,Big Machine Vodka 400 at the Brickyard,,,,entailment,1,0.7020715475082397
1431,2006 gold medalist who's been a speed skating commentator for nbc olympic telecast,,False,I don't know,,,,neutral,0,0.11238973587751389,The show is a television show that airs on NBC.,,,,neutral,0,0.10916522145271301
1432,where did the saudi foreign minister go to school,University of North Texas,True,I don't know,0.0,0.0,1.0,neutral,0,0.156317338347435,The Supremes ),0.0,0.0,1.0,entailment,1,0.5777339339256287
1433,who is bone thugs n harmony signed to,eOne Entertainment,True,I don't know,0.0,0.0,0.0,neutral,0,0.18616090714931488,Associated acts /Li>,0.0,0.0,0.0,entailment,1,0.4181073307991028
1434,take me to the river walk me on the water,,False,I don't know,,,,neutral,0,0.2378397285938263,"Al Green Explores Your Mind is the debut studio album by Al Green, released on October 2, 1974.",,,,neutral,0,0.22544068098068237
1435,which country has qualified for the first time in 2018 fifa world cup,,False,I don't know,,,,contradiction,0,0.04117250442504883,FIFA World Cup in 1930.,,,,contradiction,0,0.042543020099401474
1436,winner of comedy circus ke ajoobe grand finale,Krishna Abhishek,True,I don't know,0.0,0.0,0.0,neutral,0,0.18122847378253937,The original network was Sony Entertainment Television /Td>,0.0,0.0,0.0,neutral,0,0.043944794684648514
1437,what is the purpose of the us military,,False,I don't know,,,,neutral,0,0.04632462188601494,"The Department of Defense was formed on September 18, 1947.",,,,neutral,0,0.019179675728082657
1438,who wrote the song don t want to miss a thing,Diane Warren,True,I don't know,0.0,0.0,1.0,contradiction,0,0.23024232685565948,"/Th> /Tr> Th colspan=""2"">  I Don't Want to Miss a Thing '' /Th> /Tr> Tr> Td colspan=""2",0.0,0.0,1.0,entailment,1,0.5672484040260315
1439,who won the most fa cups in england,Arsenal,True,FA,0.0,0.0,1.0,contradiction,0,0.013837838545441628,"The FA Cup is a knockout competition in English football, organised by and named after the Football Association.",0.0,0.0,1.0,contradiction,0,0.01320386491715908
1440,how long does it take grape juice to ferment into wine,from 5 to 14 days for primary fermentation and potentially another 5 to 10 days for a secondary fermentation,True,I don't know,0.0,0.0,1.0,neutral,0,0.06713362038135529,good old vintages.,0.0,0.0,1.0,neutral,0,0.15868809819221497
1441,when is groundhog day and how does it work,,False,Groundhog Day,,,,entailment,1,0.841782808303833,"Groundhog Day occurs on February 2, 2005.",,,,entailment,1,0.9786705374717712
1442,where do cherry blossom trees grow in the us,,False,I don't know,,,,neutral,0,0.16025879979133606,The poem is a lyric poem by American poet Joyce Kilmer.,,,,entailment,1,0.9836161732673645
1443,when is the last time an 11 seed made it to the elite 8,2018,True,manna,0.0,0.0,0.0,contradiction,0,0.2901964485645294,"The plough may be made of wood, iron, or steel frame with an attached blade or stick used to cut the soil and loosen it.",0.0,0.0,0.0,neutral,0,0.09762292355298996
1444,what territory did germany lose in the treaty of versailles,,False,I don't know,,,,contradiction,0,0.19571436941623688,The Treaty of Zgorzele was signed in 1945.,,,,contradiction,0,0.03460032865405083
1445,where was avril lavigne's head above water video filmed,Iceland,True,I don't know,0.0,0.0,0.0,neutral,0,0.21047908067703247,"The single was released on September 19, 2018 ( 2018 - 09 - 19 ) /Td> /Tr> Tr> Tr> Th colspan=""2""> /Tr> Tr> ",0.0,0.0,0.0,entailment,1,0.7318143844604492
1446,is the movie brave based on a true story,,False,I don't know,,,,neutral,0,0.22771480679512024,"CI, they are likely to contain the true value of the unknown population parameter.",,,,neutral,0,0.16457690298557281
1447,where did the phrase red tape come from,,False,I don't know,,,,neutral,0,0.2009354829788208,The Supremes.,,,,entailment,1,0.8860556483268738
1448,who are the associate justices of the supreme court,Anthony Kennedy,True,I don't know,0.0,0.0,1.0,contradiction,0,0.2897195518016815,The current members /Th> /Tr> Tr> Td> Dl> Dt> Chief Justice /Dt> Dd> John Roberts /Dd> Dt> Associate Justices,0.0,0.0,1.0,entailment,1,0.8614016175270081
1449,where is area code 705 in ontario canada,,False,I don't know,,,,neutral,0,0.007657939568161964,The provinces and territories of Canada are the administrative divisions that are responsible for the delivery of sub-national governance within the geographical areas of Canada under the authority of the Canadian Constitution.,,,,neutral,0,0.010365518741309643
1450,where was the ishtar gate erected and what was its purpose,,False,I don't know,,,,neutral,0,0.18899957835674286,The Philistine captivity was a general purpose electromechanical computer that was used in the war effort during the last part of World War II.,,,,neutral,0,0.17937114834785461
1451,college that has produced the most nfl quarterbacks,Purdue,True,AFL -- NFL World Championship Game,0.0,0.0,1.0,neutral,0,0.20536917448043823,The Super Bowl is the annual American football game that determines the champion of the National Football League ( NFL ).,0.0,0.0,1.0,entailment,1,0.902077317237854
1452,who played tommy in monk and the kid,,False,I don't know,,,,contradiction,0,0.04013609513640404,"/P> Ol> Li> have played at least one Serie A game for the respective club ( seasons in which and teams for, a player, did not collected any caps in Serie A, have NOT to be listed ).",,,,contradiction,0,0.01578640565276146
1453,who is first military head of state in nigeria,,False,I don't know,,,,contradiction,0,0.0391235426068306,"The governor must act on the advice of the popularly elected council of ministers, headed by the chief minister, who thus hold the presidency.",,,,neutral,0,0.00790376216173172
1454,who's opening for justin timberlake in chicago,The Shadowboxers,True,I don't know,0.0,0.0,0.0,neutral,0,0.048480674624443054,The show has a two - tiered cast.,0.0,0.22222222222222224,0.0,entailment,1,0.9849749207496643
1455,lyrics to the raven by edgar allan poe,,False,I don't know,,,,contradiction,0,0.23414167761802673,The book was published in November 1846.,,,,neutral,0,0.007426512893289328
1456,who is representing mexico in little league world series,"Matamoros, Tamaulipas",True,I don't know,0.0,0.0,0.0,contradiction,0,0.12117988616228104,"The Little League World Series /Th> /Th> /Tr> Th colspan=""2""> 2018 Little League World Series /Th> /Tr> Td colspan=""2""> /Tr>",0.0,0.0,0.0,entailment,1,0.45884260535240173
1457,the fa premier league is owned by 20 shareholders who are,the 20 member clubs,True,I don't know,0.0,0.0,0.0,contradiction,0,0.13921330869197845,Manchester City ( 3rd title ),0.0,0.0,0.0,neutral,0,0.05858965963125229
1458,who plays jack on secret life of the american teenager,Gregory P. Finley II,True,I don't know,0.0,0.0,0.0,contradiction,0,0.3523884117603302,The Secret Life of the American Teenager ( season 1) /Th> /Tr> /Tr> /Th> /Th> /Th> /Th> /Th> /Th> /Tr>,0.0,0.0,0.0,entailment,1,0.6436790823936462
1459,who has the most grammys of all time,Sir Georg Solti,True,individual right to keep and bear arms,0.0,0.0,0.0,neutral,0,0.38007816672325134,The Constitution does not explicitly guarantee private citizens.,0.0,0.0,0.0,neutral,0,0.12284281849861145
1460,toray pan pacific open 2018 order of play,,False,I don't know,,,,neutral,0,0.19040121138095856,The Toray Pan Pacific Open /Th> /Th> /Th> /Th> /Th> /Th> /Th> /Th> /Th> /Th> /Th> /,,,,entailment,1,0.7211691737174988
1461,what happened to the cast of george lopez show,,False,I don't know,,,,neutral,0,0.06248990818858147,The original trilogy saw the most alteration.,,,,neutral,0,0.015073871240019798
1462,the process of converting ac to dc is called,,False,I don't know,,,,neutral,0,0.1116771325469017,electrons from the water is a waste product of photosynthesis.,,,,neutral,0,0.23282308876514435
1463,what event pushed england to enter world war 1,,False,American Civil War is the event,,,,contradiction,0,0.036715518683195114,"American Civil War historians would agree that the eventual outcome was inevitable, the Battle of Gettysburg in July 1863 is the event most modern scholars would agree that the eventual outcome was inevitable.",,,,neutral,0,0.019843440502882004
1464,why are so many places in cornwall named after saints,,False,I don't know,,,,neutral,0,0.06522205471992493,The Pig is the twelfth and last sign of the Earthly Branches (  ).,,,,neutral,0,0.06456941366195679
1465,bungee jumping in south africa of highest jump in world,,False,I don't know,,,,neutral,0,0.18898586928844452,"Colspan=""2""> The Bloukrans River Bridge",,,,entailment,1,0.6489191055297852
1466,who wrote dr dre verse on forgot about dre,Eminem,True,I don't know,0.0,0.0,1.0,contradiction,0,0.18199627101421356,Dr. Dre was a singer and songwriter.,0.0,0.0,1.0,neutral,0,0.46564745903015137
1467,how has folk culture clashed with pop culture in bhutan,,False,I don't know,,,,neutral,0,0.07961790263652802,Culture of Bhutan,,,,neutral,0,0.36999472975730896
1468,where did the term labor day come from,,False,I don't know,,,,neutral,0,0.20395749807357788,"The term is a shortening of the term  duck's egg '', the latter being used long before Test cricket began.",,,,entailment,1,0.9496020674705505
1469,where are most of the gas molecules in the atmosphere found,,False,I don't know,,,,neutral,0,0.0035018189810216427,The subscript x in each symbol represents the source of the gas being measured ;,,,,neutral,0,0.08116035163402557
1470,who does the voice of elsa on frozen,primarily by Broadway actress and singer Idina Menzel,True,I don't know,0.0,0.0,0.0,contradiction,0,0.24106349050998688,The King and Queen of Arendelle ( parents ) /Th> Td> Ul> Li> Princess of Arendelle /Li> /Ul> /Td> /Tr> T,0.0,0.07407407407407407,0.0,contradiction,0,0.1539888232946396
1471,how many miles from new york to nebraska,,False,"New York, New York ''",,,,entailment,1,0.5113529562950134,The Erie Canal is a canal in the United States.,,,,entailment,1,0.8700896501541138
1472,9. which of these was not an atomic bomb dropped on either hiroshima or nagasaki,,False,I don't know,,,,contradiction,0,0.2299506813287735,/Th> /Tr> /Tr> /Tr> /Tr> /Tr> /Tr> /Tr> /Tr> /Tr> /Tr,,,,contradiction,0,0.27029529213905334
1473,the simple solution is usually the right one,,False,I don't know,,,,neutral,0,0.08661911636590958,"The round ligament pain is pain associated with the round ligament of the uterus, usually during pregnancy.",,,,neutral,0,0.3161994218826294
1474,the greatest thing you'll ever learn bowie,,False,I don't know,,,,neutral,0,0.33796682953834534,"The single was released on May 27, 1997 /Tr> /Tr> Tr> Th> Th>  We 'll Always Love Big Poppa '' /Li> Li> C",,,,entailment,1,0.9071794152259827
1475,when humanism took root in the north it did so as french humanism,,False,I don't know,,,,neutral,0,0.2543708384037018,Lee Richmond.,,,,contradiction,0,0.29148951172828674
1476,what kind of hawks live on long island,,False,I don't know,,,,neutral,0,0.21995052695274353,The album Armageddon : The Album /Th> /Th> /Tr> /Tr> /Tr> Th> B - side /Th> Td>  Animal Crackers '' ,,,,entailment,1,0.7926115989685059
1477,what does code red mean in the emergency room,fire has broken out somewhere in the hospital facility,True,I don't know,0.0,0.0,1.0,neutral,0,0.13946013152599335,"The room features three large south - facing windows behind the president's desk, and a fireplace at the north end.",0.0,0.07142857142857142,1.0,neutral,0,0.15101850032806396
1478,where did most american troops fight in ww1,,False,I don't know,,,,contradiction,0,0.008555966429412365,The album Where Did Our Love Go /Th> /Th> /Th> /Th> /Th> /Th> /Th> /Th> /Th> /Th> /Th> ,,,,contradiction,0,0.011510178446769714
1479,who played the frog in gnomeo and juliet,Ashley Jensen,True,I don't know,0.0,0.0,0.0,contradiction,0,0.03446106240153313,The relevant sentence in the passage is: /P> Tr> Td> /Td> Td> Td> Td> Td> Td> Td> Td>,0.0,0.0,0.0,neutral,0,0.09147949516773224
1480,who did the warriors play in the 2017 playoffs,,False,I don't know,,,,neutral,0,0.12023225426673889,The Washington Capitals are a professional ice hockey team.,,,,neutral,0,0.2015964537858963
1481,http uses a request/response style of communication,,False,I don't know,,,,contradiction,0,0.31734609603881836,Tr> Td> /Td> Td> An automated process has detected links on this page on the local or global blacklist. If the links are appropriate you may request whitelisting by following these instructions ; otherwise consider removing or replacing them with,,,,entailment,1,0.6645979881286621
1482,what are the three numbers in nhl records,,False,I don't know,,,,neutral,0,0.13031518459320068,The Stanley Cup has been won 100 times.,,,,neutral,0,0.07210453599691391
1483,who plays the king in the walking dead,,False,I don't know,,,,neutral,0,0.17882879078388214,The Black Knight is a fictional character who appears in a scene of the film Monty Python and the Holy Grail.,,,,neutral,0,0.13770094513893127
1484,where does the french riviera start and end,,False,He wrestled with the man,,,,neutral,0,0.02245762199163437,a man.,,,,neutral,0,0.028729896992444992
1485,who played dr watson in sherlock holmes 2009,,False,I don't know,,,,contradiction,0,0.07782109081745148,Richard Gordon /Td> Td> The Adventures of Sherlock Holmes /Td> Td> (American ) /Td> /Tr> Tr> Tr> Leigh Lovell /T,,,,entailment,1,0.6242175698280334
1486,what is the type of reaction that produces iodine from iodate and iodide,,False,physical chemistry,,,,neutral,0,0.45152875781059265,The iodine clock reaction is a classical chemical clock demonstration experiment to display chemical kinetics in action ; it was discovered by Hans Heinrich Landolt in 1886.,,,,entailment,1,0.9918891787528992
1487,what is the score in the british open,,False,I don't know,,,,contradiction,0,0.13558155298233032,"The Shrek Soundtracks are a collection of soundtracks from all four movies of the Shrek series, including separate editions for the movie score.",,,,neutral,0,0.3834446966648102
1488,when is super girl season three coming out,"October 9, 2017",True,I don't know,0.0,0.0,0.0,neutral,0,0.03206406533718109,The player must have played at least one game in the NFL regular season.,0.0,0.0,0.0,entailment,1,0.8676006197929382
1489,who received the most electoral votes in the 2000 presidential election,George Walker Bush,True,I don't know,0.0,0.0,0.0,contradiction,0,0.1723703145980835,The Electoral College had 270 electoral votes needed to win the election.,0.0,0.0,0.0,entailment,1,0.965314507484436
1490,why can't we be friends why can't we be friends why can't we be friends,,False,War chronology,,,,neutral,0,0.26763248443603516,War chronology /Th> /Th> /Tr> Tr> Tr> Tr> Tr> Tr> Th> Studio album by War /Th> /Th> ,,,,entailment,1,0.429263174533844
1491,where did the battle of chattanooga take place,October and November 1863,True,reaction that can take many years,0.0,0.0,0.0,neutral,0,0.11596166342496872,The reaction rate or rate of reaction is the speed at which reactants are converted into products.,0.0,0.0,0.0,neutral,0,0.2890627980232239
1492,when did the cross become a symbol of christianity,from the 4th century,True,I don't know,0.0,0.0,0.0,neutral,0,0.03552575036883354,The earlier Ordinance of 1784 was a resolution written by Thomas Jefferson ( delegate from Virginia ) calling for Congress to take action.,0.0,0.16,0.0,neutral,0,0.09712307155132294
1493,what does it mean to read with phrasing,,False,I don't know,,,,neutral,0,0.04220970720052719,"Giuseppe Cambini was a composer, violinist, and music teacher of the Classical period.",,,,neutral,0,0.11792478710412979
1494,when did anime become popular in the west,The 1960s,True,I don't know,0.0,0.0,0.0,contradiction,0,0.20867423713207245,"The story focuses on 12 - year - old Gon Freecss and his quest to become a Hunter in order to find his father, Ging Freecss, who is himself a famous Hunter.",0.0,0.0625,0.0,neutral,0,0.10655651241540909
1495,why does it make sense for the environmental protection agency,,False,I don't know,,,,contradiction,0,0.27898702025413513,The EPA Tr> Tr> Tr> Tr> Tr> Tr> Tr> Tr> Tr> Tr> Tr> Tr> ,,,,entailment,1,0.7054276466369629
1496,where has the us manufacturing belt been traditionally located (specific cities),Chicago,True,soil into a field,0.0,0.0,0.0,neutral,0,0.2587510049343109,The plow is a tool or farm implement used in farming for initial cultivation of soil in preparation for sowing seed or planting to loosen or turn the soil.,0.0,0.0,0.0,entailment,1,0.386197954416275
1497,where can wind shear associated with a thunderstorm be found,,False,I don't know,,,,neutral,0,0.17529511451721191,The lexical hypothesis is that personality characteristics that are most important in peoples'lives will eventually become a part of the lexical hypothesis.,,,,neutral,0,0.3632141947746277
1498,emily dickinson's because i could not stop for death,,False,I don't know,,,,contradiction,0,0.04119746387004852,Hiibel's name out of the Fifth Amendment.,,,,contradiction,0,0.024939825758337975
1499,who played young idgie in fried green tomatoes,,False,I don't know,,,,neutral,0,0.2115383744239807,Fannie Flagg,,,,entailment,1,0.5099852681159973
1500,who plays cj in dawn of the dead,,False,I don't know,,,,contradiction,0,0.20064428448677063,Day of the Dead /Th> /Th> /Th> /Th> /Th> /Th> /Th> /Th> /Th> /Th> /Th> /Th>,,,,entailment,1,0.42856565117836
1501,how did many western settlers get their land,,False,I don't know,,,,neutral,0,0.09785632789134979,States.,,,,neutral,0,0.1491367369890213
1502,which is the biggest bus stand in kerala,,False,I don't know,,,,contradiction,0,0.16783002018928528,/P>,,,,contradiction,0,0.14019224047660828
1503,what is the drive train on a bmw,,False,Sermon,,,,contradiction,0,0.0042519280686974525,"The sentence "" Show Me the Way to Go Home '' is a popular song written in 1925 by the pseudonymous  Irving King '' ( the English songwriting team James Campbell and Reginald Connelly ).",,,,contradiction,0,0.007844042964279652
1504,punjab and haryana high court chief justice name,Krishna Murari,True,I don't know,0.0,0.0,0.0,neutral,0,0.27013230323791504,"Punjab /Th> /Tr> /Tr> Tr> Td colspan=""2""> State /Tr> /Tr> Tr> Td colspan=""2""> The",0.0,0.0,0.0,entailment,1,0.6641067266464233
1505,who is the highest ranking member of the senate,president pro tempore,True,Vice President,0.0,0.4,1.0,neutral,0,0.04308019205927849,"The United States presidential line of succession follows the order of Vice President, Speaker of the House of Representatives, President pro tempore of the Senate, and then the heads of federal executive departments who form the Cabinet of the United States.",0.0,0.13636363636363635,1.0,neutral,0,0.08608797937631607
1506,in contrast to the romantic movement the victorian era may be characterized by a focus on,,False,Romanticism,,,,entailment,1,0.8236564993858337,"The movement emphasized intense emotion as an authentic source of aesthetic experience, placing new emphasis on such emotions as apprehension, horror and terror, and awe -- especially that experienced in confronting the new aesthetic categories of the sublimity and beauty of nature.",,,,neutral,0,0.304042786359787
1507,who was the president when nafta was passed,Clinton,True,I don't know,0.0,0.0,0.0,contradiction,0,0.13114449381828308,"The first president of the Church, Joseph Smith, died in 1844.",0.0,0.0,0.0,entailment,1,0.9679603576660156
1508,fast and furious 7 who plays paul walker,,False,I don't know,,,,neutral,0,0.2627076208591461,The Turbo Charged Prelude for 2 Fast 2 Furious ( 2003 ) /Li> Li> Los Bandoleros ( 2009 ) /Li> /Li> /Li>,,,,neutral,0,0.3255375027656555
1509,panic a fever you can't sweat out lyrics,,False,I don't know,,,,contradiction,0,0.1762418895959854,Panic! at the Disco,,,,entailment,1,0.7580853700637817
1510,christian name for baby boy starting with n,,False,I don't know,,,,neutral,0,0.052142027765512466,Google's machine translation.,,,,neutral,0,0.023597361519932747
1511,what is the purpose of a probate court,,False,I don't know,,,,contradiction,0,0.12771116197109222,The rifling is a mechanism for gyroscopically stabilizing the projectile.,,,,neutral,0,0.1640634536743164
1512,difference between a turn coordinator and a turn and slip indicator,,False,I don't know,,,,neutral,0,0.19774973392486572,"The solar wind is a stream of charged particles released from the upper atmosphere of the Sun, called the corona.",,,,neutral,0,0.3679977059364319
1513,when is a breast cancer patient considered a survivor,"""living with or beyond cancer""",True,I don't know,0.0,0.0,0.0,neutral,0,0.06865230202674866,"The classical signs of inflammation are heat, pain, redness, swelling, and loss of function.",0.0,0.0,0.0,neutral,0,0.06580615788698196
1514,the st. lawrence river is one of the most important rivers to which country,,False,I don't know,,,,neutral,0,0.053973209112882614,"The first Mississippi steamboat reached Cedar Rapids, Iowa in 18",,,,neutral,0,0.12443697452545166
1515,explain the process of development of state formation under the gupta period,,False,I don't know,,,,contradiction,0,0.020244700834155083,"The standard enthalpy of formation or standard heat of formation of a compound is the change of enthalpy during the formation of 1 mole of the substance from its constituent elements, with all substances in their standard states, and at a pressure of 1 bar ( 100 k",,,,contradiction,0,0.10981390625238419
1516,name four types of lymphocytes involved in cellular immunity,,False,I don't know,,,,neutral,0,0.05951585993170738,Cells are the basic unit of structure in all organisms and also the basic unit of reproduction.,,,,neutral,0,0.05285835638642311
1517,where did system of a down come from,"Glendale, California",True,I don't know,0.0,0.0,0.0,neutral,0,0.2009354829788208,The Supremes.,0.0,0.0,0.0,entailment,1,0.8860556483268738
1518,where does the last name quintanilla come from,,False,Enrique Perea Quintanilla,,,,contradiction,0,0.1681906282901764,The name Quintanilla may refer to:,,,,entailment,1,0.7762281894683838
1519,what is the hungarian name for cabbage and noodles,,False,flag is hung,,,,neutral,0,0.29212599992752075,flag is positioned,,,,neutral,0,0.3036178946495056
1520,how many poisonous snakes are in the united states,,False,I don't know,,,,neutral,0,0.05756160616874695,The First Amendment is a fundamental right of all Americans to freedom of religion.,,,,neutral,0,0.06720250844955444
1521,who wants to be a millionaire mark labbett,,False,I don't know,,,,contradiction,0,0.34847861528396606,"Mark Andrew Labbett /Th> /Th> /Th> /Th> Tr> Th colspan=""2""> Mark Andrew Labbett /Th> /Th> Tr> Th> ",,,,entailment,1,0.5603170394897461
1522,list of duties of the president of the united states,,False,"vice president of the United States are elected by small groups of appointed representatives, electors, from each state and the District of Columbia.",,,,neutral,0,0.022814098745584488,"President of the United States are elected by small groups of appointed representatives, electors, from each state and the District of Columbia.",,,,neutral,0,0.03427598625421524
1523,who played katherine chancellor's son on y&r,Beau Kazer,True,I don't know,0.0,0.0,0.0,contradiction,0,0.06620278209447861,Aegina.,0.0,0.0,0.0,contradiction,0,0.09855552762746811
1524,what are the major criticisms of the court system in the united states today,,False,I don't know,,,,neutral,0,0.16288091242313385,United States Electoral College,,,,entailment,1,0.8509607911109924
1525,where did the medical model of disability come from,,False,I don't know,,,,neutral,0,0.2009354829788208,The Supremes.,,,,entailment,1,0.8860556483268738
1526,what was the purpose of the underground rail road,,False,Hollywood blacklisted,,,,neutral,0,0.11329604685306549,Hollywood blacklisted.,,,,neutral,0,0.16368941962718964
1527,in another world with my smartphone touya kiss,,False,I don't know,,,,neutral,0,0.2586393654346466,The first volume of the novel was published by Hobby Japan /Td> /Tr> /Tr> /Tr> /Tr> /Tr> /Tr> /Tr> /Tr,,,,neutral,0,0.008138537406921387
1528,who won in india vs south africa 2018,,False,I don't know,,,,contradiction,0,0.1763419657945633,AB de Villiers ( 211 ) /Td> Td> Virat Kohli ( 286 ) /Td> Td> Vernon Philander ( 15 ) Kagiso Rabada ( 15 ) /Td,,,,contradiction,0,0.10884343087673187
1529,what were some of the routes in the underground railroad,,False,The Stolen Generations,,,,contradiction,0,0.12403129786252975,"Underground Railroad, the Stolen Generations were children of Australian Aboriginal and Torres Strait Islander descent who were removed from their families by the Australian Federal and State government agencies and church missions, under acts of their respective parliaments.",,,,contradiction,0,0.008989269845187664
1530,do you win with two numbers on euromillions,,False,I don't know,,,,contradiction,0,0.30161410570144653,Bill Russell,,,,entailment,1,0.33674412965774536
1531,who is the original singer of sitting on the dock of the bay,Otis Redding,True,I don't know,0.0,0.0,1.0,neutral,0,0.2496882528066635,"The Dock of the Bay /Th> /Th> /Tr> Tr> Tr> Td colspan=""2""> /Tr> Tr> Tr> Th colspan",0.0,0.0,1.0,entailment,1,0.5034003853797913
1532,under 19 cricket world cup 2008indian team squad,,False,I don't know,,,,contradiction,0,0.11324133723974228,"The 2018 FIFA World Cup, a total of 79 national teams have entered the competition.",,,,entailment,1,0.9858306050300598
1533,the substances that most directly control the rate of these reactions are known as,,False,chemical substances are transformed into products.,,,,entailment,1,0.9322753548622131,reactants can produce.,,,,entailment,1,0.8995030522346497
1534,what types of artifacts have been found in herculaneum and pompeii,,False,I don't know,,,,contradiction,0,0.16800959408283234,The coordinates of Ercolano /Td> /Tr> /Tr> /Tr> /Tr> /Tr> /Tr> /Tr> /Tr> ,,,,neutral,0,0.20386534929275513
1535,a person's belly button is in which region of the abdomen,,False,Ring of Fire,,,,contradiction,0,0.09202991425991058,Ring of Fire,,,,contradiction,0,0.09202991425991058
1536,who played topanga's aunt on boy meets world,,False,I don't know,,,,neutral,0,0.15453937649726868,"Tyler, the Creator featuring ASAP Rocky",,,,entailment,1,0.4648507237434387
1537,when did the army switch to digital camo,,False,I don't know,,,,neutral,0,0.004959921818226576,"The 393d Bomb Squadron was built at the Glenn L. Martin Aircraft Plant at Omaha, Nebraska, accepted by the Army Air Forces on April 3, 1945, and flown to Wendover Army Air Field, Utah.",,,,neutral,0,0.00278048706240952
1538,when does cassandra clares next book come out,,False,I don't know,,,,neutral,0,0.14320725202560425,The album Come Back When You Grow Up is the single by Bobby Vee and The Strangers.,,,,contradiction,0,0.22519879043102264
1539,who owned most of the businesses in kenya at the time of independence,,False,I don't know,,,,contradiction,0,0.017358161509037018,The United States.,,,,contradiction,0,0.008752603083848953
1540,where is bile made and what does it do,produced by the liver of most vertebrates,True,I don't know,0.0,0.0,0.0,neutral,0,0.09747693687677383,adolescence,0.0,0.0,0.0,entailment,1,0.45948702096939087
1541,film jason statham clive owen robert de niro,,False,I don't know,,,,contradiction,0,0.21527068316936493,/Th> Td> Tr> Tr> Tr> Tr> Tr> Tr> Tr> Tr> Tr> Tr> Tr,,,,contradiction,0,0.36653026938438416
1542,who is dr altman on grey's anatomy,Kim Raver,True,I don't know,0.0,0.0,0.0,neutral,0,0.17749091982841492,Jason George as Dr. Ben Warren.,0.0,0.0,0.0,neutral,0,0.08401210606098175
1543,when does the haunted mansion turn to nightmare before christmas,late summer,True,I don't know,0.0,0.0,0.0,neutral,0,0.2526826858520508,"The two traditional days when Christmas decorations are removed are Twelfth Night and if they are not taken down on that day, Candlemas.",0.0,0.0,0.0,entailment,1,0.4431818425655365
1544,explain the resources on the basis of development,,False,I don't know,,,,neutral,0,0.09632425755262375,The maximum size of the Lok Sabha as outlined in the Constitution of India is 552 members.,,,,neutral,0,0.13579322397708893
1545,when was the united states founded as a country,1776,True,McDonald's,0.0,0.0,0.0,neutral,0,0.12578661739826202,McDonald is a fast food chain that has been in operation for over a century.,0.0,0.0,0.0,neutral,0,0.2162962406873703
1546,who plays it in stephen king's it,Bill Skarsgård,True,I don't know,0.0,0.0,0.0,neutral,0,0.0568062923848629,British monarchy was dissolved.,0.0,0.0,0.0,contradiction,0,0.02342969737946987
1547,what advantage did the british have over the patriots at the beginning of the war,,False,I don't know,,,,contradiction,0,0.012020809575915337,America.,,,,contradiction,0,0.028658665716648102
1548,when can we say that an object is at rest,When the position of a body with respect to its surroundings does not change with time,True,I don't know,0.0,0.0,0.0,contradiction,0,0.12921594083309174,"The minimum escape velocity assumes that there is no friction ( e.g., atmospheric drag ), which would increase the required instantaneous velocity to escape the gravitational influence, and that there will be no future sources of additional velocity ( e.g., thrust",0.0,0.11111111111111109,0.0,neutral,0,0.028615472838282585
1549,what did denis diderot encyclopedia contribute to the literature of the enlightenment,,False,I don't know,,,,neutral,0,0.12442757189273834,Icelandic GDP,,,,neutral,0,0.10826943069696426
1550,french declaration of the rights of man and citizen pdf,,False,Independence,,,,entailment,1,0.5730022192001343,The second paragraph of the first article in the Declaration of Independence was a quote from the Declaration of Independence.,,,,neutral,0,0.3568167984485626
1551,compare the modern italian towns with those of the medieval towns,,False,I don't know,,,,neutral,0,0.16488850116729736,manufacturing sector.,,,,neutral,0,0.12401833385229111
1552,where do you find omega 3 fatty acids,,False,I don't know,,,,neutral,0,0.035929124802351,/P> P>,,,,neutral,0,0.06629996001720428
1553,who owns the yacht on below deck mediterranean,,False,I don't know,,,,contradiction,0,0.10882696509361267,The running time for Below Deck is 42 minutes.,,,,neutral,0,0.016462745144963264
1554,what happens in the battle between beowulf and the dragon,the dragon wounds Beowulf fatally,True,Beowulf,0.0,0.33333333333333337,1.0,neutral,0,0.30094674229621887,"The final act of the Anglo - Saxon poem Beowulf is about the hero Beowulf's fight with a dragon, the third monster he encounters in the epic.",0.0,0.1935483870967742,1.0,neutral,0,0.009712525643408298
1555,ways to promote national consciousness integrity and unity,,False,Islamic world,,,,entailment,1,0.7656670212745667,The Rihla travel practice originated in Middle Ages Morocco and served to connect Muslims of Morocco to the collective consciousness of the ummah across the Islamic world.,,,,neutral,0,0.03401743248105049
1556,who plays the old lady in jackass 2,Spike Jonze,True,I don't know,0.0,0.0,0.0,neutral,0,0.04216346889734268,Armenian.,0.0,0.0,0.0,neutral,0,0.05723162367939949
1557,who wears short shorts freddie and the dreamers,,False,I don't know,,,,neutral,0,0.2895081043243408,The Black Knight is a fictional character who appears in a scene of the film Monty Python and the Holy Grail.,,,,entailment,1,0.9846569895744324
1558,john denver when the river meets the sea,,False,I don't know,,,,neutral,0,0.11592894792556763,"The play was first performed on 25 February 1904 at the Molesworth Hall, Dublin, by the Irish National Theater Society.",,,,neutral,0,0.04245544970035553
1559,where did jordan spieth place in the masters,,False,I don't know,,,,contradiction,0,0.13495320081710815,Jordan Spieth /Th> /Th> /Th> /Th> /Th> /Th> /Th> /Th> /Th> /Th> /Th> /Th>,,,,entailment,1,0.7916020154953003
1560,who is the real mom on how i met your mother,,False,I don't know,,,,neutral,0,0.2731808125972748,The Mother appearing in  The Locket '' /Td> /Tr> /Tr> Tr> Tr> Tr> Td> Td> Td> T,,,,neutral,0,0.1599029302597046
1561,how many picks are in a nfl draft,,False,I don't know,,,,neutral,0,0.08882644027471542,The date of birth is 1985.,,,,neutral,0,0.03291510418057442
1562,where is the wheel and axle plant of indian railway situated,"Yelahanka, Bangalore in the Indian state of Karnataka",True,I don't know,0.0,0.0,0.0,neutral,0,0.01460176520049572,The Western Ghats mountains in the western region of Karnataka are a biodiversity hotspot.,0.0,0.36363636363636365,0.0,neutral,0,0.1570349931716919
1563,present chairman of public accounts committee of lok sabha,Mapanna Mallikarjun Kharge,True,I don't know,0.0,0.0,0.0,neutral,0,0.009701109491288662,"The Lok Sabha, the lower house of the Parliament of India, is made up of Members of Parliament ( MPs ).",0.0,0.0,0.0,neutral,0,0.19244857132434845
1564,according to erikson adolescence is the stage of,,False,I don't know,,,,neutral,0,0.09605865180492401,"The 2018 FIFA World Cup was the second and final stage of the competition, following the group stage.",,,,neutral,0,0.007594098802655935
1565,when did india win the first t20 world cup,2007,True,International,0.0,0.0,0.0,contradiction,0,0.04676816239953041,"The FIFA World Cup is the premier competitive international football tournament, first played in 1930, whose finals stage has been held every four years since, except 1942 and 1946, due to the Second World War.",0.0,0.0,0.0,entailment,1,0.9482299089431763
1566,who got the biggest contract in the nfl,"Johnson, Calvin",True,I don't know,0.0,0.0,0.0,contradiction,0,0.13773657381534576,Waltzing Matilda.,0.0,0.0,0.0,neutral,0,0.10094832628965378
1567,where was the salvation army founded in australia,"a small house in Lygon Street, Carlton",True,Group B,0.0,0.0,0.0,neutral,0,0.06389462947845459,2014 FIFA World Cup.,0.0,0.0,0.0,neutral,0,0.017496416345238686
1568,what are the advantages and disadvantages of a solar cooker,,False,high enough to melt salt and smelt metal,,,,neutral,0,0.0479976087808609,"The solar cooker is a device which uses the energy of direct sunlight to heat, cook or pasteurise drink and other food materials.",,,,entailment,1,0.7107175588607788
1569,the average length of life of members of a species is called,mean life span,True,", cells",0.0,0.0,0.0,neutral,0,0.1969331055879593,The term can also denote an estimate of the maximum amount of time a member of a given species could survive between birth and death.,0.0,0.0,0.0,entailment,1,0.8590229153633118
1570,actress who played aunt sally in worzel gummidge,,False,I don't know,,,,contradiction,0,0.17255899310112,"The Philadelphia Eagles are a professional football team based in Philadelphia, Pennsylvania.",,,,neutral,0,0.18969856202602386
1571,where did they film war for planet of the apes,"in the Lower Mainland in Vancouver,",True,I don't know,0.0,0.0,0.0,contradiction,0,0.12583240866661072,The original series of Planet of the Apes was created by Pierre Boulle.,0.0,0.10526315789473684,0.0,entailment,1,0.8784406781196594
1572,where is weston super mare on the map,,False,I don't know,,,,contradiction,0,0.29769816994667053,"The population of Weston - super-Mare is 76,143 ( 2011 Census ) /Td> /Tr> /Tr> Td colspan=""2""> Weston - super-Mare bay and piers is",,,,entailment,1,0.920432984828949
1573,barney in how i met your mother real name,Neil Patrick Harris,True,I don't know,0.0,0.0,0.0,neutral,0,0.2731808125972748,The Mother appearing in  The Locket '' /Td> /Tr> /Tr> Tr> Tr> Tr> Td> Td> Td> T,0.0,0.0,0.0,neutral,0,0.1599029302597046
1574,how many cards do you get when you play uno,seven cards,True,I don't know,0.0,0.0,0.0,neutral,0,0.12538090348243713,The song was first performed in Annie Get Your Gun by Ethel Merman and Ray Middleton.,0.0,0.0,0.0,entailment,1,0.9832327961921692
1575,who provided the voice of the geico insurance company geico in its tv-ad debut,"Kelsey Grammer,",True,Matthew 6:26,0.0,0.0,0.0,neutral,0,0.07006560266017914,Gospel of Matthew.,0.0,0.0,0.0,neutral,0,0.10328027606010437
1576,who is the present captain of indian army,General Bipin Rawat,True,I don't know,0.0,0.0,1.0,neutral,0,0.02776603400707245,The seniority system of the United States commissioned officer corps operates on two different levels.,0.0,0.0,1.0,neutral,0,0.024233736097812653
1577,funny game. the only way to win is not to play,,False,Major League Baseball,,,,entailment,1,0.7746620774269104,Major League Baseball.,,,,entailment,1,0.7466113567352295
1578,is reading pa the poorest city in america,,False,I don't know,,,,neutral,0,0.27714797854423523,"Reading is located in Berks County, Pennsylvania.",,,,entailment,1,0.9558471441268921
1579,how much impact does the tourist industry have on the icelandic economy,10 percent to the Icelandic GDP,True,I don't know,0.0,0.0,1.0,contradiction,0,0.1120833158493042,"Selene was the mother of the Moon, the probability of surviving was higher.",0.0,0.10526315789473684,1.0,neutral,0,0.11728616058826447
1580,what are the classes of the phylum mollusca,,False,Sermon on the Mount,,,,contradiction,0,0.23808343708515167,The Sermon on the Mount.,,,,contradiction,0,0.1818421185016632
1581,how many books are there in ram chandra series,,False,I don't know,,,,neutral,0,0.025261562317609787,The non-magical muggles are the ones who are able to perform magic.,,,,neutral,0,0.018500907346606255
1582,when did the african kingdom of mali win control of the gold-salt trade,,False,I don't know,,,,contradiction,0,0.22671224176883698,The Middle Passage was the stage of the triangular trade in which millions of Africans were shipped to the New World as part of the Atlantic slave trade.,,,,neutral,0,0.24466946721076965
1583,what type of government do we have in the united states today,Republic,True,I don't know,0.0,0.0,1.0,neutral,0,0.00550367496907711,The UK government maintains a position that the United Nations Convention on the Rights of the Child ( UNCRC ) is the right of the child.,0.0,0.0,1.0,neutral,0,0.325035959482193
1584,it not the critic who counts it the man in the arena,,False,I don't know,,,,neutral,0,0.114478200674057,Jansenist movement to be heretical.,,,,neutral,0,0.33555421233177185
1585,where is the ileum located in the body,the final section of the small intestine,True,I don't know,0.0,0.0,0.0,contradiction,0,0.0691177025437355,It is also found in the thylakoid membrane of the chloroplast in photosynthetic eukaryotes.,0.0,0.2857142857142857,0.0,neutral,0,0.004510579165071249
1586,where are the eucalyptus trees found in abundance in india,,False,I don't know,,,,neutral,0,0.033882878720760345,The state tree and state flower are sandalwood ( Santalum album).,,,,neutral,0,0.008927861228585243
1587,where does the last name nagel come from,,False,I don't know,,,,contradiction,0,0.17661701142787933,"The sentence ""Aaron Nagel ( born 1980 ), American painter and trumpet player /Li>",,,,entailment,1,0.8691231608390808
1588,when does season 2 a series of unfortunate events come out,"March 30, 2018",True,I don't know,0.0,0.0,0.0,neutral,0,0.32565104961395264,The originals is an American supernatural drama television series created by Julie Plec for The CW.,0.0,0.0,0.0,neutral,0,0.4837244153022766
1589,who plays the goblin in harry potter 8,Warwick Ashley Davis,True,I don't know,0.0,0.0,0.0,contradiction,0,0.18906427919864655,Lord Voldemort /Th> /Th> /Th> /Th> /Th> /Th> /Th> /Th> /Th> /Th> /Th> /Th,0.0,0.0,0.0,contradiction,0,0.03352505713701248
1590,how did american popular culture change around the turn of the 20th century,developed a series of new forms of music,True,I don't know,0.0,0.0,0.0,neutral,0,0.1784803569316864,"The word atom comes from the Ancient Greek adjective atomos, meaning  indivisible ''.",0.0,0.0,0.0,neutral,0,0.38813039660453796
1591,how soon after death does rigamortis set in,as soon as 4 hours post mortem,True,I don't know,0.0,0.0,0.0,neutral,0,0.13356177508831024,The fall of the Roman Empire in AD 476 traditionally marks the start of the Middle Ages.,0.0,0.0,0.0,neutral,0,0.285785973072052
1592,who wrote the constitution and how old were they,,False,I don't know,,,,neutral,0,0.07381736487150192,"The remembrance poppy is an artificial flower that has been used since 1921 to commemorate military personnel who have died in war, and represents a common or field poppy, Papaver rhoeas.",,,,neutral,0,0.23161976039409637
1593,who played cotton in pirates of the caribbean,David Bailie,True,I don't know,0.0,0.0,0.0,neutral,0,0.2086181640625,"Pirates of the Caribbean /Th> /Th> /Tr> /Tr> Th colspan=""2""> Pirates of the Caribbean : On Stranger Tides /Th> /Tr> /T",0.0,0.0,0.0,entailment,1,0.4552166163921356
1594,dragon ball z kai the final chapters episode 19 english dub,,False,I don't know,,,,neutral,0,0.017517734318971634,"The first Blu - ray and DVD compilation was released in Japan on September 18, 2009.",,,,neutral,0,0.03801402449607849
1595,all england lawn tennis and croquet club map,,False,I don't know,,,,neutral,0,0.12868215143680573,"The All England Lawn Tennis and Croquet Club, also known as the All England Club, based at Church Road, Wimbledon, London, England, is a private members'club.",,,,entailment,1,0.9848341941833496
1596,who controlled the newspaper mr smith goes to washington,,False,I don't know,,,,neutral,0,0.18741196393966675,The United States Army Military District of Washington ( MDW ) is responsible for providing military funerals.,,,,neutral,0,0.35534292459487915
1597,pro kabaddi season 5 pro kabaddi season 5,,False,I don't know,,,,neutral,0,0.21896934509277344,"The 2018 National Football League season Tr> Th colspan=""2""> Regular season /Th> /Tr> /Tr> /Tr> /Tr> /Tr> /Tr>",,,,contradiction,0,0.03019120544195175
1598,who is sasha on dancing with the stars engaged to,Emma Slater,True,I don't know,0.0,0.0,0.0,neutral,0,0.12810486555099487,"The Hertzsprung is an American television sitcom that was originally broadcast on ABC from October 18, 1988, to May 20, 1997 with a revival season that premiered in 2018.",0.0,0.0,0.0,contradiction,0,0.07529039680957794
1599,first to last prime minister name of india,,False,I don't know,,,,contradiction,0,0.13397927582263947,The Prime Minister of India is the chief executive of the Government of India.,,,,neutral,0,0.2259453386068344
1600,facing fearful odds protecting the bones of her fathers and the temples of her gods,,False,I don't know,,,,contradiction,0,0.17217209935188293,The story is about the wolf God in disguise.,,,,neutral,0,0.42007771134376526
1601,when does lucas find out about peyton and julian,,False,I don't know,,,,neutral,0,0.1445627510547638,The author's motivations are reflected in the text.,,,,neutral,0,0.38444048166275024
1602,who was an american naval hero in the war of 1812,,False,I don't know,,,,neutral,0,0.009599403478205204,Committee on Finance.,,,,neutral,0,0.016682494431734085
1603,how to save a life song grey's anatomy episode,,False,I don't know,,,,neutral,0,0.17749091982841492,Jason George as Dr. Ben Warren.,,,,neutral,0,0.08401210606098175
1604,why did these changes in immigration occur between 1921 and 1925,,False,The Phantom Menace,,,,neutral,0,0.1478406935930252,film.,,,,neutral,0,0.059961721301078796
1605,is there a season 5 of phineas and ferb,,False,I don't know,,,,neutral,0,0.014830943197011948,The show aired one TV film and a stand - alone special.,,,,entailment,1,0.98455411195755
1606,when was the 22nd amendment proposed and ratified,"March 21, 1947",True,I don't know,0.0,0.0,0.0,neutral,0,0.012060670182108879,The Twelfth Amendment requires each elector to cast one vote for president and another vote for vice president.,0.0,0.0,0.0,neutral,0,0.005118010099977255
1607,what song is in the honda civic commercial,,False,Roman times,,,,neutral,0,0.07740208506584167,Roman times,,,,neutral,0,0.07740208506584167
1608,who played little jack in meet the fockers,Spencer and Bradley Pickren,True,Italian national team before the first official match of the Italian national team played on 14 November 1990,0.0,0.0,0.0,neutral,0,0.1232585459947586,Italian national team before the first official match of the Sammarinese national team played on 14 November 1990 and players of Italian national team before the first official match of the Sammarinese national team played on 14 November 1990,0.0,0.04651162790697674,0.0,entailment,1,0.4889318645000458
1609,where does arabian sea and indian ocean meet,,False,I don't know,,,,contradiction,0,0.21248161792755127,The Arabian Sea /Th> /Tr> /Tr> /Tr> /Tr> /Tr> /Tr> /Tr> /Tr> /Tr> ,,,,entailment,1,0.8378339409828186
1610,when did the pixel 2 xl come out,"October 19, 2017",True,I don't know,0.0,0.0,1.0,contradiction,0,0.2282315194606781,/Td> /Tr> /Tr> /Tr> /Tr> /Tr> /Tr> /Th> Codename /Th> Td> Ul>,0.0,0.0,1.0,contradiction,0,0.39274951815605164
1611,eminem feat. rihanna love the way you lie,,False,I don't know,,,,contradiction,0,0.18113161623477936,"Eminem /Th> /Tr> Tr> Td colspan=""2""> /Tr> /Tr> Tr> Th colspan=""2""> Single by Eminem featuring Ri",,,,entailment,1,0.6817426085472107
1612,who beat the carolina panthers in the super bowl,New England Patriots,True,I don't know,0.0,0.0,1.0,neutral,0,0.28257569670677185,"The date of Super Bowl LIII is February 3, 2019.",0.0,0.0,1.0,neutral,0,0.03769548237323761
1613,when does oogenesis begin and end in females,,False,All - America Football Conference ( AAFC ) championships,,,,neutral,0,0.014920540153980255,All - America Football Conference ( AAFC ) championships.,,,,neutral,0,0.008307615295052528
1614,who controlled west germany after world war 2,,False,I don't know,,,,neutral,0,0.045616116374731064,"The post -- World War II economic expansion, also known as the postwar economic boom, the long boom, and the Golden Age of Capitalism, was a period of strong economic growth beginning after World War II and ending with the 1973 -- 75 recession.",,,,entailment,1,0.7319482564926147
1615,which of these are characteristics of two parallel lines,,False,I don't know,,,,neutral,0,0.035454489290714264,The state bird and state animal of Karnataka are Indian roller and the Indian elephant respectively.,,,,neutral,0,0.06067586690187454
1616,when does iron and wines new album come out,August 2017,True,I don't know,0.0,0.0,0.0,neutral,0,0.07613589614629745,The Ancient Greeks and Romans were aware of the potential of aged wines.,0.0,0.0,0.0,entailment,1,0.9842516779899597
1617,who got eliminated in bigg boss season 5 kannada today,,False,I don't know,,,,contradiction,0,0.13352195918560028,"The Next Mentalist ( season 1) is a Tamil television series that premiered on the tv channel Bigg Boss on July 13, 1992.",,,,neutral,0,0.27696481347084045
1618,when did the glazer family takeover manchester united,,False,I don't know,,,,neutral,0,0.010775587521493435,"The Land Ordinance of 1785 was adopted by the United States Congress of the Confederation on May 20, 1785.",,,,neutral,0,0.03486007824540138
1619,legend of bhagat singh ajay devgan full movie,,False,I don't know,,,,contradiction,0,0.15002837777137756,"The Legend of Bhagat singh /Th> /Th> /Tr> Tr> Td colspan=""2""> Theatrical release poster /Th> /Th> /Tr> ",,,,contradiction,0,0.19440197944641113
1620,who plays diana's mom in wonder woman,,False,I don't know,,,,neutral,0,0.21330030262470245,The film was directed by /Th> Td> Ul> Li> Charles Roven /Li> Li> Deborah Snyder /Li> Zack Snyder /Li> Li> Richard Suckle,,,,contradiction,0,0.06459751725196838
1621,the joy of life was painted in which style,early modernism,True,I don't know,0.0,0.0,0.0,neutral,0,0.013319686986505985,"They argued that the smell derives from an oil exuded by certain plants during dry periods, whereupon it is absorbed by clay - based soils and rocks.",0.0,0.0,0.0,neutral,0,0.029356608167290688
1622,different varieties of silk moths found in india,,False,I don't know,,,,neutral,0,0.11509814113378525,Ancient India.,,,,neutral,0,0.1277601569890976
1623,lead conversion is not a major factor in determining sales performance and growth,,False,Moore's law,,,,contradiction,0,0.030536776408553123,Moore's law.,,,,contradiction,0,0.017091386020183563
1624,where is the geographical centre of great britain,,False,Indians,,,,neutral,0,0.22393620014190674,The American quest for honor after its humiliations by the British,,,,neutral,0,0.1591828614473343
1625,camila cabello - crying in the club album,Camila,True,I don't know,0.0,0.0,1.0,contradiction,0,0.20913782715797424,/Th> /Tr> Tr> Tr> Th>  Crying in the Club '' /Th> /Tr> Tr> Th>  Crying in the Club ',0.0,0.0,1.0,contradiction,0,0.4166594445705414
1626,who does jerome's voice on family guy,,False,Klaus was a vampire.,,,,contradiction,0,0.08709021657705307,New Orleans that they were vampires.,,,,contradiction,0,0.07329988479614258
1627,when did harry potter the movie come out,,False,I don't know,,,,contradiction,0,0.1687239408493042,"Lord Voldemort /Th> /Th> /Tr> Tr> Td colspan=""2""> Lord Voldemort /Th> /Tr> Tr> Td cols",,,,contradiction,0,0.15837623178958893
1628,like other parts of the west the cattle range was,,False,I don't know,,,,neutral,0,0.21657615900039673,Der der Y -  transform is a mathematical technique to simplify the analysis of an electrical network.,,,,neutral,0,0.2807449400424957
1629,where did the salt come from in utah,,False,I don't know,,,,neutral,0,0.2009354829788208,The Supremes.,,,,entailment,1,0.8860556483268738
1630,what was the highest temperature in new jersey,,False,NBA season,,,,neutral,0,0.039683565497398376,NBA season.,,,,neutral,0,0.14639075100421906
1631,who wrote the kill by 30 seconds to mars,Jared Leto,True,I don't know,0.0,0.0,1.0,contradiction,0,0.1892722100019455,"Thirty Seconds to Mars /Li> /Li> /Tr> Td colspan=""2""> /Tr> Tr> Th colspan=""2""> Single by Thirty Seconds",0.0,0.0,1.0,entailment,1,0.49859750270843506
1632,batman the animated series volume 3 episode list,,False,Disney films have been re-released prior to the home - video era,,,,neutral,0,0.3146301209926605,Disney films are based on.,,,,contradiction,0,0.24985259771347046
1633,as defined by ias 38 how are intangible assets unlike other assets,,False,I don't know,,,,neutral,0,0.059490807354450226,A resource is anything obtained from the environment to satisfy human needs and wants.,,,,neutral,0,0.15406681597232819
1634,when does pirates of the caribbean come out,,False,I don't know,,,,contradiction,0,0.2282891869544983,The running time of Pirates of the Caribbean is /Th> /Th> /Th> /Th> /Th> /Th> /Th> /Th> /Th> /Th> /Th,,,,neutral,0,0.37541475892066956
1635,the color of the skin in different races is primarily caused by the,,False,I don't know,,,,neutral,0,0.17092223465442657,color television.,,,,neutral,0,0.2968178391456604
1636,twinkle twinkle little star how i wonder what you are,,False,I don't know,,,,neutral,0,0.2165745198726654,"/Th> /Tr> Tr> Td colspan=""2""> Sheet music /Td> /Tr> Td> Th colspan=""2""> Nursery rhyme /Th> ",,,,contradiction,0,0.2811119556427002
1637,giuseppe verdi – messa da requiem dies irae – tuba mirum,,False,I don't know,,,,contradiction,0,0.1895635575056076,"Requiem by Giuseppe Verdi /Td> /Tr> Td colspan=""2""> First edition title page, Ricordi, 1874 /Td> /Tr> Tr>",,,,entailment,1,0.7790536880493164
1638,do you know the way to san jose song youtube,,False,I don't know,,,,neutral,0,0.20021231472492218,The song was first performed in Annie Get Your Gun by Ethel Merman and Ray Middleton.,,,,entailment,1,0.9556878209114075
1639,who sings who you say i am by hillsong,,False,I don't know,,,,entailment,1,0.5819063186645508,The time.,,,,entailment,1,0.7542213201522827
1640,when is calum scott's album being released,,False,I don't know,,,,contradiction,0,0.1699395477771759,"/Th> /Tr> Tr> Tr> Tr> Tr> Th colspan=""2""> /Tr> /Tr> Th colspan=""2""> Studio",,,,contradiction,0,0.32211989164352417
1641,who was the owner of the dodgers when jackie robinson played,Wesley Branch Rickey,True,I don't know,0.0,0.0,0.0,neutral,0,0.20120203495025635,a sex slave,0.0,0.0,0.0,neutral,0,0.2098556011915207
1642,the sahara desert covers almost one-third of what continent,,False,North America encompasses the past developments of people populating the continent of North America,,,,neutral,0,0.07808760553598404,North America encompasses the past developments of people populating the continent of North America.,,,,neutral,0,0.08978956192731857
1643,who figured out a way to determine the type of blood,Karl Landsteiner,True,I don't know,0.0,0.0,1.0,neutral,0,0.04395574331283569,"The fourth type, AB, is the fourth type, AB.",0.0,0.0,1.0,entailment,1,0.8407641053199768
1644,what radio station is the michigan state ohio state football game on,,False,I don't know,,,,contradiction,0,0.17921456694602966,"Michigan Wolverines Ohio State Buckeyes /Tr> /Tr> Th> First meeting /Th> Td> October 16, 1897 Michigan 34, Ohio State 0 /Td> /Tr>",,,,entailment,1,0.7157517671585083
1645,to vote an election a person should be above the age of,18,True,I don't know,0.0,0.0,1.0,contradiction,0,0.08283063024282455,Flagpoles be lowered to make room for an invisible flag of death.,0.0,0.0,1.0,contradiction,0,0.023470407351851463
1646,under the constitution of india the official language of the union is,,False,I don't know,,,,neutral,0,0.01398060005158186,The maximum size of the Lok Sabha as outlined in the Constitution of India is 552 members made up of up to 530 members representing people of the states of India and up to 20 members representing people from the Union Territories on the basis of their population and 2 Anglo - Indians are no,,,,contradiction,0,0.04572579264640808
1647,what year did the dodge durango body style change,,False,I don't know,,,,neutral,0,0.2816644608974457,Chrysler Corporation ( 1998 ) DaimlerChrysler ( 1999 - 2007 ) Chrysler LLC ( 2007 - 2009 ) Chrysler Group LLC ( 2009 and 2011 - 2014 ) Fiat Chrysler Automobiles US ( 2014 - present ) /Td> /,,,,entailment,1,0.4185798168182373
1648,who did roy dotrice play in game of thrones,,False,I don't know,,,,neutral,0,0.34540772438049316,"The first season of Game of Thrones was released on July 16, 2017.",,,,contradiction,0,0.1670578420162201
1649,list of missile launched by india in 2017,,False,India,,,,neutral,0,0.3301900625228882,India.,,,,entailment,1,0.6896185278892517
1650,new hampshire restricts its primary election to party members,,False,I don't know,,,,contradiction,0,0.1336585134267807,"The following list contains the members, parties, states of origin or representation, and constituencies of all the members of Nigeria's 8th House of Representatives as of the 2015 general election.",,,,entailment,1,0.9598256945610046
1651,where are hermia and lysander trying to escape to,,False,I don't know,,,,contradiction,0,0.22796227037906647,"Hermia and Lysander by John Simmons ( 1870 ) /Td> /Tr> Tr> Tr> Th> Tr> Th> Td colspan=""2""> Herm",,,,contradiction,0,0.33294689655303955
1652,who is the longest serving president of pakistan,,False,I don't know,,,,contradiction,0,0.09698796272277832,"The President of the Quorum of the Twelve is the most senior apostle in the church, aside from the President of the Church.",,,,entailment,1,0.9816699028015137
1653,what is a phenyl group vs benzyl group,,False,hydrogen atom,,,,neutral,0,0.32608017325401306,Hydrogen atom.,,,,neutral,0,0.08696529269218445
1654,the children's online privacy protection act (1998) is a law designed to protect consumers' right to,privacy,True,Data Protection Act 1998,0.0,0.0,1.0,neutral,0,0.1484885811805725,Data Protection Act 1998,0.0,0.0,1.0,neutral,0,0.1484885811805725
1655,1 million dollar winner on who wants to be a millionaire,John Carpenter,True,I don't know,0.0,0.0,0.0,neutral,0,0.2699483335018158,"Who Wants to Be a Millionaire? /Th> /Tr> Th colspan=""2""> Who Wants to Be a Millionaire /Th> /Tr> Td colspan=""2""> ",0.0,0.0,0.0,entailment,1,0.7006258964538574
1656,the ancient athenians developed the first form of democracy,,False,I don't know,,,,neutral,0,0.02660972811281681,"The earliest form of football can be traced back to China ( Han dynasty ), originating from cuju, an ancient Chinese football game, as recognized by FIFA.",,,,neutral,0,0.0371689610183239
1657,where is wall drug located in south dakota,in the town of Wall,True,Ancient Greece and Ancient Rome,0.0,0.0,1.0,neutral,0,0.12041425704956055,Ancient Greece and Ancient Rome.,0.0,0.0,1.0,neutral,0,0.06519152224063873
1658,where are the anatomical structures of the labyrinth located,,False,thylakoid membrane of the chloroplast,,,,neutral,0,0.17180615663528442,thylakoid membrane of the chloroplast in photosynthetic eukaryotes.,,,,neutral,0,0.23167748749256134
1659,facts about michael jackson man in the mirror,,False,I don't know),,,,contradiction,0,0.19846342504024506,"Michael Jackson /Th> /Th> /Tr> /Tr> /Tr> /Tr> /Th> Th colspan=""2""> /Tr> /Tr> ",,,,entailment,1,0.49897801876068115
1660,what's the difference between a martin and a fisher,,False,I don't know,,,,contradiction,0,0.11417181044816971,The difference in charge across a membrane is the difference in electric potential.,,,,neutral,0,0.16340754926204681
1661,when did tv stop shutting off at midnight,,False,I don't know,,,,neutral,0,0.25557222962379456,"The first sentence of the passage refers to the laws regulating driving ( or distracted driving ) may be subject to primary enforcement or secondary enforcement by state, county or local authorities.",,,,entailment,1,0.9369304180145264
1662,which is the nearest star to earth after sun,Proxima Centauri,True,I don't know,0.0,0.0,0.0,neutral,0,0.10327868163585663,The Tropic of the Sun,0.0,0.0,0.0,neutral,0,0.18795889616012573
1663,when is season 6 of voltron coming out,"June 15, 2018",True,I don't know,0.0,0.0,0.0,contradiction,0,0.19053217768669128,The original language of the song Voltron : Legendary Defender is English.,0.0,0.0,0.0,neutral,0,0.13329249620437622
1664,when is ariana grande's album sweetener coming out,"August 17, 2018",True,I don't know,0.0,0.0,1.0,contradiction,0,0.08027003705501556,The album is a studio album by Ariana Grande.,0.0,0.0,1.0,entailment,1,0.9716323018074036
1665,when does the 2018 19 nba schedule come out,"August 10, 2018",True,I don't know,0.0,0.0,0.0,neutral,0,0.1558258980512619,Kobe Bryan was the first NBA player to sign a contract worth over thirty million dollars in a season.,0.0,0.0,0.0,neutral,0,0.028263472020626068
1666,what is the hierarchy in the roman catholic church,"bishops, priests, and deacons",True,I don't know,0.0,0.0,0.0,neutral,0,0.020315738394856453,Augustine.,0.0,0.0,0.0,entailment,1,0.8070709109306335
1667,where is the largest biomass found in the energy pyramid,,False,I don't know,,,,neutral,0,0.2712503671646118,The mass of living biological organisms in a given area or ecosystem at a given time.,,,,neutral,0,0.239622563123703
1668,when is the new barbie movie coming out,"May 8, 2020",True,Christmas,0.0,0.0,0.0,neutral,0,0.15343834459781647,Christmas.,0.0,0.0,0.0,neutral,0,0.13731177151203156
1669,who plays the mom in everybody loves raymond,,False,I don't know,,,,contradiction,0,0.05187377706170082,The song Everybody Loves Raymond was written by Philip Rosenthal and was written by Ray Romano and Patricia Heaton.,,,,entailment,1,0.6228483319282532
1670,why was 26 january chosen as the date for the implementation of the indian constitution,,False,Indian Constitution,,,,contradiction,0,0.004846522584557533,Constitution of India.,,,,entailment,1,0.5087941884994507
1671,physical features of the core region of canada,,False,I don't know,,,,neutral,0,0.024138623848557472,"Canada's Boreal forest comprises about one third of the circumpolar boreal forest that rings the Northern Hemisphere, mostly north of the 50th parallel.",,,,entailment,1,0.5179156064987183
1672,where did the passion flower get its name,,False,I don't know,,,,contradiction,0,0.15606610476970673,The song was released in 1956 in My Fair Lady.,,,,entailment,1,0.9784408807754517
1673,why is saint anthony the patron saint of lost things,,False,I don't know,,,,contradiction,0,0.17309263348579407,The book is a collection of books and manuscripts.,,,,neutral,0,0.0124325817450881
1674,how many new zealand soldiers died in ww1,"16,697",True,New Zealanders,0.0,0.0,1.0,neutral,0,0.3827947974205017,New Zealand.,0.0,0.0,1.0,neutral,0,0.28991037607192993
1675,how many secondary schools are there in wales,205,True,Christmas Day and Christmas Day,0.0,0.0,0.0,contradiction,0,0.08558339625597,Wales.,0.0,0.0,0.0,neutral,0,0.15744426846504211
1676,where is the oval office in the white house,at the West Wing's southeast corner,True,I don't know,0.0,0.0,0.0,neutral,0,0.10614864528179169,The line of succession is set by the United States Constitution and the Presidential Succession Act of 1947 as subsequently amended to include newly created cabinet offices.,0.0,0.06060606060606061,0.0,neutral,0,0.03380214795470238
1677,who was eliminated from american grit last night,,False,I don't know,,,,neutral,0,0.10395108908414841,American.,,,,neutral,0,0.11210065335035324
1678,911 what's your emergency tv show fox,,False,I don't know,,,,neutral,0,0.2722550332546234,"The show was renewed for a second season, which premiered on September 28, 2016.",,,,entailment,1,0.6946496963500977
1679,what are the names of the disney world resorts,,False,"Walt Disney Parks and Resorts Worldwide, Inc.",,,,entailment,1,0.8018403053283691,"Walt Disney Parks and Resorts Worldwide, Inc. /Tr> /Tr> /Tr> Th> Type /Th> Td> Wholly owned subsidiary of a public corporation /Td> /T",,,,entailment,1,0.8903684616088867
1680,who says delhi as one of the greatest cities in the world,,False,I don't know,,,,contradiction,0,0.16956445574760437,World War II.,,,,neutral,0,0.1676654815673828
1681,who does braddock fight when he is offered a purse of $250.00,,False,Wiglaf,,,,neutral,0,0.38680070638656616,The Black Knight is a fictional character who appears in a scene of the film Monty Python and the Holy Grail.,,,,entailment,1,0.7769482731819153
1682,who was the queen of britain during ww1,George V,True,New Zealand,0.0,0.0,0.0,contradiction,0,0.05367202311754227,New Zealand,0.0,0.0,0.0,contradiction,0,0.05367202311754227
1683,me and the devil walking side by side robert johnson,,False,I don't know,,,,neutral,0,0.19231176376342773,The album Thin Line Between Love and Hate /Th> /Th> /Tr> Tr> Th> B - side /Th> Td>  Thigh Spy '' /T,,,,entailment,1,0.7867080569267273
1684,countries that share the same time zone with nigeria,,False,High Commissions),,,,neutral,0,0.03253864124417305,High Commissions).,,,,neutral,0,0.02893388271331787
1685,who is the minister of karnataka in 2018,H. D. Kumaraswamy,True,I don't know,0.0,0.0,0.0,neutral,0,0.07341612875461578,The state bird and state animal of Karnataka are Indian roller and the Indian elephant respectively.,0.0,0.0,0.0,entailment,1,0.9854066371917725
1686,how much did it cost to make avitar,,False,March 2012 ) ( Learn how and when to remove this template message ) /Td> /Tr> /Table> Table> Tr> Td> Td> This article relies too much on references to primary sources.,,,,entailment,1,0.8662424683570862,2012 ) ( Learn how and when to remove this template message ) /Td> /Tr> /Table> Table> Tr> Td> /Td> Td> This article relies too much on,,,,entailment,1,0.7436525225639343
1687,plant tissue culture - wikipedia the free encyclopedia,,False,I don't know,,,,neutral,0,0.13050894439220428,"Plant tissue culture is a collection of techniques used to maintain or grow plant cells, tissues or organs under sterile conditions on a nutrient culture medium of known composition.",,,,neutral,0,0.2875526547431946
1688,the prevention of money laundering act 2002 become effective since which one of the following dates,,False,I don't know,,,,contradiction,0,0.003876677481457591,Congress.,,,,contradiction,0,0.009375478141009808
1689,is the limbic system the oldest part of the brain,,False,Russia,,,,neutral,0,0.015474515967071056,Russia.,,,,neutral,0,0.028835168108344078
1690,who has most expensive house in the world,,False,I don't know,,,,contradiction,0,0.06165369972586632,The president is ineligible to act as President by succession.,,,,contradiction,0,0.0032371224369853735
1691,the crystal structure of a material is generally examined by,,False,I don't know,,,,neutral,0,0.3743641674518585,rectifier is a device used to rectify a circuit.,,,,neutral,0,0.3208479583263397
1692,who wrote beauty is truth truth is beauty,Keats,True,I don't know,0.0,0.0,0.0,neutral,0,0.3335387706756592,The ballets by Pyotr Ilyich Tchaikovsky,0.0,0.0,0.0,contradiction,0,0.1360200047492981
1693,which dynasty was ruling in vijayanagar empire at the time of the battle of talikota,,False,I don't know,,,,neutral,0,0.0450395867228508,The Carolingian Empire covered much of Western Europe but later succumbed to the pressures of internal civil wars combined with external invasions,,,,neutral,0,0.05239785835146904
1694,who is the speaker of the house in the house of representatives,Congressman Paul Ryan from Wisconsin,True,Parliament,0.0,0.0,0.0,neutral,0,0.15584924817085266,The Speaker is the Speaker of the Parliament.,0.0,0.0,0.0,contradiction,0,0.11052872985601425
1695,what is the purpose of a shark fin,,False,Myers -- Briggs Type Indicator.,,,,neutral,0,0.07447314262390137,to measure the effectiveness of a person's personality.,,,,neutral,0,0.04104285314679146
1696,who wrote the song can't you see,Toy Caldwell,True,I don't know,0.0,0.0,1.0,neutral,0,0.24388334155082703,"Anything You Can Do '' is a song composed by Irving Berlin for the 1946 Broadway musical, Annie Get Your Gun.",0.0,0.0,1.0,neutral,0,0.36113405227661133
1697,who plays grace in grace stirs up success,Olivia Rodrigo,True,I don't know,0.0,0.0,1.0,neutral,0,0.1803911328315735,"An American Girl : Grace Stirs Up Success /Th> /Th> /Th> /Th> Td colspan=""2""> Cover art for the film. /Th> /Th> /Th> Direct",0.0,0.0,1.0,entailment,1,0.43406251072883606
1698,who sings the song your beautiful just the way you are,,False,I don't know,,,,neutral,0,0.18420636653900146,Horse.,,,,neutral,0,0.08717324584722519
1699,who writes the presidents state of the union,,False,I don't know,,,,neutral,0,0.14742448925971985,"The sentence ""Seabrook had been fascinated with the strange, from Dervish mystics ( Adventures in Arabia ) "" means "" strange, from Dervish mystics ( Adventures in Arabia )",,,,neutral,0,0.4626287817955017
1700,what happened in season 1 of this is us,,False,This Is Us (season 1) /Th> /Th> /Th> /Th> /Th> /Th> /Th> /Th> /Th> /Th> /Th> ,,,,entailment,1,0.7783887386322021,This Is Us ( season 1) /Th> /Th> /Tr> Tr> Tr> Tr> Th> DVD cover /Th> /Tr> /Tr> Th,,,,entailment,1,0.6793009638786316
1701,who has the largest signature on the constitution,,False,I don't know,,,,contradiction,0,0.04871942102909088,Siberia is very cold.,,,,contradiction,0,0.07597027719020844
1702,who played the hunchback in the movie 300,,False,I don't know,,,,contradiction,0,0.028049560263752937,The first player to win 300 games was Pud Galvin in 1888.,,,,contradiction,0,0.013975435867905617
1703,what is the biggest convention center in the us,McCormick Place,True,I don't know,0.0,0.0,0.0,neutral,0,0.2196202427148819,"The most contentious disputes revolved around composition and election of the Senate, how  proportional representation '' was to be defined ( whether to include slaves or other property ), whether to divide the executive power between three persons or invest the power into a single president, how to",0.0,0.0,0.0,neutral,0,0.0023154723457992077
1704,article 8 of the convention on human rights,,False,I don't know,,,,neutral,0,0.09670549631118774,The 13th Protocol to the European Convention on Human Rights became binding on the United Kingdom in 2004,,,,neutral,0,0.025021277368068695
1705,harry potter the name that cannot be said,Voldemort,True,I don't know,0.0,0.0,1.0,contradiction,0,0.1687239408493042,"Lord Voldemort /Th> /Th> /Tr> Tr> Td colspan=""2""> Lord Voldemort /Th> /Tr> Tr> Td cols",0.0,0.125,1.0,contradiction,0,0.15837623178958893
1706,what area of san diego is sdsu in,The College Area,True,"San Diego /Th> /Th> /Tr> Tr> Td colspan=""2""> College Area /Th> /Tr> /Tr> Tr> Td cols",0.0,0.21052631578947367,0.0,entailment,1,0.5394960045814514,The church façade of Mission San Diego de Alcalá is located within San Diego.,0.0,0.11764705882352941,0.0,neutral,0,0.1840655505657196
1707,how many times must a man walk down bob dylan,,False,I don't know,,,,neutral,0,0.24455589056015015,"The Freewheelin'Bob Dylan /Th> /Tr> Tr> Tr> Th colspan=""2""> /Tr> /Tr> Th colspan=""2""> Single by Bob",,,,entailment,1,0.7782551646232605
1708,what does this way to the tucker mean,,False,I don't know,,,,neutral,0,0.005265519488602877,The catch - phrase of the comic book character Superman.,,,,neutral,0,0.02585718221962452
1709,what mlb team has the most perfect games,Dodgers,True,I don't know,0.0,0.0,0.0,contradiction,0,0.09246939420700073,"Ohio State has played their home games at Ohio Stadium in Columbus, Ohio since 1922.",0.0,0.0,0.0,neutral,0,0.04164940118789673
1710,pictures of lucy from the lion the witch and the wardrobe,,False,Narnia,,,,entailment,1,0.5179402828216553,"Lucy Pevensie /Th> /Th> /Tr> Tr> Td colspan=""2""> Narnia character /Td> /Tr> Tr> Td colspan",,,,entailment,1,0.7238783240318298
1711,what was written first the declaration of independence or the constitution,,False,John Adams,,,,neutral,0,0.2813745439052582,"John Adams, Benjamin Franklin, Alexander Hamilton, John Jay, Thomas Jefferson, James Madison, and George Washington",,,,contradiction,0,0.03695676848292351
1712,when was the last time jacksonville jaguars went to superbowl,2017,True,I don't know,0.0,0.0,1.0,neutral,0,0.08437284082174301,The six String Quartets are composed by Joseph Haydn.,0.0,0.0,1.0,neutral,0,0.28963640332221985
1713,what episode does luffy punch the celestial dragon,,False,I don't know,,,,neutral,0,0.017517734318971634,"The first Blu - ray and DVD compilation was released in Japan on September 18, 2009.",,,,neutral,0,0.03801402449607849
1714,identify the three parts of the financial system,,False,I don't know,,,,neutral,0,0.06620994210243225,The state of a conceptual schema is transformed into a functional schema.,,,,neutral,0,0.42142823338508606
1715,what happens when your body breaks down muscle,,False,I don't know,,,,entailment,1,0.608448326587677,The United Kingdom constitution is uncodified.,,,,contradiction,0,0.023345014080405235
1716,is ty the father of adrianna's baby,,False,I don't know,,,,neutral,0,0.03995039686560631,Icarus ) is a god of the sea.,,,,contradiction,0,0.038058362901210785
1717,what is the boy's name in paw patrol,Ryder,True,I don't know,0.0,0.0,0.0,contradiction,0,0.19465672969818115,Theme music composer /Th> Td> Ul> Li> Michael Smidi Smith /Th> Li> Scott Krippayne /Th> ,0.0,0.0,0.0,contradiction,0,0.17450064420700073
1718,when was the first time america was effected by the limits of natural resources,,False,I don't know,,,,neutral,0,0.1295345276594162,"The second season, consisting of 14 new episodes, was aired in chronological order in between re-airings of the first season's episodes, with all 28 episodes aired between April 3 and October 9, 2009.",,,,neutral,0,0.04892128333449364
1719,who was mission san juan capistrano named after,Saint John the Baptist,True,San Juan Bautista,0.0,0.0,1.0,entailment,1,0.7720060348510742,The name of the church was founded by Father Nick Senf.,0.0,0.13333333333333333,1.0,neutral,0,0.1056317463517189
1720,characters in the man in the high castle book,,False,I don't know,,,,neutral,0,0.14848800003528595,The Man in the High Castle Tr> Tr> Tr> Tr> Tr> Tr> Tr> Tr> Tr> Tr> Tr> T,,,,entailment,1,0.7154746055603027
1721,fort hunter liggett army base in monterey ca,,False,I don't know,,,,neutral,0,0.13558737933635712,"The Fort Hunter Liggett Hotel is a public hotel located in Monterey County, California, USA.",,,,entailment,1,0.9516593813896179
1722,what was the date hurricane irma hit florida,,False,I don't know,,,,contradiction,0,0.19814108312129974,Hurricane Irma /Tr> /Tr> /Tr> /Tr> /Tr> /Tr> /Tr> /Tr> /Tr> /Tr,,,,entailment,1,0.8451412320137024
1723,which order should you watch the marvel films,,False,Marvel Comics have been re-released.,,,,contradiction,0,0.34001246094703674,Marvel Cinematic Universe films and Marvel One One are featured in the nominal earnings chart.,,,,entailment,1,0.4683542251586914
1724,who wrote the poem a host of golden daffodils,William Wordsworth,True,I don't know,0.0,0.0,0.0,neutral,0,0.18783587217330933,Poems : Series 1,0.0,0.0,0.0,entailment,1,0.7668901681900024
1725,who starred in one flew over the cuckoos nest,Jack Nicholson,True,I don't know,0.0,0.0,1.0,contradiction,0,0.15291164815425873,"One Flew Over the Cuckoo's Nest was produced by /Th> Td> Milo Forman /Td> /Tr> Tr> Td colspan=""2""> One Flew",0.0,0.0,1.0,entailment,1,0.5449197292327881
1726,this is what you came for calvin harris,,False,I don't know,,,,contradiction,0,0.21380648016929626,The single was released on 29 April 2016 and was produced by Calvin Harris.,,,,entailment,1,0.6462588310241699
1727,how did the rolling stones get their start,,False,I don't know,,,,neutral,0,0.24740225076675415,The Rolling Stones /Th> /Th> /Tr> Tr> Tr> Tr> Tr> Tr> Tr> Tr> Tr> T,,,,entailment,1,0.5683319568634033
1728,who plays my old kentucky home at the derby,the University of Louisville Marching Band,True,I don't know,0.0,0.0,0.0,neutral,0,0.19048535823822021,"My Old Kentucky Home /Th> /Th> /Tr> Tr> Td colspan=""2""> Sheet music, 10th edition, 1892 (? ) /Td> /Tr>",0.0,0.0,0.0,entailment,1,0.41368186473846436
1729,who has won 3 stanley cups in a row,,False,National Hockey League,,,,contradiction,0,0.22805185616016388,NHL.,,,,contradiction,0,0.15771429240703583
1730,who is the president of congress party in gujarat,,False,I don't know,,,,neutral,0,0.03563397005200386,necessary.,,,,neutral,0,0.01099382434040308
1731,who wrote if a picture paints a thousand words,David Gates,True,I don't know,0.0,0.0,0.0,neutral,0,0.1217229962348938,The Gadsden flag is a historical American flag with a yellow field depicting a rattlesnake coiled and ready to strike.,0.0,0.0,0.0,neutral,0,0.08406747132539749
1732,how many cigarettes in a pack in the us,at least 20,True,I don't know,0.0,0.0,0.0,neutral,0,0.006865459494292736,United States military personnel,0.0,0.0,0.0,neutral,0,0.0070655164308846
1733,what famous person has a birthday on september 20,,False,Hollywood blacklisted,,,,neutral,0,0.0881110280752182,"The first systematic Hollywood blacklist was instituted on November 25, 1947, the day after ten writers and directors were cited",,,,neutral,0,0.06816720962524414
1734,4 day worldwide collection of tiger zinda hai,,False,I don't know,,,,contradiction,0,0.2028120458126068,Theatrical release poster /Tr> /Tr> /Tr> Tr> Tr> Tr> Tr> Tr> Tr> Tr> Tr>,,,,entailment,1,0.46553075313568115
1735,dr seuss green eggs and ham sam i am,,False,I don't know,,,,contradiction,0,0.15013667941093445,Green Eggs and Ham Tr> /Td> /Tr> Th> /Tr> Th> /Tr> Th> /Tr> Th> /Tr> ,,,,entailment,1,0.7583832740783691
1736,how does sperm move through the female reproductive system,,False,I don't know,,,,neutral,0,0.36612623929977417,"The cause of the downward motion of heavy bodies, such as the element earth, was related to their nature, which caused them to move downward toward the center of the universe, which was their natural place.",,,,neutral,0,0.008709272369742393
1737,the secret life of pets owners come home,,False,I don't know,,,,neutral,0,0.06644921749830246,The Secret Life of the American Teenager ( season 1 ) /Th> /Tr> /Tr> /Th> /Tr> /Th> /Tr> /Th> /Tr> ,,,,neutral,0,0.27830174565315247
1738,vikas puri is in which district of delhi,,False,I don't know,,,,neutral,0,0.16572493314743042,The United States Army Military District of Washington ( MDW ) is responsible for providing military funerals.,,,,neutral,0,0.13072773814201355
1739,who is ireland's current ambassador to the wto,,False,President of the United States,,,,entailment,1,0.5327762961387634,Nigerian Navy.,,,,contradiction,0,0.1425943225622177
1740,do they still make carrot cake m&m's,,False,France,,,,neutral,0,0.11647605150938034,The proverb is a common English idiomatic proverb or figure of speech.,,,,entailment,1,0.9877769947052002
1741,when did the song rubberband man come out,August 1976,True,I don't know,0.0,0.0,1.0,neutral,0,0.27026718854904175,"The Spinners /Th> /Th> /Th> /Tr> Th colspan=""2""> /Tr> /Tr> /Tr> Th colspan=""2""> Single",0.0,0.0,1.0,entailment,1,0.7752130627632141
1742,how many times have spain won world cup,one,True,I don't know,0.0,0.0,1.0,contradiction,0,0.12821687757968903,The Netherlands and Chile are the runners-up.,0.0,0.0,1.0,neutral,0,0.00544714042916894
1743,the mirror image rule is the common law requirement of which of the following,,False,I don't know,,,,neutral,0,0.04241681098937988,Color television.,,,,neutral,0,0.04866868257522583
1744,the federal depository insurance corporation (fdic) has the power to close a bank when,When the bank becomes critically undercapitalized,True,I don't know,0.0,0.0,0.0,contradiction,0,0.2415660172700882,/Tr> /Tr> /Tr> /Tr> /Tr> /Tr> /Tr> /Tr> /Tr> /Tr> /T,0.0,0.0,0.0,contradiction,0,0.3591731786727905
1745,who has been eliminated from bigg boss today,,False,I don't know,,,,neutral,0,0.15161383152008057,"Connor Byrne, who plays Mike Milligan, is currently appearing in his tenth series and has been in all three programme.",,,,neutral,0,0.06455805152654648
1746,the handmaid's tale book by margaret atwood,,False,I don't know,,,,neutral,0,0.1960102617740631,The first edition of The Handmaid's Tale /Th> /Th> /Th> /Th> /Th> /Th> /Th> /Th> /Th> /Th> ,,,,entailment,1,0.8504185676574707
1747,where do they film still open all hours,MediaCityUK in Salford,True,I don't know,0.0,0.0,0.0,contradiction,0,0.14905469119548798,"The opening titles of the film are: /Th> /Tr> /Tr> Tr> Td colspan=""2""> Still Open All Hours /Th> /Tr> Tr> ",0.0,0.0,0.0,entailment,1,0.7602521181106567
1748,when does rachel forgive ross for the list,,False,I don't know,,,,contradiction,0,0.17896707355976105,"The One with the Prom Video '' /Th> /Tr> Tr> Td colspan=""2""> Friends episode /Tr> /Tr> Tr> Th> Episode no.",,,,entailment,1,0.8090945482254028
1749,when did we become the united states of america,1776,True,U.S. government and most of Latin America were limited prior to the late 1800s,0.0,0.0,0.0,neutral,0,0.14960774779319763,"The land west of the Appalachian Mountains, north of the Ohio River and east of the Mississippi River was to be divided into ten separate states.",0.0,0.0,0.0,neutral,0,0.012835021130740643
1750,who played the son in hard to kill,,False,I don't know,,,,neutral,0,0.031236570328474045,The Eagles were founded in 1933.,,,,neutral,0,0.009439085610210896
1751,who was the leader of the bolsheviks when they overthrew the russian monarchy,Vladimir Lenin,True,I don't know,0.0,0.0,0.0,contradiction,0,0.06593239307403564,The first Prime Minister of India was Jawaharlal Nehru.,0.0,0.0,0.0,contradiction,0,0.20965902507305145
1752,when did the song 99 problems come out,"April 27, 2004",True,I don't know,0.0,0.0,1.0,contradiction,0,0.21504424512386322,"The single was released on April 27, 2004.",0.0,0.5454545454545454,1.0,neutral,0,0.01588640734553337
1753,where is shooting of yeh rishta kya kehlata hai,Mumbai,True,I don't know,0.0,0.0,1.0,contradiction,0,0.1949402391910553,"The opening theme of the film is ""Yeh Rishta Kya Kehlata Hai"" by Alka Yagnik.",0.0,0.0,1.0,neutral,0,0.06042936071753502
1754,who served as president of the united states from 1901 to 1909,Theodore Roosevelt Jr.,True,I don't know,0.0,0.0,0.0,neutral,0,0.01065567135810852,"The United States military seniority is the method by which the United States Armed Forces determine precedence among commissioned officers, in particular those",0.0,0.0,0.0,neutral,0,0.09854034334421158
1755,who played harmonica on the wizard black sabbath,Ozzy Osbourne,True,I don't know,0.0,0.0,1.0,contradiction,0,0.25320157408714294,"Black Sabbath /Th> /Tr> /Tr> Th colspan=""2"">  The Wizard '' /Th> /Tr> /Tr> Th colspan=""2""",0.0,0.0,1.0,entailment,1,0.6538665294647217
1756,my life as a teenage robot series finale,Turncoats,True,I don't know,0.0,0.0,0.0,neutral,0,0.2881326675415039,"It's My Life /Th> /Th> /Tr> P> Over the course of its broadcast, Breaking Bad aired 62 episodes over five seasons.",0.0,0.0,0.0,neutral,0,0.0389368012547493
1757,the slaughter following the fall of melos led to which play,,False,I don't know,,,,neutral,0,0.06894131004810333,be abolitionist.,,,,contradiction,0,0.022770516574382782
1758,liam neeson a walk among the tombstones trailer,,False,Lawrence Block,,,,entailment,1,0.4207993447780609,Lawrence Block,,,,entailment,1,0.4207993447780609
1759,when do they call off a baseball game,,False,I don't know,,,,neutral,0,0.26352864503860474,Baseball bat,,,,neutral,0,0.2745274603366852
1760,where did the slug bug game come from,,False,I don't know,,,,neutral,0,0.2009354829788208,The Supremes.,,,,entailment,1,0.8860556483268738
1761,where is catholic university of east africa located,Nairobi Kenya,True,thylakoid membrane of the chloroplast,0.0,0.0,0.0,neutral,0,0.17180615663528442,thylakoid membrane of the chloroplast in photosynthetic eukaryotes.,0.0,0.0,0.0,neutral,0,0.23167748749256134
1762,who assist cabinet ministers in running government ministries,,False,I don't know,,,,contradiction,0,0.23145438730716705,The previous service was the Imperial Secretariat Service ( 1919 - 1946 ).,,,,neutral,0,0.030126208439469337
1763,when did the kings of comedy come out,2000,True,He never conquered Mercia,0.0,0.0,1.0,contradiction,0,0.017472008243203163,He was a king of Mercia.,0.0,0.0,1.0,neutral,0,0.04532685503363609
1764,where did the vikings come from what country,,False,I don't know,,,,neutral,0,0.2547789514064789,/Th> Td> /Tr> /Tr> /Tr> /Tr> /Tr> /Tr> /Tr> /Tr> /Tr>,,,,contradiction,0,0.22888591885566711
1765,the presence of more than two alternative forms of a given gene,,False,I don't know,,,,neutral,0,0.041546531021595,No pitcher has ever thrown more than one.,,,,contradiction,0,0.008399415761232376
1766,who are the soldiers in this engraving who are they shooting,,False,I don't know,,,,neutral,0,0.2202136367559433,Major League Baseball.,,,,entailment,1,0.6471431851387024
1767,who played kate in little house on the prairie,,False,I don't know,,,,neutral,0,0.14654193818569183,The journey.,,,,neutral,0,0.24723437428474426
1768,when was the first issue of vogue published,1892,True,I don't know,0.0,0.0,1.0,contradiction,0,0.3261282742023468,The picture of Dorian Gray was first published in the July 1890 issue of  Lippincott's Monthly Magazine ''.,0.0,0.0,1.0,entailment,1,0.9172604084014893
1769,total length of tropic of cancer in india,,False,Hindi,,,,neutral,0,0.24687105417251587,The Constitution of India).,,,,neutral,0,0.1220339685678482
1770,where is the united kingdom located on the world map,off the north-western coast of the European mainland,True,I don't know,0.0,0.0,0.0,contradiction,0,0.09969104826450348,"The headwaters of the Cedar River are located in Dodge County, Minnesota, consisting of a west fork and middle fork approximately three miles northeast of the town of Blooming Prairie, and an east fork approximately one mile south of the town of Hayfield.",0.0,0.1176470588235294,0.0,entailment,1,0.7589749097824097
1771,who sang the song come back when you grow up girl,,False,I don't know,,,,neutral,0,0.2050878405570984,Here Today '' ( 1966 ) /Tr> Tr> Tr> Tr> Tr> Tr> Tr> Tr> Tr> Tr> Tr,,,,contradiction,0,0.19039416313171387
1772,when did the colorado river stop reaching the ocean,,False,I don't know,,,,contradiction,0,0.15597127377986908,The Colorado River /Tr> /Tr> /Tr> /Tr> /Tr> /Tr> /Tr> /Tr> /Tr> /Tr> ,,,,entailment,1,0.8530058264732361
1773,when is bring your daughter to work day,the fourth Thursday in April every year,True,I don't know,0.0,0.0,1.0,neutral,0,0.04271426051855087,The modern Santa Claus is a legendary figure of Western Christian culture who is said to bring gifts to the homes of well - behaved (  good '' or  nice '' ) children on Christmas Eve ( 24 December ) and the early morning hours of Christmas Day ( 25 December,0.0,0.04,1.0,neutral,0,0.15355317294597626
1774,who were the two scientists who proposed the theory of seafloor spreading in the early 1960s,Harry Hess,True,television was the only viable system.,0.0,0.0,0.0,contradiction,0,0.008534098975360394,television was a major industry in the United States.,0.0,0.0,0.0,neutral,0,0.06574121862649918
1775,how does jammu and kashmir enjoy a special status in india,,False,I don't know,,,,neutral,0,0.20208437740802765,/Tr> /Tr> /Tr> /Tr> /Tr> /Tr> /Tr> /Tr> /Tr> /Tr> /T,,,,entailment,1,0.39505067467689514
1776,when did ireland last qualify for the world cup,,False,World Cup was a purely sporting event.,,,,entailment,1,0.4398142397403717,"The 2018 FIFA World Cup qualification UEFA Group D was one of the nine UEFA groups for 2018 FIFA World Cup qualification. The group consisted of six teams : Wales, Austria, Serbia, Republic of Ireland, Moldova, and Georgia.",,,,entailment,1,0.9207728505134583
1777,william muir the life of muhammad from original sources,,False,I don't know,,,,neutral,0,0.18211683630943298,The Secret Life of the American Teenager ( season 3 ) /Th> /Tr> Tr> Tr> Tr> Tr> Tr> Tr> Tr> Tr>,,,,neutral,0,0.11114898324012756
1778,who won a gold medal with a broken neck,,False,I don't know,,,,contradiction,0,0.00833735242486,Bill Russell holds the record for the most NBA championships won with 11 titles during his 13 - year playing career.,,,,contradiction,0,0.0497518889605999
1779,what was number one on 21st march 1999,"""Believe""",True,Tiffany,0.0,0.0,0.0,neutral,0,0.005845332983881235,She is the author of the book.,0.0,0.0,0.0,neutral,0,0.12015973031520844
1780,the district of south paris on the left bank of the seine,,False,I don't know,,,,neutral,0,0.006993013899773359,"1834, the Bank of England was a Catholic denomination.",,,,neutral,0,0.009417860768735409
1781,queen of the south season 3 episode 12 air date,"September 6, 2018",True,I don't know,0.0,0.0,0.0,contradiction,0,0.21861834824085236,/Th> /Tr> Tr> Tr> Tr> Th> Episode no. /Th> Td> Td> Season 12 Episode 11 /Td> /Tr,0.0,0.0,0.0,entailment,1,0.4498446583747864
1782,who is the winner of big brother naija,,False,I don't know,,,,neutral,0,0.017895866185426712,The Super Bowl is the annual American football game that determines the champion of the National Football League ( NFL ).,,,,entailment,1,0.9844873547554016
1783,who played spock's mother in the voyage home,,False,I don't know,,,,neutral,0,0.012464821338653564,"The series also featured flashbacks in most episodes in the first five seasons to the time Queen was missing, and how his experiences there shaped him into the man who returned home to fight crime.",,,,neutral,0,0.000983856967650354
1784,who is the opening act for pearl jam at fenway park,,False,State level,,,,contradiction,0,0.21922338008880615,The governor is the constitutional head of each of the twenty - nine states.,,,,neutral,0,0.3078266680240631
1785,where's washington dc located on a map,"bordered by Montgomery County, Maryland, to the northwest; Prince George's County, Maryland, to the east; and Arlington and Alexandria, Virginia, to the south and west",True,I don't know,0.0,0.0,0.0,neutral,0,0.07243640720844269,"The Oval Office is the working office space of the President of the United States located in the West Wing of the White House, Washington, D.C..",0.0,0.1568627450980392,0.0,entailment,1,0.9341044425964355
1786,the iso 14000 series contains two types of standards,,False,I don't know,,,,neutral,0,0.2591463029384613,"The word xylem is derived from the Greek word  ( xylon ), meaning  wood ''.",,,,entailment,1,0.40124791860580444
1787,where can lions be found in the world,,False,I don't know,,,,neutral,0,0.1847032755613327,legal drinking age.,,,,entailment,1,0.76518714427948
1788,difference between indian penal code and criminal procedure code,,False,I don't know,,,,neutral,0,0.2302311658859253,"The Indian Penal Code, 1860 /Th> /Th> /Th> /Th> /Th> /Th> /Th> /Th> /Th> /Th> /Th>",,,,entailment,1,0.6099753379821777
1789,when was the last year that christmas day was on a monday,,False,I don't know,,,,neutral,0,0.017026619985699654,Bank Holidays,,,,neutral,0,0.1336383819580078
1790,gmae of thrones season 7 how many episodes,,False,I don't know,,,,neutral,0,0.2999700605869293,/Th> /Tr> Tr> Tr> Th> Tr> Th> Tr> Th> Tr> Th> Tr> Th> T,,,,entailment,1,0.4952501356601715
1791,cagliari - as roma serie a - italy - football,,False,I don't know,,,,contradiction,0,0.04718136414885521,Serie A games are based on the Serie A record of Italy's results at the FIFA World Cup.,,,,entailment,1,0.41343235969543457
1792,does the subaru tribeca have a third row,,False,I don't know,,,,neutral,0,0.14459657669067383,Canadian,,,,neutral,0,0.3939245939254761
1793,who got second place on the world cup,Croatia,True,I don't know,0.0,0.0,0.0,contradiction,0,0.03329471871256828,"The 2018 FIFA World Cup was the second and final stage of the competition, following the group stage.",0.0,0.0,0.0,contradiction,0,0.15039104223251343
1794,what percentage of the uk population say they have no religion,26.1,True,I don't know,0.0,0.0,0.0,neutral,0,0.07853253930807114,The list includes artists who have charted on official albums or singles charts.,0.0,0.0,0.0,neutral,0,0.11477840691804886
1795,which country in europe consumes the most alcohol,,False,I don't know,,,,neutral,0,0.0892995297908783,alcohol legal drinking age is the legal drinking age for a person to legally consume or purchase alcoholic beverages.,,,,entailment,1,0.9601143002510071
1796,who sang life is like a great big onion,,False,I don't know,,,,neutral,0,0.20701859891414642,The results of the study showed how individuals interacted and communicated about different stimuli.,,,,neutral,0,0.24705836176872253
1797,what kind of herbs are in herbes de provence,,False,I don't know,,,,contradiction,0,0.04706951230764389,Herbes de Provence is a mixture of dried herbs considered typical of the Provence region of southeast France.,,,,entailment,1,0.9656473994255066
1798,who sang the duet don't go breaking my heart,,False,I don't know,,,,contradiction,0,0.25755229592323303,"Celine Dion /Th> /Tr> /Tr> Th colspan=""2""> Single by Celine Dion /Th> /Tr> /Tr> Th colspan=""2"">",,,,entailment,1,0.6565483808517456
1799,rupaul drag race all stars season 10 episode 1,,False,I don't know,,,,contradiction,0,0.16653725504875183,"Tr> Th colspan=""2""> RuPaul's Drag Race All Stars /Th> /Th> /Tr> Th colspan=""2""> Season 3 /Th> /Th> ",,,,entailment,1,0.48800620436668396
1800,who sinned that this man was born blind,,False,Hockey's first teams,,,,neutral,0,0.14363205432891846,Hockey teams in the first recorded indoor ice hockey game,,,,neutral,0,0.0717245563864708
1801,when did the tax free savings account start in canada,"January 1, 2009",True,I don't know,0.0,0.0,0.0,contradiction,0,0.1134047657251358,"The tax benefits of a TFSA are not taxed in most cases, even when withdrawn.",0.0,0.0,0.0,entailment,1,0.9866762757301331
1802,who get the flag at a military funeral,the next of kin,True,Gadsden,0.0,0.0,0.0,neutral,0,0.05368214473128319,Gadsden.,0.0,0.0,0.0,neutral,0,0.04714297875761986
1803,who was indian president when first nuclear test were conduct,Dr. Abdul Kalam,True,Constitution,0.0,0.0,0.0,entailment,1,0.7203084230422974,Constitution.,0.0,0.0,0.0,entailment,1,0.50388103723526
1804,when did great britain win the davis cup,2015,True,I don't know,0.0,0.0,0.0,neutral,0,0.006514921318739653,"The monarchs of the United Kingdom of Great Britain and Northern Ireland ( 1707 -- 1801 ), the United Kingdom of Great Britain and Ireland ( 1801 -- 1801 ), the Kingdom of Great Britain and Ireland ( 1707 -- 1801 ), the Kingdom of Great Britain and",0.0,0.0,0.0,contradiction,0,0.04674107953906059
1805,a quorum for a decision in the supreme court is,six,True,a warrant,0.0,0.0,1.0,contradiction,0,0.06176897883415222,a reasonable belief that the person is armed,0.0,0.0,1.0,contradiction,0,0.09336373209953308
1806,sparta ms in the heat of the night,,False,I don't know,,,,neutral,0,0.055886123329401016,The fictional version of Sparta was featured in the 1967 film In the Heat of the Night and the television series in the 1980s and'90s.,,,,entailment,1,0.6734326481819153
1807,what happened to the real students from stand and deliver,,False,I don't know,,,,contradiction,0,0.05697118490934372,The first three of the seven petitions in Matthew address God ; the other four are related to human needs and concerns.,,,,contradiction,0,0.014606308192014694
1808,who did star stab on the show star,,False,I don't know,,,,contradiction,0,0.13987624645233154,The first appearance of Princess Leia /Th> /Tr> /Tr> /Tr> /Tr> /Tr> /Tr> /Tr> /Tr> /,,,,neutral,0,0.08986277878284454
1809,select appropriate option which is not example of function overloading,,False,I don't know,,,,neutral,0,0.10242944955825806,The chairman of the PAC is appointed by the Speaker of Lok Sabha.,,,,neutral,0,0.11401842534542084
1810,what does a governor general do in australia,,False,I don't know,,,,contradiction,0,0.2412557154893875,"The Governor - General of the Commonwealth of Australia /Th> /Th> /Th> /Tr> Tr> Td colspan=""2""> Badge of the Governor - General of Australia /Th> ",,,,entailment,1,0.8404779434204102
1811,in the heart of the sea who survives,,False,I don't know,,,,neutral,0,0.12636718153953552,The plot is based not on the traditional conflict of human wills but on the hopeless struggle of a people against the impersonal but relentless cruelty of the sea.,,,,neutral,0,0.023449856787919998
1812,when was the term stolen generation first introduced,,False,I don't know,,,,neutral,0,0.11446046084165573,The first Prime Minister of India was Jawaharlal Nehru.,,,,contradiction,0,0.22347889840602875
1813,what was the biggest battle in world war 2,,False,First World War,,,,contradiction,0,0.09841545671224594,World War.,,,,contradiction,0,0.10111391544342041
1814,the understanding of the earth as a system means which of the following quizlet,,False,subsystems,,,,neutral,0,0.258735716342926,The Earth system science is the application of systems science to the Earth sciences.,,,,entailment,1,0.4636501967906952
1815,where was the man in the moon filmed at,,False,I don't know,,,,contradiction,0,0.017980724573135376,The story is about Jacob.,,,,neutral,0,0.01081489585340023
1816,when does a car get a vin number,,False,I don't know,,,,neutral,0,0.1672438085079193,The company /Tr> /Tr> /Tr> /Tr> /Tr> /Tr> /Tr> /Tr> /Tr> /Tr> ,,,,neutral,0,0.28023144602775574
1817,bible verse that says man shall not live by bread alone,,False,I don't know,,,,neutral,0,0.11687944084405899,"The concept of original sin was first alluded to in the 2nd century by Irenaeus, Bishop of Lyon in his controversy with certain dualist Gnostics.",,,,neutral,0,0.13292238116264343
1818,where are receptors for water soluble hormones located,on the plasma membrane,True,Mississippi River,0.0,0.0,0.0,contradiction,0,0.032366689294576645,Iowa River.,0.0,0.0,0.0,contradiction,0,0.03354237601161003
1819,what are the different kinds of mike's hard lemonade,lemonade,True,1914,0.0,0.0,1.0,neutral,0,0.19599726796150208,1914–1918,0.0,0.0,1.0,contradiction,0,0.09518489241600037
1820,what percentage of blood is composed of plasma,55%,True,I don't know,0.0,0.0,0.0,contradiction,0,0.059153955429792404,"The sentence "" income elasticity of demand"" refers to the responsiveness of the quantity demanded for a good or service to a change.",0.0,0.0,0.0,entailment,1,0.492483526468277
1821,who won the senate election in new jersey,,False,Celtics,,,,contradiction,0,0.40420785546302795,Celtics.,,,,contradiction,0,0.24623051285743713
1822,who was the winner of season 1 skin wars,Natalie Fletcher,True,Billy Dee Williams,0.0,0.0,0.0,neutral,0,0.20596785843372345,Billy Dee Williams of season eighteen quit due to stress fractures in both of his feet.,0.0,0.0,0.0,neutral,0,0.08001677691936493
1823,the roric art gallary situated in which distt,,False,river,,,,neutral,0,0.15565162897109985,Rivers,,,,neutral,0,0.06145388260483742
1824,who plays the bad guy in 5th element,,False,I don't know,,,,neutral,0,0.0740022212266922,I love you,,,,entailment,1,0.9405076503753662
1825,who plays adam newman on young and the restless,,False,I don't know,,,,neutral,0,0.3315601050853729,"Adam Newman /Th> /Tr> Tr> Td colspan=""2""> Justin Hartley /Tr> Td colspan=""2""> Adam Newman /Th> /Tr>",,,,contradiction,0,0.37723150849342346
1826,where was the movie lady in white filmed,"Wayne County, New York",True,I don't know,0.0,0.0,0.0,contradiction,0,0.051036953926086426,"The series began on the NBC network on September 11, 1974, and ended on May 10, 1982.",0.0,0.0,0.0,neutral,0,0.00256218365393579
1827,when was steph curry drafted in the nba,2009,True,President,0.0,0.0,0.0,neutral,0,0.3073793053627014,"The sentence ""The highest - paid NBA player per year in seven of the past twelve NBA seasons have received contracts with salaries noted in the twenty - million - dollar range."" means that the highest - paid NBA player per year in seven of the past twelve NBA seasons has received contracts with salaries noted in",0.0,0.0,0.0,entailment,1,0.942031741142273
1828,who was the first woman president of pakistan,,False,I don't know,,,,neutral,0,0.09726246446371078,"Indira Gandhi, Nehru's daughter, succeeded Shastri in 1966 to become the country's first woman premier.",,,,neutral,0,0.037380244582891464
1829,pac man and the ghostly adventures season 1,,False,I don't know,,,,neutral,0,0.09002106636762619,The Adventures of Sherlock Holmes /Td> Td> 1930 - 1931 /Td> Td> Td> ( American ) /Td> /Tr> Tr> Tr>,,,,neutral,0,0.11825374513864517
1830,where are the seven churches in revelation located today,,False,I don't know,,,,neutral,0,0.1588386446237564,appear on the screen.,,,,neutral,0,0.3526919186115265
1831,the sidereal day is determined by the earth's rotation with respect to the stars,,False,I don't know,,,,neutral,0,0.10327868163585663,The show is based on the rotation of Earth.,,,,entailment,1,0.6722132563591003
1832,the first public playhouse ( the theatre ) is built in london,1576,True,I don't know,0.0,0.0,1.0,neutral,0,0.0642436295747757,The area in the  suburbs of sin '' was notorious for licentious behaviour.,0.0,0.0,1.0,neutral,0,0.03421495109796524
1833,what is the first quadrant on a graph,,False,Hollywood blacklist,,,,contradiction,0,0.04519203305244446,"The first systematic Hollywood blacklist was instituted on November 25, 1947, the day after ten writers and directors were cited for contempt of Congress for refusing to testify to the House Un-American Activities Committee.",,,,neutral,0,0.04080634191632271
1834,according to jainism the aim of education is,,False,I don't know,,,,contradiction,0,0.1562146693468094,counties.,,,,neutral,0,0.13789668679237366
1835,when does the new season for the talk start,,False,I don't know,,,,neutral,0,0.13791429996490479,The article is about the history of New Zealand during World War I.,,,,entailment,1,0.9162360429763794
1836,as i was going to st ives i met a man with 7 wives,,False,I don't know,,,,neutral,0,0.07404619455337524,"The concept of original sin was first alluded to in the 2nd century by Irenaeus, Bishop of Lyon in his controversy with certain dualist Gnostics.",,,,neutral,0,0.33928412199020386
1837,who was the viceroy during the quit india movement,,False,I don't know,,,,contradiction,0,0.15994729101657867,/Th> /Tr> /Tr> /Tr> /Tr> /Tr> /Tr> /Tr> /Tr> /Tr> /Tr,,,,contradiction,0,0.2897505760192871
1838,who is the current chief minister of kerala,Pinarayi Vijayan,True,I don't know,0.0,0.0,1.0,contradiction,0,0.04210681840777397,parliamentary system,0.0,0.0,1.0,contradiction,0,0.0659034475684166
1839,who was on the confederate one dollar bill,,False,I don't know,,,,neutral,0,0.31384819746017456,London.,,,,contradiction,0,0.22727139294147491
1840,the condensed electron configuration of magnesium element 12 is,,False,I don't know,,,,neutral,0,0.06310462206602097,The mass number is written either after the element name or as a superscript to the left of an element's symbol.,,,,neutral,0,0.08961620181798935
1841,who played entwistle in last of the summer wine,"Herbert Tsangtse ""Burt"" Kwouk",True,I don't know,0.0,0.0,0.0,neutral,0,0.06713362038135529,good old vintages.,0.0,0.0,0.0,neutral,0,0.15868809819221497
1842,the title of the army jrotc courses taught at the high school level,,False,I don't know,,,,neutral,0,0.20208798348903656,The Lord's Prayer is a venerated Christian prayer that Jesus taught as the way to pray.,,,,neutral,0,0.20638394355773926
1843,plough is the characteristic feature of the icons of,,False,I don't know,,,,neutral,0,0.025530828163027763,"The primary purpose of ploughing is to turn over the upper layer of the soil, bringing fresh nutrients to the surface, while burying weeds and the remains of previous crops and allowing them to break down.",,,,neutral,0,0.006912527605891228
1844,what event led to the convening of the constitutional convention in 1787,,False,I don't know,,,,neutral,0,0.07952767610549927,The Constitutional Convention was the most significant event in the history of the United States.,,,,neutral,0,0.45921364426612854
1845,how often does the home team win in extra innings,,False,I don't know,,,,neutral,0,0.08740074187517166,"NBA, the Mavericks are a team that has won eight championships : four in the AAFC, and four in the NFL.",,,,contradiction,0,0.02905920147895813
1846,who plays the girl in alvin and the chipmunks,,False,I don't know,,,,contradiction,0,0.09390687197446823,"The Melancholy of Haruhi Suzumiya is an anime television series produced by Kyoto Animation and directed by Tatsuya Ishihara, based on the Haruhi Suzumiya series of light novels written by Nagaru Tanigawa and illustrated by",,,,neutral,0,0.12102680653333664
1847,where does the last name shinn come from,Korea,True,I don't know,0.0,0.0,0.0,contradiction,0,0.14399245381355286,Jacob.,0.0,0.0,0.0,contradiction,0,0.1759401112794876
1848,map of where afghanistan is in the world,,False,240 km ( 150 mi ) of Mediterranean coastline,,,,contradiction,0,0.28684917092323303,240 km ( 150 mi ),,,,neutral,0,0.33910560607910156
1849,when does a lawyer take the bar exam,,False,1946,,,,neutral,0,0.17813856899738312,The Cleveland Browns were a charter member club of the All - America Football Conference ( AAFC ) when the league was founded in 1946.,,,,contradiction,0,0.08489078283309937
1850,when does the new season of legion come out,February 2018,True,Conference Finals,0.0,0.0,0.0,neutral,0,0.03217316046357155,Conference Finals record,0.0,0.0,0.0,neutral,0,0.024577273055911064
1851,when do christmas decorations come out in stores,,False,I don't know,,,,neutral,0,0.0105539970099926,"The sentence "" Leaving the decorations up beyond Candlemas is historically considered to be inauspicious. Leaving the decorations up beyond Candlemas is historically considered to be inauspicious. Leaving the decorations up beyond Candlemas is historically considered to be inauspicious. Leaving the decorations",,,,entailment,1,0.8117280006408691
1852,nature of the force between atoms and molecules,,False,I don't know,,,,neutral,0,0.46391716599464417,The Greek philosopher Aristotle believed that there is no effect or motion without a cause.,,,,neutral,0,0.03464723005890846
1853,game of thrones season 7 season 3 release date,"July 30, 2017",True,I don't know,0.0,0.0,0.0,neutral,0,0.2999700605869293,/Th> /Tr> Tr> Tr> Th> Tr> Th> Tr> Th> Tr> Th> Tr> Th> T,0.0,0.0,0.0,entailment,1,0.4952501356601715
1854,where did the king of france live before versailles,Tuileries Palace,True,I don't know,0.0,0.0,0.0,contradiction,0,0.1872703731060028,The Hedjaz /Li>,0.0,0.0,0.0,contradiction,0,0.17155499756336212
1855,what is tybalt's nickname in romeo and juliet,,False,I don't know,,,,contradiction,0,0.289455384016037,Created by /Th> Td> William Shakespeare /Tr> /Tr> Tr> Th> Information /Th> /Th> /Tr> /Th> /Th> Family,,,,entailment,1,0.7825245261192322
1856,who won season 11 of food network star,Eddie Jackson,True,I don't know,0.0,0.0,1.0,neutral,0,0.16724766790866852,"The episode with the highest number of episodes was aired on June 7, 2015 ( June 7, 2015 - August 16, 2015 ).",0.0,0.0,1.0,neutral,0,0.08704216778278351
1857,a key communicative component of native american interaction is proxemics,,False,I don't know,,,,neutral,0,0.09315574169158936,"The War of 1812 between Great Britain and the United States, 1812 - 1815, involved with no geographical changes.",,,,entailment,1,0.9830992817878723
1858,when is the last time the capitals made it to the stanley cup,2017–18,True,I don't know,0.0,0.0,0.0,contradiction,0,0.02883066236972809,The Spanish flu epidemic.,0.0,0.0,0.0,contradiction,0,0.028719721361994743
1859,where were the first river valley civilizations located,,False,I don't know,,,,neutral,0,0.03561639040708542,The Cedar River is a 338 - mile - long ( 544 km ) river in Minnesota and Iowa.,,,,neutral,0,0.12139380723237991
1860,witchcraft its power in the world today pdf,,False,I don't know,,,,neutral,0,0.055276889353990555,United Nations Peacekeeping began in 1948.,,,,neutral,0,0.03293141722679138
1861,info on movie all the money in the world,,False,I don't know,,,,neutral,0,0.012527156621217728,"The pilot movie was preceded by the two - hour pilot movie, which first aired on March",,,,neutral,0,0.05536646395921707
1862,where was the war of 1812 fought at,,False,I don't know,,,,contradiction,0,0.012686928734183311,The Committee on Finance is one of the original committees established in the Senate.,,,,contradiction,0,0.01995120570063591
1863,who got eliminated in telugu big boss 2 today,,False,I don't know,,,,neutral,0,0.17416192591190338,wrong.,,,,neutral,0,0.19828644394874573
1864,who played the clown on american horror story,John Carroll Lynch,True,I don't know,0.0,0.0,0.0,neutral,0,0.04052861034870148,"The Philadelphia Eagles are a professional football team based in Philadelphia, Pennsylvania.",0.0,0.0,0.0,contradiction,0,0.02230977639555931
1865,how many stairs are there on the inca trail,,False,I don't know,,,,neutral,0,0.020424747839570045,"The route of the Oregon Trail shown on a map of the western United States from Independence, Missouri ( on the eastern end ) to Oregon City, Oregon ( on the western end )",,,,neutral,0,0.0033522830344736576
1866,microsoft headquarters is in which of the following cities,,False,Xbox One,,,,neutral,0,0.15701419115066528,The following is a list of all backward compatible games on Xbox:,,,,neutral,0,0.16092900931835175
1867,who managed the estate when the lord was away,the steward,True,I don't know,0.0,0.0,0.0,neutral,0,0.03474216163158417,"First recorded in the 1860s, the proverb originated in Wales, and was particularly prevalent in Pembrokshire.",0.0,0.1111111111111111,0.0,neutral,0,0.12587419152259827
1868,how do you say great britain in french,Grande-Bretagne,True,I don't know,0.0,0.0,0.0,entailment,1,0.5819063186645508,The time.,0.0,0.0,0.0,entailment,1,0.7542213201522827
1869,who were the singers in the partridge family,,False,descendants of immigrants,,,,entailment,1,0.8073954582214355,No.,,,,neutral,0,0.16412532329559326
1870,when was the last time man u was in the champions league,2017–18,True,I don't know,0.0,0.0,0.0,contradiction,0,0.04562511295080185,The Stanley Cup is a trophy awarded annually to the playoff champion club of the National Hockey League ( NHL ) ice hockey league.,0.0,0.0,0.0,neutral,0,0.38578498363494873
1871,general information about any two scientific institutes of national importance,,False,I don't know,,,,neutral,0,0.07550886273384094,"The Scientific Revolution was a series of events that marked the emergence of modern science during the early modern period, when developments in mathematics, physics, astronomy, biology ( including human anatomy ) and chemistry transformed the views of society about nature.",,,,neutral,0,0.058651868253946304
1872,what does the dean do in order to achieve his goal in the poem the deans provocation,,False,I don't know,,,,neutral,0,0.18899957835674286,The song was inducted into the Canadian Songwriters Hall of Fame.,,,,neutral,0,0.0071778264828026295
1873,the easiest method of increasing power in a study is to increase sample size,,False,I don't know,,,,contradiction,0,0.09491125494241714,income elasticity of demand.,,,,entailment,1,0.4165675938129425
1874,bubble and squeak why is it called that,,False,filaments,,,,entailment,1,0.4819434881210327,A mold ( US ) or mould ( UK / NZ / AU / ZA / IN / CA / IE ) is a fungus that grows in the form of multicellular filaments called hyphae.,,,,neutral,0,0.2381318211555481
1875,who was brought up by king of mithila,,False,I don't know,,,,neutral,0,0.06489193439483643,Wessex.,,,,contradiction,0,0.015555615536868572
1876,when did i can only imagine get released,2001,True,I don't know,0.0,0.0,1.0,contradiction,0,0.26015961170196533,"MercyMe /Th> /Th> /Tr> Td colspan=""2""> /Tr> /Tr> /Tr> Th colspan=""2""> Single by MercyMe ",0.0,0.0,1.0,entailment,1,0.5855696797370911
1877,how many episodes of snl in a season,,False,I don't know,,,,neutral,0,0.11707330495119095,"The fourth season began airing in September 2008, stopped in December 2008, and resumed on April 17.",,,,contradiction,0,0.012740453705191612
1878,endosperm of gymnosperm is ontogenetically similar to angiospermic,,False,I don't know,,,,neutral,0,0.11045047640800476,High - achieving,,,,neutral,0,0.22717362642288208
1879,who played the ice queen in once upon a time,Elizabeth Mitchell,True,NFL seasons,0.0,0.0,0.0,neutral,0,0.03582466021180153,NFL regular seasons.,0.0,0.0,0.0,neutral,0,0.03374752402305603
1880,cradle of filth – cryptoriana the seductiveness of decay,,False,I don't know,,,,neutral,0,0.23884499073028564,Cradle of Filth /Th> /Tr> Tr> Tr> Tr> Tr> Tr> Tr> Tr> Tr> Tr> ,,,,entailment,1,0.6410156488418579
1881,where is dirty dancing supposed to take place,a resort in the Catskill Mountains,True,slow,0.0,0.0,0.0,neutral,0,0.3416602909564972,slow,0.0,0.0,0.0,neutral,0,0.3416602909564972
1882,what type of flight pattern is characteristic of eagles,,False,I don't know,,,,neutral,0,0.13808397948741913,The United States Army is the military branch of the United States Army.,,,,neutral,0,0.14464932680130005
1883,what kind of water snakes are in illinois,,False,I don't know,,,,neutral,0,0.1289328932762146,Aerosmith /Th> /Th> /Tr> /Tr> /Tr> /Tr> /Tr> /Tr> /Tr> /Tr> /T,,,,neutral,0,0.4411609172821045
1884,who did the marlins beat in the 2003 world series,New York Yankees,True,I don't know,0.0,0.0,1.0,contradiction,0,0.13581301271915436,"The 2003 World Series /Th> /Th> /Tr> Tr> Td colspan=""2""> /Tr> /Tr> Td colspan=""2""> /Tr",0.0,0.0,1.0,entailment,1,0.9300133585929871
1885,which of these is the best description of a tax base,,False,I don't know,,,,neutral,0,0.04714428633451462,The term database design can be used to describe many different parts of the design of an overall database system.,,,,neutral,0,0.07791626453399658
1886,environmental crimes involve violations of the criminal law that damage protected land areas,,False,I don't know,,,,contradiction,0,0.2067050039768219,Environmental law /Td> /Tr> Tr> Th> Pollution control law /Th> /Tr> Tr> Th> Environmental impact assessment /Li> Air quality law /Li,,,,entailment,1,0.9157029390335083
1887,when does season 8 of archer come out on dvd,,False,I don't know,,,,contradiction,0,0.18203489482402802,The 8th season of Archer was broadcast in the United States.,,,,neutral,0,0.005558497738093138
1888,blue mountain state what happened to mary jo,,False,I don't know,,,,neutral,0,0.15560972690582275,The series was created by /Th> Td> Eric Falconer Chris Romano /Td> /Tr> Tr> Tr> Tr> Th> Starring /Th> Ul>,,,,entailment,1,0.8125150799751282
1889,who got voted off big brother august 3 2017,,False,I don't know,,,,contradiction,0,0.14804336428642273,The first season of Big Brother /Td> /Tr> /Tr> /Tr> /Tr> /Tr> /Tr> /Tr> /Tr> /T,,,,neutral,0,0.035921696573495865
1890,david tennant's last episode of doctor who,The End of Time,True,I don't know,0.0,0.0,1.0,contradiction,0,0.2600296437740326,"The Doctor /Tr> /Tr> /Tr> Td colspan=""2""> The Tenth Doctor /Tr> /Tr> Td colspan=""2""> David Tennant ",0.0,0.1,1.0,entailment,1,0.545799195766449
1891,who is the actor that plays the hound,Rory McCann,True,I don't know,0.0,0.0,0.0,neutral,0,0.25095558166503906,The keystone species is analogous to the role of a keystone in an arch.,0.0,0.0,0.0,neutral,0,0.014094704762101173
1892,just tell me that you love me fleetwood mac,,False,I don't know,,,,contradiction,0,0.19840824604034424,Jackson is a great guy.,,,,neutral,0,0.038150619715452194
1893,the divergent series allegiant part 2 release date,,False,I don't know,,,,contradiction,0,0.22030693292617798,"The Divergent Series : Allegiant /Th> /Th> /Th> /Th> /Th> /Tr> Th colspan=""2""> The Divergent Series : Allegiant /Th>",,,,contradiction,0,0.3880629241466522
1894,who wrote love so soft by kelly clarkson,Mozella,True,I don't know,0.0,0.0,1.0,neutral,0,0.282711923122406,"The album Meaning of Life was released on September 7, 2017.",0.0,0.0,1.0,entailment,1,0.9800578355789185
1895,who is the home minister of india 2013,Sushilkumar Shinde,True,I don't know,0.0,0.0,0.0,neutral,0,0.04827037453651428,The Prime Minister of India is the chief executive of the Government of India.,0.0,0.0,0.0,neutral,0,0.05017394199967384
1896,aaj jaane ki zid na karo lyrics original singer,,False,I don't know,,,,neutral,0,0.08156862109899521,Sohail Rana.,,,,neutral,0,0.18501640856266022
1897,who plays ratchet in guardians of the galaxy,,False,I don't know,,,,contradiction,0,0.05155182257294655,The place of origin /Th> /Th> Td> Halfworld /Th> /Th>,,,,contradiction,0,0.07794799655675888
1898,who's performing at the super bowl 2019,,False,American,,,,neutral,0,0.25390273332595825,"The Philadelphia Eagles are a professional football team based in Philadelphia, Pennsylvania.",,,,neutral,0,0.20934292674064636
1899,who survives the plane crash on grey's anatomy,Dr. Meredith Grey (Ellen Pompeo),True,I don't know,0.0,0.0,0.0,contradiction,0,0.23095132410526276,The thirteenth season of Grey's Anatomy /Td> /Tr> /Tr> Tr> Tr> Tr> Tr> Tr> Tr> Tr,0.0,0.0,0.0,entailment,1,0.8078404664993286
1900,where is the united states located on earth,38°00′00″N 97°00′00″W﻿ / ﻿38.000°N 97.000°W,True,I don't know,0.0,0.0,0.0,neutral,0,0.11139398068189621,"The headwaters of the Cedar River are located in Dodge County, Minnesota, consisting of a west fork and middle fork approximately three miles northeast of the town of Blooming Prairie, and an east fork approximately one mile south of the town of Hayfield.",0.0,0.0,0.0,entailment,1,0.6613463759422302
1901,what does the song scientist by coldplay mean,,False,I don't know,,,,neutral,0,0.29375559091567993,"The single was released on November 4, 2002 ( 2002 - 11 - 04 ) /Td> /Tr> Tr> Tr> Tr> Th colspan=""2""> /Tr> ",,,,entailment,1,0.9001086950302124
1902,how did they keep time in the middle ages,,False,I don't know,,,,neutral,0,0.22835607826709747,Europe.,,,,neutral,0,0.19465389847755432
1903,when does the supreme court hand down decisions,,False,I don't know,,,,contradiction,0,0.2897195518016815,The current members /Th> /Tr> Tr> Td> Dl> Dt> Chief Justice /Dt> Dd> John Roberts /Dd> Dt> Associate Justices,,,,entailment,1,0.8614016175270081
1904,the devil is in the details meaning in tamil,,False,I don't know,,,,neutral,0,0.08833448588848114,"The Greek word xylon, meaning  wood '', is derived from the Greek word  ( xylon ), meaning  wood ''.",,,,entailment,1,0.7000181674957275
1905,when did the first automatic car come out,,False,I don't know,,,,neutral,0,0.12339285761117935,"The Mavericks were led by key players including Mark Aguirre, Brad Davis and Rolando Blackman.",,,,neutral,0,0.037613920867443085
1906,functions of general insurance corporation of india (gic),,False,I don't know,,,,neutral,0,0.18355751037597656,GIC Re /Tr> /Tr> Th>  To be a leading global reinsurance and risk solution provider /Td> /Tr> Th> Type /Th> Td> Public -,,,,entailment,1,0.9159166812896729
1907,hickory dickory dock the snake ran up the clock who's wrong,,False,They were used in the precinct of Amun - Re,,,,neutral,0,0.0324552059173584,Egyptian.,,,,neutral,0,0.17167498171329498
1908,state how the german advance shows their aim of creating a powerful german empire,,False,I don't know,,,,neutral,0,0.015407195314764977,"Freikorps ( pronounced ( fako ),  Free Corps '' ) were German volunteer units that existed from the 18th to the early 20th centuries, which effectively fought as mercenary or private armies,",,,,entailment,1,0.6122779846191406
1909,the principles and practice of earned value management,,False,Project management software are being developed.,,,,neutral,0,0.017362723127007484,software are being developed to help manage resource management and planning.,,,,neutral,0,0.011395937763154507
1910,godspeed you black emperor where are you going,,False,I don't know,,,,neutral,0,0.24283777177333832,F  A    /Th> /Tr> Tr> Tr> Tr> Tr> Tr> Tr> Tr> Tr> T,,,,entailment,1,0.5365379452705383
1911,what was the main significance of the battle of argonne forest,,False,I don't know,,,,contradiction,0,0.10159394145011902,/Td> /Tr> /Tr> /Tr> /Tr> /Tr> /Tr> /Tr> /Tr> /Tr> /T,,,,contradiction,0,0.20005279779434204
1912,show me a map of monroe county florida,,False,"Location in Washington, D.C. Show map of Central Washington, D.C. Show map of the US Show all /Td> /Tr> Table> Tr> Td colspan=""2""> /Tr",,,,contradiction,0,0.36340856552124023,"Location in Washington, D.C. Location in Washington, D.C. Show map of Central Washington, D.C. Show map of the US Show all /Td> /Tr> Table> Tr> Td colspan",,,,entailment,1,0.43994539976119995
1913,who is the famous painter who painted shakunthala,Raja Ravi Varma.,True,survivors,0.0,0.0,0.0,neutral,0,0.3621184825897217,survivors.,0.0,0.0,0.0,neutral,0,0.3486677408218384
1914,the importance of being earnest movie 1952 cast,,False,Agents of S.H.I.E.L.D. : Slingshot,,,,neutral,0,0.3298589289188385,Agents of S.H.I.E.L.D. : Slingshot.,,,,entailment,1,0.525737464427948
1915,what were the rules in the treaty of versailles,,False,I don't know,,,,contradiction,0,0.1872703731060028,The Hedjaz /Li>,,,,contradiction,0,0.17155499756336212
1916,the highest yield of rice per hectare in india is in which state,West Bengal,True,I don't know,0.0,0.0,0.0,neutral,0,0.11776583641767502,Biligiriranga Hills is a place.,0.0,0.0,0.0,neutral,0,0.4349850118160248
1917,who wrote have a little talk with jesus,Cleavant Derricks,True,I don't know,0.0,0.0,0.0,contradiction,0,0.07316451519727707,Haakun the Hunter is a hunter.,0.0,0.0,0.0,contradiction,0,0.16202907264232635
1918,who owns the pawn shop on pawn stars,Richard (Rick) Kevin Harrison,True,I don't know,0.0,0.0,0.0,contradiction,0,0.24790865182876587,The running time for the series is 522 episodes.,0.0,0.0,0.0,neutral,0,0.009125985205173492
1919,who is panic at the disco owned by,,False,I don't know,,,,contradiction,0,0.1910647749900818,"The shorty awards were held in Las Vegas, Nevada, U.S. /Td> /Tr> /Tr> Tr> Th colspan=""2""> Panic! at the Disco /Th>",,,,entailment,1,0.7673488855361938
1920,who wrote the song i'm coming home,Jermaine Cole,True,I don't know,0.0,0.0,1.0,neutral,0,0.10032736510038376,"The opening theme song for episodes 1 to 76 is  Chzetsu Dynamic! '' (   !, Chzetsu Dainamikku,  Excellent Dynamic! '' ) performed by",0.0,0.0,1.0,contradiction,0,0.042086195200681686
1921,what age was lebron when he went to the nba,,False,I don't know,,,,neutral,0,0.22401010990142822,George Mikan won two championships.,,,,contradiction,0,0.0419263057410717
1922,who has won the mens single title in the australian open tennis tournament 2018,Roger Federer,True,I don't know,0.0,0.0,0.0,neutral,0,0.22462305426597595,was a team that won the NCAA Tournament.,0.0,0.0,0.0,neutral,0,0.06997478008270264
1923,the lord of the rings the witch king,,False,I don't know,,,,neutral,0,0.1504008024930954,"The Lord of the Rings /Th> /Th> Table> Tr> Th colspan=""2""> Witch - king of Angmar /Th> /Tr> Tr> Td",,,,entailment,1,0.36834245920181274
1924,when does episode 5 come out for game of thrones,"April 12, 2015",True,I don't know,0.0,0.0,0.0,neutral,0,0.2829139530658722,"The first season of the series was released on July 16 ( 2017 - 07 - 16 ) -- August 27, 2017 ( 2017 - 08 - 27 ) /Td> /Tr> /Tr> /Tr> /",0.0,0.0,0.0,contradiction,0,0.1479889154434204
1925,who plays the ghost in the bathroom in harry potter,,False,I don't know,,,,contradiction,0,0.1687239408493042,"Lord Voldemort /Th> /Th> /Tr> Tr> Td colspan=""2""> Lord Voldemort /Th> /Tr> Tr> Td cols",,,,contradiction,0,0.15837623178958893
1926,star utsav iss pyaar ko kya naam doon full episode,,False,I don't know,,,,contradiction,0,0.2217753678560257,"Iss Pyaar Ko Kya Naam Doon?... Ek Baar Phir /Th> /Th> /Th> /Tr> Tr> Td colspan=""2""> /T",,,,contradiction,0,0.3684576153755188
1927,what is the meaning of self consumption in hindi,,False,I don't know,,,,contradiction,0,0.0015279445797204971,"The Constitution of India designates the official language of the Government of India as Hindi written in the Devanagari script, as well as English.",,,,entailment,1,0.9741451144218445
1928,who sang best of my love by the eagles,Don Henley,True,I don't know,0.0,0.0,1.0,neutral,0,0.24145683646202087,"The Eagles released the single on November 5, 1974.",0.0,0.0,1.0,entailment,1,0.9860883355140686
1929,who produced fear and loathing in las vegas,,False,I don't know,,,,contradiction,0,0.10769833624362946,"Fear and Loathing in Las Vegas /Th> /Th> /Tr> Tr> Td colspan=""2""> Theatrical release poster /Td> /Tr> /Tr>",,,,contradiction,0,0.21444067358970642
1930,when does the isle of man tt start this year,,False,I don't know,,,,contradiction,0,0.1854461133480072,Charles R. Collier ( 1907 ) /Td> /Tr> Tr> Th> Most wins /Th> Td>,,,,contradiction,0,0.10134338587522507
1931,i was reincarnated as a magic academy wiki,,False,squibs,,,,contradiction,0,0.16533873975276947,muggles ( British English ),,,,contradiction,0,0.2604205906391144
1932,who has won the women's single title of badminton in commonwealth games,,False,I don't know,,,,neutral,0,0.21599796414375305,"The 2018 Commonwealth Games will be held on 10 April 2018 at Carrara Sports and Leisure Centre, Gold Coast.",,,,entailment,1,0.8257728815078735
1933,office of the u.s. global aids coordinator and health diplomacy,,False,Upwellings,,,,neutral,0,0.010319110006093979,primary production.,,,,neutral,0,0.010563609190285206
1934,who is the mascot for the toronto raptors,,False,I don't know,,,,contradiction,0,0.2351800799369812,"The Toronto Raptors are a professional basketball team based in Toronto, Ontario.",,,,entailment,1,0.49392297863960266
1935,who eliminated today in bigg boss 2 tamil,,False,I don't know,,,,contradiction,0,0.1622266322374344,Day 0 /Td> Td> Day 105 /Td> Td> Td> Td> Td> Td> Td> Td> Td> ,,,,contradiction,0,0.16389191150665283
1936,where is the baseball all-star game being played,"July 11, 2017",True,I don't know,0.0,0.0,0.0,contradiction,0,0.09954623878002167,"The first two perfect games were thrown in 1880, five days apart.",0.0,0.0,0.0,entailment,1,0.9847774505615234
1937,who plays second base for the boston red sox,Dustin Luis Pedroia,True,I don't know,0.0,0.0,0.0,contradiction,0,0.1551552265882492,"/Th> /Tr> Tr> Tr> Th colspan=""2""> Dustin Pedroia /Th> /Tr> /Tr> /Tr> /Tr",0.0,0.25,0.0,contradiction,0,0.23375990986824036
1938,what happens to nick in the lost world,,False,I don't know,,,,contradiction,0,0.027157211676239967,Mark Brown /Th> /Th> /Tr> /Tr> /Tr> /Tr> /Tr> /Tr> /Tr> /Tr> /T,,,,entailment,1,0.46774524450302124
1939,who did seattle seahawks lose to this year,,False,I don't know,,,,contradiction,0,0.20451456308364868,The 2016 Seattle Seahawks season was the first season in which the Seahawks have won the NFC Championship Game.,,,,neutral,0,0.09147252887487411
1940,who did the soviet union side with in ww2,,False,U.S.,,,,contradiction,0,0.2779928147792816,Soviet Union,,,,entailment,1,0.46205934882164
1941,when did india participate in fifa world cup,,False,I don't know,,,,contradiction,0,0.11146483570337296,FIFA World Cup Tr> Th> Founded in 1930,,,,entailment,1,0.7199789881706238
1942,where was the end of the ****ing world filmed,,False,Columbus's death,,,,neutral,0,0.12343254685401917,"The Columbian Exchange was the widespread transfer of plants, animals, culture, human populations, technology, and ideas between the Americas and the Old World in the 15th and 16th centuries, related to European colonization and trade after Christopher Columbus's 14th birthday",,,,neutral,0,0.31912755966186523
1943,when did the transcontinental railroad start being built,"January 8, 1863",True,I don't know,0.0,0.0,0.0,contradiction,0,0.03773561865091324,"The Interstate Commerce Act of 1887 is a United States federal law that was designed to regulate the railroad industry, particularly its monopolistic practices.",0.0,0.0,0.0,neutral,0,0.14525999128818512
1944,dragon ball z kai the final chapters episodes 47,,False,I don't know,,,,neutral,0,0.017517734318971634,"The first Blu - ray and DVD compilation was released in Japan on September 18, 2009.",,,,neutral,0,0.03801402449607849
1945,which of the following is an example of post translational modification,,False,I don't know,,,,neutral,0,0.1716073602437973,is deposited.,,,,neutral,0,0.3189472556114197
1946,who are the characters in reign based on,,False,Agents of S.H.I.E.L.D. : Slingshot,,,,entailment,1,0.7289196252822876,Agents of S.H.I.E.L.D. : Slingshot.,,,,entailment,1,0.6494855284690857
1947,what team do the morris twins play for,,False,I don't know,,,,contradiction,0,0.02094644121825695,game is over,,,,contradiction,0,0.02698705531656742
1948,a chip on your shoulder meaning in malayalam,,False,I don't know,,,,neutral,0,0.12123068422079086,"The proverb refers to the fact that one can not have or want more than one deserves or is reasonable, or that one can not or should not try to have two incompatible things.",,,,neutral,0,0.12552642822265625
1949,which of these was behind the war of the pacific,,False,I don't know,,,,neutral,0,0.0747668519616127,World War I.,,,,contradiction,0,0.01502243522554636
1950,what are three characteristics of fungi that make them different from other microbes,,False,I don't know,,,,neutral,0,0.4329785704612732,Animals evolved from omnivorous organisms.,,,,entailment,1,0.5214743614196777
1951,which of the following was most important to the economic development of singapore,,False,I don't know,,,,neutral,0,0.03689003363251686,"Christmas Day or Good Friday was not compelled to do or make on Christmas Day or Good Friday, and the making of a payment or the doing of an act on Christmas Day was not compelled to do or make on Good Friday or Good Friday, and the making of a payment or the",,,,entailment,1,0.7327988743782043
1952,where is the boreal forest biome located in canada,,False,I don't know,,,,neutral,0,0.03718053549528122,Minnesota.,,,,neutral,0,0.045176759362220764
1953,who won the most grammys in one night,,False,I don't know,,,,contradiction,0,0.010010729543864727,"The most successful nation in the competition are currently Brazil, who have won the cup on five occasions.",,,,contradiction,0,0.005177679937332869
1954,main jis din bhula doon song movie name,,False,I don't know,,,,neutral,0,0.008632768876850605,The information is based on the information provided by the author.,,,,neutral,0,0.1093687042593956
1955,the government set up by the articles of confederation,,False,I don't know,,,,neutral,0,0.0351342149078846,The author of the land ordinance was George Washington.,,,,entailment,1,0.6391187906265259
1956,what is the richest museum in the world,,False,Ontario,,,,neutral,0,0.11671668291091919,Ontario.,,,,neutral,0,0.08625559508800507
1957,who plays the role of julian on instinct,Naveen Andrews,True,I don't know,0.0,0.0,0.0,neutral,0,0.012101993896067142,A keystone species.,0.0,0.0,0.0,entailment,1,0.6204103827476501
1958,how did detroit become the center of this new industrial age,,False,I don't know,,,,neutral,0,0.026638055220246315,Adultolescence.,,,,neutral,0,0.03416724130511284
1959,dancing in cambodia and at large in burma summary,,False,Viennese waltz,,,,contradiction,0,0.3257301449775696,The waltz is a ballroom dance.,,,,neutral,0,0.3499717116355896
1960,when does dynasty come back for season 2,"October 12, 2018",True,I don't know,0.0,0.0,0.0,neutral,0,0.22688907384872437,"Come Back When You Grow Up /Th> /Th> /Tr> Th colspan=""2"">  Come Back When You Grow Up /Th> /Tr> Th colspan=""2""> Single by Bobby",0.0,0.0,0.0,entailment,1,0.6322571635246277
1961,fullmetal alchemist the sacred star of milos specials,,False,I don't know,,,,contradiction,0,0.21631287038326263,Theatrical release poster /Td> /Tr> /Tr> /Tr> /Tr> /Tr> /Tr> /Tr> /Tr> /T,,,,entailment,1,0.5541433095932007
1962,order the compositions of magmas produced via melting from lowest temperature to highest,,False,I don't know,,,,neutral,0,0.10350264608860016,"are the sum of sales of albums, singles, compilation albums, music videos and downloads of singles and full - length albums.",,,,neutral,0,0.18824148178100586
1963,what are the different musical instruments of latin american music,,False,I don't know,,,,contradiction,0,0.00670093996450305,Jiangnan sizhu.,,,,contradiction,0,0.004627265967428684
1964,what is the highest heart beat per minute,,False,NBA,,,,neutral,0,0.193769633769989,"Kevin Garnett received $28,000,000, which was the highest salary payment of any NBA player, during the 2003 season.",,,,contradiction,0,0.14498843252658844
1965,who was the tsar of russia when world war i began,,False,Britain and Western Europe,,,,entailment,1,0.8662523031234741,World War I and World War II,,,,entailment,1,0.92787766456604
1966,what is the major cause of insulin resistance,,False,Matthew 5: 5,,,,neutral,0,0.07497113943099976,The fifth verse of the fifth chapter of the Gospel of Matthew in the New Testament.,,,,neutral,0,0.04977449029684067
1967,how many episodes are in gavin and stacey series 3,,False,I don't know,,,,neutral,0,0.21223782002925873,The first six seasons are available on DVD and Blu - ray.,,,,entailment,1,0.8821076154708862
1968,who developed the first mechanical computer mark i in 1937,,False,Darwin's theory,,,,neutral,0,0.0957745611667633,The phrase was first used in the Principe of Darwin.,,,,neutral,0,0.09287824481725693
1969,who played tatiana in it's always sunny,,False,I don't know,,,,contradiction,0,0.016181163489818573,The player has played at least one Serie A game for the respective club.,,,,neutral,0,0.05758746713399887
1970,increased sensible and insensible water loss leads to,,False,Water supply,,,,entailment,1,0.35665756464004517,"A water tower is a type of water tower that is constructed at a height sufficient to pressurize a water supply system for the distribution of potable water, and to provide emergency storage.",,,,entailment,1,0.5143814086914062
1971,who has won the 2017 mens singles indonesia open super series badminton tournament,,False,I don't know,,,,neutral,0,0.21406708657741547,"The 2017 Crowne Group Australian Open Super Series Tr> Th colspan=""2""> Tournament details /Th> /Th> /Tr> Th> Dates /Th> /Th> /Th> Level",,,,entailment,1,0.8960567116737366
1972,who was prime minister when we joined europe,Edward Heath,True,I don't know,0.0,0.0,0.0,contradiction,0,0.13397927582263947,The Prime Minister of India is the chief executive of the Government of India.,0.0,0.0,0.0,neutral,0,0.2259453386068344
1973,who wrote turn me on by norah jones,John D. Loudermilk,True,I don't know,0.0,0.0,0.0,neutral,0,0.1807822436094284,The album A Picture of Me ( Without You ) /Th> /Th> /Tr> /Th> B - side /Th> Td>  Man Worth Loving You '' /Tr> ,0.0,0.0,0.0,entailment,1,0.44815269112586975
1974,who sings the song tequila makes my clothes fall off,Joe Nichols,True,I don't know,0.0,0.0,1.0,neutral,0,0.20018260180950165,"The single was released on August 1, 2005 /Th> /Th> /Tr> /Tr> Tr> Tr> Th colspan=""2""> from the album III /Th> /",0.0,0.0,1.0,entailment,1,0.7965161800384521
1975,when is the next dragonball movie coming out,January 2019 (January 2019) (U.S. theatrical),True,I don't know,0.0,0.0,0.0,neutral,0,0.16734831035137177,"The idiom is applicable not only when throwing out the baby with the bathwater, but also when someone might throw out the baby and keep the bathwater.",0.0,0.0,0.0,neutral,0,0.024113954976201057
1976,where did the day of the dead originate from,celebrations in Mexico developed from ancient traditions among its pre-Columbian cultures,True,I don't know,0.0,0.0,0.0,neutral,0,0.1832066774368286,Day of the Dead /Th> /Th> /Th> /Th> /Th> /Th> /Th> /Th> /Th> /Th> /Th> /Th>,0.0,0.0,0.0,entailment,1,0.4947267770767212
1977,what country has the most medals in olympic history,United States,True,340,0.0,0.0,1.0,neutral,0,0.25920042395591736,The number of different types of breakfast cereals in the U.S. has grown from 160 ( 1970 ) to 340 ( 1998 ) to 4.,0.0,0.0,1.0,contradiction,0,0.0903986468911171
1978,what do the aliens from toy story say,"You have saved our lives, we are eternally grateful,""",True,I don't know,0.0,0.0,0.0,contradiction,0,0.20989114046096802,"The single was released on January 9, 1995.",0.0,0.0,0.0,entailment,1,0.9604060649871826
1979,which country has the largest population in europe,Germany,True,Great Depression,0.0,0.0,0.0,contradiction,0,0.0947415754199028,Canada has been a sovereign nation since the 18th century.,0.0,0.0,0.0,neutral,0,0.06855420768260956
1980,where does the last name counts come from,,False,I don't know,,,,contradiction,0,0.0264377910643816,The term is a shortening of the term  duck's egg ''.,,,,contradiction,0,0.09970398992300034
1981,list of most powerful man in the world,,False,I don't know) will be eligible to play in official major league games throughout the season.,,,,neutral,0,0.19674669206142426,40 - man roster) will be eligible to play in official major league games throughout the season.,,,,neutral,0,0.2278238832950592
1982,what is the purpose of a fuel pump,,False,I don't know,,,,neutral,0,0.10092653334140778,Carburation or carburetion ) is to blend air and fuel for an internal combustion engine in the proper ratio for combustion.,,,,entailment,1,0.8516218662261963
1983,who directed taylor swift out of the woods,Joseph Kahn,True,I don't know,0.0,0.0,0.0,neutral,0,0.19943766295909882,/Th> /Tr> /Tr> /Tr> /Tr> /Th> /Th> /Th> /Th> /Th> /Th> /Th>,0.0,0.0,0.0,contradiction,0,0.3879541754722595
1984,what did morrie and mitch talk about on the third tuesday,,False,tornado,,,,entailment,1,0.5618454813957214,The debate is ongoing.,,,,neutral,0,0.06532007455825806
1985,who plays tom buchanan in the great gatsby 2013,Joel Edgerton,True,I don't know,0.0,0.0,1.0,contradiction,0,0.2638317942619324,The Great Gatsby /Th> /Th> /Th> /Th> /Th> /Th> /Th> /Th> /Th> /Th> /Th> /,0.0,0.0,1.0,entailment,1,0.7036521434783936
1986,when was last time england rugby lost 3 games in a row,,False,I don't know,,,,neutral,0,0.025853708386421204,"The last monarch of a distinct kingdom of England was Anne, who became Queen of Great Britain when England merged with Scotland to form a union in 17",,,,contradiction,0,0.050566039979457855
1987,when does greys anatomy season 13 come on now tv,"September 22, 2016",True,I don't know,0.0,0.0,1.0,neutral,0,0.22809377312660217,"The thirteenth season of Grey's Anatomy /Th> /Th> /Tr> Tr> Tr> Td colspan=""2""> DVD cover art for the thirteenth season of Grey's Anatom",0.0,0.0,1.0,entailment,1,0.8396584987640381
1988,where did the image of santa claus come from,,False,secondary sources,,,,neutral,0,0.3563944399356842,secondary sources were written.,,,,neutral,0,0.47508785128593445
1989,what type of paint are cars painted with,Enamel,True,I don't know,0.0,0.0,1.0,neutral,0,0.061591554433107376,The Declaration is a painting of the Declaration of Independence.,0.0,0.0,1.0,neutral,0,0.2539198696613312
1990,what was happening in europe in the early 1800s,,False,I don't know,,,,contradiction,0,0.08675752580165863,"The term ""transmission of color images"" is a synonym for ""transmission of color images"".",,,,contradiction,0,0.29726967215538025
1991,who does the bank of england report to,,False,I don't know,,,,contradiction,0,0.13063696026802063,The Bank Holidays Act 1871 specified the days in the table below.,,,,neutral,0,0.041406285017728806
1992,who sang the song take me to church,,False,I don't know,,,,neutral,0,0.28585585951805115,"Hozier /Th> /Tr> Tr> Th colspan=""2""> /Th> /Tr> Th colspan=""2""> Single by Hozier /Th> /Th> ",,,,entailment,1,0.692146897315979
1993,who is the best f1 driver in history,,False,I don't know,,,,neutral,0,0.1595829725265503,Pat Brady ( politician ) was born in 1947.,,,,neutral,0,0.06490766257047653
1994,who is the writer of sonnets from the portuguese and who is it dedicated to,,False,I don't know,,,,neutral,0,0.11583411693572998,Ibok Ekwe Ibas was the Chief of Naval Staff.,,,,neutral,0,0.16057802736759186
1995,how old do you have to be to own an airsoft gun in the uk,,False,Arnett's theories.,,,,entailment,1,0.5933824181556702,"The term is highly controversial within the developmental field, with developmental psychologists contested over the legitimacy of Arnett's theories and methods",,,,neutral,0,0.003031436586752534
1996,phase of the moon during a lunar eclipse,a lunar eclipse can occur only the night of a full moon,True,I don't know,0.0,0.0,0.0,contradiction,0,0.13076460361480713,Kevin Garnett was the highest paid NBA player by season over the past twelve seasons.,0.0,0.07407407407407407,0.0,neutral,0,0.203409805893898
1997,meaning of the song holiday by green day,,False,I don't know,,,,contradiction,0,0.13967077434062958,Royal Proclamation.,,,,contradiction,0,0.1344832181930542
1998,words you can type with your right hand,,False,You can't have your cake and eat it ( too ),,,,neutral,0,0.3976442217826843,You can't have your cake and eat it ( too ) is a popular English idiomatic proverb or figure of speech.,,,,neutral,0,0.03996749967336655
1999,what is true about the united states postal service (usps),,False,I don't know,,,,contradiction,0,0.09094575047492981,"The United States Postal Service /Tr> /Tr> /Tr> Th colspan=""2""> The United States Postal Service /Tr> /Tr> Th> /Tr> ",,,,entailment,1,0.8737121224403381
2000,what movie has dream a little dream of me in it,,False,I don't know,,,,neutral,0,0.2736971080303192,/Th> /Th> Th> Th> Th>  Almost in Love '' /Th> /Th> /Th> /Th> /Th> /Th> /,,,,entailment,1,0.43337199091911316
2001,where did luke and peyton go in season 7,,False,I don't know,,,,contradiction,0,0.15955780446529388,"The Supremes /Th> /Th> Tr> Th colspan=""2""> /Tr> Tr> Td colspan=""2""> /Tr> /Tr> ",,,,contradiction,0,0.37745702266693115
2002,where does the surname van schalkwyk come from,,False,I don't know,,,,neutral,0,0.13200853765010834,Hickey.,,,,contradiction,0,0.09220678359270096
2003,what are the three specific base units of measure for length volume and mass of the metric system,,False,time,,,,neutral,0,0.22129762172698975,time.,,,,neutral,0,0.037549592554569244
2004,what transmission is in a 2003 jeep liberty,manual transmission,True,I don't know,0.0,0.0,0.0,neutral,0,0.019253043457865715,"The album Greatest Hits was released on September 29, 1980.",0.0,0.0,0.0,neutral,0,0.001406606286764145
2005,when did hawaii become apart of the united states,,False,War of 1812,,,,neutral,0,0.010391569696366787,War of 1812 resulted in two centuries of peace between the United States and Britain.,,,,neutral,0,0.007569123990833759
2006,places that are part of the united states,,False,I don't know,,,,contradiction,0,0.05749957635998726,the world,,,,neutral,0,0.08393139392137527
2007,what family is rosaline from in romeo and juliet,Capulet,True,I don't know,0.0,0.0,1.0,contradiction,0,0.17265386879444122,Rosaline /Th> /Th> /Tr> /Tr> /Tr> /Tr> /Tr> /Tr> /Tr> /Tr> /T,0.0,0.0,1.0,contradiction,0,0.3068406581878662
2008,new wave hits of the 80s vol 6,,False,I don't know,,,,contradiction,0,0.021264923736453056,"The first five volumes were released on 21 June 1994, volumes 6 -- 10 on 18 October 1994, and the last five volumes on 20 June 1995.",,,,contradiction,0,0.2992878258228302
2009,when does the next godzilla anime come out,November 2018,True,I don't know,0.0,0.0,0.0,neutral,0,0.22406744956970215,"The album Come Back When You Grow Up was released on June 9, 1967.",0.0,0.0,0.0,neutral,0,0.003886389546096325
2010,where would xylem cells that no longer conduct water be found in a plant,,False,I don't know,,,,contradiction,0,0.07218117266893387,xylem cells,,,,entailment,1,0.6839192509651184
2011,what happened to the princely states after the transfer of power,,False,I don't know,,,,contradiction,0,0.06433822214603424,"The Columbian Exchange was the widespread transfer of plants, animals, culture, human populations, technology, and ideas between the Americas and the Old World in the 15th and 16th centuries, related to European colonization and trade after Christopher Columbus's 1492 voyage.",,,,contradiction,0,0.03169598430395126
2012,how many harry potter rides are at universal,four,True,I don't know,0.0,0.0,0.0,contradiction,0,0.08162394911050797,The Wizarding World of Harry Potter /Th> /Tr> /Tr> /Tr> /Tr> /Tr> /Tr> /Tr> /Tr> /T,0.0,0.0,0.0,contradiction,0,0.22934940457344055
2013,who was largely responsible for getting a series of constitutional amendment proposals passed,,False,Decreed additional seats for minorities.,,,,neutral,0,0.09922369569540024,"Decreed additional seats for minorities, it also deprived courts of the power to grant bail to any person detained under any preventive detention.",,,,neutral,0,0.005653347820043564
2014,when did what happens in vegas stays in vegas start,2004,True,I don't know,0.0,0.0,0.0,contradiction,0,0.08107610046863556,"The Raiders were the third NFL franchise to relocate in the 2010s, following the Rams'move from St. Louis.",0.0,0.0,0.0,neutral,0,0.00546621810644865
2015,short note on panchayati raj system in india,,False,I don't know,,,,neutral,0,0.010744825005531311,"The British Raj furthered this development, making rigid caste organisation a central mechanism of administration.",,,,neutral,0,0.0920306146144867
2016,where did the shot heard around the world happen,at the Polo Grounds in New York City,True,I don't know,0.0,0.0,1.0,contradiction,0,0.2063252478837967,"The album Where Did Our Love Go was released on June 17, 1964.",0.0,0.09523809523809525,1.0,contradiction,0,0.022671597078442574
2017,what is the difference between panther and mountain lion,,False,I don't know,,,,contradiction,0,0.014741014689207077,"protons and neutrons in an atom, the mass number is equal to the atomic number.",,,,contradiction,0,0.14208894968032837
2018,where is area code 708 located in the usa,western and southern Cook County and eastern and southern Will County in the state of Illinois,True,I don't know,0.0,0.0,0.0,neutral,0,0.1650647073984146,The electron transport chain is located in the inner mitochondrial membrane where it serves as the transporter of electrons.,0.0,0.17142857142857143,0.0,neutral,0,0.2399657666683197
2019,who sings i'm trying to leave something behind,Sean Rowe,True,I don't know,0.0,0.0,0.0,neutral,0,0.02485639974474907,The album Who's Making Love... STS - 2005 /Th> /Th> /Tr> Tr> Tr> Tr> Tr> Tr> Tr> T,0.0,0.0,0.0,neutral,0,0.010023193433880806
2020,when did sendong enter the philippine area of responsibility,Early on December 15,True,I don't know,0.0,0.0,0.0,neutral,0,0.0531015582382679,"Internet in the Philippines first became available on March 29, 1994, with the Philippine Internet in the Philippines first became available on March 29, 1994,",0.0,0.06896551724137932,0.0,entailment,1,0.7333295345306396
2021,who has the highest rated sports radio show,,False,I don't know,,,,neutral,0,0.1097567155957222,Major Crimes is an American police procedural starring Mary McDonnell on the TNT network.,,,,neutral,0,0.22776472568511963
2022,who is the philosopher associated with the concept of socialism,,False,December,,,,neutral,0,0.1907140612602234,The earliest known reference to Santa Claus is the  Saint Nicholas ''.,,,,contradiction,0,0.25241193175315857
2023,who played the godfather in the movie the godfather,Marlon Brando,True,I don't know,0.0,0.0,1.0,contradiction,0,0.2254195213317871,The Godfather /Th> /Th> /Th> /Th> /Th> /Th> /Th> /Th> /Th> /Th> /Th> /Th> ,0.0,0.0,1.0,entailment,1,0.6358217597007751
2024,how many planes and trucks does fedex have,,False,I don't know,,,,neutral,0,0.12860888242721558,The album Kala /Th> /Th> /Tr> Tr> Th> Tr> Th> Tr> Th>  Single by M.I.A. /Th> ,,,,neutral,0,0.026867680251598358
2025,who was the battle of the bulge fought between,,False,Treaty of Alliance with France,,,,neutral,0,0.154301717877388,"The Treaty of Alliance with France was a defensive alliance between France and the United States of America, formed in the midst of the American Revolutionary War, which promised mutual military support in case fighting should break out between French and British forces, as the result signing the previously concluded Treaty",,,,entailment,1,0.4865119159221649
2026,show me the cast of the original little rascals,,False,I don't know,,,,contradiction,0,0.21507014334201813,The song was written by Frederick Loewe.,,,,neutral,0,0.003183845430612564
2027,when was the last time ohio state lost to michigan,,False,I don't know,,,,contradiction,0,0.17921456694602966,"Michigan Wolverines Ohio State Buckeyes /Td> /Tr> /Tr> Th> First meeting /Th> Td> October 16, 1897 Michigan 34, Ohio State 0 /Td>",,,,entailment,1,0.6816773414611816
2028,when did the pepsi max open in blackpool,28 May 1994,True,I don't know,0.0,0.0,0.0,contradiction,0,0.2588500380516052,"The song was released on March 27, 2000 ( 2000 - 03 - 27 ) /Td> /Tr> Tr> Tr> Th> format /Th> Td> Ul> ",0.0,0.0,0.0,entailment,1,0.8735752105712891
2029,who is responsible for maintaining law and order,,False,I don't know,,,,neutral,0,0.04084540531039238,"The activities of the Central Statistics Office include National Income Accounting ; conduct of Annual Survey of Industries ; conduct of Annual Survey of Industries, Economic Censuses and its follow up surveys ; compilation of Index of Industrial Production, as well as Consumer Price Indices for Urban Non-Manual Employees ",,,,neutral,0,0.024735989049077034
2030,how much hp does a lamborghini veneno have,,False,I don't know,,,,neutral,0,0.2168286293745041,/P>,,,,entailment,1,0.6525288224220276
2031,an alternator driven by steam turbine is known as,,False,I don't know,,,,neutral,0,0.11812029033899307,"Magic is the norm for the children of magical couples and less common in those of muggles, a witch or wizard born to muggle parents is known as a muggle - born, or by the derogatory term  mudblood ''.",,,,entailment,1,0.46711134910583496
2032,list of award winners in 2018 fifa world cup,,False,I don't know,,,,contradiction,0,0.17107264697551727,The current champions are France.,,,,entailment,1,0.9207923412322998
2033,list of primary schools in stoke on trent,,False,I don't know,,,,contradiction,0,0.1249665692448616,The list of schools in Stoke - on - Trent is incomplete.,,,,contradiction,0,0.010020744055509567
2034,when has the eagles been to the super bowl,1960,True,Super Bowl,0.0,0.0,1.0,neutral,0,0.2946081757545471,The Cleveland Browns were a charter member club of the All - America Football Conference ( AAFC ) when the league was founded in 1946.,0.0,0.0,1.0,contradiction,0,0.019713910296559334
2035,when was the turning point in the battle of the first battle of bull run,,False,implications of any specific outcome.,,,,neutral,0,0.3690476715564728,The Fog of War,,,,neutral,0,0.19525288045406342
2036,composition of the inner core of the earth,iron–nickel alloy and some light elements,True,I don't know,0.0,0.0,0.0,neutral,0,0.04141974449157715,The Earth's inner core is composed of an iron -- nickel alloy and some light elements.,0.0,0.47619047619047616,0.0,entailment,1,0.9391539096832275
2037,who was nominated first woman for rajya sabha,Rukmini Devi Arundale,True,Parliament,0.0,0.0,0.0,neutral,0,0.030936269089579582,"The first was Jawaharlal Nehru of the Indian National Congress party, who was sworn - in on 15 August 1947, when India gained independence from the British",0.0,0.0,0.0,neutral,0,0.0022720161359757185
2038,the beatles eight days a week - the touring years soundtrack,,False,I don't know,,,,contradiction,0,0.23335465788841248,The Beatles : Eight Days a Week /Th> /Th> /Th> /Th> /Th> /Tr> /Tr> /Tr> /Tr> /Tr>,,,,entailment,1,0.6209718585014343
2039,which is the first news paper in malayalam,Rajyasamacharam,True,I don't know,0.0,0.0,1.0,contradiction,0,0.02541395090520382,Japanese manga series,0.0,0.0,1.0,neutral,0,0.0794450044631958
2040,what are the ranks in the british air force,,False,I don't know,,,,neutral,0,0.029013987630605698,Coriolis force and centrifugal force are proportional to the mass of the object.,,,,neutral,0,0.04075122997164726
2041,who is the girl in the bon jovi it's my life video,Shiri Appleby,True,I don't know,0.0,0.0,0.0,contradiction,0,0.14651279151439667,Luke Ebbin /Th>,0.0,0.0,0.0,neutral,0,0.1700322926044464
2042,how many bridges are there in the florida keys,,False,concrete,,,,contradiction,0,0.24662677943706512,The Keys were formed near the edge of the Florida Plateau.,,,,entailment,1,0.9714840054512024
2043,an animal that eat both plants and animals,Omnivore,True,I don't know,0.0,0.0,1.0,entailment,1,0.4908733367919922,Omnivores come from diverse backgrounds that often independently evolved sophisticated consumption capabilities.,0.0,0.0,1.0,entailment,1,0.9230449199676514
2044,who plays the little girl in christopher robin,Elsa Minell Solak,True,I don't know,0.0,0.0,0.0,neutral,0,0.03119189292192459,The Doll's version of the story was a pre-Perrault version of the story.,0.0,0.0,0.0,neutral,0,0.057632751762866974
2045,what's the difference between cabbage and napa cabbage,,False,Humans was.,,,,contradiction,0,0.16346527636051178,The average difference between the genomes of two individuals is 324 million.,,,,neutral,0,0.04245429486036301
2046,taarak mehta ka ooltah chashmah sonu original name,Jheel Mehta as Sonalika Aatmaram Bhide (Sonu),True,Asit Kumarr Modi,0.0,0.0,0.0,entailment,1,0.6851022839546204,Asit Kumarr Modi,0.0,0.0,0.0,entailment,1,0.6851022839546204
2047,who sang thats the night the lights went out in georgia,,False,4 ° C,,,,neutral,0,0.18224522471427917,The average temperatures for that region in January and July being 39 ° F ( 4 ° C ) and 78 ° F ( 26 ° C ),,,,neutral,0,0.004822141956537962
2048,ifc a member of the world bank group,,False,I don't know,,,,neutral,0,0.14247213304042816,The 2018 FIFA World Cup qualification UEFA Group D was one of nine UEFA groups for 2018 FIFA World Cup qualification.,,,,neutral,0,0.35091689229011536
2049,who plays gwen stacy in into the spiderverse,Hailee Steinfeld,True,I don't know,0.0,0.0,0.0,contradiction,0,0.20660285651683807,Spider-Man.,0.0,0.0,0.0,entailment,1,0.5337460041046143
2050,who has the best field goal percentage in nba history,,False,Bill Russell won his first NBA championship with the Boston Celtics in his rookie year,,,,neutral,0,0.02462184429168701,Bill Russell was drafted by the Celtics.,,,,neutral,0,0.0063263713382184505
2051,when does kanye come on keeping up with the kardashians,season seven,True,I don't know,0.0,0.0,1.0,contradiction,0,0.2766931653022766,"The single was released on June 9, 1967.",0.0,0.0,1.0,entailment,1,0.9581124782562256
2052,what are all of stephen king's books,,False,I don't know,,,,contradiction,0,0.22671224176883698,The term  cracker '' was in use during the Elizabethan era to describe braggarts.,,,,neutral,0,0.14731808006763458
2053,lives of the monster dogs by kirsten bakis,,False,wolves as their own.,,,,neutral,0,0.11296258121728897,Wolves as their own.,,,,contradiction,0,0.031191516667604446
2054,vignan's foundation for science technology and research guntur,,False,I don't know,,,,neutral,0,0.09251777082681656,The National Space Research and Development Agency ( NASRDA ) is the national space agency of Nigeria.,,,,entailment,1,0.9006474614143372
2055,what does mono no aware mean in japanese,the pathos of things,True,I don't know,0.0,0.0,1.0,neutral,0,0.05275227874517441,Britain could never regain control of France.,0.0,0.18181818181818182,1.0,neutral,0,0.008811162784695625
2056,who sings i always feel like someone is watching me,Rockwell,True,I don't know,0.0,0.0,1.0,neutral,0,0.26698482036590576,Rockwell /Th> /Th> /Th> /Th> /Th> /Th> /Th> /Th> /Th> /Th> /Th> /Th> ,0.0,0.14285714285714288,1.0,entailment,1,0.44734853506088257
2057,who owns the back to the future car,,False,Treaty of Amity and Commerce was concluded.,,,,neutral,0,0.08009449392557144,Treaty of Amity and Commerce.,,,,neutral,0,0.012722257524728775
2058,where does the term florida cracker come from,,False,I don't know,,,,contradiction,0,0.014639695174992085,Florida,,,,contradiction,0,0.026151306927204132
2059,the blueprint of any database system is the,schema,True,the same language,0.0,0.0,1.0,entailment,1,0.6006259918212891,"The term database design can also be used to describe the overall process of designing, not just the base data structures, but also the forms and queries used as part of the overall database application within the database management system ( DBMS ).",0.0,0.0,1.0,neutral,0,0.03878249228000641
2060,where is the groundhog for groundhog's day located,Punxsutawney in western Pennsylvania,True,I don't know,0.0,0.0,0.0,contradiction,0,0.2268560379743576,"The headwaters of the Cedar River are located in Dodge County, Minnesota, consisting of a west fork and middle fork approximately three miles northeast of the town of Blooming Prairie, and an east fork approximately one mile south of the town of Hayfield.",0.0,0.0425531914893617,0.0,contradiction,0,0.30705881118774414
2061,who has scored the most goals for manchester city,,False,I don't know,,,,neutral,0,0.10224035382270813,"Mexico has had their players score own goals on four different occasions each, while France has benefited on six occasions from opponents scoring own goals.",,,,neutral,0,0.1952276974916458
2062,is farmers insurance the same as farm bureau,,False,I don't know,,,,neutral,0,0.13455934822559357,Farmers Insurance Group Tr> /Tr> /Tr> /Tr> /Tr> Th> Industry /Th> /Tr> Financial services /Tr> /Tr> ,,,,entailment,1,0.5181996822357178
2063,season 3 episodes how i met your mother,,False,I don't know,,,,neutral,0,0.2731808125972748,The Mother appearing in  The Locket '' /Td> /Tr> /Tr> Tr> Tr> Tr> Td> Td> Td> T,,,,neutral,0,0.1599029302597046
2064,do ac milan and inter milan share the same stadium,,False,I don't know,,,,contradiction,0,0.1757020354270935,"The station is located at Piazza Duca d'Aosta, Italy.",,,,entailment,1,0.7331414222717285
2065,what is considered an assault rifle in california,,False,length,,,,neutral,0,0.18086068332195282,"length ) in terms of orthography and number of written letters, or (",,,,neutral,0,0.1763656586408615
2066,what does the dc in washington dc stand for,District of Columbia,True,I don't know,0.0,0.0,0.0,contradiction,0,0.09636124968528748,The United States /Td> /Tr> /Tr> /Tr> /Tr> /Tr> /Tr> /Tr> /Tr> /Tr> ,0.0,0.0,0.0,neutral,0,0.03175638988614082
2067,what is the medical term for webbed toes,syndactyly,True,I don't know,0.0,0.0,0.0,neutral,0,0.10995195060968399,Vienna.,0.0,0.0,0.0,contradiction,0,0.05260667949914932
2068,where did the person that draw the world map stand,,False,I don't know,,,,neutral,0,0.023779887706041336,"The 2018 FIFA World Cup Preliminary Draw was held as part of the 2018 FIFA World Cup Preliminary Draw on 25 July 2015, starting 18 : 00 MSK ( UTC + 3 ), at the Konstantinovsky Palace in Strelna ",,,,neutral,0,0.004760401789098978
2069,describe and give and example of each of the different wireless network categories,,False,I don't know,,,,contradiction,0,0.17300081253051758,"The Big Five personality traits, also known as the five factor model ( FFM ), is a model based on common language descriptors of personality.",,,,entailment,1,0.9867266416549683
2070,who was president of the united states when katrina hit louisiana,President George W. Bush,True,I don't know,0.0,0.0,0.0,contradiction,0,0.04871942102909088,The Twelfth Amendment requires each elector to cast one vote for president and another vote for vice president.,0.0,0.0909090909090909,0.0,neutral,0,0.01499240193516016
2071,when is the show when calls the heart on tv,,False,Horrible Histories,,,,neutral,0,0.24858064949512482,The following is a list of episodes from the Disney Channel Original Series Phine.,,,,contradiction,0,0.1951853185892105
2072,when was cotton first used to make clothing,,False,Scotland,,,,neutral,0,0.11500858515501022,United States.,,,,neutral,0,0.024901678785681725
2073,voice of peggy on king of the hill,Kathy Ann Najimy,True,Edward the Elder conquered the Danelaw,0.0,0.0,0.0,contradiction,0,0.03611474484205246,Edward the Elder.,0.0,0.0,0.0,contradiction,0,0.03652559593319893
2074,as of 1900 taiwan and korea were colonies of france,,False,I don't know,,,,neutral,0,0.005937919486314058,The Japanese post-war economic boom was a period of strong economic growth beginning after World War II and ending with the 1973 -- 75 recession.,,,,neutral,0,0.4216350018978119
2075,applications of physics in the field of mechanics,,False,I don't know,,,,entailment,1,0.43802115321159363,Several theories of gravitation.,,,,entailment,1,0.5217927098274231
2076,when did the chinese new year start 2018,15 Feb,True,I don't know,0.0,0.0,0.0,neutral,0,0.13810977339744568,The Chinese New Year is celebrated on the following days:,0.0,0.0,0.0,neutral,0,0.10067404061555862
2077,how many episodes in life below zero season 5,,False,I don't know,,,,neutral,0,0.24287308752536774,"The Secret Life of the American Teenager ( season 3 ) /Th> /Tr> Tr> Td colspan=""2""> Season 3 promotional poster /Tr> /Tr> /Tr> ",,,,entailment,1,0.9117841124534607
2078,in english history the concept primogeniture refers to,,False,I don't know,,,,contradiction,0,0.26104286313056946,The Beowulf dragon was later copied in literature with similar themes such as J.R.R. Tolkien's The Hobbit ( 1937 ).,,,,neutral,0,0.03529776260256767
2079,who has the power to create post offices,Congress,True,Senate,0.0,0.0,1.0,contradiction,0,0.055676598101854324,The line of succession is set by the United States Constitution and the Presidential Succession Act of 1947 as subsequently amended to include newly created cabinet offices.,0.0,0.0,1.0,neutral,0,0.06457695364952087
2080,who was the first woman selected in rajya sabha,,False,Parliament,,,,neutral,0,0.06810460239648819,"The first was Jawaharlal Nehru of the Indian National Congress party, who was sworn - in on 15 August 1947, when India gained independence from the British",,,,neutral,0,0.004848946817219257
2081,how much does it cost to build a buc ee's,,False,Wikipedia,,,,neutral,0,0.13990071415901184,Type /Th> Td> /Tr> Tr> Th> Type /Th> Td> Private /Th> /Tr> Tr> Th> Industry /Th>,,,,entailment,1,0.6312480568885803
2082,what does it mean to be punished as a boy,,False,I don't know,,,,neutral,0,0.05217525362968445,Whipping was a common punishment of tutors at that time.,,,,entailment,1,0.9473152160644531
2083,when does the new season of major crimes start 2015,"June 8, 2015",True,I don't know,0.0,0.0,0.0,neutral,0,0.13736602663993835,"The use of poison gas performed by all major belligerents throughout World War I constituted war crimes as its use violated the 1899 Hague Declaration Concerning Asphyxiating Gases and the 1907 Hague Convention on Land Warfare, which prohibited the use of  poison or",0.0,0.0,0.0,neutral,0,0.04538881033658981
2084,what are interrupts when do they occur and how it is handled by the operating system cite examples,,False,I don't know,,,,neutral,0,0.007105505559593439,are the most common form of social perception.,,,,neutral,0,0.014470395632088184
2085,how many seats do the democrats hold in the senate,46,True,I don't know,0.0,0.0,1.0,contradiction,0,0.1946588009595871,The Democratic Party /Th> /Th> /Th> /Th> /Th> /Th> /Th> /Th> /Th> /Th> /Th> /Th> ,0.0,0.0,1.0,entailment,1,0.60587477684021
2086,when does fullmetal alchemist conqueror of shamballa take place,,False,I don't know,,,,contradiction,0,0.2158411294221878,Theatrical release poster /Td> /Tr> /Tr> /Tr> /Tr> /Tr> /Tr> /Tr> /Tr> /T,,,,entailment,1,0.5701907873153687
2087,when does once upon a time season 7 episode 11 come on,"March 2, 2018",True,"Once Upon a Time ( season 7 ) /Th> /Th> /Tr> Tr> Td colspan=""2""> Promotional poster /Td> /Tr> Tr> ",0.0,0.0,0.0,entailment,1,0.48705410957336426,"Once Upon a Time ( season 7 ) /Th> /Tr> Tr> Td colspan=""2""> Promotional poster /Td> /Tr> Tr> Th> Starring",0.0,0.0,0.0,entailment,1,0.7654078006744385
2088,what is the earliest known example of advertising,,False,I don't know,,,,contradiction,0,0.10909723490476608,"The symbol began to proliferate among the Jewish communities of Eastern Europe, ultimately being used among the Jewish communities in the Pale of Settlement.",,,,neutral,0,0.01870906911790371
2089,what were the original m and m colors,tan,True,I don't know,0.0,0.0,1.0,neutral,0,0.017517734318971634,"The first Blu - ray and DVD compilation was released in Japan on September 18, 2009.",0.0,0.0,1.0,neutral,0,0.03801402449607849
2090,who landed the first 900 on a skateboard,Tony Hawk,True,Sidney Rigdon had been Smith's First Counselor in the First Presidency,0.0,0.0,1.0,entailment,1,0.48380711674690247,The 900 is a 212 - revolution ( 900 degrees ) aerial spin performed on a skateboard ramp.,0.0,0.0,1.0,contradiction,0,0.25464582443237305
2091,the big five personality traits are measured on a scale of,,False,Neuroticism,,,,entailment,1,0.6817229390144348,"The Big Five personality traits, also known as the five factor model ( FFM ), is a model based on common language descriptors of personality.",,,,entailment,1,0.986255407333374
2092,which is the main excretory product in human,,False,I don't know,,,,neutral,0,0.12312418222427368,The population center will increase in size.,,,,neutral,0,0.03423471003770828
2093,why do the british wear a red flower,commemorate their servicemen and women killed in all conflicts,True,I don't know,0.0,0.0,0.0,contradiction,0,0.0745447650551796,"The remembrance poppy is an artificial flower that has been used since 1921 to commemorate military personnel who have died in war, and represents a common or field poppy, Papaver rhoeas.",0.0,0.15000000000000002,0.0,entailment,1,0.9700674414634705
2094,explain how the depression and prohibition in 1933 affected harlem,,False,Florida,,,,contradiction,0,0.029172629117965698,"The Great Depression was a severe worldwide economic depression that took place mostly during the 1930s, originating in the United States.",,,,neutral,0,0.027910759672522545
2095,which team won most of the fifa world cup,Brazil,True,Brazil,1.0,1.0,1.0,entailment,1,0.4795481264591217,Brazil,1.0,1.0,1.0,entailment,1,0.4795481264591217
2096,how many series are there of the heart guy,,False,I don't know,,,,neutral,0,0.25894293189048767,"The sentence "" national consciousness can be defined as a specific core of attitudes that provide habitual modes for regarding life's phenomena.",,,,entailment,1,0.937446653842926
2097,important events in the battle of new orleans,,False,I don't know,,,,neutral,0,0.2869890332221985,The Battle of New Orleans was part of the War of 1812.,,,,entailment,1,0.980409562587738
2098,who developed the great man theory of leadership,Scottish writer Thomas Carlyle,True,roster,0.0,0.0,1.0,neutral,0,0.009681631810963154,The 40 - man roster includes the players on the 25 - man roster plus as many as 15 players who are either on the team's seven - or 10 roster.,0.0,0.0,1.0,neutral,0,0.017281441017985344
2099,what does the red olympic ring stand for,,False,I don't know,,,,contradiction,0,0.08005008846521378,The Ring of Fire is a major area in the basin of the Pacific Ocean where many earthquakes and volcanic eruptions occur.,,,,entailment,1,0.6897531747817993
2100,what is the function of the super vena cava,carries deoxygenated blood from the upper half of the body,True,I don't know,0.0,0.0,0.0,contradiction,0,0.20495374500751495,The aorta is open and the vena cava is closed.,0.0,0.20000000000000004,0.0,contradiction,0,0.15986719727516174
2101,where do they play hockey in las vegas,,False,I don't know,,,,neutral,0,0.02634025737643242,"The Raiders'move to Las Vegas comes after years of failed efforts to renovate or replace the Oakland -- Alameda County Coliseum, which has been rated by multiple sources as one of the worst stadiums in the NFL.",,,,neutral,0,0.0016115539474412799
2102,who is doing the half time super bowl,Justin Timberlake,True,I don't know,0.0,0.0,1.0,contradiction,0,0.15802986919879913,The following is a complete list of American football players who have played for the Philadelphia Eagles of the National Football League ( NFL ).,0.0,0.0,1.0,entailment,1,0.9410216808319092
2103,where did the eastern gray squirrel come from,,False,I don't know,,,,neutral,0,0.22163349390029907,"The album Where Did Our Love Go /Th> /Th> /Tr> Tr> Td colspan=""2""> /Tr> Tr> Th colspan=""2""> Single by The Supreme",,,,entailment,1,0.8401110768318176
2104,who transferred mughal capital from agra to delhi,,False,I don't know,,,,neutral,0,0.045170243829488754,"Washington Capitals is a professional ice hockey team based in Washington, D.C.",,,,neutral,0,0.24746231734752655
2105,when did gareth southgate first play for england,1995,True,I don't know,0.0,0.0,1.0,contradiction,0,0.19147124886512756,"Gareth Southgate /Tr> /Tr> /Tr> /Tr> /Tr> Th colspan=""3""> Gareth Southgate /Tr> /Tr> ",0.0,0.0,1.0,entailment,1,0.7428532838821411
2106,what do you understand by reconciliation of cost and financial accounts,,False,I don't know,,,,neutral,0,0.29592451453208923,/Tr> Td> /Tr> Td> /Tr> Td> Ul> Li> Historical cost /Li> Li> Constant purchasing power /L,,,,entailment,1,0.4874572455883026
2107,when did the inuit come to north america,,False,Europeans,,,,neutral,0,0.2827540934085846,The continent was divided by three prominent European powers.,,,,neutral,0,0.29003965854644775
2108,who played mace windu in star wars the clone wars,,False,I don't know,,,,contradiction,0,0.22642670571804047,The Phantom Menace /Td> /Tr> /Tr> /Tr> /Tr> /Tr> /Tr> /Tr> /Tr> /Tr>,,,,entailment,1,0.5187510848045349
2109,what is the meaning of lent in christianity,,False,Religion in the United Kingdom,,,,neutral,0,0.2169434279203415,The 2011 Census.,,,,contradiction,0,0.08465921878814697
2110,what is the elevation of klamath falls oregon,"4,099 ft (1,249.4 m)",True,I don't know,0.0,0.0,1.0,neutral,0,0.29797640442848206,"The coordinates for the location of Klamath Falls, Oregon are: 42 ° 13 ′ 24 '' N 121 ° 46 ′ 39 '' W / 42.22333 ° N 121.77750 ° W / 42.22333 ;",0.0,0.0,1.0,entailment,1,0.4774981439113617
2111,when did phantom of the opera take place,in the 1890s,True,I don't know,0.0,0.0,0.0,neutral,0,0.01599329151213169,"The tournament consists of two parts, the qualification phase and the final phase ( officially called the World Cup Finals ).",0.0,0.09090909090909091,0.0,neutral,0,0.0077302767895162106
2112,who is lucas dating on days of our lives,,False,I don't know,,,,contradiction,0,0.10706459730863571,"Days of Our Lives) /Th> /Th> /Th> /Tr> Td colspan=""2""> /Tr> /Tr> Tr> Th> Genre /",,,,entailment,1,0.4941541254520416
2113,who do all the england team play for,,False,expansion team,,,,entailment,1,0.7819567918777466,expansion team.,,,,entailment,1,0.7624009847640991
2114,what is an accelerator pump on a carburetor,,False,Gospel of Matthew.,,,,neutral,0,0.14613915979862213,Gospel of Matthew in the New Testament.,,,,neutral,0,0.11521198600530624
2115,when did the old £10 go out of circulation,,False,I don't know,,,,neutral,0,0.156317338347435,The Supremes ),,,,entailment,1,0.5777339339256287
2116,oriental bank of commerce is govt or private,public sector,True,I don't know,0.0,0.0,0.0,neutral,0,0.012745879590511322,Cash deposits from the bank.,0.0,0.0,0.0,entailment,1,0.7852585315704346
2117,who is kyles mom on y & r,Diane Jenkins (Maura West),True,I don't know,0.0,0.0,0.0,neutral,0,0.22204740345478058,The Hunter  Hunter manga and anime series features an extensive cast of characters created by Yoshihiro Togashi.,0.0,0.0,0.0,neutral,0,0.2950153946876526
2118,who said if you can keep your head when all about you,,False,I don't know,,,,neutral,0,0.15592969954013824,"I'm the One Mama Warned You About '' /Th> /Tr> Tr> Th colspan=""2""> Single by Mickey Gilley /Th> /Tr> Th> ",,,,entailment,1,0.6775557994842529
2119,who gets evicted from big brother episode 21,,False,I don't know,,,,contradiction,0,0.16578762233257294,The Big Bang Theory episode /Td> /Tr> /Tr> Th> Episode no. /Th> Td> Tr> Th> Episode no. /Th> Td>,,,,entailment,1,0.4959120452404022
2120,who sang get your head in the game,,False,I don't know,,,,neutral,0,0.27315017580986023,"Kylie Minogue /Th> /Tr> /Tr> Th colspan=""2""> Single by Kylie Minogue /Th> /Tr> Th colspan=""2""> from the album Fever ",,,,entailment,1,0.7839059829711914
2121,when was prayer taken out of the schools in the united states,,False,I don't know,,,,contradiction,0,0.008045632392168045,"The proposal was an extension of the North American Free Trade Agreement ( NAFTA ) between Canada, Mexico, and the United States.",,,,contradiction,0,0.004636912140995264
2122,who plays wendy in fairy tail english dub,,False,I don't know,,,,neutral,0,0.03838474303483963,"The BAFTA - award winning trilogy of CBBC children's drama series The Story of Tracy Beaker, Tracy Beaker Returns and The Dumping Ground, which have spanned thirteen years between them.",,,,neutral,0,0.03415975347161293
2123,miranda lambert just like you only prettier lyrics,,False,I don't know,,,,neutral,0,0.17460007965564728,"Only Prettier '' /Th> /Tr> Td colspan=""2""> /Tr> Tr> Th colspan=""2""> Single by Miranda Lambert /Th> /Tr",,,,entailment,1,0.8013523817062378
2124,an example of x- and y- linked disorder,,False,Alcohol,,,,contradiction,0,0.13099080324172974,Intoxication has been linked to disruption of hippocampal function.,,,,neutral,0,0.034325629472732544
2125,in the united states sales contracts and contracts for the payment of money are not assignable,,False,Idol albums,,,,neutral,0,0.03274884819984436,dol albums,,,,neutral,0,0.11615090817213058
2126,the large annual precipitation in the wet equatorial climate is caused by which of the following,,False,Molds,,,,neutral,0,0.045679397881031036,Molds are a common genus of molds.,,,,neutral,0,0.22505834698677063
2127,list of xbox 360 games in order of release,,False,I don't know,,,,neutral,0,0.029352126643061638,"The Xbox One gaming console has received updates from Microsoft since its launch in 2013 that enable it to play select games from its two predecessor consoles, Xbox and Xbox 360 games.",,,,entailment,1,0.8999691605567932
2128,life size lindsay lohan tyra banks 2000 full disney movie,,False,I don't know,,,,contradiction,0,0.14651279151439667,Luke Ebbin /Th>,,,,neutral,0,0.1700322926044464
2129,what are the names of the two rovers currently exploring mars,MER-A Spirit,True,I don't know,0.0,0.0,0.0,neutral,0,0.14411555230617523,The term short course is also often included in meet names when conducted in a short course pool.,0.0,0.0,0.0,neutral,0,0.022839639335870743
2130,horrible histories english kings and queens song episode,,False,I don't know,,,,contradiction,0,0.14558634161949158,Los Angeles Kings' season.,,,,contradiction,0,0.09705569595098495
2131,who was the first living indian to feature on a postage stampof india,,False,I don't know,,,,neutral,0,0.01962406001985073,The Prime Minister of India is Jawaharlal Nehru.,,,,entailment,1,0.9670925140380859
2132,do you have to register a gun in montana,,False,I don't know,,,,neutral,0,0.19097621738910675,Anything You Can Do,,,,entailment,1,0.7374289035797119
2133,which of these is true of the century following the pax romana,,False,I don't know,,,,neutral,0,0.1539580523967743,The first King of England was a king of England.,,,,neutral,0,0.2787594497203827
2134,what is the difference between striped bass and sea bass,,False,I don't know,,,,contradiction,0,0.18354365229606628,Actinopterygii /Td> /Tr> Tr> Tr> Tr> Tr> Tr> Tr> Tr> Tr> Tr>,,,,contradiction,0,0.058945074677467346
2135,blues traveler the heart brings you back lyrics,,False,I don't know,,,,neutral,0,0.18817360699176788,"/Th> /Tr> Tr> Tr> Tr> Th colspan=""2""> /Tr> /Tr> Tr> Th colspan=""2""> Single",,,,entailment,1,0.4863513708114624
2136,the russian empire expanded during the 1800s at the expense of (see textbook & map in online lesson),,False,I don't know,,,,neutral,0,0.13659246265888214,Russia.,,,,neutral,0,0.33595722913742065
2137,who writes the script for big bang theory,Chuck Lorre,True,I don't know,0.0,0.0,1.0,contradiction,0,0.16481269896030426,The Big Bang Theory /Th> /Th> /Tr> Tr> Tr> Th> Episode no. /Th> Td> Season 5 Episode 13 /Td> /Tr>,0.0,0.0,1.0,entailment,1,0.6356690526008606
2138,who plays tom riddle in the half blood prince,Frank Stephenson Dillane,True,I don't know,0.0,0.0,0.0,contradiction,0,0.014099020510911942,The Dumping Ground,0.0,0.0,0.0,contradiction,0,0.06973833590745926
2139,how can i be a citizen of germany,,False,I don't know,,,,contradiction,0,0.058885104954242706,( March 2017 ) ( Learn how and when to remove this template message ) /Td> /Tr> /Tr> Tr> /Td> Td> This article has been nominated to be checked for its neutral,,,,contradiction,0,0.016506368294358253
2140,is pure gold an element or a compound,chemical element,True,I don't know,0.0,0.0,1.0,neutral,0,0.14412054419517517,The mass number A is the same as the mass number A.,0.0,0.0,1.0,contradiction,0,0.06820996850728989
2141,what is the actual order of the star wars movies,,False,Star Wars: Episode I -- The Phantom Menace,,,,contradiction,0,0.15297044813632965,Star Wars : Episode I -- The Phantom Menace ) /Li> Li> Li> Li> Li> Tr> Tr> Tr> Tr> Tr>,,,,entailment,1,0.44183385372161865
2142,who sings i want to live in america,,False,I don't know,,,,neutral,0,0.06862735748291016,American history.,,,,neutral,0,0.13158786296844482
2143,the doctrine of lapse was causes of which rebellion,Indian Rebellion of 1857,True,I don't know,0.0,0.0,0.0,neutral,0,0.15408273041248322,The Old Testament verse of Psalms 51 :,0.0,0.18181818181818182,0.0,contradiction,0,0.23505838215351105
2144,original singer of get your kicks on route 66,Nat King Cole,True,I don't know,0.0,0.0,1.0,neutral,0,0.26852214336395264,King Cole,0.0,0.8,1.0,entailment,1,0.6695627570152283
2145,who played dumbledore in the goblet of fire,Michael Gambon,True,I don't know,0.0,0.0,1.0,contradiction,0,0.18906427919864655,"Michael Gambon ( adult, films 3 -- 8 ) Toby Regbo ( youth, film 7 ) Jude Law ( adult, Fantastic Beasts : The Crimes of Grindelwald ) /Td> /Tr> Tr>",0.0,0.16,1.0,contradiction,0,0.16343186795711517
2146,star vs. the forces of evil season 3 wiki,,False,I don't know,,,,entailment,1,0.5402327179908752,The series is a comedy series.,,,,neutral,0,0.01250518299639225
2147,what agency was created to secure america from terrorist attacks,United States Department of Homeland Security (DHS),True,I don't know,0.0,0.0,0.0,neutral,0,0.1055111512541771,World War I casualties.,0.0,0.0,0.0,neutral,0,0.31225597858428955
2148,where in the bible is the story of ruth and naomi,The Book of Ruth,True,I don't know,0.0,0.0,0.0,neutral,0,0.027032524347305298,The Dumping Ground.,0.0,0.28571428571428575,0.0,neutral,0,0.024483440443873405
2149,what country gave united states the statue of liberty,France,True,I don't know,0.0,0.0,1.0,contradiction,0,0.21084852516651154,"The Statue of Liberty was a bronze statue of Liberty, which was erected in 1886 on Liberty Island, Manhattan, New York City, New York, U.S..",0.0,0.0,1.0,neutral,0,0.03619862720370293
2150,what part of the brain is memory affected by alcohol,hippocampus,True,category of processes that stabilize a memory trace after its initial acquisition,0.0,0.0,1.0,neutral,0,0.34330466389656067,By a process that stabilizes a memory trace after its initial acquisition.,0.0,0.0,1.0,neutral,0,0.28650131821632385
2151,how far is arlington texas from el paso texas,,False,I don't know,,,,entailment,1,0.39658957719802856,"Th colspan=""2""> El Paso, Texas /Th> /Tr> Tr> Th colspan=""2""> City /Td> /Tr> Tr> Td",,,,entailment,1,0.5621459484100342
2152,who sang the song my heart will go on,Celine Dion,True,I don't know,0.0,0.0,1.0,contradiction,0,0.24918760359287262,"Celine Dion /Th> /Th> /Tr> Tr> Td colspan=""2"">  My Heart Will Go On '' /Th> /Th> /Tr> ",0.0,0.2222222222222222,1.0,entailment,1,0.5044178366661072
2153,relaying signals from the neuron to other cells is a function of the,thalamus,True,I don't know,0.0,0.0,0.0,neutral,0,0.04285598546266556,"The word xylem is derived from the Greek word  ( xylon ), meaning  wood ''.",0.0,0.0,0.0,neutral,0,0.011825375258922577
2154,who is the only bowler to have taken a hat-trick in both innings of test match,,False,1912 Triangular Tournament,,,,entailment,1,0.4926052987575531,1912 Triangular Tournament,,,,entailment,1,0.4926052987575531
2155,bryan adams sting rod stewart all for love lyrics,,False,I don't know,,,,contradiction,0,0.23140482604503632,) /Th> Td> Ul> Li> Bryan Adams /Li> Li> Robert  Mutt '' Lange /Li> Michael Kamen /Li> /T,,,,contradiction,0,0.317975789308548
2156,where does black lightning tv show take place,Freeland,True,I don't know,0.0,0.0,0.0,contradiction,0,0.22232891619205475,"Th colspan=""2""> Black Lightning /Th> /Tr> Tr> Td colspan=""2""> /Tr> Tr> Th> Genre /Th> T",0.0,0.0,0.0,entailment,1,0.5162591338157654
2157,who killed peter on the tv show soap,Chester,True,I don't know,0.0,0.0,0.0,neutral,0,0.10238143056631088,"The following is a list of episodes from the Disney Channel Original Series Phineas and Ferb, which ran from August 17, 2007 to June 12, 2015.",0.0,0.0,0.0,neutral,0,0.1240193247795105
2158,how many floors does macy's in nyc have,,False,I don't know,,,,neutral,0,0.14577002823352814,"The location of the Macy's Herald Square is 151 West 34th Street Manhattan, New York City /Td> /Tr> Tr> Th> 151 West 34th Street Manhattan, New York City /Tr> ",,,,neutral,0,0.1118357703089714
2159,which indian airport is recognised as the world's busiest single runway airport in india,,False,I don't know,,,,contradiction,0,0.1405853033065796,FedEx Express Tr> /Tr> /Tr> /Tr> /Tr> /Tr> /Tr> /Tr> /Tr> /Tr> ,,,,entailment,1,0.7249347567558289
2160,who plays no ragrets in we're the millers,,False,I don't know,,,,contradiction,0,0.04858216643333435,2,,,,neutral,0,0.08634606003761292
2161,where did our lady of mount carmel appear,England,True,I don't know,0.0,0.0,0.0,contradiction,0,0.1723078042268753,The single by The Supremes was released in 1226.,0.0,0.0,0.0,contradiction,0,0.04865732043981552
2162,when did that 70's show first air,"August 23, 1998",True,I don't know,0.0,0.0,0.0,neutral,0,0.17258049547672272,"The first air date /Th> November 12, 2008 /Td> /Tr> /Tr> Th> Format /Th> Soft AC / Love songs /Td> /Tr> /T",0.0,0.0,0.0,neutral,0,0.008337507955729961
2163,record for most free throws in a row nba,,False,I don't know,,,,neutral,0,0.055315129458904266,"The NBA scoring title was originally determined by total points scored through the 1968 -- 69 season, after which points per game was used to determine the leader instead.",,,,entailment,1,0.9744114875793457
2164,the think tanks and civil societies program (ttcsp),,False,I don't know,,,,contradiction,0,0.1650054007768631,"The location of the Think Tanks and Civil Societies Program is Saint - Lô, Normandy, France.",,,,neutral,0,0.017562037333846092
2165,what is the significance of the nodes of ranvier,"uninsulated and highly enriched in ion channels, allowing them to participate in the exchange of ions required to regenerate the action potential",True,I don't know,0.0,0.0,0.0,contradiction,0,0.13320904970169067,The fifth verse of the fifth chapter of the Gospel of Matthew in the New Testament.,0.0,0.2105263157894737,0.0,contradiction,0,0.14331459999084473
2166,where is the sword in the stone located,,False,thylakoid membrane of the chloroplast,,,,neutral,0,0.17180615663528442,thylakoid membrane of the chloroplast in photosynthetic eukaryotes.,,,,neutral,0,0.23167748749256134
2167,when were freshmen allowed to play college basketball,,False,I don't know,,,,neutral,0,0.005286404862999916,"CCNY, the tournament was considered less important.",,,,contradiction,0,0.009210256859660149
2168,when does the british open start in 2017,,False,I don't know,,,,neutral,0,0.01762446202337742,The Cleveland Browns were a charter member club of the All - America Football Conference ( AAFC ) when the league was founded in 1946.,,,,neutral,0,0.01901739463210106
2169,how many terms can a governor serve in oklahoma,two consecutive terms,True,I don't know,0.0,0.0,0.0,contradiction,0,0.13090094923973083,"Rectifiers have many uses, but are often found serving as components of DC power supplies and high - voltage direct current power transmission systems.",0.0,0.0,0.0,neutral,0,0.1636052131652832
2170,what is the coordination number of a cesium atom in the body-centered cubic structure of cesium,,False,I don't know,,,,neutral,0,0.03360708802938461,Atom is a Greek word for atom.,,,,contradiction,0,0.021119941025972366
2171,the key of the kings kingdom in spanish,,False,War,,,,neutral,0,0.015607147477567196,"The last monarch of a distinct kingdom of England was Anne, who became Queen of Great Britain when England merged with Scotland to form a union in 1707.",,,,neutral,0,0.0065643442794680595
2172,when is the apostles creed used in the catholic church,,False,becomes the new church president,,,,neutral,0,0.04914410784840584,The President of the Quorum of the Twelve will become the new church president.,,,,neutral,0,0.0033101486042141914
2173,petron kuala lumpur federal territory of kuala lumpur,,False,I don't know,,,,contradiction,0,0.16144105792045593,The Kuala Lumpur Tower /Tr> /Tr> /Tr> /Tr> /Tr> /Tr> /Tr> /Tr> /Tr> /,,,,contradiction,0,0.10895758867263794
2174,why is philip the patron saint of hatters,,False,I don't know,,,,neutral,0,0.1513611078262329,"The feast of the Red Martyr, Elderly, bearded saint and open - to - God man is celebrated on 3 May General Roman Calendar, 14 November ( Eastern Orthodox Church ), 1 May ( Anglican Communion, Lutheran Church and pre-19",,,,neutral,0,0.07628652453422546
2175,the sun and other stars are made of a type of matter called,,False,I don't know,,,,neutral,0,0.053765665739774704,They are famous for their batons.,,,,neutral,0,0.0050910222344100475
2176,where did jason voorhees get the hockey mask,from a victim,True,I don't know,0.0,0.0,0.0,contradiction,0,0.18671177327632904,"The game was played at Camp Crystal Lake, Colorado.",0.0,0.0,0.0,neutral,0,0.005789437331259251
2177,who is the first miss world in india,Reita Faria Powell,True,I don't know,0.0,0.0,0.0,contradiction,0,0.13516539335250854,Miss Bombay 1966 ( Winner ) Eve's Weekly Miss India 1966 ( Winner ) Miss World 1966 ( Winner ) Best in Eveningwear /Td> /Tr> /Tr> /Tr> /Tr> ,0.0,0.0,0.0,contradiction,0,0.041505116969347
2178,where was the first ice hockey game played,"at the Victoria Skating Rink in Montreal, Quebec, Canada",True,I don't know,0.0,0.0,1.0,contradiction,0,0.07151340693235397,"The Capitals played at the Capital Centre from their inaugural season in 1974 to 1997, when they moved to the MCI Center, now known as the Capital One Arena,",0.0,0.15789473684210528,1.0,neutral,0,0.05559932067990303
2179,who broke the salt law in tamil nadu,,False,I don't know,,,,neutral,0,0.1199437603354454,The march was a demonstration of the Indian independence movement.,,,,entailment,1,0.953455924987793
2180,rank order the countries by population in 2012,,False,I don't know,,,,contradiction,0,0.18812395632266998,United States.,,,,entailment,1,0.5833024978637695
2181,what channel is the love station on sirius,channel 70,True,I don't know,0.0,0.0,0.0,contradiction,0,0.1296783685684204,"The first air date /Th> November 12, 2008 /Td> /Tr> /Tr> Th> Format /Th> Soft AC / Love songs /Td> /Tr> Th>",0.0,0.0,0.0,entailment,1,0.8752032518386841
2182,the black death originated first in genoa and venice in 1347,,False,I don't know,,,,contradiction,0,0.07477329671382904,"The Black Act of 1723 was a law that was passed to protect the property of the wealthy classes that emerged during the first half of the 18th century, a notable example being the Black Act of 1723, which created 50 capital offences for the wealthy classes",,,,neutral,0,0.24230962991714478
2183,who designed the turtle america’s first submarine,,False,I don't know,,,,neutral,0,0.0394141748547554,Dodgers won 37 of their last 44 games to catch the first - place Dodgers and force a playoff series to decide the NL champion.,,,,neutral,0,0.007784761488437653
2184,what is the song i could use a love song about,,False,I don't know,,,,contradiction,0,0.19177958369255066,"The single was released on March 27, 2017 ( March 27, 2017 - March 27 ) /Tr> /Tr> Tr> Tr> Tr> Th colspan=""2""> /Tr",,,,entailment,1,0.6850470900535583
2185,where was episode 6 game of thrones season 7 filmed,,False,I don't know,,,,neutral,0,0.2999700605869293,/Th> /Tr> Tr> Tr> Th> Tr> Th> Tr> Th> Tr> Th> Tr> Th> T,,,,entailment,1,0.4952501356601715
2186,who plays lead guitar on good morning good morning,,False,I don't know,,,,neutral,0,0.24322018027305603,The song was written by Lennon and McCartney.,,,,neutral,0,0.030875371769070625
2187,who sang the song whiter shade of pale,,False,I don't know,,,,neutral,0,0.20755048096179962,"Procol Harum /Th> /Tr> /Tr> Tr> Th colspan=""2""> Single by Procol Harum /Th> /Tr> Th colspan=""2""> Single",,,,entailment,1,0.7176164984703064
2188,who does liam neeson play in star wars 1,Qui-Gon Jinn,True,I don't know,0.0,0.0,0.0,contradiction,0,0.22642670571804047,The Phantom Menace /Td> /Tr> /Tr> /Tr> /Tr> /Tr> /Tr> /Tr> /Tr> /Tr>,0.0,0.0,0.0,entailment,1,0.5187510848045349
2189,sun ra we travel the spaceways bad and beautiful,,False,I don't know,,,,neutral,0,0.27729693055152893,The Futuristic Sounds of Sun Ra 1961,,,,neutral,0,0.4519060552120209
2190,star vs the force of evil season 3 episode 20,,False,P>,,,,entailment,1,0.8904939293861389,The series was renewed for a second season in February 2010.,,,,neutral,0,0.001123595517128706
2191,what happened through the new coke marketing campaign,,False,I don't know,,,,neutral,0,0.14213444292545319,expand the 7 Natural Wonders of the World,,,,entailment,1,0.6841935515403748
2192,when did the us leave japan after wwii,"April 28, 1952",True,I don't know,0.0,0.0,0.0,contradiction,0,0.01671912893652916,"The United States failed to gain any territory from British North America, contrary to many American politicians'hopes and expectations, but it did gain land from Spain.",0.0,0.0,0.0,neutral,0,0.006471691187471151
2193,who won the junior division in world of dance,,False,I don't know,,,,neutral,0,0.052923787385225296,NBA championships,,,,entailment,1,0.6079268455505371
2194,what is the name for the smell of rain,Petrichor,True,I don't know,0.0,0.0,1.0,neutral,0,0.08263200521469116,"The term was coined in 1964 by two Australian CSIRO researchers, Isabel Joy Bear and Richard G. Thomas, for an article in the journal Nature.",0.0,0.0,1.0,entailment,1,0.9839246273040771
2195,who invented the greater than and less than sign,Thomas Harriot,True,I don't know,0.0,0.0,0.0,contradiction,0,0.03146561235189438,A heat island is a type of urban area or metropolitan area.,0.0,0.0,0.0,contradiction,0,0.2174389362335205
2196,it should have been me billy ray cyrus,,False,I don't know,,,,neutral,0,0.18312649428844452,The song was written by Reed Nielsen and Monty Powell.,,,,neutral,0,0.005277292802929878
2197,cm of independent government set up in theog in 1947,,False,I don't know,,,,contradiction,0,0.14254388213157654,Theog is located in Himachal Pradesh.,,,,neutral,0,0.019975736737251282
2198,how many 5 dollar bills in a million dollars,,False,I don't know,,,,neutral,0,0.27427420020103455,"The capital and largest city of Zimbabwe ( dark blue ) P> in the African Union ( light blue ) /P> /P> /Tr> Th colspan=""2""> Republic of Zimbabwe /Th> /Tr",,,,neutral,0,0.03368072956800461
2199,who plays frankie's sister teddy in grace and frankie,,False,I don't know,,,,contradiction,0,0.2335803210735321,The album Frankie Valli : Solo /Th> /Tr> /Tr> Th> B - side /Th> Td>  The Trouble With Me /Td> /Tr> ,,,,entailment,1,0.7558364272117615
2200,part of the philippines has the least number of active volcano,,False,I don't know,,,,neutral,0,0.07099959254264832,The Ring of Fire.,,,,contradiction,0,0.37688520550727844
2201,what economic situation did world war ii create on the home front,,False,I don't know,,,,neutral,0,0.024780085310339928,The war was a total war.,,,,entailment,1,0.80865079164505
2202,in 1820 approximately what percentage of the united states population lives west of the appalachians,,False,I don't know,,,,neutral,0,0.0747668519616127,The American Civil War led to the defeat of the Confederacy in 1865 and the eventual readmission of the states to the United States Congress.,,,,neutral,0,0.006788543425500393
2203,the scary girl magician on america's got talent,,False,I don't know,,,,neutral,0,0.2102358043193817,The Sacred Riana /Th> /Th> /Th> /Th> /Th> /Th> /Th> /Th> /Th> /Th> /Th> /Th,,,,entailment,1,0.5641564726829529
2204,who is the author of i love you since 1982,,False,I don't know,,,,contradiction,0,0.22256989777088165,I just can't think about anything or anybody and I can't sleep. I can't breathe. I can't eat. And I love you. I love you all the time. Every minute of every day. I love,,,,entailment,1,0.985471248626709
2205,who has scored the most goals for arsenal,Thierry Henry,True,I don't know,0.0,0.0,0.0,neutral,0,0.03713498264551163,Arsenal won the FIFA World Cup.,0.0,0.0,0.0,neutral,0,0.019393794238567352
2206,causes and effects of the french american alliance,,False,I don't know,,,,contradiction,0,0.020977433770895004,"North America were abolished in 1812, the British paid little attention to the war.",,,,contradiction,0,0.006093958858400583
2207,who plays mason on wizards of waverly place,,False,I don't know,,,,neutral,0,0.03941091522574425,The story focuses on the fictional universe where licensed specialists known as Hunters travel the world taking on special jobs ranging from treasure hunting to assassinations.,,,,neutral,0,0.009836830198764801
2208,where did the name fruit of the loom come from,"Fruit of the Loom – an expression referring to clothes, paralleling the phrase ""fruit of the womb"" meaning ""children"", which can be traced back to use in the Bible (Psalm 127:3)",True,I don't know,0.0,0.0,0.0,neutral,0,0.12802739441394806,The Court did not rule on whether particular identification cards could be required.,0.0,0.09302325581395349,0.0,neutral,0,0.018887287005782127
2209,god is the god of second chances veggie tales,,False,angel,,,,neutral,0,0.21251755952835083,angel.,,,,neutral,0,0.19366127252578735
2210,what was the deadliest tornado in the united states,the Tri-State Tornado,True,I don't know,0.0,0.0,1.0,contradiction,0,0.04478259012103081,"The deadliest tornado in world history was the Daulatpur -- Saturia tornado in Bangladesh on April 26, 1989, which killed approximately 1,300 people.",0.0,0.16,1.0,entailment,1,0.80828857421875
2211,who played jesus in the ten commandments movie,,False,I don't know,,,,neutral,0,0.021441325545310974,The name of God has always had much deeper meaning and significance than being just a label or designator.,,,,neutral,0,0.05973771959543228
2212,bible verse about how god takes care of the birds,,False,I don't know,,,,neutral,0,0.016417711973190308,The out - of - pocket costs may include the costs of the health care,,,,neutral,0,0.010445879772305489
2213,who divides the power between central and state government,,False,Hindi,,,,neutral,0,0.2343120574951172,Hindi languages.,,,,neutral,0,0.17378385365009308
2214,what position did damarious randall play in college,,False,I don't know,,,,contradiction,0,0.16227760910987854,"Damarious Randall Tr> Tr> Th colspan=""2""> Randall with the Packers in 2015 /Td> /Tr> Tr> Th> Position : /Th> T",,,,contradiction,0,0.3883780241012573
2215,who founded the first french colony in north america,Jacques Cartier,True,I don't know,0.0,0.0,0.0,neutral,0,0.008247972466051579,The influences of colonization by these states on North American cultures are still apparent today.,0.0,0.0,0.0,neutral,0,0.003828847547993064
2216,where is chitin found in the human body,,False,sunlight,,,,neutral,0,0.2624439001083374,The electron transport chain is used for extracting energy via redox reactions from sunlight.,,,,neutral,0,0.02550932951271534
2217,what is the speed limit on route 66,,False,I don't know,,,,neutral,0,0.022975655272603035,"Peruvian government to restrict the number of people who can hike this trail per season,",,,,neutral,0,0.01750864088535309
2218,what are the types of alternative dispute resolution,negotiation,True,brown,0.0,0.0,0.0,neutral,0,0.24820780754089355,International System of Units ( SI ),0.0,0.0,0.0,neutral,0,0.1999581903219223
2219,who was the first draft pick in the 2018 nba,Deandre Ayton,True,I don't know,0.0,0.0,0.0,entailment,1,0.5336493253707886,The NBA's first salary cap was capped at $.,0.0,0.0,0.0,entailment,1,0.42045217752456665
2220,what is a box spring called in the uk,divan,True,I don't know,0.0,0.0,0.0,neutral,0,0.06046168506145477,Viennese waltz is the original form of the waltz.,0.0,0.0,0.0,neutral,0,0.04868161678314209
2221,who did kenyan drake back up at alabama,,False,I don't know,,,,contradiction,0,0.15001167356967926,The kilt stretches back to at least the end of the 16th century.,,,,entailment,1,0.9884629845619202
2222,what is the climate in the west region,,False,I don't know,,,,neutral,0,0.0822412297129631,"The climate of Georgia is a humid subtropical climate with most of the state having short, mild winters and long, hot summers.",,,,entailment,1,0.9708948135375977
2223,back to life back to reality lyrics meaning,,False,I don't know,,,,neutral,0,0.31851935386657715,"Tr> Th colspan=""2"">  Back to Life ( However Do You Want Me ) '' /Th> /Tr> Tr> Td colspan=""2""> /Tr>",,,,entailment,1,0.7470453381538391
2224,where does publishers clearing house get their funding,merchandise,True,I don't know,0.0,0.0,0.0,contradiction,0,0.1378594934940338,a position to publish them,0.0,0.0,0.0,neutral,0,0.4304862916469574
2225,what is the average reading words per minute,,False,I don't know,,,,contradiction,0,0.15548081696033478,English.,,,,contradiction,0,0.29552730917930603
2226,who plays louie in stuck in the middle,Nicolas Bechtel,True,I don't know,0.0,0.0,1.0,contradiction,0,0.03804171457886696,The Y -  transform can be considered a special case of the star - mesh transform for three resistors.,0.0,0.0,1.0,contradiction,0,0.050702404230833054
2227,what are the primary colours in visual arts,,False,I don't know,,,,neutral,0,0.03366300091147423,The text is a list of Christmas decorations.,,,,entailment,1,0.8248553276062012
2228,which structure in the urinary system carries urine to the bladder,ureters,True,I don't know,0.0,0.0,1.0,contradiction,0,0.30813834071159363,The human urinary system is the human urinary system.,0.0,0.0,1.0,entailment,1,0.9547328948974609
2229,when was the spca established in south africa,1872,True,New Zealand off spinner,0.0,0.0,0.0,contradiction,0,0.04933681711554527,three other cricketers who have taken more than one Test hat - trick.,0.0,0.0,0.0,entailment,1,0.9515427947044373
2230,who used to present a question of sport,,False,I don't know,,,,neutral,0,0.10695653408765793,The Egyptians divided the day into two 12 - hour periods.,,,,neutral,0,0.04073135182261467
2231,what was the name given to the nile delta about one hundred miles from the mediterranean,,False,Florida Panhandle,,,,neutral,0,0.14963282644748688,Florida.,,,,contradiction,0,0.10186418890953064
2232,when did northern ireland become its own country,1921,True,I don't know,0.0,0.0,1.0,contradiction,0,0.18736833333969116,"Northern Ireland Tuaisceart Éireann ( Irish ) Norlin Airlann ( Ulster Scots ) /Th> /Tr> Tr> Td colspan=""2""> Northern Ireland Tuaisceart É",0.0,0.0,1.0,entailment,1,0.8154218792915344
2233,how many times has itay won the world cup,four,True,I don't know,0.0,0.0,1.0,contradiction,0,0.12821687757968903,goals have been scored.,0.0,0.0,1.0,neutral,0,0.2539359927177429
2234,when does season 5 of lab rats start,,False,I don't know,,,,contradiction,0,0.18408581614494324,s ) /Th> Td> Bert Selen /Td> /Tr> Tr> Th> Original language ( s ) /Th>,,,,contradiction,0,0.26604315638542175
2235,who plays babita in taarak mehta ka ooltah chashmah,Munmun Dutta,True,Asit Kumarr Modi,0.0,0.0,0.0,entailment,1,0.6851022839546204,Asit Kumarr Modi,0.0,0.0,0.0,entailment,1,0.6851022839546204
2236,what is the highest ranking officer in the army,,False,I don't know,,,,contradiction,0,0.04573869705200195,"The current Chief of Naval Staff is Ibok Ekwe Ibas who was appointed on July 13, 2015 by President Muhammadu Buhari to succeeded Usman Oyibe Jibrin.",,,,entailment,1,0.8330262303352356
2237,who is the minister of local government and housing,The Rt Hon. James Brokenshire,True,India,0.0,0.0,1.0,contradiction,0,0.24561448395252228,20 districts of the country.,0.0,0.20000000000000004,1.0,neutral,0,0.02751234546303749
2238,where did cypress hill get their name from,after a street in South Gate,True,I don't know,0.0,0.0,0.0,contradiction,0,0.1349509060382843,Cypress Hill /Th> /Th> /Th> /Th> /Th> /Th> /Th> /Th> /Th> /Th> /Th> /Th> ,0.0,0.0,0.0,entailment,1,0.5547327995300293
2239,who plays brittany on young and the restless,Vanessa Lee Evigan,True,I don't know,0.0,0.0,0.0,neutral,0,0.23075562715530396,The Young and the Restless character /Th> /Th> /Th> /Th> /Th> /Th> /Th> /Th> /Th> /Th> /Th> ,0.0,0.0,0.0,entailment,1,0.6704438328742981
2240,describe the valley of the somme river as it looked before the battle,,False,I don't know,,,,contradiction,0,0.12332367151975632,The prophet saw the king of Egypt as a king and as a king of the land of Egypt.,,,,neutral,0,0.018068548291921616
2241,pirates of the caribbean dead man tells no tales story,,False,I don't know,,,,entailment,1,0.4267352521419525,Pirates of the Caribbean : Dead Men Tell No Tales /Th> /Th> /Th> /Tr> /Tr> /Tr> /Tr> /Tr> /Tr>,,,,entailment,1,0.8087450861930847
2242,fundamental rights of india are taken from which country,,False,I don't know,,,,neutral,0,0.30897802114486694,"The Constitution of India designates the official language of the Government of India as Hindi written in the Devanagari script, as well as English.",,,,neutral,0,0.10031888633966446
2243,tremors a cold day in hell filming location,in the Cape Town area,True,I don't know,0.0,0.0,0.0,contradiction,0,0.1218671053647995,Tremors : A Cold Day in Hell /Th> /Th> /Th> /Th> /Th> /Th> /Th> /Th> /Th> /Th> /Th,0.0,0.0909090909090909,0.0,entailment,1,0.5334649085998535
2244,which of the following atomic particles may vary for atoms of a given element,,False,I don't know,,,,neutral,0,0.043330855667591095,Z ),,,,neutral,0,0.060015514492988586
2245,where is river falls wisconsin on the map,,False,I don't know,,,,neutral,0,0.18650327622890472,Coordinates : 44 ° 51 ′ 31 '' N 92 ° 37 ′ 30 '' W / 44.85861 ° N 92.62500 ° W / 44.85861 ; - 92.62500 Coordinates ,,,,neutral,0,0.31378835439682007
2246,when was don't tread on me created,,False,I don't know,,,,neutral,0,0.22541673481464386,The Gadsden flag is a historical American flag with a yellow field depicting a rattlesnake coiled and ready to strike.,,,,entailment,1,0.9701245427131653
2247,which of the following statement is not correct about using des in cbc mode,,False,I don't know,,,,neutral,0,0.01595228724181652,The mass moment of inertia is the mass moment of inertia.,,,,neutral,0,0.014929357916116714
2248,all work and no play makes jack a dull boy in hindi,,False,I don't know,,,,contradiction,0,0.004800355061888695,The player is a baseball player.,,,,contradiction,0,0.005708933342248201
2249,who wanted to create a railroad from cape town to cairo,Cecil Rhodes,True,I don't know,0.0,0.0,0.0,neutral,0,0.18934154510498047,The text is a list of hurricane research related to the Nile Delta.,0.0,0.0,0.0,neutral,0,0.10841717571020126
2250,when did half pennies stop being legal tender,December 1984,True,Tattoo,0.0,0.0,0.0,neutral,0,0.307049959897995,The legal drinking age is the age at which a person can legally consume or purchase alcoholic beverages.,0.0,0.0,0.0,entailment,1,0.7227727770805359
2251,is anyone still alive from the cast of the wizard of oz,,False,I don't know,,,,contradiction,0,0.08117789775133133,Australian,,,,contradiction,0,0.17715971171855927
2252,where did indiana jones and the last crusade take place,,False,I don't know,,,,contradiction,0,0.15822668373584747,"Indiana Jones and the Last Crusade /Th> /Th> /Th> /Th> /Tr> Tr> Td colspan=""2""> Theatrical release poster by Drew Struzan ",,,,contradiction,0,0.39489057660102844
2253,who plays who in world cup knock out stages,,False,I don't know,,,,neutral,0,0.15613988041877747,The Dumping Ground.,,,,neutral,0,0.14886632561683655
2254,when was the first weather satellite launched into space,"February 17, 1959",True,I don't know,0.0,0.0,0.0,neutral,0,0.07942727953195572,The first draw was held on Friday 13 February 2004 in Paris.,0.0,0.13333333333333333,0.0,neutral,0,0.014068534597754478
2255,what is the most popular music in cuba,Son,True,George Johnson is in place.,0.0,0.0,1.0,neutral,0,0.29938679933547974,George Johnson is in place.,0.0,0.0,1.0,neutral,0,0.29938679933547974
2256,what is the miracle mile in tucson arizona,,False,Florida cracker,,,,contradiction,0,0.093582883477211,Florida cracker refers to colonial - era English and American pioneer.,,,,neutral,0,0.3314198851585388
2257,how long is the ferry from bainbridge to seattle,8.6 miles,True,I don't know,0.0,0.0,1.0,neutral,0,0.22095873951911926,The ferry was a Jumbo Mark II - class ferry.,0.0,0.0,1.0,entailment,1,0.9484433531761169
2258,achievement of a cricketer out first ball for zero in both innings,a king pair,True,I don't know,0.0,0.0,0.0,contradiction,0,0.17695783078670502,The earliest known idiomatic use of the phrase is from 1907 in southern Indiana.,0.0,0.0,0.0,entailment,1,0.9849404692649841
2259,who sang the songs in la bamba movie,,False,Waltzing Matilda,,,,neutral,0,0.03150549158453941,Australian,,,,neutral,0,0.0220947302877903
2260,psych episode where shawn and juliet start dating,"""In Plain Fright"" (5.11)",True,I don't know,0.0,0.0,0.0,contradiction,0,0.1332799792289734,"Maggie Lawson /Tr> Tr> Td colspan=""2""> Juliet O'Hara /Tr> /Tr> Tr> Th> First appearance /Th> Td>",0.0,0.0,0.0,entailment,1,0.6561529040336609
2261,harry chapin there are so many colors in the rainbow,,False,I don't know,,,,neutral,0,0.2493487298488617,"Jenny '' /Td> /Tr> /Tr> /Tr> Th colspan=""2""> Single by Harry Chapin /Th> /Th> Th colspan=""2""> from",,,,entailment,1,0.46921005845069885
2262,are there different types of staffordshire bull terriers,,False,I don't know,,,,contradiction,0,0.24366162717342377,"Red, fawn, white, black or blue, or any of these colours with",,,,neutral,0,0.297290176153183
2263,who wrote the song burning down the house,,False,I don't know,,,,neutral,0,0.25649386644363403,"Talking Heads /Th> /Th> /Tr> Tr> Td colspan=""2""> Standard cover art /Th> /Tr> /Tr> Th colspan=""2",,,,entailment,1,0.6343411207199097
2264,who plays the tall guy in the greatest showman,,False,Red Lion,,,,neutral,0,0.14600493013858795,"The theatre was constructed in 1576 by James Burbage in partnership with his brother - in - law, one John Brayne, ( the owner of the Red Lion ) on property that had originally been the grounds of the dissolved Hall",,,,neutral,0,0.020650599151849747
2265,the galápagos islands are part of what country quizlet,the Republic of Ecuador,True,Florida,0.0,0.0,0.0,neutral,0,0.15663185715675354,Florida Panhandle.,0.0,0.0,0.0,neutral,0,0.14116954803466797
2266,right to counsel clause of the sixth amendment,,False,Constitution,,,,neutral,0,0.033158596605062485,The United States Constitution prohibits unreasonable searches and seizures and requires any warrant to be judicially sanctioned and supported by probable cause.,,,,neutral,0,0.002245115814730525
2267,when did dancing with the stars start this season,"September 24, 2018",True,NBA,0.0,0.0,0.0,neutral,0,0.3918265402317047,BAA.,0.0,0.0,0.0,neutral,0,0.14857935905456543
2268,where does the last name russell come from,,False,I don't know,,,,contradiction,0,0.0022263529244810343,"The Celtics players, Tom Heinsohn, K.C. Jones, Satch Sanders and John Havlicek, won eight championships each.",,,,contradiction,0,0.004381017293781042
2269,mention the different religions that are practiced in kerala,,False,I don't know,,,,neutral,0,0.07286231964826584,green chlorophyll pigments.,,,,neutral,0,0.11011487245559692
2270,who was the basketball player that died on the court,"Eric ""Hank"" Gathers",True,I don't know,0.0,0.0,0.0,neutral,0,0.11534585803747177,The Fourth Amendment to the United States Constitution prohibits unreasonable searches and seizures and requires any warrant to be judicially sanctioned and supported by probable cause.,0.0,0.0,0.0,neutral,0,0.16955316066741943
2271,when was the first satellite put in space,"October 4, 1957",True,I don't know,0.0,0.0,0.0,contradiction,0,0.023406153544783592,"The term  cold '' is used because there was no large - scale fighting directly between the two sides, but they each supported major regional wars known as proxy wars.",0.0,0.0,0.0,contradiction,0,0.005673513747751713
2272,how long is an inmate on death row,an average of 178 months (roughly 15 years) between sentencing and execution,True,I don't know,0.0,0.0,0.0,contradiction,0,0.12461019307374954,"The Black Death was one of the most devastating pandemics in human history, resulting in the deaths of an estimated 75 to 200 million people in Eurasia and peaking in Europe from 1346 to 1353.",0.0,0.1276595744680851,0.0,neutral,0,0.10444244742393494
2273,who wore number 80 for the philadelphia eagles,,False,I don't know,,,,neutral,0,0.1816854327917099,"The sentence "" Because I could not stop for Death "" is a lyrical poem by Emily Dickinson first published posthumously in Poems : Series.",,,,neutral,0,0.08285418897867203
2274,who was the modern blues guitarist from austin texas who was known for his fast playing,,False,Indira Gandhi succeeded Shastri,,,,contradiction,0,0.0627327635884285,Indira Gandhi succeeded Shastri in 1966 to become the country's first woman premier.,,,,neutral,0,0.07215835899114609
2275,activation of initiator pro-caspases 8 9 and 10 requires,,False,Puerto Rico,,,,neutral,0,0.14144949615001678,Puerto Rico).,,,,neutral,0,0.08544384688138962
2276,download mp3 song im in love with the shape of you,,False,I don't know,,,,contradiction,0,0.22256989777088165,I just can't think about anything or anybody and I can't sleep. I can't breathe. I can't eat. And I love you. I love you all the time. Every minute of every day. I love,,,,entailment,1,0.985471248626709
2277,how did the reasons for settlement affect the development of each english colony,,False,I don't know,,,,neutral,0,0.2017470896244049,Florida Panhandle.,,,,neutral,0,0.14735597372055054
2278,sea otters have been used as an example of the keystone species concept. this means that sea otters,,False,I don't know,,,,neutral,0,0.17858968675136566,The process begins when energy from light is absorbed by proteins called reaction centres that contain green chlorophyll pigments.,,,,neutral,0,0.022088533267378807
2279,who played mini-me in the austin power movies,Verne Jay Troyer,True,I don't know,0.0,0.0,0.0,contradiction,0,0.04013609513640404,"/P> Ol> Li> have played at least one Serie A game for the respective club ( seasons in which and teams for, a player, did not collected any caps in Serie A, have NOT to be listed ).",0.0,0.0,0.0,contradiction,0,0.01578640565276146
2280,law of the jungle lee soo geun episode,,False,I don't know,,,,neutral,0,0.06614512205123901,"The first episode of the series premiered on January 18, 2015, on Disney Channel.",,,,entailment,1,0.9587178826332092
2281,now that's what i call music 21 uk,,False,I don't know,,,,contradiction,0,0.20054402947425842,The song was released in October 1986 ( October 1986 - 10 ) /Td> /Tr> Tr> Th> Th> B - side /Th> Td>  That's What I Call Love,,,,entailment,1,0.8613197207450867
2282,waylon jennings dukes of hazzard theme song live,,False,Waylon Jennings,,,,entailment,1,0.8479074835777283,Waylon Jennings /Li> Li> Byron Cherry /Li> Byron Cherry /Li> Christopher Mayer /Li> /Tr> Tr> Tr> Th> Opening,,,,contradiction,0,0.10612723231315613
2283,who has won the most wars between england and france,,False,I don't know,,,,contradiction,0,0.04711869731545448,"Arsenal won two championships in the NBL before it merged with the BAA to form the NBA, and won five championships in the NBA.",,,,contradiction,0,0.02105405367910862
2284,the pollution of love canal in new york was caused by ____,massive dumping of toxic waste,True,I don't know,0.0,0.0,0.0,neutral,0,0.22135977447032928,"Construction began /Th> on July 4, 1817 ( at Rome, New York )",0.0,0.0,0.0,neutral,0,0.014204527251422405
2285,who is responsible for founding the american financial system,the Bank of the United States,True,I don't know,0.0,0.0,0.0,neutral,0,0.19526483118534088,The Global AIDS Coordinator has the rank of ambassador - at - large and Assistant Secretary.,0.0,0.3,0.0,neutral,0,0.030234768986701965
2286,who built the san diego de alcala mission,Spanish friar Junípero Serra,True,I don't know,0.0,0.0,0.0,entailment,1,0.42904627323150635,The name as founded /Th> La Misión San Diego de Alcalá /Td> /Tr> Tr> Th> English translation /Th> The Mission of Saint Didacus of Acalá /Td,0.0,0.0,0.0,neutral,0,0.2624664008617401
2287,is ampulla of vater part of the pancreas,,False,I don't know,,,,contradiction,0,0.1142820492386818,The biliary system is a complex system of organs and tissues.,,,,neutral,0,0.08842744678258896
2288,who won the fifa under 17 world cup 2017,England,True,I don't know,0.0,0.0,1.0,neutral,0,0.23808543384075165,The Republic of Ireland have appeared in the finals of the FIFA World Cup on three occasions.,0.0,0.0,1.0,neutral,0,0.4087108075618744
2289,what is the function of the uropods and telson and what feature indicates this function,,False,I don't know,,,,neutral,0,0.0827576145529747,Inflammation is part of the complex,,,,neutral,0,0.20223350822925568
2290,who does england play in the world cup,,False,knockout stage,,,,neutral,0,0.18224366009235382,knockout stage.,,,,neutral,0,0.16234762966632843
2291,where does the captain sleep on a ship,,False,I don't know,,,,neutral,0,0.023377617821097374,The date of the officer's previous rank's date.,,,,neutral,0,0.1858370155096054
2292,what is the hottest temperature ever recorded in utah,117 °F / 47 °C,True,enthalpy,0.0,0.0,0.0,neutral,0,0.2203873097896576,"The lowest temperature recorded at ground level on Earth is  89.2 ° C (  128.6 ° F ; 184.0 K ) at the Soviet Vostok Station in Antarctica on July 21, 1983 by ground measurements.",0.0,0.11764705882352941,0.0,contradiction,0,0.12240677326917648
2293,what song are the chicago cubs fans singing,,False,I don't know,,,,neutral,0,0.040441498160362244,Recorded /Th>,,,,neutral,0,0.22894342243671417
2294,how old do you have to be to play detroit become human,,False,Jackson,,,,neutral,0,0.05511577054858208,Jackson,,,,neutral,0,0.05511577054858208
2295,what is the meaning of reservation in india,,False,I don't know,,,,neutral,0,0.021358294412493706,The sentence is true because the sentence is a quotation from the Bible.,,,,neutral,0,0.012123219668865204
2296,who sings the 4 song on sesame street,Feist,True,I don't know,0.0,0.0,0.0,contradiction,0,0.20716266334056854,The Cookie Jar Song is a sing along and game of children's music.,0.0,0.0,0.0,entailment,1,0.9579184651374817
2297,how many spaces after a period in chicago style,,False,I don't know,,,,contradiction,0,0.0641762763261795,Nigerians.,,,,contradiction,0,0.0635458454489708
2298,who is the highest goal scorer for real madrid,Cristiano Ronaldo,True,I don't know,0.0,0.0,0.0,neutral,0,0.018904175609350204,Nigerians are ranked.,0.0,0.0,0.0,entailment,1,0.6636354327201843
2299,what's the name of the little rascals dog,Pete the Pup,True,I don't know,0.0,0.0,0.0,neutral,0,0.19223161041736603,"The Florida Panhandle is an informal, unofficial term for the northwestern part of the U.S. state of Florida,",0.0,0.09523809523809525,0.0,entailment,1,0.5512964725494385
2300,the prohibited discrimination in hiring promotion and compensation,,False,gas,,,,neutral,0,0.03783508017659187,"The use of poison gas performed by all major belligerents throughout World War I constituted war crimes as its use violated the 1899 Hague Declaration Concerning Asphyxiating Gases and the 1907 Hague Convention on Land Warfare, which prohibited the use of  poison or",,,,neutral,0,0.21803240478038788
2301,when did the warriors play in san francisco,,False,I don't know,,,,neutral,0,0.10972589254379272,"The Golden State Warriors are based in Oakland, California.",,,,neutral,0,0.006727161817252636
2302,10th highest rated korean drama of all time,,False,Films,,,,neutral,0,0.13798847794532776,Films.,,,,neutral,0,0.22464680671691895
2303,association of the sons of liberty in new york,,False,I don't know,,,,contradiction,0,0.1510469764471054,"The Statue of Liberty, Liberty Island, New York City, New York, U.S.",,,,neutral,0,0.20487052202224731
2304,what are the values of the national honor society,,False,I don't know,,,,contradiction,0,0.15347346663475037,"The sentence "" The magnitude of the covariance is not easy to interpret because it is not normalized and hence depends on the magnitudes of the variables.",,,,neutral,0,0.012085605412721634
2305,who had the right to vote in british colonies,,False,"British colonies declared their independence from Great Britain in 1776, their most obvious potential ally was France",,,,entailment,1,0.979148268699646,"French and Indian War ended in 1763, the French and Indian War was over.",,,,entailment,1,0.9412756562232971
2306,who did our lady of guadalupe appeared to,,False,The pedestal of the Basilica of Our Lady of Guadalupe,,,,neutral,0,0.2286524772644043,"The altar of Our Lady of Guadalupe, Tepeyac Hill, Mexico City, Mexico /Tr> /Tr> Tr> Tr> Tr> Tr> Tr>",,,,entailment,1,0.5790860652923584
2307,when did nigeria launched its first satellite nigeriasat-1,27 September 2003,True,Wessex,0.0,0.0,0.0,entailment,1,0.7258720993995667,Wessex was the dominant Anglo - Saxon kingdom.,0.0,0.0,0.0,neutral,0,0.23284371197223663
2308,when did the medieval times start and finish,5th to the 15th century,True,I don't know,0.0,0.0,1.0,neutral,0,0.07577826082706451,"NASCAR, the closest margin of victory in NASCAR is 0.002 seconds.",0.0,0.12500000000000003,1.0,contradiction,0,0.04239711910486221
2309,what ion is produced by an acid in aqueous solution,,False,I don't know,,,,neutral,0,0.0685274675488472,Aqueous solutions are a common solvent in chemistry.,,,,entailment,1,0.9425156712532043
2310,what kind of water is found in the littoral zone of a lake apex,,False,I don't know,,,,neutral,0,0.12172434478998184,"The United States has about 20 species of venomous snakes, which include 16 species of rattlesnakes, two species of coral snakes, one species of cottonmouth ( or water moccasin ), and one species of copperhead.",,,,entailment,1,0.9838637113571167
2311,what is the origin of day of the dead,,False,I don't know,,,,neutral,0,0.13943256437778473,"The first systematic Hollywood blacklist was instituted on November 25, 1947, the day after ten writers and directors were cited for contempt of Congress for refusing to testify to the House Un-American Activities Committee.",,,,neutral,0,0.1336737871170044
2312,when did the democratic and republican parties start,,False,I don't know,,,,contradiction,0,0.22708195447921753,The Democratic - Republican Party /Th> /Th> /Th> /Th> /Th> /Th> /Th> /Th> /Th> /Th> /Th> /,,,,entailment,1,0.4857967495918274
2313,why are there 10 days between rosh hashanah and yom kippur,,False,I don't know,,,,contradiction,0,0.19675835967063904,In contemporary Judaism /Th> /Tr> /Tr> /Tr> /Tr> /Tr> /Tr> /Tr> /Tr> /T,,,,neutral,0,0.48665204644203186
2314,list of indian athletes qualified for rio olympics,,False,I don't know,,,,neutral,0,0.01682458259165287,be equal to one place each in the men's singles tournament.,,,,neutral,0,0.023753128945827484
2315,where are the withers located on a horse,the ridge between the shoulder blades,True,thylakoid membrane of the chloroplast,0.0,0.1818181818181818,0.0,neutral,0,0.17180615663528442,thylakoid membrane of the chloroplast in photosynthetic eukaryotes.,0.0,0.14285714285714288,0.0,neutral,0,0.23167748749256134
2316,who played clark kent in man of steel,,False,I don't know,,,,neutral,0,0.1253586709499359,"The first three are based on the book "" The Three Little Mermaids"".",,,,neutral,0,0.22113090753555298
2317,andy gibb's i just want to be your everything,,False,I don't know,,,,neutral,0,0.18959246575832367,Barry Gibb /Tr> /Tr> /Tr> /Tr> /Tr> /Tr> /Tr> /Tr> /Tr> /Tr> ,,,,contradiction,0,0.18980665504932404
2318,when were camels introduced into the middle east,not earlier than the last third of the 10th century [BC] and most probably during this time.,True,I don't know,0.0,0.0,0.0,contradiction,0,0.08675752580165863,"The Egyptians divided the day into two 12 - hour periods, and used large obelisks to track the movement of the sun.",0.0,0.21052631578947367,0.0,contradiction,0,0.07345970720052719
2319,what are the hardware parts of the computer,"the physical parts or components of a computer, such as the central processing unit, monitor, keyboard, computer data storage, graphic card, sound card, speakers and motherboard",True,I don't know,0.0,0.0,1.0,contradiction,0,0.11966921389102936,"The fourth great river civilization emerged around 1700 BCE along the Yellow River in China, also known as the Huang - He River Civilization.",0.0,0.12244897959183673,1.0,contradiction,0,0.01951742358505726
2320,who played belle on days of our lives,,False,I don't know,,,,contradiction,0,0.10706459730863571,"Days of Our Lives) /Th> /Th> /Th> /Tr> Td colspan=""2""> /Tr> /Tr> Tr> Th> Genre /",,,,entailment,1,0.4941541254520416
2321,play your own kind of music mama cass,,False,I don't know,,,,neutral,0,0.15592969954013824,"I'm the One Mama Warned You About '' /Th> /Tr> Tr> Th colspan=""2""> Single by Mickey Gilley /Th> /Tr> Th> ",,,,entailment,1,0.6775557994842529
2322,when is an economy said to be at full employment,,False,I don't know,,,,neutral,0,0.05729991942644119,"The term ""full employment"" is a synonym for ""natural '' unemployment.",,,,contradiction,0,0.0894840806722641
2323,when did lean wit it rock wit it come out,"January 17, 2006",True,I don't know,0.0,0.0,1.0,contradiction,0,0.22343869507312775,"/Th> /Tr> /Tr> Tr> Tr> Tr> Th colspan=""2""> /Tr> /Tr> /Tr> Th col",0.0,0.0,1.0,contradiction,0,0.36677566170692444
2324,brightest star in the constellation lyra dan word,Vega,True,I don't know,0.0,0.0,1.0,contradiction,0,0.23274070024490356,The main stars are the main stars /Th> Td> 5 /Td> /Tr> Tr> Th> Bayer / Flamsteed stars /Th> Tr>,0.0,0.0,1.0,neutral,0,0.12378069758415222
2325,how long did it take the chinese to build the great wall of china,,False,I don't know,,,,contradiction,0,0.13651804625988007,"The Great Wall of China at Jinshanling /Tr> /Tr> Td colspan=""2"">    /Tr> /Tr> Td colspan=""2""> Map of",,,,entailment,1,0.5227417945861816
2326,why is orange is the new black season 5 not on netflix,,False,I don't know,,,,neutral,0,0.14788664877414703,"The number of episodes /Th> 13 /Th> /Tr> Tr> Tr> Tr> Td colspan=""2""> Orange Is the New Black ( season 5 ) /Th> ",,,,neutral,0,0.042511362582445145
2327,what is the song you're gonna miss this about,,False,I don't know,,,,contradiction,0,0.21404902637004852,"You're Gonna Miss This '' /Th> /Th> /Tr> Tr> Td colspan=""2""> /Tr> /Tr> Tr> Th col",,,,entailment,1,0.6890072226524353
2328,when did the agricultural revolution began in england,,False,I don't know,,,,neutral,0,0.15712150931358337,England.,,,,neutral,0,0.044108059257268906
2329,who did auburn lose to in football this year,Oklahoma,True,I don't know,0.0,0.0,0.0,neutral,0,0.04405369609594345,The 2017 Auburn Tigers football team is a football team that has been in the National Football League for at least three years.,0.0,0.0,0.0,neutral,0,0.07368047535419464
2330,what was the name of the social and political system that held japan together from 1400 to 1800,,False,a variety of factors,,,,neutral,0,0.30413544178009033,a person's behavior.,,,,entailment,1,0.6285443305969238
2331,when does the next episode of rosanne air,,False,I don't know,,,,contradiction,0,0.1893063634634018,The Vampire Diaries episode /Th> /Th> /Tr> Tr> Tr> Th> Episode no. /Th> Td> Td> Season 5 Episode 14 /Th,,,,entailment,1,0.5216902494430542
2332,the young person's guide to becoming a rockstar dvd,,False,I don't know,,,,contradiction,0,0.05769766494631767,The Milky Way's Galactic Center in the night sky above Paranal,,,,neutral,0,0.012725095264613628
2333,who has the longest win streak in mma,Anderson Silva,True,I don't know,0.0,0.0,0.0,contradiction,0,0.17921456694602966,"Utah U vs BYU Tr> Td colspan=""2""> Tr> Tr> Tr> Tr> Tr> Tr> Tr> Tr>",0.0,0.0,0.0,contradiction,0,0.04289928451180458
2334,where is season 6 game of thrones filmed,,False,I don't know,,,,neutral,0,0.2999700605869293,/Th> /Tr> Tr> Tr> Th> Tr> Th> Tr> Th> Tr> Th> Tr> Th> T,,,,entailment,1,0.4952501356601715
2335,mercedes benz a class front or rear wheel drive,front wheel drive,True,I don't know,0.0,0.0,1.0,contradiction,0,0.12607306241989136,The Dodge Durango is a mid-size SUV.,0.0,0.0,1.0,neutral,0,0.04587020352482796
2336,who are the candidates running for governor of maine,Shawn Moody,True,I don't know,0.0,0.0,0.0,contradiction,0,0.046274494379758835,Andaman and Nicobar have a measure of self - government with an elected legislature and council of ministers.,0.0,0.0,0.0,neutral,0,0.17487625777721405
2337,who sings i can't fight this feeling,REO Speedwagon,True,I don't know,0.0,0.0,1.0,neutral,0,0.22611835598945618,"Reo Speedwagon /Th> /Th> /Tr> Td colspan=""2""> /Tr> /Tr> /Tr> Th colspan=""2""> Single by REO",0.0,0.23529411764705882,1.0,entailment,1,0.635319173336029
2338,who turned piper in orange is the new black,,False,I don't know,,,,contradiction,0,0.19832588732242584,"Piper Chapman /Th> /Th> /Th> /Tr> Tr> Td colspan=""2""> Orange Is the New Black character /Th> /Th> /Tr",,,,entailment,1,0.49810001254081726
2339,where are all the hard rock cafes located,,False,thylakoid membrane of the chloroplast,,,,neutral,0,0.17180615663528442,thylakoid membrane of the chloroplast in photosynthetic eukaryotes.,,,,neutral,0,0.23167748749256134
2340,song at the end of the running man,,False,I don't know,,,,neutral,0,0.16815073788166046,"The 40 - man roster includes the players on the 25 - man roster plus as many as 15 players who are either on the team's seven - or 10 - day disabled list, who are on paternity leave for up to three days, or who are in the franchise ",,,,entailment,1,0.7720403671264648
2341,what's the highest elevation in new mexico,Wheeler Peak,True,I don't know,0.0,0.0,1.0,contradiction,0,0.13724659383296967,The coordinates for the highest point are: 36 ° 33 ′ 25 '' N 105 ° 25 ′ 01 '' W / 36.556855136 ° N 105.416947028 ° W / 36.556855136 ; - 10,0.0,0.0,1.0,neutral,0,0.1594516634941101
2342,when did the vikings first reach the shores of britain,793,True,Spain,0.0,0.0,0.0,contradiction,0,0.09142641723155975,Roman Republic and Roman Empire.,0.0,0.0,0.0,neutral,0,0.1796894073486328
2343,what movie is the line warriors come out and play from,,False,I don't know,,,,neutral,0,0.26029103994369507,"EuroMillions ticket increased from £ 1.50 to £ 2.50 per line on 7 November 2009, due to the combination of the EUR / GBP exchange rate, and an automatic entry in its Millionaire Raffle.",,,,neutral,0,0.10309644788503647
2344,who has scored the most points in a playoff game,,False,Kevin Durant (,,,,neutral,0,0.34663838148117065,"Wilt Chamberlain ( four times ), Allen Iverson ( three times ) and Jerry",,,,neutral,0,0.015742231160402298
2345,what was the purpose of the works progress administration,employing millions of people (mostly unskilled men) to carry out public works projects,True,I don't know,0.0,0.0,0.0,neutral,0,0.014289113692939281,"The first constitutional convention of Kentucky was called by Colonel Benjamin Logan on December 27, 1784 in Danville, the capital of Kentucky County, Virginia. Over the next eight years, ten constitutional conventions were called, each making some progress toward a viable constitution.",0.0,0.03636363636363636,0.0,neutral,0,0.01141457911580801
2346,when did ohio state last lose at home,,False,I don't know,,,,neutral,0,0.2299797087907791,"Michigan, 9 ( 1901 -- 1909 ) /Td> /Tr> /Tr> Th> Current win streak /Th>",,,,contradiction,0,0.11179579049348831
2347,where did the seneca tribe live in ohio,,False,I don't know,,,,neutral,0,0.023779887706041336,"The text is a list of articles in the ""Get Me to the Church on Time"" series.",,,,neutral,0,0.003592910012230277
2348,what is made up of charged particles that continually escape from the corona,solar wind,True,I don't know,0.0,0.0,1.0,contradiction,0,0.07487703859806061,increase the required instantaneous velocity to escape the gravitational influence.,0.0,0.0,1.0,neutral,0,0.4582667052745819
2349,who is the winner of supper dancer 2018,Bishal Sharma,True,Seven Deadly Sins,0.0,0.0,0.0,entailment,1,0.5041859149932861,Seven Deadly Sins '',0.0,0.0,0.0,neutral,0,0.19064518809318542
2350,advantages of drying as a method of food preservation,"inhibits the growth of bacteria, yeasts, and mold",True,I don't know,0.0,0.0,0.0,neutral,0,0.06776637583971024,The term  fast food '' was recognized in a dictionary by Merriam -- Webster in 1951.,0.0,0.09090909090909091,0.0,neutral,0,0.04374666139483452
2351,what uses the energy found within a proton gradient to drive the synthesis of atp,oxidative phosphorylation or photophosphorylation,True,I don't know,0.0,0.0,0.0,neutral,0,0.02290825918316841,Active transport requires cellular energy to achieve this movement.,0.0,0.0,0.0,neutral,0,0.3348393440246582
2352,what are the songs on just dance 2015,,False,I don't know,,,,contradiction,0,0.03155915066599846,The series contained 15 volumes.,,,,entailment,1,0.8936658501625061
2353,raj kumar goel institute of technology ghaziabad uttar pradesh,,False,I don't know,,,,contradiction,0,0.1696707308292389,The Institutes of National Importance Tr> Th> Th> Institute /Th> Th> City /Th> Th> State /Th> Th> Founded /Th> Th> Type ,,,,entailment,1,0.7490300536155701
2354,what is the purpose of a usdot number,,False,I don't know,,,,contradiction,0,0.010845791548490524,The name of the building is a reference to the building.,,,,contradiction,0,0.03592528775334358
2355,who are the characters in green eggs and ham,Sam-I-am,True,Green Eggs and Ham,0.0,0.0,0.0,entailment,1,0.7666632533073425,"Green Eggs and Ham, Dr. Seuss wrote the book in English.",0.0,0.0,0.0,entailment,1,0.90656578540802
2356,when did education become free in the us,,False,I don't know,,,,contradiction,0,0.18606619536876678,"The meaning of the word ""big hair"" is:",,,,contradiction,0,0.2796280086040497
2357,baby won't you please come home clarence williams,,False,I don't know,,,,neutral,0,0.22688907384872437,"Come Back When You Grow Up /Th> /Th> /Tr> Th colspan=""2"">  Come Back When You Grow Up /Th> /Tr> Th colspan=""2""> Single by Bobby",,,,entailment,1,0.6322571635246277
2358,which waterway connects the mediterranean sea with red sea,Suez Canal,True,I don't know,0.0,0.0,0.0,neutral,0,0.013021840713918209,The Nile Delta is located in Northern Egypt.,0.0,0.0,0.0,entailment,1,0.9834739565849304
2359,when did typhoon haiyan hit the philippines 2013,At 2040 UTC on November 7,True,I don't know,0.0,0.0,0.0,neutral,0,0.15272778272628784,"The first two pitchers to accomplish the feat did so in 1880, under rules that differed in many important respects from those of today's game : for example, only underhand pitching -- from a flat, marked - out box 45 feet from home plate --",0.0,0.0,0.0,entailment,1,0.9898404479026794
2360,what region of the world is fiji located in,,False,I don't know,,,,contradiction,0,0.1137157455086708,The world's largest earthquakes occur in the arctic regions of the world.,,,,neutral,0,0.02672027423977852
2361,who are the current justices of the u.s. supreme court,John Roberts,True,I don't know,0.0,0.0,1.0,contradiction,0,0.2897195518016815,The current members /Th> /Tr> Tr> Td> Dl> Dt> Chief Justice /Dt> Dd> John Roberts /Dd> Dt> Associate Justices,0.0,0.1904761904761905,1.0,entailment,1,0.8614016175270081
2362,where is area code 203 located in california,,False,I don't know,,,,neutral,0,0.1650647073984146,The 2010 United States Census ).,,,,neutral,0,0.029516594484448433
2363,how many seasons is there in the originals,5,True,I don't know,0.0,0.0,1.0,neutral,0,0.08417128026485443,"National consciousness is a shared sense of national identity ; that is, a shared understanding that a people group shares a common ethnic / linguistic / cultural background.",0.0,0.0,1.0,entailment,1,0.5502994060516357
2364,who has the most lakes in the united states,,False,Latin America as a threat to its sovereignty.,,,,neutral,0,0.13419069349765778,America as a threat to its sovereignty.,,,,neutral,0,0.12881451845169067
2365,does mike come out of a coma in desperate housewives,,False,I don't know,,,,neutral,0,0.05505654215812683,"The sentence "" The following is a list of the largest sports contracts. These figures include signing bonuses but exclude options, buyouts, and endorsement deals. This list does not reflect the highest annual salaries or career earnings, only the largest contracts and thus is limited to athletes in team sports and",,,,neutral,0,0.30513638257980347
2366,in the first century c.e. much of europe north africa and the middle east were under the rule of the,Roman Empire,True,I don't know,0.0,0.0,1.0,contradiction,0,0.08675752580165863,"The Age of Exploration and the voyages of Christopher Columbus ( starting 1492 ), Europeans began to arrive in the Americas",0.0,0.0,1.0,contradiction,0,0.08699364215135574
2367,who is the band in there's something about mary,,False,I don't know,,,,neutral,0,0.05489003658294678,are thrown out with the bathwater,,,,contradiction,0,0.15048593282699585
2368,who recorded the song ghost riders in the sky,,False,Cookie from the Cookie Jar,,,,entailment,1,0.39123204350471497,"The game begins with the children sitting or standing, arranged in an inward - facing circle.",,,,neutral,0,0.008857290260493755
2369,when did the allies break out of normandy,25–31 July 1944,True,Mavericks,0.0,0.0,0.0,contradiction,0,0.19988134503364563,Mavericks were dreadful,0.0,0.0,0.0,neutral,0,0.1713946908712387
2370,lockheed martin long range discrimination radar (lrdr),,False,I don't know,,,,contradiction,0,0.006191359367221594,The ICC is a federal regulatory agency.,,,,entailment,1,0.9767376780509949
2371,what does the song don't drop that thun thun mean,,False,I don't know,,,,contradiction,0,0.26188379526138306,"The Finatticz /Th> /Th> /Tr> Tr> Td colspan=""2""> /Tr> /Tr> /Tr> Th colspan=""2""",,,,entailment,1,0.5277600884437561
2372,what channel number is the food network on comcast,,False,I don't know,,,,contradiction,0,0.00967311393469572,"The fungus is a large and taxonomically diverse number of fungal species in which the growth of hyphae results in discoloration and a fuzzy appearance, especially on food.",,,,entailment,1,0.9785628914833069
2373,what happened to floyd the barber on the andy griffith show,,False,I don't know,,,,neutral,0,0.025726918131113052,"The show was ordered to series on May 8, 2014, followed by a full season order on October 21, 2014.",,,,neutral,0,0.0543132908642292
2374,when do new jane the virgin episodes come out,,False,I don't know,,,,neutral,0,0.25551071763038635,New Orleans area is located.,,,,contradiction,0,0.09644496440887451
2375,how much does it cost to recycle aluminium,,False,I don't know,,,,neutral,0,0.06877525895833969,Wikipedia's guidelines on the use of different tenses.,,,,neutral,0,0.18594487011432648
2376,when did pubg mobile come out in china,"February 9, 2018",True,I don't know,0.0,0.0,1.0,contradiction,0,0.18478259444236755,PlayerUnknown's Battlegrounds /Th> /Th> /Th> /Th> /Th> /Th> /Th> /Th> /Th> /Th> /Th>,0.0,0.0,1.0,entailment,1,0.6897200345993042
2377,is leeds in the north west or north east,north-northwest of London,True,I don't know,0.0,0.0,0.0,neutral,0,0.09464399516582489,The North Pole is a polar opposite of the Nile Delta.,0.0,0.14285714285714288,0.0,contradiction,0,0.1616581678390503
2378,can you ride a bike without a helmet in california,,False,I don't know,,,,neutral,0,0.2578854560852051,"George Jones /Th> /Tr> /Tr> Th colspan=""2""> single by George Jones /Th> /Tr> Th colspan=""2""> single by George Jones /Th> ",,,,entailment,1,0.5854508280754089
2379,when does frank become president in house of cards,Chapter 26,True,I don't know,0.0,0.0,0.0,contradiction,0,0.15836721658706665,"The title of the episode titled "" President of the United States /Td> /Tr> /Tr> /Tr> /Tr> /Tr> /Tr> /Tr> /",0.0,0.0,0.0,neutral,0,0.0064392550848424435
2380,what is the name of god in bible,,False,NIV,,,,neutral,0,0.10548780858516693,The NIV is the abbreviation for the NIV Bible.,,,,neutral,0,0.16580942273139954
2381,download song do you love me by jay sean,,False,I don't know,,,,neutral,0,0.22995471954345703,The song was written by Andre Lindal and Nasri.,,,,neutral,0,0.005929665174335241
2382,what is the name of current indian president,Ram Nath Kovind,True,I don't know,0.0,0.0,0.0,neutral,0,0.1620149165391922,"The term ""the president of the Quorum of the Twelve"" is a term used in the context of the debate.",0.0,0.0,0.0,neutral,0,0.30077964067459106
2383,when did postage go up to 49 cents,,False,I don't know,,,,contradiction,0,0.15955780446529388,"The Supremes /Th> /Th> Tr> Th colspan=""2""> /Tr> Tr> Td colspan=""2""> /Tr> /Tr> ",,,,contradiction,0,0.37745702266693115
2384,where is late night with stephen colbert filmed,Ed Sullivan Theater in New York City,True,I don't know,0.0,0.0,0.0,contradiction,0,0.280802845954895,Jon Batiste and Stay Human ( house band ),0.0,0.0,0.0,neutral,0,0.20157159864902496
2385,other voices too (a trip back to bountiful),,False,I don't know,,,,neutral,0,0.14034830033779144,/Td> /Tr> /Tr> /Tr> /Td> Td> This article needs additional citations for verification. Please help improve this article by adding citations to reliable sources. Unsourced material,,,,contradiction,0,0.35996943712234497
2386,what is the meaning of the christian fish symbol,,False,I don't know,,,,neutral,0,0.006673796102404594,The symbol was used in Christian churches as a decorative motif many centuries before its first known use in a Jewish synagogue.,,,,neutral,0,0.011297273449599743
2387,who plays han solo in the new star wars movie,Alden Ehrenreich,True,I don't know,0.0,0.0,0.0,contradiction,0,0.08984411507844925,The first appearance of Princess Leia in the 1977 Star Wars film was in 1977.,0.0,0.0,0.0,contradiction,0,0.290546178817749
2388,acids are ionic compounds that relate to which element,water,True,I don't know,0.0,0.0,1.0,neutral,0,0.046547550708055496,aging of wine is potentially able to improve the quality of wine.,0.0,0.0,1.0,neutral,0,0.11092616617679596
2389,a contract of insurance is a contract of uberrimae fidei,,False,tattoo,,,,neutral,0,0.1769072413444519,The legal principle that a minor cannot enter into a legal contract or otherwise render informed consent for a procedure is partially based on the legal principle that a minor cannot enter into a legal contract or otherwise render informed consent for a procedure.,,,,entailment,1,0.8317251205444336
2390,when was the first gun law passed in the us,in 1813,True,I don't know,0.0,0.0,0.0,neutral,0,0.22555842995643616,The Bank Holidays Act 1871 was passed by Liberal politician and banker Sir John Lubbock.,0.0,0.0,0.0,entailment,1,0.9865119457244873
2391,when is the body said to be in the state of electrolytic imbalance,,False,I don't know,,,,contradiction,0,0.08281509578227997,The state of normal body fluid volume is.,,,,contradiction,0,0.1708710640668869
2392,bp poddar institute of management & technology vip road kolkata,,False,I don't know,,,,contradiction,0,0.1696707308292389,The Institutes of National Importance Tr> Th> Th> Institute /Th> Th> City /Th> Th> State /Th> Th> Founded /Th> Th> Type ,,,,entailment,1,0.7490300536155701
2393,when does call of duty blackops 4 come out,"October 12, 2018",True,I don't know,0.0,0.0,1.0,contradiction,0,0.2667202949523926,The following games are in the Call of Duty : Black Ops 4 series:,0.0,0.0,1.0,neutral,0,0.36294764280319214
2394,preparation of alcohol by reduction of carbonyl compounds,,False,I don't know,,,,neutral,0,0.014525835402309895,The hippocampus.,,,,neutral,0,0.0023729614913463593
2395,what is the first past the post system uk,,False,Method,,,,entailment,1,0.4608822464942932,is a history of capitalism.,,,,entailment,1,0.49363499879837036
2396,who is the author of al capone does my shirts,Gennifer Choldenko,True,American family,0.0,0.0,1.0,neutral,0,0.2652321457862854,American family.,0.0,0.0,1.0,neutral,0,0.2634941637516022
2397,what is the correct order of the chronicles of narnia movies,"The Lion, the Witch and the Wardrobe",True,I don't know,0.0,0.0,1.0,neutral,0,0.06947610527276993,"The United States presidential line of succession is the order in which persons may become or act as President of the United States if the incumbent President becomes incapacitated, dies, resigns, or is removed from office ( by impeachment by the House of Representatives and subsequent",0.0,0.15384615384615385,1.0,neutral,0,0.14934900403022766
2398,ag bell association for the deaf and hard of hearing,,False,Illness.,,,,neutral,0,0.11366815865039825,Long Term Care.,,,,neutral,0,0.1007789820432663
2399,what do you call a pyramid with a triangular base,a tetrahedron,True,I don't know,0.0,0.0,0.0,neutral,0,0.23910945653915405,"The single was released on January 9, 1995.",0.0,0.0,0.0,entailment,1,0.9455500245094299
2400,who wrote i pledge allegiance to the lamb,,False,I don't know,,,,contradiction,0,0.2248631715774536,"I pledge allegiance to the Flag of the United States of America and to the Republic for which it stands, one nation, indivisible, with liberty and justice for all.",,,,entailment,1,0.9165034890174866
2401,what is l1 l2 and l3 application support,,False,I don't know,,,,neutral,0,0.1531386524438858,Model -- view -- controller.,,,,entailment,1,0.6130685210227966
2402,youtube channels with more than 1 million subscribers,,False,I don't know,,,,neutral,0,0.031201131641864777,The Dolan Twins.,,,,entailment,1,0.5592228770256042
2403,when did suits season 6 start on netflix,,False,I don't know,,,,contradiction,0,0.2830037772655487,"Season 5 /Th> /Th> /Th> Tr> Th colspan=""2""> Suits ( season 6 ) /Th> /Th> /Tr> Td colspan=""2",,,,contradiction,0,0.14735804498195648
2404,who was the shrew in taming ofthe shrew,Katherina,True,English psychiatrist,0.0,0.0,0.0,neutral,0,0.05638614296913147,William Shakespeare.,0.0,0.0,0.0,entailment,1,0.6299060583114624
2405,when is opening day for the nba 2017,"October 17, 2017",True,I don't know,0.0,0.0,0.0,neutral,0,0.041416577994823456,Kobe Bryant,0.0,0.0,0.0,neutral,0,0.029630590230226517
2406,this texture is only a single line with no accompaniment,,False,I don't know,,,,contradiction,0,0.045928098261356354,The poem is a collection of Dickinson's poems.,,,,entailment,1,0.9413844347000122
2407,what impact did the triangular trade have on the caribbean,,False,I don't know,,,,neutral,0,0.055861763656139374,The collision between Earth and an astronomical body the size of Mars.,,,,neutral,0,0.02143498882651329
2408,who won men's college basketball last year,North Carolina,True,I don't know,0.0,0.0,1.0,neutral,0,0.004630357027053833,Utah ) in 1944.,0.0,0.0,1.0,neutral,0,0.004482358694076538
2409,phil collins music video in the air tonight,,False,I don't know,,,,neutral,0,0.2603030800819397,The Roof is Leaking '' /Td> /Tr> /Tr> /Tr> /Tr> /Tr> /Tr> /Tr> /Tr> ,,,,entailment,1,0.583459734916687
2410,where does the show the office take place,"Scranton, Pennsylvania",True,I don't know,0.0,0.0,0.0,contradiction,0,0.026608692482113838,mail to or from the Pacific Coast.,0.0,0.0,0.0,contradiction,0,0.021424390375614166
2411,who is the current president commission of ecowas,Marcel Alain de Souza,True,I don't know,0.0,0.0,0.0,neutral,0,0.026529209688305855,President pro tempore of the Senate.,0.0,0.0,0.0,neutral,0,0.28066331148147583
2412,when did the united states leave the philippines,"July 4, 1946",True,Britain and France,0.0,0.0,0.0,neutral,0,0.31909000873565674,Britain.,0.0,0.0,0.0,neutral,0,0.10518709570169449
2413,who coined the term mental test in 1890,,False,I don't know,,,,contradiction,0,0.19360889494419098,"The term is a shortening of the term  duck's egg '', the latter being used long before Test cricket began.",,,,entailment,1,0.9454658627510071
2414,who has a dog called snowy and is friend with captain haddock,,False,Van Winkle is buried,,,,neutral,0,0.06469844281673431,Van Winkle is buried.,,,,neutral,0,0.07570969313383102
2415,who wrote the music for the godfather movie,,False,I don't know,,,,contradiction,0,0.16832001507282257,Rota.,,,,entailment,1,0.4670020341873169
2416,chronological order of the melancholy of haruhi suzumiya,,False,"American Civil War was a turning point, the American Civil War was a turning point.",,,,entailment,1,0.7388856410980225,"American Civil War was a major battle in the American Civil War, the Battle of G was not a major battle in the American Civil War.",,,,contradiction,0,0.017425576224923134
2417,who had cameo roles in mamma mia here we go again,Björn Ulvaeus,True,I don't know,0.0,0.0,0.0,contradiction,0,0.2998499572277069,Mamma Mia! Here We Go Again /Th> /Th> /Th> /Th> /Th> /Th> /Th> /Th> /Th> /Th> /,0.0,0.0,0.0,entailment,1,0.5822697877883911
2418,when does prentiss come back on criminal minds,,False,Emily Prentiss /Th> /Tr> Tr> Tr> Tr> Th> First appearance /Th> Tr> Tr> Th> First appearance /Th> ,,,,entailment,1,0.48168468475341797,"The Last Word '' 2x09, November 15, 2006 /Td> /Tr> Tr> Th> First appearance /Th> Td>  The Last Word '' 2x09, November 15",,,,entailment,1,0.6660929918289185
2419,when was the last time someone lived in biltmore house,1956,True,I don't know,0.0,0.0,0.0,neutral,0,0.1569940149784088,"The sentence "" Throw out the baby with the bathwater "" means that the baby is not a baby and the bathwater is not a bathwater.",0.0,0.0,0.0,contradiction,0,0.03716735169291496
2420,who wrote the greatest thing you ll ever learn is to love and be loved in return,,False,I don't know,,,,neutral,0,0.22292210161685944,"James Bay /Th> /Th> Tr> Th colspan=""2""> /Tr> Tr> Th colspan=""2""> Single by James Bay /Th> /Th> ",,,,entailment,1,0.6402871608734131
2421,what was the score of the first world cup,,False,I don't know,,,,neutral,0,0.16635391116142273,The 2006 FIFA World Cup was the second and final stage of the World Cup.,,,,contradiction,0,0.06838168203830719
2422,gold in the black hills of south dakota,,False,I don't know,,,,contradiction,0,0.09899160265922546,South Carolina,,,,contradiction,0,0.08520562946796417
2423,when did the first tim hortons open in the usa,1981,True,I don't know,0.0,0.0,0.0,neutral,0,0.023779887706041336,The Court did not rule on whether particular identification cards could be required.,0.0,0.0,0.0,neutral,0,0.0034131789579987526
2424,it's a thin line between love and hate the pretenders,,False,I don't know,,,,neutral,0,0.16664911806583405,"The Persuaders /Tr> /Tr> Tr> Th colspan=""2"">  Thin Line Between Love and Hate /Th> /Tr> Tr> Td",,,,entailment,1,0.5152004957199097
2425,what season did george die on grey's anatomy,fifth season,True,I don't know,0.0,0.0,0.0,contradiction,0,0.20460763573646545,The original network of Grey's Anatomy was ABC.,0.0,0.0,0.0,neutral,0,0.018667807802557945
2426,when was season 4 of vampire diaries filmed,,False,I don't know,,,,contradiction,0,0.22289776802062988,"The Vampire Diaries ( season 6 ) /Th> /Tr> /Tr> Th colspan=""2""> The Vampire Diaries ( season 4 ) /Th> /Tr> Table>",,,,entailment,1,0.4940984547138214
2427,where did the romans invade first in britain,,False,I don't know,,,,neutral,0,0.007010357454419136,The main result of the war was two centuries of peace between the United States and Britain.,,,,neutral,0,0.2842746675014496
2428,what scale degrees are in a pentatonic scale,,False,solar cookers,,,,neutral,0,0.20650498569011688,solar cookers.,,,,neutral,0,0.13728073239326477
2429,who has the authority to establish joint task forces,,False,I don't know,,,,neutral,0,0.1234140396118164,Intermolecular forces ( IMFs),,,,neutral,0,0.1962161511182785
2430,united states district attorney for the southern district of new york,,False,I don't know,,,,neutral,0,0.09127362072467804,"The United States is one of only two common law jurisdictions in the world, along with Liberia, that continues to use the grand jury to screen criminal indictments.",,,,neutral,0,0.09020073711872101
2431,who views crime as a desire for success when the legitimate means to achieve it are limited,Robert K. Merton,True,I don't know,0.0,0.0,0.0,contradiction,0,0.09145909547805786,The fruit is edible.,0.0,0.0,0.0,contradiction,0,0.05011984705924988
2432,how many living world war ii veterans are there,,False,I don't know,,,,neutral,0,0.020749438554048538,Weimar Republic,,,,neutral,0,0.25218141078948975
2433,who said sun is the center of the solar system,Aristarchus of Samos,True,Earth,0.0,0.0,1.0,contradiction,0,0.1674083024263382,Earth.,0.0,0.0,1.0,contradiction,0,0.14080579578876495
2434,what are the fox and the hounds names,red fox named Tod,True,Old English,0.0,0.0,0.0,neutral,0,0.1436750739812851,Old English.,0.0,0.0,0.0,neutral,0,0.11839952319860458
2435,what is the weather like in the eye of a hurricane,mostly calm,True,I don't know,0.0,0.0,0.0,neutral,0,0.025864500552415848,"The cold front is at the leading edge of the temperature drop off, which in an isotherm analysis would show up as the leading edge of the isotherm gradient, and it normally lies within a sharp surface trough.",0.0,0.0,0.0,neutral,0,0.04255108907818794
2436,when does new season of blind spot start,"October 27, 2017",True,I don't know,0.0,0.0,0.0,neutral,0,0.15163831412792206,World War I event.,0.0,0.0,0.0,entailment,1,0.8351645469665527
2437,the digital gap and its negative effects between zambia and developed countries,,False,I don't know,,,,neutral,0,0.00898426491767168,"The United States and most of Latin America are generally cordial, but there remain areas of tension between the two sides.",,,,neutral,0,0.013253509066998959
2438,where was the tv series peyton place filmed,,False,I don't know,,,,contradiction,0,0.136790469288826,Theme music composer /Th> Td> Franz Waxman /Td> /Tr> Tr> Tr> Th> Opening theme /Th>  Theme from Peyton Place '' ,,,,entailment,1,0.7525946497917175
2439,when will mickey and minnie’s runaway railway open,,False,I don't know,,,,contradiction,0,0.21426169574260712,"The Great Movie Ride /Td> /Tr> /Tr> Tr> Th colspan=""2""> General statistics /Th> ",,,,contradiction,0,0.14294354617595673
2440,who wrote i wish we'd all been ready,,False,I don't know,,,,neutral,0,0.15239644050598145,Choiseul had been ready go to war in 1770 during the Falklands Crisis.,,,,contradiction,0,0.03695831447839737
2441,little girl don't lie to me where did you sleep last night,,False,I don't know,,,,contradiction,0,0.15606610476970673,The song was released in 1956 in My Fair Lady.,,,,entailment,1,0.9784408807754517
2442,who wins chief resident in grey's anatomy,,False,I don't know,,,,entailment,1,0.3618747889995575,"The first appearance of Grey's Anatomy was in the 1x01, March 27, 2005 /Tr> /Tr> Tr> Tr> Th colspan=""2""> Grey's Anatomy character",,,,entailment,1,0.8504584431648254
2443,where is derek from dancing with the stars,,False,I don't know,,,,neutral,0,0.10856766998767853,The show was created by Derek Hough.,,,,neutral,0,0.3805362284183502
2444,who did cristiano ronaldo used to play for,,False,I don't know,,,,contradiction,0,0.244939386844635,Cristiano Ronaldo dos Santos Aveiro /Tr> /Th> /Th> /Th> /Th> /Th> /Th> /Th> /Th> /Th> ,,,,neutral,0,0.2630268335342407
2445,asahi metal industry co. ltd. v. superior court of california,,False,I don't know,,,,contradiction,0,0.15360836684703827,/Tr> /Tr> /Tr> /Tr> /Tr> /Tr> /Tr> /Tr> /Tr> /Tr> /T,,,,contradiction,0,0.16038841009140015
2446,who sings i want to be like you jungle book,,False,I don't know,,,,contradiction,0,0.2622077763080597,"Dusty Springfield /Th> /Th> /Th> Th colspan=""2"">  I Only Want to Be with You '' /Th> /Tr> /Th> Th colspan=""2",,,,entailment,1,0.6069838404655457
2447,who sang all we do is hide away,,False,I don't know,,,,neutral,0,0.19020533561706543,The artist was a singer.,,,,neutral,0,0.2733428478240967
2448,song this is the story of johnny rotten,,False,No. 8 spot in the Billboard Top Country Songs chart,,,,neutral,0,0.0014878585934638977,Billboard Top 100.,,,,neutral,0,0.03017556667327881
2449,who lives at 924 bel air road california,,False,I don't know,,,,contradiction,0,0.2841949760913849,"The location of the house is 924 Bel Air Road Los Angeles, California, 90077.",,,,entailment,1,0.9784114360809326
2450,short note on any one great indian mathematicians,,False,Rohit Sharma,,,,neutral,0,0.04760729521512985,Rohit Sharma is an Indian cricketer and a right - handed top order batsman.,,,,neutral,0,0.015623762272298336
2451,how did the great fire of rome start,,False,I don't know,,,,contradiction,0,0.030121803283691406,"The military history of New Zealand during World War I began in August 1914 when Great Britain declared war on Germany at the start of the First World War, the New Zealand government followed without hesitation, despite its geographic isolation and small population.",,,,neutral,0,0.16381053626537323
2452,when was for thine is the kingdom added,,False,I don't know,,,,contradiction,0,0.05420461669564247,re-established.,,,,contradiction,0,0.026027148589491844
2453,who does amu end up with in the manga,,False,Black Knight,,,,entailment,1,0.7313483357429504,Shugo Chara! is a Japanese shjo manga created by the manga author duo Peach - Pit.,,,,neutral,0,0.34947633743286133
2454,where is the artic ocean on a map,,False,I don't know,,,,neutral,0,0.30603113770484924,The increased availability of nutrients in upwelling regions results in high levels of primary production and thus fish.,,,,neutral,0,0.026513831689953804
2455,explain broadly the objects and elements of good internal check system,,False,I don't know,,,,neutral,0,0.37239235639572144,The modern Santa Claus is a figure of Western Christian culture who is said to bring gifts to the homes of well - behaved children on Christmas Eve ( 24 December ) and the early morning hours of Christmas Day ( 25 December ).,,,,neutral,0,0.3621229827404022
2456,when is america's got talent this week,,False,I don't know,,,,contradiction,0,0.1818401962518692,The Next Mentalist ( season 1 runner - up ) /Li>,,,,contradiction,0,0.08427298814058304
2457,who is the chair of the senate finance committee,,False,I don't know,,,,neutral,0,0.41535231471061707,The Gang of Eight.,,,,neutral,0,0.12760165333747864
2458,who wrote the song no longer a slave to fear,,False,I don't know,,,,contradiction,0,0.033469829708337784,The sixth ending theme for episodes 60 to 72 is  Chao Han Music '' (,,,,contradiction,0,0.034786105155944824
2459,who appointed the current members of the supreme court,Donald Trump,True,I don't know,0.0,0.0,0.0,neutral,0,0.21414826810359955,"The current Chief of Naval Staff is Ibok Ekwe Ibas who was appointed on July 13, 2015 by President Muhammadu Buhari to succeeded Usman Oyibe Jibrin.",0.0,0.0,0.0,entailment,1,0.9859296679496765
2460,when does the diary of a wimpy kid the getaway come out,"November 7, 2017",True,string is thrown out,0.0,0.0,0.0,neutral,0,0.03133177012205124,is thrown out.,0.0,0.0,0.0,neutral,0,0.029187414795160294
2461,poem ending i am the captain of my soul,,False,Poems,,,,contradiction,0,0.02817188762128353,The poem is one of several  Great Odes ''.,,,,contradiction,0,0.029598422348499298
2462,how many times did sean combs change his name,,False,Ethiopian,,,,neutral,0,0.004867739509791136,"He was born in Achefer, Yismala Giorgis and attended the local church schools where he became acquainted with liturgical poetry and music.",,,,neutral,0,0.0030030133202672005
2463,who has a grammy oscar tony and emmy,Richard Rodgers,True,I don't know,0.0,0.0,1.0,neutral,0,0.007178140338510275,been the subject of frequent parodies and references in popular culture.,0.0,0.0,1.0,neutral,0,0.0014736737357452512
2464,different social classes in new england and the middle colonies,,False,I don't know,,,,neutral,0,0.03907458484172821,rattlesnake is a common sight in the Middle Colonies.,,,,neutral,0,0.021468598395586014
2465,zinn a people's history of the united states chapter 13 summary,,False,A People's History of the United States,,,,entailment,1,0.9187771677970886,A People's History of the United States Tr> /Tr> Th> /Tr> Th> /Tr> Th> /Tr> Th> Subject /Th> T,,,,entailment,1,0.7959873080253601
2466,who plays nick's sister in big mouth,,False,I don't know,,,,contradiction,0,0.10712769627571106,"The characters have appeared in the BAFTA - award winning trilogy of CBBC children's drama series The Story of Tracy Beaker, Tracy Beaker Returns and The Dumping Ground, which have spanned thirteen years between them.",,,,entailment,1,0.9781846404075623
2467,who has the most points in nba all star game,,False,I don't know,,,,neutral,0,0.11350077390670776,"Wilt Chamberlain holds the all - time records for total points scored ( 4,029 ) and points per game ( 50.4 ) in a season ; both records were achieved in the 1961 -- 62 season.",,,,neutral,0,0.010967763140797615
2468,when does pam come back to the office,"in ""Jury Duty""",True,I don't know,0.0,0.0,0.0,neutral,0,0.2050878405570984,Here Today '' ( 1966 ) /Tr> Tr> Tr> Tr> Tr> Tr> Tr> Tr> Tr> Tr> Tr,0.0,0.0,0.0,contradiction,0,0.19039416313171387
2469,who plays mabel's voice on gravity falls,Kristen Joy Schaal,True,I don't know,0.0,0.0,0.0,contradiction,0,0.03060944192111492,"Irving wrote the story while living in Birmingham, England as part of the collection The Sketch Book of Geoffrey Crayon, Gent.",0.0,0.0,0.0,neutral,0,0.005215524695813656
2470,the electron transport chain uses the transfer of,,False,I don't know,,,,neutral,0,0.05081484839320183,"The electron transport chain is a series of complexes that transfer electrons from electron donors to electron acceptors via redox ( both reduction and oxidation occurring simultaneously ) reactions, and couples this electron transfer with the transfer of protons ( H ions ) across a membrane ",,,,entailment,1,0.9726104140281677
2471,why there are 29 days in february in a leap year,"because a complete revolution around the Sun takes approximately 6 hours longer than 365 days (8,760 hours)",True,I don't know,0.0,0.0,0.0,contradiction,0,0.06937389075756073,The Pig (  ) is the twelfth and last sign of the Earthly Branches (  ).,0.0,0.06896551724137931,0.0,neutral,0,0.0930156260728836
2472,who was defeated in the battle of yorktown,British Army,True,British Empire,0.0,0.5,0.0,neutral,0,0.025607436895370483,British postal system.,0.0,0.4,0.0,neutral,0,0.03967076539993286
2473,according to the periodic table which element has more than one positive oxidation state,,False,I don't know,,,,neutral,0,0.23283465206623077,Di.,,,,neutral,0,0.21057561039924622
2474,who was the lady who sang all aboard the choo choo train,,False,I don't know,,,,neutral,0,0.11141042411327362,"The Great, King of Wessex, is the king of England.",,,,neutral,0,0.12780553102493286
2475,when did countrywide merge with bank of america,2008,True,I don't know,0.0,0.0,0.0,contradiction,0,0.11214789748191833,Bank of America Home Loans /Tr> /Tr> /Tr> /Tr> /Tr> /Tr> /Tr> /Tr> /Tr> /T,0.0,0.0,0.0,entailment,1,0.6029840111732483
2476,what were bridges used for in ancient rome,,False,Ancient Rome,,,,entailment,1,0.5669536590576172,Ancient Roman Empire,,,,neutral,0,0.33087852597236633
2477,what is meant by the phrase survival of the fittest,Survival of the form that will leave the most copies of itself in successive generations,True,I don't know,0.0,0.0,1.0,contradiction,0,0.09187943488359451,P> P> P> P> P> P> P> P> P> P> P> P> P> P> P> P>,0.0,0.0,1.0,contradiction,0,0.05558781698346138
2478,hawaii is in the center of the ring of fire and is caused by,plate tectonics,True,I don't know,0.0,0.0,1.0,neutral,0,0.15637238323688507,The Ring of Fire is a major area in the basin of the Pacific Ocean where a large number of earthquakes and volcanic eruptions occur.,0.0,0.0,1.0,entailment,1,0.7758272290229797
2479,when was the last time england went to a world cup final,1966,True,I don't know,0.0,0.0,0.0,entailment,1,0.5086140632629395,determine the winner.,0.0,0.0,0.0,entailment,1,0.5730366110801697
2480,where does the tropical rainforest occur in india,,False,I don't know,,,,contradiction,0,0.16402390599250793,"Siberia is one of the coldest places in the Northern Hemisphere, and can act as a source of arctic air masses for North America.",,,,entailment,1,0.9801677465438843
2481,who won season 9 of americas got talent,magician Mat Franco,True,I don't know,0.0,0.0,0.0,neutral,0,0.2102358043193817,The Sacred Riana /Th> /Th> /Th> /Th> /Th> /Th> /Th> /Th> /Th> /Th> /Th> /Th,0.0,0.0,0.0,entailment,1,0.5641564726829529
2482,what is the meaning of matthew 5 32,,False,Adultery,,,,neutral,0,0.058478936553001404,The hand is mentioned instead of the eye.,,,,neutral,0,0.05102171003818512
2483,where is ferris bueller's day off filmed,Chicago,True,I don't know,0.0,0.0,0.0,contradiction,0,0.16612756252288818,Theatrical release poster /Td> /Tr> /Tr> Tr> Th> Directed by /Th> Td> John Hughes /Td> /Tr> T,0.0,0.0,0.0,entailment,1,0.6525208950042725
2484,who banned all public meetings and procession in amritsar,Colonel Reginald Dyer,True,I don't know,0.0,0.0,0.0,contradiction,0,0.2764895260334015,"The target of the massacre was a crowd of nonviolent protesters, along with Baisakhi pilgrims, who had gathered in Jallianwala Bagh, Amritsar, British India.",0.0,0.0,0.0,neutral,0,0.00089502043556422
2485,what is the meaning of bd in medicine,,False,court appearance,,,,neutral,0,0.23561856150627136,The term '' cracker '' was in use during the Elizabethan era to describe braggarts.,,,,entailment,1,0.8629680871963501
2486,march comes in like a lion part 2 movie,,False,I don't know,,,,contradiction,0,0.15225201845169067,The poster for Part 1 was a poster for the first part of the film.,,,,entailment,1,0.5451526641845703
2487,what do candles symbolize in the catholic church,"the ""prayers the worshipper is offering for him or herself, or for other people.",True,I don't know,0.0,0.0,1.0,neutral,0,0.05228476598858833,al,0.0,0.0,1.0,neutral,0,0.060541361570358276
2488,the song say something i'm giving up on you,,False,I don't know,,,,neutral,0,0.27998441457748413,The song was written by Ian Axel.,,,,neutral,0,0.007089599035680294
2489,who came up with the modern atomic theory,,False,liberal - individualist view emphasizing needs and entitlements and legal protections for essentially passive political beings,,,,neutral,0,0.12051734328269958,"Democracy has contrasting senses, including a liberal - individualist view emphasizing needs and entitlements and legal protections for essentially passive political beings, and a civic",,,,neutral,0,0.08616384118795395
2490,which of the following is not a market in delhi,,False,I don't know,,,,contradiction,0,0.036399807780981064,"The following is a list of the highest - grossing films in the United States and Canada, a market known in the film industry as the North American box office and the domestic box office, and where  gross '' is defined in US dollars.",,,,neutral,0,0.026509802788496017
2491,common method and tillage for lowland and upland,,False,I don't know,,,,neutral,0,0.1321496218442917,music history and music analysis.,,,,neutral,0,0.07747950404882431
2492,when do they realize katherine is in elena,,False,I don't know,,,,neutral,0,0.30273762345314026,"The Coriolis force acts in a direction perpendicular to the rotation axis and to the velocity of the body in the rotating frame and is proportional to the object's speed in the rotating frame ( more precisely, to the component of its velocity that is perpendicular to",,,,neutral,0,0.43410104513168335
2493,who becomes president after the vice president dies,,False,I don't know,,,,neutral,0,0.05140065774321556,"The President of the Quorum of the Twelve is the most senior apostle in the church, aside from the President of the Quorum of the Twelve",,,,neutral,0,0.03182986378669739
2494,what is the dog called in midsomer murders,Sykes,True,I don't know,0.0,0.0,0.0,neutral,0,0.04537484049797058,The word waltz is a slang term for a dance that is performed in a closed hold or  waltz '' position.,0.0,0.0,0.0,neutral,0,0.20468485355377197
2495,during a trance state the first phase is characterized by visions of,,False,I don't know,,,,neutral,0,0.054083507508039474,"The climate of Georgia is a humid subtropical climate with most of the state having short, mild winters and long, hot summers.",,,,entailment,1,0.9858108758926392
2496,who does karen gillian play in the avengers,Nebula,True,defenders,0.0,0.0,0.0,neutral,0,0.21371284127235413,MLB bases,0.0,0.0,0.0,neutral,0,0.3857792913913727
2497,who did the cavs trade for kyle korver,Mike Dunleavy,True,I don't know,0.0,0.0,0.0,neutral,0,0.039174068719148636,meet to discuss the Middle Passage.,0.0,0.0,0.0,neutral,0,0.16132593154907227
2498,first african-american female actress who won the emmy awards,Gail Fisher,True,I don't know,0.0,0.0,0.0,neutral,0,0.03164703771471977,/Li>,0.0,0.0,0.0,neutral,0,0.026400966569781303
2499,what was the result of fighting on the gallipoli peninsula,,False,French Revolutionary War,,,,neutral,0,0.06390483677387238,"The Treaty of Alliance with France was a defensive alliance between France and the United States of America, formed in the midst of the American Revolutionary War, which promised mutual military support in case fighting should break out between French and British forces, as the result signing the previously concluded Treaty of Am",,,,neutral,0,0.21053898334503174
2500,what is the state of the union and when does the president give it,,False,I don't know,,,,neutral,0,0.0036738186608999968,"The address is an annual message presented by the President of the United States to a joint session of the United States Congress, except in the first year of a new president's term.",,,,neutral,0,0.026669902727007866
2501,the government department that enforces the controlled substance act,,False,I don't know,,,,neutral,0,0.16980893909931183,"The Interstate Commerce Act of 1887 is a federal law that was designed to regulate the railroad industry, particularly its monopolistic practices.",,,,neutral,0,0.16652297973632812
2502,who has played in all the super bowls,,False,I don't know,,,,neutral,0,0.09099993109703064,The Dumping Ground.,,,,contradiction,0,0.07570568472146988
2503,who plays dwight's brother on the office,Thomas Middleditch,True,I don't know,0.0,0.0,0.0,contradiction,0,0.041705403476953506,The Theatre,0.0,0.0,0.0,entailment,1,0.3956010043621063
2504,when was dark side of the moon recorded,,False,I don't know,,,,neutral,0,0.19472581148147583,The Dark Side of the Moon /Th> /Th> /Th> /Tr> Tr> Tr> Tr> Tr> Tr> Tr> Tr> ,,,,entailment,1,0.43569639325141907
2505,you take the high road i'll take the low,,False,I don't know,,,,neutral,0,0.21046452224254608,The song was written by Bob Crewe and Bob Gaudio.,,,,neutral,0,0.0035801047924906015
2506,which is the longest running train in india,"One of the Vivek Express trains, the one from Dibrugarh to Kanyakumari",True,I don't know,0.0,0.0,1.0,neutral,0,0.1351904273033142,"June 12, 2015.",0.0,0.0,1.0,neutral,0,0.08331618458032608
2507,where did the term asperger's come from,,False,I don't know,,,,contradiction,0,0.1374039202928543,"The word P> Asperger syndrome ( AS ) is a shortening of the term  duck's egg '', as in the case of the American slang term  goose - egg '' popular in baseball and the tennis term ",,,,contradiction,0,0.07854148745536804
2508,where do i find my vat exemption number,,False,I don't know,,,,neutral,0,0.005839071702212095,The four seasons are a band that has released a number of albums.,,,,neutral,0,0.07943674921989441
2509,when was we wish a merry christmas written,,False,Christmas Day,,,,contradiction,0,0.017667345702648163,Act.,,,,contradiction,0,0.012294361367821693
2510,what is the order of the robin hobb trilogies,,False,I don't know,,,,neutral,0,0.09621156007051468,The Pig is the twelfth and last sign of the Earthly Branches.,,,,neutral,0,0.06752918660640717
2511,little house on the prairie episode guide season 9,,False,P>,,,,entailment,1,0.48602721095085144,/P>,,,,entailment,1,0.5835955739021301
2512,bruno mars when i was your man album,,False,I don't know,,,,neutral,0,0.21052028238773346,"When I Was Your Man '' /Th> /Tr> Tr> Td colspan=""2""> /Tr> /Tr> Th colspan=""2""> Single by Bruno Mars /",,,,entailment,1,0.5486631393432617
2513,when was the trooping of the colour cancelled in 1955,,False,I don't know,,,,neutral,0,0.08608824014663696,The Marsh test is a highly sensitive method in the detection of arsenic.,,,,entailment,1,0.9882709383964539
2514,man in the high castle season 3 ending meaning,,False,I don't know,,,,neutral,0,0.1408129632472992,The Seven Deadly Sins was written and illustrated by Nakaba Suzuki.,,,,neutral,0,0.17315344512462616
2515,when did the new york mets became a team,1962,True,I don't know,0.0,0.0,1.0,contradiction,0,0.18100959062576294,"The NCAA Tournament became the more prestigious of the two events, and in 1971 the NCAA barred universities from playing in other tournaments, such as the NIT, if they were invited to the NCAA Tournament.",0.0,0.0,1.0,entailment,1,0.8939769864082336
2516,who was the author of kitab ul rahela,,False,I don't know,,,,neutral,0,0.1775178611278534,The head of state of Pakistan from 1947 to 1956 was the British monarch.,,,,contradiction,0,0.2077033817768097
2517,where does us route 42 start and end,"Louisville, Kentucky to Cleveland, Ohio",True,I don't know,0.0,0.0,0.0,contradiction,0,0.1518072634935379,"The route is a SR 322 / US 422 / SR 3 / SR 8 / SR 14 / SR 43 / SR 87 in Cleveland, OH.",0.0,0.07692307692307693,0.0,contradiction,0,0.021740378811955452
2518,which provisions of the bill of rights directly or indirectly protect a right to privacy,,False,I don't know,,,,contradiction,0,0.1751399040222168,"The phrase gives three examples of the  unalienable rights '' which the Declaration says have been given to all human beings by their Creator, and which governments are created to protect.",,,,entailment,1,0.9842368960380554
2519,article 19(1)(a) of the constitution of india,,False,Indian population,,,,neutral,0,0.10729344189167023,Indian population.,,,,neutral,0,0.13512681424617767
2520,the amazon rainforest is the largest rainforest in the world,,False,I don't know,,,,neutral,0,0.30812376737594604,The Amazon rainforest ecoregions are located in Brazil.,,,,entailment,1,0.9444208145141602
2521,when does the second half of fuller house air,"December 9, 2016",True,I don't know,0.0,0.0,0.0,entailment,1,0.6139441132545471,The show will be moving from Disney XD to Disney Channel for its fourth season.,0.0,0.0,0.0,contradiction,0,0.13016557693481445
2522,where did the term eight ball come from,,False,I don't know,,,,contradiction,0,0.13813640177249908,The Gang of Eight is a colloquial term for a set of eight leaders within the United States Congress who are briefed on classified intelligence matters by the executive branch.,,,,entailment,1,0.9284465312957764
2523,which of the following was a participant and/or leader in the civil rights movement,,False,I don't know,,,,contradiction,0,0.03278209641575813,The Vedaranyam March.,,,,contradiction,0,0.08505269885063171
2524,what is the name of the vaccine for tuberculosis,bacilli Calmette-Guérin (BCG),True,God,0.0,0.0,0.0,neutral,0,0.02440684102475643,The name of God has always had much deeper meaning and significance than being just a label or designator.,0.0,0.0,0.0,neutral,0,0.010126501321792603
2525,where is lake george located in new. york,in Warren County,True,I don't know,0.0,0.0,1.0,contradiction,0,0.13052543997764587,"Lake George /Th> /Tr> Tr> Td colspan=""2""> Town /Tr> /Tr> Td colspan=""2""> Downtown Lake George /Tr> ",0.0,0.0,1.0,entailment,1,0.5989274382591248
2526,the structure found in the cell that contains strands of dna is called a(n),chromosomes,True,I don't know,0.0,0.0,1.0,neutral,0,0.07914619892835617,"The nucleotides are joined by covalent bonds between the sugar of one nucleotide and the phosphate of the next nucleotide, resulting in an oxidative chain.",0.0,0.0,1.0,neutral,0,0.05878261849284172
2527,who are the surviving members of the beatles,McCartney,True,Constitution,0.0,0.0,0.0,neutral,0,0.042776934802532196,Constitution.,0.0,0.0,0.0,neutral,0,0.03539900481700897
2528,where was war on the planet of the apes filmed,Lower Mainland in Vancouver,True,I don't know,0.0,0.0,0.0,contradiction,0,0.12583240866661072,The original series of Planet of the Apes was created by Pierre Boulle.,0.0,0.0,0.0,entailment,1,0.8784406781196594
2529,today's the day the teddy bears have their picnic,,False,Australia,,,,neutral,0,0.029057322070002556,"A bank holiday is a colloquial term for a public holiday in the United Kingdom, some Commonwealth countries, Hong Kong and the Republic of Ireland.",,,,neutral,0,0.03430628404021263
2530,how many seasons of strawberry shortcake are there,,False,United Kingdom,,,,neutral,0,0.16399240493774414,United Kingdom,,,,neutral,0,0.16399240493774414
2531,who is the titan that holds the world,,False,I don't know,,,,neutral,0,0.10227328538894653,The MBTI was constructed by Katharine Cook Briggs and her daughter Isabel Briggs Myers.,,,,contradiction,0,0.03570890054106712
2532,who gave the name cape of good hope,John II of Portugal,True,I don't know,0.0,0.0,0.0,neutral,0,0.105663001537323,The name of God has been seen as a representation of the entire system of  divine truth '' revealed to the faithful  that believe on his name '' as in John 1 : 12 or  walk in the name of the LORD our God '' in Micah 4,0.0,0.08333333333333334,0.0,entailment,1,0.9258907437324524
2533,where does the indus river begin and end,,False,I don't know,,,,neutral,0,0.17086161673069,"The fourth great river civilization emerged around 1700 BCE along the Yellow River in China, also known as the Huang - He River Civilization.",,,,entailment,1,0.842933177947998
2534,ew game of thrones season 4 episode 6,,False,I don't know,,,,neutral,0,0.2999700605869293,/Th> /Tr> Tr> Tr> Th> Tr> Th> Tr> Th> Tr> Th> Tr> Th> T,,,,entailment,1,0.4952501356601715
2535,who plays ada in marvel's agents of shield,,False,I don't know,,,,neutral,0,0.15038295090198517,The third season.,,,,entailment,1,0.4459618330001831
2536,who killed owen taylor in the big sleep,,False,Fenris Wolf,,,,neutral,0,0.12278895080089569,The article is about the remembrance poppy.,,,,entailment,1,0.5988149642944336
2537,who praised adanos in khorini's temple in gothic 2,,False,I don't know,,,,contradiction,0,0.07125892490148544,"The location of the Konark Sun Temple is in Odisha, India.",,,,contradiction,0,0.007758052553981543
2538,what is the youngest state in the usa,Hawaii,True,I don't know,0.0,0.0,0.0,neutral,0,0.12503838539123535,"Florida Panhandle, an informal, unofficial term for the northwestern part of the U.S.",0.0,0.0,0.0,contradiction,0,0.11680978536605835
2539,why do baseball teams put players on waivers,,False,I don't know,,,,neutral,0,0.01981149986386299,The National Football League draft is an annual sports draft in which NFL teams select newly eligible players for their rosters.,,,,neutral,0,0.14307257533073425
2540,why did european countries want empires in the 19th century,"trade, driven by the new ideas and the capitalism that grew out of the European Renaissance",True,I don't know,0.0,0.0,0.0,neutral,0,0.2056531012058258,"The term  deep frying '' and many modern deep - fried foods were not invented until the 19th century, but the practice has been around for millennia.",0.0,0.19512195121951217,0.0,entailment,1,0.9016225934028625
2541,which of the following is part of the process of incorporation,,False,I don't know,,,,neutral,0,0.07963019609451294,Mayotte in 2014.,,,,neutral,0,0.042434535920619965
2542,where did the thompson twins get their name from,the two bumbling detectives Thomson and Thompson in Hergé's comic strip The Adventures of Tintin,True,"2""> Thompson Twins",0.0,0.1111111111111111,0.0,neutral,0,0.005883237347006798,The Court did not rule on whether particular identification cards could be required.,0.0,0.07142857142857144,0.0,neutral,0,0.0027503252495080233
2543,what event provided the impetus for the creation of the united nations,,False,I don't know,,,,neutral,0,0.1235763430595398,"The tournament consists of two parts, the qualification phase and the final phase ( officially called the World Cup Finals ).",,,,neutral,0,0.061172179877758026
2544,what does the safety data sheet (sds) include,,False,I don't know,,,,neutral,0,0.08586198091506958,California is a state that has no provision in its state constitution that explicitly guarantees an individual right to keep and bear arms.,,,,contradiction,0,0.031166542321443558
2545,who has been eliminated from next food network star,,False,I don't know,,,,neutral,0,0.16724766790866852,"The episode titled ""Food Network Star"" was broadcast on the Food Network from June 7 to August 16, 2015.",,,,entailment,1,0.9727718830108643
2546,who sings don't stand so close to me,The Police,True,I don't know,0.0,0.0,1.0,neutral,0,0.2373111993074417,"The Police /Th> /Tr> /Tr> Tr> Th colspan=""2""> 1980 single cover /Td> /Tr> /Tr> Th colspan=""2""",0.0,0.2222222222222222,1.0,entailment,1,0.6109374761581421
2547,who plays adam's mom on man with a plan,Swoosie Kurtz,True,I don't know,0.0,0.0,0.0,neutral,0,0.18379749357700348,"The Jansenist movement was a movement that favored the idea of a ""non-violent"" society.",0.0,0.0,0.0,neutral,0,0.09352806210517883
2548,who plays who now in the world cup,,False,I don't know,,,,neutral,0,0.021277349442243576,The inaugural winners in 1930 were Uruguay ; the current champions are France.,,,,entailment,1,0.5549206137657166
2549,all i wanna do is take in my name,,False,I don't know,,,,neutral,0,0.2173970341682434,"The single was released on January 9, 1995.",,,,entailment,1,0.9664598703384399
2550,who owns mgm resorts international in las vegas,Tracinda Corporation,True,I don't know,0.0,0.0,1.0,contradiction,0,0.1461210697889328,The Fortress /Td> /Tr> /Tr> /Tr> /Tr> /Tr> /Tr> /Tr> /Tr> /Tr> ,0.0,0.0,1.0,entailment,1,0.671762228012085
2551,who was the primary author of the declaration of independence,,False,I don't know,,,,neutral,0,0.025688696652650833,"The key Founding Fathers are John Adams, Benjamin Franklin, Alexander Hamilton, John Jay, Thomas Jefferson, James Madison, George Washington.",,,,neutral,0,0.04838760197162628
2552,what does thou shalt not bear false witness against thy neighbour mean,perjury,True,I don't know,0.0,0.0,0.0,neutral,0,0.2293321043252945,The Ten Commandments are a series of books on Catholic theology.,0.0,0.0,0.0,neutral,0,0.013951171189546585
2553,who won fifa world cup 2018 final match,France,True,I don't know,0.0,0.0,1.0,contradiction,0,0.22325123846530914,"The 2018 FIFA World Cup Final /Tr> /Tr> /Tr> Tr> Td colspan=""2""> The France team holds the World Cup trophy /Tr> /Tr> /T",0.0,0.08333333333333333,1.0,entailment,1,0.9348263144493103
2554,describe the blood hydrogen carbonate buffer system. what happens when blood acidity rises,,False,I don't know,,,,contradiction,0,0.005679145455360413,"The bicarbonate buffer system is an acid - base homeostatic mechanism involving the balance of carbonic acid ( H CO ), bicarbonate ion ( HCO ), and carbon dioxide ( CO ) in order to maintain pH in the blood and duodenum",,,,entailment,1,0.973060667514801
2555,where did the chinese crested dog come from,,False,I don't know,,,,contradiction,0,0.23908522725105286,The hairless dog standing is a breed of dog that is a member of the KC ( UK ) /Th>.,,,,entailment,1,0.4634071886539459
2556,where is the world cup going to be 2018,,False,I don't know,,,,contradiction,0,0.13100121915340424,The 2018 FIFA World Cup qualification UEFA Group F was one of the nine UEFA groups for 2018 FIFA World Cup qualification.,,,,entailment,1,0.9633082747459412
2557,who gave the definition of money is what money does,,False,I don't know,,,,neutral,0,0.10421810299158096,The insolvent bank is unable to meet its obligations to its depositors.,,,,neutral,0,0.05653795227408409
2558,how many times does elaine say get out,,False,I don't know,,,,neutral,0,0.11066581308841705,The narrator is a celebrity.,,,,neutral,0,0.0964222103357315
2559,in which city of india the divisional range of temperature is maximum,,False,I don't know,,,,contradiction,0,0.09777899831533432,optical component,,,,neutral,0,0.17544087767601013
2560,how many games to get a la liga medal,,False,I don't know,,,,contradiction,0,0.16597133874893188,Barcelona ( 25th title ) /Td> /Tr> /Tr> /Tr> /Tr> /Tr> /Tr> /Tr> /Tr> /,,,,contradiction,0,0.04231029003858566
2561,what is the mass number of the atom,,False,I don't know,,,,contradiction,0,0.13437359035015106,The mass number is the total number of protons and neutrons in an atomic nucleus.,,,,entailment,1,0.9855136871337891
2562,who was the cm when the state of mysore was renamed as karnataka,,False,I don't know,,,,contradiction,0,0.20830394327640533,The Western Ghats mountains are a biodiversity.,,,,neutral,0,0.1695498526096344
2563,the heart of the matter book 1 summary,,False,I don't know,,,,contradiction,0,0.16118468344211578,"The Virgo Supercluster is marked at the center, but is too small to be seen.",,,,neutral,0,0.010006383992731571
2564,what is the theme of 2016 united nations day,,False,I don't know,,,,neutral,0,0.27165573835372925,"Opposing the proposal were Cuba, Venezuela, Bolivia, Ecuador, Dominica, and Nicaragua.",,,,neutral,0,0.001575037487782538
2565,water activity values are on a logarithmic scale,,False,effector,,,,entailment,1,0.5901558995246887,The effector binds to the soil.,,,,neutral,0,0.40008828043937683
2566,when was the first loonie made in canada,,False,I don't know,,,,contradiction,0,0.011286851018667221,Harper's Bazaar.,,,,contradiction,0,0.007693990133702755
2567,when does the new edition story come on again,,False,I don't know,,,,neutral,0,0.10579635202884674,"Irving wrote the story while living in Birmingham, England as part of the collection The Sketch Book of Geoffrey Crayon, Gent.",,,,contradiction,0,0.005999110639095306
2568,when did delegates begin to sign the completed document,"September 17, 1787",True,I don't know,0.0,0.0,0.0,contradiction,0,0.10307063162326813,The greater - than sign is typically placed between the two values being compared and signals that the first number is greater than the second number.,0.0,0.0,0.0,entailment,1,0.8706417679786682
2569,within the townships created by the land ordinance of 1785 one section was set aside for,the maintenance of public schools,True,States,0.0,0.0,0.0,neutral,0,0.23096245527267456,"The land west of the Appalachian Mountains, north of the Ohio River and east of the Mississippi River was to be divided into ten separate states.",0.0,0.12903225806451613,0.0,entailment,1,0.9714539647102356
2570,when was the last time browns had a winning record,1994,True,Britain's most likely ally,0.0,0.0,0.0,contradiction,0,0.011504028923809528,Britain to withdraw from the continent.,0.0,0.0,0.0,contradiction,0,0.009589399211108685
2571,who has the highest debt to gdp ratio,,False,Iceland,,,,neutral,0,0.012521172873675823,GDP.,,,,neutral,0,0.034085340797901154
2572,when does the latest riverdale episode come out,"May 16, 2018",True,I don't know,0.0,0.0,0.0,neutral,0,0.25060340762138367,Martha Sharp /Tr> /Tr> /Tr> /Tr> /Tr> /Tr> /Tr> /Tr> /Tr> /Tr> ,0.0,0.0,0.0,contradiction,0,0.0729832798242569
2573,why do you want to put stars in your eyes,,False,I don't know,,,,entailment,1,0.47148022055625916,The song was first performed in Annie Get Your Gun by Ethel Merman and Ray Middleton.,,,,entailment,1,0.9228504300117493
2574,what is the most common food in scotland,,False,substitute holiday is given,,,,entailment,1,0.844690203666687,is given on the following day.,,,,entailment,1,0.41836661100387573
2575,what are the 7 wisdom books of the bible,,False,I don't know,,,,neutral,0,0.04919380322098732,"The Bible is a compilation of many shorter books written at different times by a variety of authors, and later assembled into the biblical canon.",,,,neutral,0,0.021456317976117134
2576,how many us house of representatives does california have,,False,I don't know,,,,neutral,0,0.08516956120729446,The state has no provision in its state constitution that explicitly guarantees an individual right to keep and bear arms.,,,,neutral,0,0.06240372732281685
2577,which of the following is not associated with el nino,,False,I don't know,,,,neutral,0,0.0933707058429718,South America.,,,,neutral,0,0.2692016661167145
2578,who is morgan freeman in the lego movie,Vitruvius,True,I don't know,0.0,0.0,0.0,contradiction,0,0.3144391179084778,"The Lego Movie /Th> /Th> /Tr> Tr> Td colspan=""2""> Theatrical release poster /Td> /Tr> Tr> Th> Directe",0.0,0.0,0.0,entailment,1,0.8688228726387024
2579,who translated the new international version of the bible,,False,I don't know,,,,contradiction,0,0.2381455898284912,"The New International Version, formerly the International Bible Society, was published in 1978.",,,,entailment,1,0.6240153908729553
2580,who led the countries in world war 2,,False,I don't know,,,,neutral,0,0.018784858286380768,Soviet Union.,,,,entailment,1,0.7222265601158142
2581,find out more about the history and various organs of the united nations,,False,I don't know,,,,contradiction,0,0.05832855403423309,The United Kingdom government maintains that the United Nations Convention is a failure.,,,,contradiction,0,0.005345155019313097
2582,when was the eiffel tower finished being built,15 March 1889,True,I don't know,0.0,0.0,1.0,contradiction,0,0.18589408695697784,"The Eiffel Tower /Th> /Tr> Tr> Td colspan=""2""> The Eiffel Tower /Th> /Tr> Td colspan=""2""> Tour Eiffel /Th",0.0,0.0,1.0,entailment,1,0.6784611344337463
2583,who was the first president identified as a democrat,Andrew Jackson,True,I don't know,0.0,0.0,0.0,neutral,0,0.10424292087554932,"Adams, Franklin, Alexander Hamilton, John Jay, Thomas Jefferson, James Madison, and George Washington",0.0,0.0,0.0,neutral,0,0.3721771240234375
2584,who built the sun temple at konark in odisha in 13 century a.d,,False,I don't know,,,,contradiction,0,0.1716107577085495,The temple was built under the name of the god Solomon.,,,,neutral,0,0.03375169262290001
2585,where is promontory point utah on a map,in Box Elder County,True,I don't know,0.0,0.0,0.0,contradiction,0,0.12727592885494232,"The ceremony for the driving of the  Last Spike '' at Promontory Summit, Utah, May 10, 1869 /Td> /Tr> /Tr> Th colspan=""2""> The ceremony for the driving",0.0,0.0,0.0,neutral,0,0.26693281531333923
2586,when was the last time england were in the quater final,,False,I don't know,,,,contradiction,0,0.023143108934164047,"The most contentious disputes revolved around composition and election of the Senate, how  proportional representation '' was to be defined ( whether to include slaves or other property ), whether to divide the executive power between three persons or invest the power into a single president, how to",,,,neutral,0,0.0016431581461802125
2587,who came up with the 2nd law of thermodynamics,Sadi Carnot,True,"Middle Ages in Europe, citizenship was primarily identified with commercial and secular life in the growing cities, and it came to be seen as membership in emerging nation - states.",0.0,0.0,0.0,entailment,1,0.8894305229187012,"European Revolution, the main powers set up colonies in most of the Americas and Africa, and parts of Asia.",0.0,0.0,0.0,neutral,0,0.030313370749354362
2588,robin thicke – blurred lines (featuring t.i & pharrell),,False,I don't know,,,,neutral,0,0.25197163224220276,"The single was released on March 20, 2013 /Td> /Tr> Tr> Th> Th> Th> Tr> Th> Tr> Th> Tr> ",,,,entailment,1,0.752608597278595
2589,who played penny in lost in space 2018,Mina Sundwall,True,I don't know,0.0,0.0,1.0,contradiction,0,0.0478503443300724,The Mother appearing in  The Locket /Td> /Tr> /Tr> Tr> Th> First appearance /Th> Td>  Lucky Penny ( unseen ) /T,0.0,0.0,1.0,contradiction,0,0.30988919734954834
2590,the first cut is the deepest cat stevens meaning,,False,I don't know,,,,neutral,0,0.1934434026479721,"The Mariana Trench is a crescent - shaped, shaped like a crescent.",,,,contradiction,0,0.19138698279857635
2591,darrin medley from paul revere and the raiders,,False,I don't know,,,,neutral,0,0.15709134936332703,"The band was formed in Boise, Idaho, U.S. /Td> /Tr> /Tr> Tr> Tr> Tr> Tr> Tr> Tr",,,,entailment,1,0.5909875631332397
2592,trial and error season 2 episode 2 cast,,False,I don't know,,,,neutral,0,0.010849347338080406,"The tenth season debuted on March 27, 2018.",,,,neutral,0,0.019590703770518303
2593,which of the following is​ (are) responsible for managing the money supply in the united​ states,,False,electors,,,,neutral,0,0.1839786171913147,electors are the ones who will be elected president.,,,,neutral,0,0.09204614907503128
2594,when did mike trout come into the league,"July 8, 2011",True,I don't know,0.0,0.0,0.0,neutral,0,0.16378407180309296,"The club was founded in 1886 as Dial Square before being renamed as Royal Arsenal, and was founded in London in 1886 as Dial Square before being renamed as Royal Arsenal, and was founded in London in 1886 as Dial Square before being renamed as",0.0,0.0,0.0,contradiction,0,0.017129909247159958
2595,the central dogma of molecular biology concerns the,flow of genetic information within a biological system,True,I don't know,0.0,0.0,0.0,neutral,0,0.17339687049388885,hippocampus,0.0,0.0,0.0,neutral,0,0.2258140593767166
2596,how many episodes of beyblade burst god are there,48,True,I don't know,0.0,0.0,0.0,neutral,0,0.18156330287456512,"a national level, is a shared sense of national identity.",0.0,0.0,0.0,neutral,0,0.47682034969329834
2597,the largest and most recently developed part of the brain is the,,False,Endosperm,,,,neutral,0,0.2493293434381485,Endosperm.,,,,neutral,0,0.33941879868507385
2598,where is the chichen itza located in mexico,"Tinúm Municipality, Yucatán State, Mexico",True,I don't know,0.0,0.0,0.0,contradiction,0,0.24358327686786652,History /Th> /Tr> /Tr> /Tr> /Tr> Th> Periods /Th> Td> Late Classic to Early Postclassic /Td> /Tr,0.0,0.0,0.0,entailment,1,0.35185909271240234
2599,where did the invasion of normandy take place,6 June 1944,True,I don't know,0.0,0.0,0.0,contradiction,0,0.15845008194446564,"The first Test hat - trick was recorded on 2 January 1879, in only the third Test match to take place, by the Australian pace bowler Fred Spofforth, nicknamed  The Demon Bowler '', who dismissed three English batsmen with consecutive",0.0,0.0,0.0,entailment,1,0.9497120380401611
2600,musical style ich steh mit einem fuss im grabe,,False,I don't know,,,,neutral,0,0.10896559804677963,The cantata is a church cantata by Johann Sebastian Bach.,,,,entailment,1,0.9687792062759399
2601,when did shane douglas throws down the nwa title,,False,I don't know,,,,neutral,0,0.16677148640155792,"The NWA World Title Tournament was held on August 27, 1994.",,,,neutral,0,0.005608484148979187
2602,how many sugar creek gang movies are there,,False,are a staple in the American diet.,,,,neutral,0,0.06300807744264603,American.,,,,entailment,1,0.45118385553359985
2603,the hobbit desolation of smaug bard's son,John Bell,True,I don't know,0.0,0.0,0.0,contradiction,0,0.07042323797941208,"The sentence ""Aeacus : son of a son of Zeus and Aegina who was the daughter of a river god. He was the father of Telamon and Peleus and grandfather of Ajax and Achilles. /Li> ",0.0,0.0,0.0,entailment,1,0.8888331055641174
2604,how old are the twins in kim possible,,False,I don't know),,,,neutral,0,0.06502773612737656,) are not identical.,,,,neutral,0,0.1026173084974289
2605,what law describes how a planet orbits the sun,laws of planetary motion,True,I don't know,0.0,0.0,0.0,contradiction,0,0.12583240866661072,The original series of Planet of the Apes was created by Pierre Boulle.,0.0,0.11764705882352941,0.0,entailment,1,0.8784406781196594
2606,other than water what is the most important ingredient of brown stock,bones,True,I don't know,0.0,0.0,0.0,contradiction,0,0.09812619537115097,The process is used by plants and other organisms to convert light energy into chemical energy that can later be released to fuel the organisms'activities ( energy transformation ).,0.0,0.0,0.0,neutral,0,0.031902946531772614
2607,who is the board of equalization in california,,False,to be certified for sale,,,,neutral,0,0.16607752442359924,list their handguns on the state's Roster of Handguns Certified for Sale.,,,,neutral,0,0.02310304157435894
2608,who played buck rogers in the 25th century,Gil Gerard,True,I don't know,0.0,0.0,1.0,contradiction,0,0.1444258987903595,"Pat Brady ( American football ) ( 1926 -- 2009 ) /Li> Li> Li> Pat Brady ( footballer ) ( born 1936 ), Irish footballer who played in England /Li> Li> ",0.0,0.0,1.0,entailment,1,0.7625958323478699
2609,does damon come back to life in the vampire diaries,,False,I don't know,,,,contradiction,0,0.22289776802062988,"The Vampire Diaries ( season 6 ) /Th> /Tr> /Tr> Th colspan=""2""> The Vampire Diaries ( season 4 ) /Th> /Tr> Table>",,,,entailment,1,0.4940984547138214
2610,where is the ryder cup golf tournament being played,"on the Albatros Course of Le Golf National in Saint-Quentin-en-Yvelines, a suburb southwest of Paris",True,I don't know,0.0,0.0,0.0,contradiction,0,0.011156069114804268,The history of the India national football team dates back to the 1930s.,0.0,0.21428571428571427,0.0,entailment,1,0.7819316983222961
2611,how far south does the san andreas fault run,southern California,True,I don't know,0.0,0.0,0.0,contradiction,0,0.15123748779296875,The San Andreas Fault is a fault in the United States.,0.0,0.0,0.0,entailment,1,0.9640429019927979
2612,when does a cell have to use active transport,,False,I don't know,,,,neutral,0,0.10493815690279007,are not related to the P> P> P> P> P>                    ,,,,contradiction,0,0.0077452752739191055
2613,where do the neck muscles attach to the skull,,False,I don't know,,,,neutral,0,0.09605865180492401,"The term emerging adulthood is highly controversial within the developmental field, with developmental psychologists contested over the legitimacy of Arnett's theories and methods.",,,,neutral,0,0.014791131019592285
2614,where is the belmont stakes horse race located,,False,I don't know,,,,contradiction,0,0.25378409028053284,The Belmont Stakes Tr> Tr> Tr> Tr> Tr> Tr> Tr> Tr> Tr> Tr> Tr> T,,,,entailment,1,0.7723678350448608
2615,tinchy stryder & the chuckle brothers to me to you,,False,I don't know,,,,neutral,0,0.20135198533535004,/Th> /Tr> /Tr> /Tr> /Tr> /Tr> /Tr> /Th> Single by Tinchy Stryder & the Chuckle Brothers /Th>,,,,entailment,1,0.4550849497318268
2616,who does phoebe from charmed end up with,Coop,True,I don't know,0.0,0.0,1.0,contradiction,0,0.12220040708780289,"Phoebe Halliwell /Th> /Tr> Tr> Td colspan=""2""> Charmed character /Td> /Tr> Td colspan=""2""> /T",0.0,0.0,1.0,entailment,1,0.5515111684799194
2617,the government of india launched a programme called clean ganga this is because,,False,I don't know,,,,neutral,0,0.07652517408132553,The Constitution of India.,,,,contradiction,0,0.08046441525220871
2618,who is pictured in the last supper by leonardo da vinci,,False,I don't know,,,,contradiction,0,0.23177970945835114,"The Last Supper /Th> /Tr> Tr> Td colspan=""2""> Il Cenacolo or L'Ultima Cena /Tr> /Tr> Td cols",,,,entailment,1,0.7814757823944092
2619,what benefits did texas gain by joining the union what did it give up by becoming a state,,False,a warrant,,,,neutral,0,0.013001598417758942,The Fourth Amendment to the United States Constitution prohibits unreasonable searches and seizures and requires any warrant to be judicially sanctioned and supported by probable cause.,,,,neutral,0,0.05937105789780617
2620,who are the main characters in the nutcracker,,False,Agents of S.H.I.E.L.D. : Slingshot,,,,neutral,0,0.3298589289188385,Agents of S.H.I.E.L.D. : Slingshot.,,,,entailment,1,0.525737464427948
2621,what do you mean by assessment in hindi,,False,I don't know,,,,neutral,0,0.23910945653915405,"The single was released on January 9, 1995.",,,,entailment,1,0.9455500245094299
2622,list of former kings and queens of england,,False,King of England,,,,entailment,1,0.4830811321735382,King of England,,,,entailment,1,0.4830811321735382
2623,is it legal to carry a gun in a car in texas,,False,I don't know,,,,contradiction,0,0.17051538825035095,The United States of America /Th> /Th> /Th> /Th> /Th> /Th> /Th> /Th> /Th> /Th> /Th> /Th,,,,entailment,1,0.7771443724632263
2624,national holiday act of 1971 (p.l. 90 – 363),,False,I don't know,,,,neutral,0,0.0028477793093770742,The Uniform Monday Holiday Act ( Pub. L. 90 -- 363 ) is an Act of Congress that amended the federal holiday provisions of the United States Code to establish the observance of certain holidays on Mondays.,,,,entailment,1,0.9506989121437073
2625,what is the game marco polo named after,,False,I don't know,,,,contradiction,0,0.1599005162715912,"The game was played at the Polo Grounds in New York City on October 3, 1951.",,,,entailment,1,0.9641693830490112
2626,why is it called air on a g string,"transposed down so that it can be played entirely on a violin's lowest string, i.e., the G string",True,I don't know,0.0,0.0,0.0,neutral,0,0.13937772810459137,Potential energy in the bow limbs is transformed into the kinetic energy of the arrow as it takes flight.,0.0,0.10810810810810811,0.0,contradiction,0,0.4125692844390869
2627,what is the pathway for nerve impulse conduction,,False,Deep frying is done in a pot.,,,,neutral,0,0.027756335213780403,Deep frying is done in a pot.,,,,neutral,0,0.027756335213780403
2628,who played violet on leave it to beaver,,False,Leave It to Beaver /Th> /Th> /Tr> Tr> Tr> Tr> Tr> Tr> Tr> Tr> Tr> Tr,,,,entailment,1,0.6173832416534424,Leave It to Beaver /Th> /Th> /Tr> Tr> Tr> Tr> Tr> Th> Season 1 title screen /Th> /Th> /Tr>,,,,entailment,1,0.6980621218681335
2629,main characters of canterville ghost by oscar wilde,,False,The Picture of Dorian Gray,,,,entailment,1,0.8475786447525024,The Picture of Dorian Gray.,,,,entailment,1,0.9390743970870972
2630,how many countries are still in the british commonwealth,53,True,international organisation,0.0,0.0,1.0,neutral,0,0.24266356229782104,"The Commonwealth is an international organisation in which countries with diverse social, political, and economic backgrounds are regarded as equal in status, and cooperate within a framework of common values and goals, as outlined in the Singapore Declaration issued in 1971.",0.0,0.0,1.0,neutral,0,0.047333113849163055
2631,what is an example of a radical in chemistry,hydroxyl radical (HO•),True,phen,0.0,0.0,1.0,neutral,0,0.3625447750091553,phenyl is not to be confused with phenyl.,0.0,0.0,1.0,neutral,0,0.06118777394294739
2632,who was portrayed as the anderson brothers cousin,Ric Flair,True,I don't know,0.0,0.0,0.0,contradiction,0,0.12943094968795776,The story is about a man who is a member of an Armenian community living among the lush fruit orchards and vineyards of California.,0.0,0.0,0.0,entailment,1,0.9644632339477539
2633,the stimulus for the formation of a platelet plug or a blood clot is,endothelial injury,True,I don't know,0.0,0.0,1.0,neutral,0,0.08304549753665924,a wound.,0.0,0.0,1.0,neutral,0,0.20009136199951172
2634,what are some effects of the california gold rush,,False,I don't know,,,,contradiction,0,0.19156457483768463,The coordinates of the location of the gold placer deposits are:,,,,neutral,0,0.17036914825439453
2635,who became the first pope of the roman catholic church,St Peter,True,I don't know,0.0,0.0,1.0,neutral,0,0.08367708325386047,"The Annuario Pontificio attaches no consecutive numbers to the popes, stating that it is impossible to decide which side represented at various times the legitimate succession, in particular regarding Pope Leo VIII, Pope Benedict V and some mid-11th - century popes ",0.0,0.0,1.0,contradiction,0,0.00932558998465538
2636,who is the 1st governor general in india,,False,I don't know,,,,contradiction,0,0.06858879327774048,The governor is de jure head of the state government ; all its executive actions are taken in the governor's name.,,,,entailment,1,0.8538161516189575
2637,who is the song we belong together about,a woman's desperation for her former lover to return,True,I don't know,0.0,0.0,0.0,contradiction,0,0.2154521644115448,Format ,0.0,0.0,0.0,contradiction,0,0.2914165258407593
2638,dividing up africa among european countries was the goal of the,Berlin Conference of 1884,True,I don't know,0.0,0.0,0.0,neutral,0,0.12572044134140015,Uruguay.,0.0,0.0,0.0,contradiction,0,0.04823252931237221
2639,list mvc type. explain mvc architecture with diagram,,False,I don't know,,,,contradiction,0,0.18863709270954132,The NBA /Td> /Tr> /Tr> /Tr> /Tr> /Tr> /Tr> /Tr> /Tr> /Tr> ,,,,neutral,0,0.06696613878011703
2640,who eat the cookie from the cookie jar,,False,I don't know,,,,neutral,0,0.27179789543151855,"The proverb originated in Wales, and was particularly prevalent in Pembrokshire.",,,,entailment,1,0.8710759878158569
2641,when do teams have to be under the cap,,False,I don't know,,,,neutral,0,0.10777223110198975,NHL's first salary cap.,,,,contradiction,0,0.02870691567659378
2642,where did the pittsburgh steelers get their name from,,False,Fourth Amendment,,,,entailment,1,0.9020268321037292,"The case also held that, because Hiibel had no reasonable belief that his name would be used to incriminate him, the name disclosure did not violate the Fifth Amendment.",,,,neutral,0,0.0017064963467419147
2643,is it illegal to talk on the phone while driving in pennsylvania,,False,I don't know,,,,neutral,0,0.2809816002845764,The speed limit in Alabama is a maximum speed limit.,,,,neutral,0,0.4125041663646698
2644,jagiya the date with a son in law,,False,I don't know,,,,contradiction,0,0.09037812054157257,The sea god Poseidon.,,,,contradiction,0,0.05266805738210678
2645,where is the golic and wingo show filmed,,False,I don't know,,,,neutral,0,0.049965932965278625,The fictional version of Sparta differs geographically from the real Sparta in several ways.,,,,entailment,1,0.9635277986526489
2646,what player in the nfl has the most rings,Bill Belichick,True,is drafted based on their performance in the regular season.,0.0,0.0,0.0,neutral,0,0.026925640180706978,a member of the All - America Football Conference.,0.0,0.0,0.0,entailment,1,0.9182823896408081
2647,who does haley see dead in season 9,,False,I don't know,,,,neutral,0,0.033742111176252365,"The 40 - man roster includes the players on the 25 - man roster plus as many as 15 players who are either on the team's seven - or 10 - day disabled list, who are on paternity leave for up to three days, or who are in the franchise ",,,,entailment,1,0.7197584509849548
2648,when will the 2018 nba all stars be announced,"January 18, 2018",True,I don't know,0.0,0.0,0.0,contradiction,0,0.17014530301094055,/Td> /Tr> /Tr> /Tr> /Tr> /Tr> /Tr> /Tr> /Tr> /Tr> /T,0.0,0.0,0.0,neutral,0,0.3880695700645447
2649,where is the northern highland rim in tennessee,encountered a few miles north of Nashville and extends to the Kentucky border,True,I don't know,0.0,0.0,0.0,contradiction,0,0.11016455292701721,The Tropic of Cancer is the most northerly circle of latitude.,0.0,0.16666666666666669,0.0,contradiction,0,0.11494246870279312
2650,what happens to lana lang in season 8,,False,Mark Brown,,,,entailment,1,0.633939802646637,"Mark Brown /Th> /Tr> Tr> Td colspan=""2""> /Tr> /Tr> /Tr> Th> /Th> /Th> /",,,,contradiction,0,0.07976260781288147
2651,when was the last time the chiefs won a superbowl,,False,I don't know,,,,neutral,0,0.050338637083768845,"The Giants' late - season rally and 2 - to - 1 - game playoff victory, capped by Thomson's moment of triumph, are collectively known in baseball lore as  The Miracle of Coogan's Bluff '', a",,,,neutral,0,0.2811000943183899
2652,westfield liverpool macquarie street liverpool new south wales,,False,I don't know,,,,contradiction,0,0.12501724064350128,The total retail floor area of Westfield Liverpool is 83.,,,,neutral,0,0.010100632905960083
2653,which english comedian became the first moomba king in 1967,Robert Morley,True,Wessex,0.0,0.0,0.0,entailment,1,0.517153799533844,Wessex was Edward the Elder.,0.0,0.0,0.0,contradiction,0,0.08492831140756607
2654,when does the ellen show come on today,,False,I don't know,,,,neutral,0,0.2050878405570984,Here Today '' ( 1966 ) /Tr> Tr> Tr> Tr> Tr> Tr> Tr> Tr> Tr> Tr> Tr,,,,contradiction,0,0.19039416313171387
2655,star wars books following return of the jedi,,False,I don't know,,,,contradiction,0,0.08984411507844925,The first appearance of Princess Leia in the 1977 Star Wars film was in 1977.,,,,contradiction,0,0.290546178817749
2656,the globe theatre is an example of which theatre type,,False,I don't know,,,,contradiction,0,0.19190442562103271,The theatre was dismantled and the timbers used in the construction of the Globe Theatre on Bankside.,,,,entailment,1,0.9019529223442078
2657,which nba players have won the most championships,,False,Larry O'Brien,,,,contradiction,0,0.04365632310509682,The NBA Finals is the championship series for the NBA and the conclusion of the sport's postseason.,,,,contradiction,0,0.013309107162058353
2658,expansion of the united states of america map,,False,I don't know,,,,neutral,0,0.05699368566274643,The Founding Fathers of the United States were individuals from the Thirteen Colony.,,,,contradiction,0,0.035253386944532394
2659,what did the us navy do during the blockade of cuba,,False,I don't know,,,,contradiction,0,0.15266907215118408,The Cuban Missile Crisis was part of the Cold War.,,,,entailment,1,0.9831472039222717
2660,who sings bring me back to life with evanescence,Paul McCoy of the band 12 Stones,True,I don't know,0.0,0.0,0.0,neutral,0,0.24023953080177307,"/Th> /Tr> /Tr> /Tr> /Th> Th colspan=""2""> /Tr> /Tr> /Th> Th colspan=""2""",0.0,0.0,0.0,entailment,1,0.528904139995575
2661,how many matches are there in vivo ipl 2018,,False,I don't know,,,,neutral,0,0.08920388668775558,The definition of cancer is based on the number of people diagnosed with cancer.,,,,neutral,0,0.14091166853904724
2662,where does the cedar river begin and end,,False,Mississippi River,,,,entailment,1,0.4859854280948639,Mississippi River.,,,,entailment,1,0.7264384627342224
2663,when is celebrity big brother coming to cbs,"February 7, 2018",True,I don't know,0.0,0.0,0.0,neutral,0,0.20293214917182922,The power is Pr.,0.0,0.0,0.0,neutral,0,0.35350772738456726
2664,what was the original purpose of savings and loan associations,,False,I don't know,,,,contradiction,0,0.048338860273361206,The word  cracker '' was in use during the Elizabethan era to describe braggarts.,,,,entailment,1,0.8487809300422668
2665,where does the term off licence come from,,False,I don't know,,,,neutral,0,0.08550148457288742,"Atomism is a colloquial term for a public holiday in the United Kingdom, some Commonwealth countries, Hong Kong and the Republic of Ireland.",,,,neutral,0,0.07297861576080322
2666,the part of a flower that develops into a fleshy fruit,,False,I don't know,,,,contradiction,0,0.24096029996871948,The warm phase of El Nio Southern Oscillation is called El Nio.,,,,entailment,1,0.8854172825813293
2667,the clue of the savant's thumb cast list,,False,Agents of S.H.I.E.L.D. : Slingshot,,,,neutral,0,0.3298589289188385,Agents of S.H.I.E.L.D. : Slingshot.,,,,entailment,1,0.525737464427948
2668,when is dragon ball super 130 episode coming out,"March 18, 2018",True,I don't know,0.0,0.0,0.0,neutral,0,0.12262255698442459,episodes were released.,0.0,0.0,0.0,entailment,1,0.7931345105171204
2669,zones of upwelling near the shores of land masses have high primary production because such zones,"are rich in nutrients, including nitrate, phosphate and silicic acid",True,I don't know,0.0,0.0,0.0,neutral,0,0.02724342606961727,oceans.,0.0,0.0,0.0,neutral,0,0.046535275876522064
2670,when was the kilt first worn in scotland,,False,I don't know,,,,contradiction,0,0.14397172629833221,Bank of England observed about 33 saints'days and religious festivals as holidays.,,,,neutral,0,0.19987326860427856
2671,who marched on behalf of human rights in buenos aires argentina,,False,I don't know,,,,contradiction,0,0.20443405210971832,The European Convention on Human Rights ( ECHR ) is an international treaty to protect human rights and fundamental freedoms in Europe.,,,,entailment,1,0.9218217134475708
2672,when do birth of the dragon come out,"August 25, 2017",True,I don't know,0.0,0.0,0.0,contradiction,0,0.1830463856458664,"The final act of the Anglo - Saxon poem Beowulf is about the hero Beowulf's fight with a dragon, the third monster he encounters in the epic.",0.0,0.0,0.0,entailment,1,0.9884797930717468
2673,who developed the technology of underground nuclear explosion,,False,code,,,,neutral,0,0.1882202923297882,coded messages.,,,,neutral,0,0.10188011080026627
2674,what do you have to do to become a french citizen,,False,You Do About Me,,,,contradiction,0,0.26805099844932556,Do About Me,,,,contradiction,0,0.25677573680877686
2675,do you win anything for getting both lucky stars,,False,I don't know,,,,neutral,0,0.10003508627414703,I am so in love with you.,,,,neutral,0,0.3777240812778473
2676,what is the constituency of the house of representatives,,False,I don't know,,,,contradiction,0,0.08162108808755875,The Gang of Eight is a colloquial term for a set of eight leaders within the United States Congress who are briefed on classified intelligence matters by the executive branch.,,,,entailment,1,0.8071749806404114
2677,what kind of gas does a monte carlo ss take,,False,"2""> Hunter Tylo /Th> /Th> /Th> /Th> /Th> /Th> /Th> /Th> /Th> /Th> /Th> ",,,,entailment,1,0.5053728222846985,Deborah Hunter /Th> /Tr> Th> Tr> Th> Tr> Tr> Tr> Tr> Tr> Tr> Tr> T,,,,contradiction,0,0.2072325497865677
2678,was the book of henry based on a book,,False,I don't know,,,,neutral,0,0.13284137845039368,The book was published in January 1996 which describes the stories of three prostitutes and one actress about their sexual encounters with various Hollywood celebrities.,,,,entailment,1,0.9832740426063538
2679,how many amendments does the kentucky constitution have,,False,I don't know,,,,neutral,0,0.06544633209705353,The Constitution of the Commonwealth of Kentucky is the document that governs the Commonwealth of Kentucky.,,,,neutral,0,0.3180917799472809
2680,who wants to be a millionaire catch phrase,,False,I don't know,,,,neutral,0,0.2699483335018158,"Who Wants to Be a Millionaire? /Th> /Tr> Th colspan=""2""> Who Wants to Be a Millionaire /Th> /Tr> Td colspan=""2""> ",,,,entailment,1,0.7006258964538574
2681,the following are considered a takings under the endangered species act,,False,I don't know,,,,contradiction,0,0.128250390291214,Endangered Species Act of 1973,,,,neutral,0,0.3793613910675049
2682,who killed mr jackson's wife in wentworth,,False,Will Jackson,,,,entailment,1,0.8008366823196411,Will Jackson /Th> /Tr> /Tr> Tr> Tr> Th> First appearance /Th> Td> No Place Like Home '' /Td> /T,,,,entailment,1,0.5181692242622375
2683,who put the bop in the bop shoo bop shoo bop,,False,I don't know,,,,neutral,0,0.19759340584278107,"/Th> /Tr> Th colspan=""2""> Hard bop /Th> /Tr> Tr> Th> Th> Th> Th> Th> Th>",,,,entailment,1,0.6194249987602234
2684,what poem is engraved on the statue of liberty,"""The New Colossus",True,I don't know,0.0,0.0,1.0,contradiction,0,0.29150864481925964,Emma Lazarus's manuscript was created in 1883.,0.0,0.0,1.0,entailment,1,0.9467663168907166
2685,who played in the movie over the top,,False,I don't know,,,,neutral,0,0.19430984556674957,Connor Byrne is currently appearing in his tenth series and has been in all three programmes.,,,,neutral,0,0.048702336847782135
2686,why is the columbia river gorge on the west coast a desirable location for a wind farm,,False,I don't know,,,,contradiction,0,0.3034638464450836,"The Biglow Canyon Wind Farm is located in Sherman County, Oregon, United States.",,,,entailment,1,0.9716987013816833
2687,what is the difference between waltz and viennese waltz,,False,I don't know,,,,entailment,1,0.4913264513015747,The word waltz is a form of ballroom dance.,,,,entailment,1,0.9790036082267761
2688,the percentage of packed red blood cells in a volume of blood is known as the,,False,I don't know,,,,contradiction,0,0.207123264670372,hemostasis.,,,,entailment,1,0.5626737475395203
2689,what is the fifth letter of the greek alphabet,epsilon,True,I don't know,0.0,0.0,0.0,contradiction,0,0.11124122887849808,Ancient Greek mechanics.,0.0,0.0,0.0,neutral,0,0.08743060380220413
2690,disorders of the thyroid are located in code categories,,False,I don't know,,,,neutral,0,0.11316148936748505,The most common letter in English is the letter E.,,,,neutral,0,0.057320486754179
2691,list of nfl number 1 overall draft picks,,False,"The team with the worst record the previous year picks first, the next - worst team second, and so on.",,,,entailment,1,0.9682619571685791,NFL team selects a player based on his or her record.,,,,entailment,1,0.7528285980224609
2692,what is the general name for a group of wolves,,False,I don't know,,,,neutral,0,0.33715853095054626,The general states of capitalism are not mutually exclusive and do not represent a fixed order of historical change,,,,neutral,0,0.30117130279541016
2693,who did greece beat to win euro 2004,Portugal,True,I don't know,0.0,0.0,1.0,contradiction,0,0.16101236641407013,/Th> /Th> /Th> /Th> /Th> /Th> /Th> /Th> /Th> /Th> /Th> /Th> /Th,0.0,0.0,1.0,neutral,0,0.2211371809244156
2694,what speed does the space shuttle re-enter earth,100 km,True,I don't know,0.0,0.0,0.0,neutral,0,0.16924826800823212,The dot duration is equal to the dot duration.,0.0,0.0,0.0,neutral,0,0.3038661777973175
2695,what episode does rachel sing go your own way,,False,I don't know,,,,neutral,0,0.2812414765357971,Glee /Th> /Tr> Tr> Tr> Tr> Tr> Tr> Tr> Tr> Tr> Tr> Tr>,,,,entailment,1,0.5230602622032166
2696,who has won the golden slam in tennis,,False,I don't know,,,,neutral,0,0.02651379443705082,The Boston Celtics center Bill Russell holds the record for the most NBA championships won with 11 titles during his 13 - year playing career.,,,,neutral,0,0.0057294731959700584
2697,data analysis cost and benefit analysis of a system,,False,I don't know,,,,neutral,0,0.14158441126346588,The Y -  transform is a mathematical technique to simplify the analysis of an electrical network.,,,,contradiction,0,0.08357527107000351
2698,who does the voice of diane on family guy,Lori Alan,True,I don't know,0.0,0.0,0.0,neutral,0,0.15148836374282837,The Black Knight suffers from unchecked overconfidence and a staunch refusal ever to give up.,0.0,0.0,0.0,neutral,0,0.01266324520111084
2699,who is the second robot in i am frankie,Andrew,True,Seven Deadly Sins,0.0,0.0,0.0,entailment,1,0.6820712685585022,Seven Deadly Sins.,0.0,0.0,0.0,entailment,1,0.7815654277801514
2700,what the plot of once upon a time,,False,I don't know,,,,contradiction,0,0.16214551031589508,"- October 6, 2017 -",,,,contradiction,0,0.13397076725959778
2701,where is the final of u17 world cup,India,True,I don't know,0.0,0.0,1.0,neutral,0,0.19292515516281128,FIFA World Cup final tournaments.,0.0,0.0,1.0,neutral,0,0.278226763010025
2702,what factor led to a civil war in sri lanka,,False,I don't know,,,,contradiction,0,0.2172583043575287,The Constitutional Council /Li> /Li> Supreme Court /Li> Chief Justice : Priyasath Dep /Li> /Li> /Li> Court of Appeal /Li>,,,,contradiction,0,0.1467244029045105
2703,g.i. joe a real american hero toys,,False,I don't know,,,,contradiction,0,0.20616969466209412,The hairless dog is a breed of dog that is a breed of crested dog.,,,,entailment,1,0.802715539932251
2704,when did the lion king movie come out,1994,True,I don't know,0.0,0.0,0.0,contradiction,0,0.015284753404557705,The title  King of the English '' or Rex Anglorum in Latin was first used to describe thelstan by one of his charters in 928.,0.0,0.0,0.0,contradiction,0,0.016905339434742928
2705,who played kristen baxter on last man standing,,False,Jesus,,,,entailment,1,0.48597586154937744,Jacob.,,,,contradiction,0,0.3102043569087982
2706,what kind of milk is gouda cheese made from,cow's milk,True,I don't know,0.0,0.0,0.0,neutral,0,0.15922807157039642,cereals are made from processed cereal grains.,0.0,0.0,0.0,neutral,0,0.18457508087158203
2707,what engine is in the ferrari f1 car,,False,I don't know,,,,contradiction,0,0.05730091407895088,The metric system is an internationally recognised decimalised system of measurement.,,,,contradiction,0,0.1399197280406952
2708,when was the smoking age raised to 18,,False,I don't know,,,,neutral,0,0.07757120579481125,Algeria,,,,neutral,0,0.06775834411382675
2709,who plays lord elrond in lord of the rings,Hugo Wallace Weaving,True,I don't know,0.0,0.0,0.0,contradiction,0,0.09316742420196533,"The Lord of the Rings /Th> /Th> /Tr> Tr> Td colspan=""2""> The Lord of the Rings /Th> /Tr> Td colspan=""2",0.0,0.0,0.0,entailment,1,0.6832267045974731
2710,who played sidney in lark rise to candleford,,False,I don't know,,,,contradiction,0,0.18582101166248322,"The production company responsible for the film was /Th> /Tr> Tr> Tr> Td colspan=""2""> Lark Rise to Candleford /Th> /Tr> Tr> ",,,,neutral,0,0.23950128257274628
2711,who won season 5 of america's got talent,Michael Grimm,True,I don't know,0.0,0.0,0.0,contradiction,0,0.24512879550457,The Sacred Riana /Th> /Th> /Th> /Th> /Th> /Th> /Th> /Th> /Th> /Th> /Th> /Th,0.0,0.0,0.0,entailment,1,0.7611809372901917
2712,do you think you're better off alone- alice dj,,False,I don't know,,,,entailment,1,0.5819063186645508,The time.,,,,entailment,1,0.7542213201522827
2713,the current chief of naval staff in nigeria,Ibok Ekwe Ibas,True,I don't know,0.0,0.0,1.0,contradiction,0,0.09621652960777283,"The current Chief of Naval Staff is Ibok Ekwe Ibas who was appointed on July 13, 2015 by President Muhammadu Buhari to succeeded Usman Oyibe Jibrin.",0.0,0.20689655172413793,1.0,entailment,1,0.9697670340538025
2714,the most effective wpa program was which of the following,,False,weapons of mass destruction,,,,entailment,1,0.664391040802002,The first large scale use of chemical weapons was during World War I.,,,,entailment,1,0.9917735457420349
2715,who won the womens battle royal wrestlemania 34,Naomi,True,I don't know,0.0,0.0,0.0,contradiction,0,0.21618419885635376,The WrestleMania Women's Battle Royal was held at King Abdullah International Stadium /Td> /Tr> /Tr> /Tr> /Tr> /Tr> /Tr> ,0.0,0.0,0.0,neutral,0,0.04310999810695648
2716,the news print paper is obtained from which state in india,Madhya Pradesh,True,national language,0.0,0.0,0.0,neutral,0,0.2203330397605896,language.,0.0,0.0,0.0,neutral,0,0.3040415644645691
2717,who plays henry on once upon a time season 7,Andrew J. West,True,"Once Upon a Time ( season 7 ) /Th> /Th> /Tr> Tr> Td colspan=""2""> Promotional poster /Td> /Tr> Tr> ",0.0,0.0,1.0,entailment,1,0.48705410957336426,"Once Upon a Time ( season 7 ) /Th> /Tr> Tr> Td colspan=""2""> Promotional poster /Td> /Tr> Tr> Th> Starring",0.0,0.0,1.0,entailment,1,0.7654078006744385
2718,when did english merchants form the east india company,31 December 1600,True,India,0.0,0.0,0.0,entailment,1,0.39282166957855225,The British East India Company gradually displaced other powers and brought into existence a British administrative system over most of India.,0.0,0.0,0.0,neutral,0,0.002163593890145421
2719,describe the route which western farm products traveled to markets in the east,,False,I don't know,,,,neutral,0,0.04984598606824875,19th century,,,,contradiction,0,0.030923396348953247
2720,how long should light bodied red wine age,,False,I don't know,,,,neutral,0,0.007035902701318264,The single by Neil Diamond.,,,,neutral,0,0.013371574692428112
2721,most of the geographic expansion of the eu in the 21st century came from which nations,,False,Mexico from being a slave state.,,,,neutral,0,0.04128654673695564,United States from achieving its goals.,,,,neutral,0,0.029915306717157364
2722,when do they find percy in the heroes of olympus,,False,I don't know,,,,neutral,0,0.014806062914431095,"The dogs are wealthy and glamorous and seem to lead charmed lives -- but they find adjusting to the modern world difficult, and when a young woman discovers that a strange, incurable illness threatens them all with extinction.",,,,neutral,0,0.06525109708309174
2723,what does the pig mean in chinese zodiac,,False,I don't know,,,,neutral,0,0.12018449604511261,The Chinese zodiac is a twelfth and last sign of the Earthly Branches (  ).,,,,entailment,1,0.5980986952781677
2724,who is the football coach at georgia southern,Chad Lunsford,True,I don't know,0.0,0.0,1.0,contradiction,0,0.16028878092765808,"Georgia Southern Eagles football /Th> /Tr> /Tr> Td colspan=""2""> Table> /Tr> /Tr> /Tr> /Tr> /",0.0,0.0,1.0,contradiction,0,0.2416730374097824
2725,where does the revenant take place in the movie,,False,World Cup Finals,,,,neutral,0,0.29316914081573486,World Cup Finals.,,,,contradiction,0,0.1881812959909439
2726,how many freshmen college students in the us,,False,I don't know,,,,contradiction,0,0.12993758916854858,The United States and Canada are countries that allow or require school prayer.,,,,entailment,1,0.8759697079658508
2727,when did medicare begin in the united states,1966,True,"Medicare is a single - payer, national social insurance program administered by the U.S. federal government since 1966",0.0,0.1111111111111111,1.0,entailment,1,0.982926607131958,"Medicare is a single - payer, national social insurance program administered by the U.S. federal government since 1966, currently using about 30 -- 50 private insurance companies across the United States under contract for administration.",0.0,0.05882352941176471,1.0,neutral,0,0.13871009647846222
2728,bach violin concerto in d minor for two violins,,False,I don't know,,,,contradiction,0,0.0447823703289032,BWV 1043 /Th> /Th> /Th> /Th> /Th> /Th> /Th> /Th> /Th> /Th> /Th> /Th,,,,entailment,1,0.5783518552780151
2729,where does a baker's cyst come from,knee arthritis,True,I don't know,0.0,0.0,0.0,contradiction,0,0.15858447551727295,"Th colspan=""2""> Baker's cyst /Th> /Th> /Th> /Th> /Th> /Th> /Th> /Th> /Th> /Th",0.0,0.0,0.0,contradiction,0,0.39311516284942627
2730,ict skills in crafting an adaptation of a literary text,,False,I don't know,,,,neutral,0,0.0063996342942118645,The ant industry was portrayed as mean and self - serving.,,,,neutral,0,0.013922719284892082
2731,single flashing yellow light at a junction in europe,,False,Council of Europe,,,,neutral,0,0.20771794021129608,Flag of the Council of Europe.,,,,contradiction,0,0.094493567943573
2732,what happened to the original cast of love it or list it,,False,I don't know,,,,contradiction,0,0.14865870773792267,I love you.,,,,entailment,1,0.9630938172340393
2733,who has the most triple-doubles ever in the nba,Oscar Robertson,True,Larry O'Brien,0.0,0.0,0.0,contradiction,0,0.04365632310509682,The NBA Finals is the championship series for the NBA and the conclusion of the sport's postseason.,0.0,0.0,0.0,contradiction,0,0.013309107162058353
2734,where is burkina faso on the map of africa,,False,I don't know,,,,neutral,0,0.25085246562957764,"The first Test hat - trick was recorded on 2 January 1879, in only the third Test match to take place, by the Australian pace bowler Fred Spofforth, nicknamed  The Demon Bowler '', who dismissed three English batsmen with consecutive",,,,neutral,0,0.12078927457332611
2735,how many players can play lego harry potter,,False,I don't know,,,,contradiction,0,0.17099271714687347,The Lego Batman Movie /Td> /Tr> Tr> Tr> Tr> Tr> Tr> Tr> Tr> Tr> Tr> T,,,,contradiction,0,0.06176474690437317
2736,who died from the movie fast and furious,Paul Walker,True,I don't know,0.0,0.0,0.0,neutral,0,0.2627076208591461,The Turbo Charged Prelude for 2 Fast 2 Furious ( 2003 ) /Li> Li> Los Bandoleros ( 2009 ) /Li> /Li> /Li>,0.0,0.0,0.0,neutral,0,0.3255375027656555
2737,sa re ga ma pa 2014 contestants name,,False,I don't know,,,,contradiction,0,0.2201434075832367,The Sa Re Ga Ma Pa /Th> /Th> /Th> /Th> /Th> /Th> /Th> /Th> /Th> /Th> /Th> /,,,,entailment,1,0.5029699206352234
2738,where is the big 12 baseball tournament held,"at Chickasaw Bricktown Ballpark in Oklahoma City, Oklahoma",True,I don't know,0.0,0.0,0.0,contradiction,0,0.12331482023000717,NCAA Tournament.,0.0,0.0,0.0,entailment,1,0.5917007923126221
2739,who is the chairman of the lok sabha,the Vice President of India,True,I don't know,0.0,0.0,0.0,neutral,0,0.009701109491288662,The maximum size of the Lok Sabha as outlined in the Constitution of India is 552 members made up of up to 530 members representing people of the states of India and up to 20 members representing people from the Union Territories.,0.0,0.1276595744680851,0.0,neutral,0,0.008921511471271515
2740,where did mark get his information to write his gospel,"a variety of pre-existing sources, such as conflict stories (Mark 2:1–3:6), apocalyptic discourse (4:1–35), and collections of sayings",True,I don't know,0.0,0.0,0.0,neutral,0,0.10266394913196564,The Fourth Amendment.,0.0,0.0,0.0,neutral,0,0.10455478727817535
2741,do you fly the flag at half staff on labor day,,False,I don't know,,,,neutral,0,0.32379207015037537,Flag of the Benelux /Tr> Tr> Tr> Tr> Tr> Tr> Tr> Tr> Tr> Tr> Tr> ,,,,neutral,0,0.08285653591156006
2742,pictures of a parallelogram with a right angle that is not a rectangle,,False,I don't know,,,,contradiction,0,0.13747459650039673,The rhombus is a polygon.,,,,contradiction,0,0.1075538843870163
2743,why are there 2 basketball teams in la,,False,I don't know,,,,neutral,0,0.003482605330646038,The following are the major professional teams in the Los Angeles area.,,,,neutral,0,0.00973160658031702
2744,what kind of material makes up the object labeled conductor,,False,I don't know,,,,neutral,0,0.25176507234573364,"is a law of motion, the object is moving at a constant speed.",,,,contradiction,0,0.09911328554153442
2745,who played the beast in the movie shot caller,Holt McCallany,True,I don't know,0.0,0.0,0.0,neutral,0,0.17038536071777344,Serie A games,0.0,0.0,0.0,neutral,0,0.17217987775802612
2746,who wants to be a millionaire australia eddie mcguire,,False,Who Wants to Be a Millionaire?,,,,entailment,1,0.7790917158126831,"Who Wants to Be a Millionaire? /Th> /Tr> /Tr> Th colspan=""2""> Who Wants to Be a Millionaire /Th> /Tr> Table> ",,,,entailment,1,0.6014513373374939
2747,how much land did mexico lose in the mexican american war,,False,I don't know,,,,contradiction,0,0.0761728510260582,The Mexican -- American War lasted from 1846 until 1848.,,,,neutral,0,0.3035588562488556
2748,where was the movie the longest day filmed,,False,I don't know,,,,contradiction,0,0.03504367545247078,No person was a person,,,,contradiction,0,0.010484441183507442
2749,who plays the frog on gnomeo and juliet,Ashley Jensen,True,Robin the Frog,0.0,0.0,0.0,contradiction,0,0.2850642204284668,The song was later sung by John Denver and Robin the Frog in the 1979 television special John Denver and the Mu.,0.0,0.0,0.0,neutral,0,0.003510351525619626
2750,who was the pale rider supposed to be,Death,True,I don't know,0.0,0.0,0.0,neutral,0,0.0153049910441041,The simplest solution tends to be the correct one.,0.0,0.0,0.0,neutral,0,0.07203901559114456
2751,guy who played opie on sons of anarchy,Ryan Douglas Hurst,True,Tracy Beaker,0.0,0.0,0.0,contradiction,0,0.06183166429400444,The Dumping Ground.,0.0,0.0,0.0,contradiction,0,0.054056428372859955
2752,who does the green arrow marry in the comics,Black Canary,True,I don't know,0.0,0.0,1.0,neutral,0,0.17814156413078308,The arrow is a.,0.0,0.0,1.0,neutral,0,0.34636035561561584
2753,where was kal ho na ho shot in new york,,False,I don't know,,,,contradiction,0,0.17878979444503784,/P>,,,,contradiction,0,0.40047571063041687
2754,who did the peoples party nominate for president in 1892,James B. Weaver,True,I don't know,0.0,0.0,0.0,contradiction,0,0.046776287257671356,"The United States presidential line of succession follows the order of Vice President, Speaker of the House of Representatives, President pro tempore of the Senate, and then the heads of federal executive departments who form the Cabinet of the United States.",0.0,0.0,0.0,neutral,0,0.02548527903854847
2755,which of the following is not included as a key component of grit,,False,I don't know,,,,neutral,0,0.10557802766561508,Japan,,,,neutral,0,0.13904576003551483
2756,where was the movie fast times at ridgemont high filmed,,False,I don't know,,,,contradiction,0,0.20773504674434662,"Fast Times at Ridgemont High /Th> /Th> /Th> Tr> Th colspan=""2""> Fast Times at Ridgemont High /Th> /Th> Tr> Tr> ",,,,entailment,1,0.606528103351593
2757,who took the israelites to the promised land,Joshua,True,Land,0.0,0.0,0.0,neutral,0,0.10961522161960602,"The Crown was a sovereign monarch, known as The Crown, held land in its own hands.",0.0,0.0,0.0,neutral,0,0.06453210860490799
2758,how did france help america win the revolutionary war,,False,French were involved in the war.,,,,entailment,1,0.8005045652389526,French were allowed to enter the country.,,,,neutral,0,0.15572093427181244
2759,what is the meaning of sap erp system,enterprise resource planning software,True,I don't know,0.0,0.0,0.0,neutral,0,0.039150312542915344,The term  cracker '' was in use during the Elizabethan era to describe braggarts.,0.0,0.0,0.0,entailment,1,0.9721102714538574
2760,when did ha long bay become a world heritage site,1994,True,I don't know,0.0,0.0,1.0,contradiction,0,0.2567340135574341,/Tr> /Tr> /Tr> /Tr> /Tr> /Tr> /Tr> /Tr> /Tr> /Tr> /T,0.0,0.0,1.0,entailment,1,0.4760226905345917
2761,what does it mean when an enzyme has an allosteric activator,,False,Greek,,,,entailment,1,0.603307843208313,The earliest evidence of the discipline is in the ancient Greek language.,,,,entailment,1,0.790636420249939
2762,who came up with the navajo code talkers,,False,I don't know,,,,neutral,0,0.1458556056022644,Roman Empire came to dominate the entire Mediterranean basin.,,,,neutral,0,0.034195590764284134
2763,who sang the original version of red red wine,Neil Diamond,True,I don't know,0.0,0.0,1.0,neutral,0,0.03119189292192459,The Doll's version of the story was a pre-Perrault version of the story.,0.0,0.0,1.0,neutral,0,0.057632751762866974
2764,what is a ec number for a chemical,,False,I don't know,,,,contradiction,0,0.015816040337085724,Plants have a pH range of 5.5.,,,,contradiction,0,0.0330968052148819
2765,who was always on my mind written for,,False,I don't know,,,,neutral,0,0.2215856909751892,"/Th> /Tr> Th colspan=""2"">  Always on My Mind '' /Th> /Tr> /Tr> Th colspan=""2""> Song by Gwen McCr",,,,entailment,1,0.4314694404602051
2766,who appoints the governor and deputy governors of rbi,The Government of India,True,I don't know,0.0,0.0,0.0,contradiction,0,0.06802348047494888,"The governor is appointed by the President of India for a term of five years, and holds office at the President's pleasure.",0.0,0.23076923076923075,0.0,neutral,0,0.006482461467385292
2767,where does the last name vickers come from,,False,John Vickers (                              ,,,,contradiction,0,0.055011048913002014,John Vickers may also refer to:,,,,neutral,0,0.16289564967155457
2768,who voices the bears in we bare bears,Eric Edelstein,True,I don't know,0.0,0.0,1.0,contradiction,0,0.19494841992855072,"We Bare Bears /Th> /Th> /Tr> Tr> Td colspan=""2""> /Tr> /Tr> Tr> Th> Genre /Th",0.0,0.0,1.0,entailment,1,0.5599562525749207
2769,who was amy dowden partner on strictly 2017,comedian Brian Conley,True,"2""> Amy Dowden /Th> /Th> /Th> Td>",0.0,0.0,0.0,neutral,0,0.1441272348165512,Amy Dowden /Th> /Th> /Th> /Th> /Th> Td> Amy Dowden /Th> /Th> /Th> Td> Amy Dowden /Th>,0.0,0.0,0.0,neutral,0,0.10942231863737106
2770,who played the bird woman in mary poppins,Jane Darwell,True,I don't know,0.0,0.0,0.0,contradiction,0,0.04013609513640404,"/P> Ol> Li> have played at least one Serie A game for the respective club ( seasons in which and teams for, a player, did not collected any caps in Serie A, have NOT to be listed ).",0.0,0.0,0.0,contradiction,0,0.01578640565276146
2771,i love you it like you're a disease,,False,I don't know,,,,entailment,1,0.5819063186645508,The time.,,,,entailment,1,0.7542213201522827
2772,bilal was from a country in africa called,,False,Early human societies,,,,entailment,1,0.47865310311317444,Human societies.,,,,entailment,1,0.5255929827690125
2773,where did the phrase when pigs fly come from,Scottish proverb,True,I don't know,0.0,0.0,0.0,neutral,0,0.367917001247406,The phrase  when pigs fly '' is an adynaton.,0.0,0.0,0.0,entailment,1,0.9397544264793396
2774,where is the setting for leave it to beaver,United States,True,I don't know,0.0,0.0,1.0,neutral,0,0.21586690843105316,United States.,1.0,1.0,1.0,neutral,0,0.39370256662368774
2775,who was the most widely known african american abolitionist,,False,I don't know,,,,neutral,0,0.13616742193698883,"The poem was written by Jonathan Swift, who was most famous for his book Gulliver's Travels.",,,,neutral,0,0.022378645837306976
2776,who was the first person to invented the light bulb,,False,I don't know,,,,neutral,0,0.10908443480730057,"From 1998 to 2000 and since 2015, the number of finalists was increased to six.",,,,entailment,1,0.7404694557189941
2777,where did troops leave from on d day,,False,I don't know,,,,contradiction,0,0.15955780446529388,"The Supremes /Th> /Th> Tr> Th colspan=""2""> /Tr> Tr> Td colspan=""2""> /Tr> /Tr> ",,,,contradiction,0,0.37745702266693115
2778,where did clap and a half come from,Patrick reclaimed from his seventh grade Social Studies teacher,True,I don't know,0.0,0.0,0.0,neutral,0,0.156317338347435,The Supremes ),0.0,0.0,0.0,entailment,1,0.5777339339256287
2779,like bebop hard bop was very popular and attractive millions of dancers,,False,Java,,,,neutral,0,0.1610230803489685,Java is a programming language that is used to develop web applications.,,,,neutral,0,0.18396174907684326
2780,role of uno in maintaining world peace wikipedia,,False,I don't know,,,,neutral,0,0.05264286324381828,"The United States has taken a leadership role among the less developed nations, while the United States has taken a similar role for the developed nations.",,,,neutral,0,0.01277682464569807
2781,van der waals constants in terms of critical properties,,False,I don't know,,,,neutral,0,0.11386769264936447,"The identity of the longest word in English depends upon the definition of what constitutes a word in the English language, as well as how length should be compared.",,,,neutral,0,0.36057114601135254
2782,scientist who lost life in their own discovery,Marie Curie,True,adulthood,0.0,0.0,0.0,neutral,0,0.19469644129276276,adulthood,0.0,0.0,0.0,neutral,0,0.19469644129276276
2783,give two reasons why workers should join a trade union,,False,I don't know,,,,contradiction,0,0.197121262550354,The Black Knight is a fictional character who appears in a scene of the film Monty Python and the Holy Grail.,,,,entailment,1,0.9769678115844727
2784,which of the following was not part of the american system,,False,I don't know,,,,neutral,0,0.1548774391412735,"The sentence "" /P> P> The sentence "" /P> P> The sentence "" /P> P> The sentence "" /P> P> The sentence "" /P> P> The sentence "" ",,,,entailment,1,0.5011133551597595
2785,does the uk have an embassy in every country,,False,I don't know,,,,contradiction,0,0.07246547192335129,a tropical cyclone.,,,,contradiction,0,0.06707774102687836
2786,who wrote the song i will follow him,Norman Gimbel,True,I don't know,0.0,0.0,1.0,neutral,0,0.2675611674785614,"Little Peggy March /Th> /Th> /Th> Tr> Th colspan=""2"">  I Will Follow Him '' /Th> /Th> /Tr> Td col",0.0,0.0,1.0,entailment,1,0.6860804557800293
2787,where are mixed regions of coniferous and deciduous forests found,,False,I don't know,,,,neutral,0,0.033882878720760345,The state tree and state flower are sandalwood ( Santalum album).,,,,neutral,0,0.008927861228585243
2788,the ability to communicate effectively is an example of a transferable skil,,False,I don't know,,,,neutral,0,0.07494913786649704,The fluid velocity at all fluid -- solid boundaries is equal to that of the solid boundary.,,,,neutral,0,0.04287896677851677
2789,snow white and the huntsman movie heroine name,Kristen Stewart,True,I don't know,0.0,0.0,1.0,contradiction,0,0.16786377131938934,Snow White and the Seven Dwarfs /Td> /Tr> Tr> Tr> Tr> Th> First appearance /Th> Td> Snow White and the Seven Dwarfs ( 1937 ,0.0,0.0,1.0,entailment,1,0.5646265149116516
2790,how many teams from asia will qualify for world cup 2018,five,True,I don't know,0.0,0.0,1.0,neutral,0,0.19630450010299683,"The knockout stage was the second and final stage of the World Cup, following the group stage.",0.0,0.0,1.0,neutral,0,0.12872540950775146
2791,who would take over if the president dies,Vice President,True,President of the Church,0.0,0.3333333333333333,1.0,neutral,0,0.3555369973182678,President of the Church.,0.0,0.3333333333333333,1.0,neutral,0,0.024671044200658798
2792,define the tao—or explain why we cannot define the tao yet can experience it,,False,I don't know,,,,neutral,0,0.08960889279842377,The LAPD Major Crimes squad is a police squad that operates in Los Angeles.,,,,neutral,0,0.08761710673570633
2793,what is the problem with the water in flint michigan,,False,I don't know,,,,neutral,0,0.05678355321288109,The water towers.,,,,entailment,1,0.738926351070404
2794,who sang they paved paradise and put up a parking lot,,False,Nefcy had worked as an artist for Disney's Wander Over Yonder and Nickelodeon's Robot and Monster.,,,,neutral,0,0.004877336788922548,Nefcy had worked as an artist for Disney's Wander Over Yonder and Nickelodeon's Robot and Monster.,,,,neutral,0,0.004877336788922548
2795,who does the voice of dory in finding dory,Ellen DeGeneres,True,I don't know,0.0,0.0,0.0,neutral,0,0.0718403235077858,Flight data.,0.0,0.0,0.0,neutral,0,0.04893314838409424
2796,what stage did spain get to in 2014 world cup,,False,I don't know,,,,contradiction,0,0.055884379893541336,The draw for the first round ( group stage ) was held on 30 June with the round of 16.,,,,contradiction,0,0.01367317233234644
2797,where did the name marinara sauce come from,,False,I don't know,,,,contradiction,0,0.09469881653785706,Nero.,,,,contradiction,0,0.05655715614557266
2798,stimulate inflammatory reaction in response to injury or infection,,False,I don't know,,,,neutral,0,0.06659851223230362,"The ABO blood group system is used to denote the presence of one, both, or neither of the A and B antigens on erythrocytes.",,,,entailment,1,0.9653734564781189
2799,how do the canadian territories differ from the provinces,,False,I don't know,,,,neutral,0,0.07565979659557343,Canada,,,,neutral,0,0.1845119744539261
2800,when do we vote for a new governor in california,"November 6, 2018",True,I don't know,0.0,0.0,0.0,neutral,0,0.11072696000337601,The Twentieth Amendment requires each elector to cast one vote for president and another vote for vice president.,0.0,0.0,0.0,contradiction,0,0.1312456727027893
2801,when does season 5 of the blacklist come out,"November 15, 2017",True,I don't know,0.0,0.0,0.0,neutral,0,0.21345281600952148,Communist sympathies.,0.0,0.0,0.0,neutral,0,0.17126166820526123
2802,aye mere watan ke logo song in hindi written pdf,,False,I don't know,,,,neutral,0,0.20616424083709717,"The song was written by Lata Mangeshkar and released on 27 January 1963 ( 1963 - 01 - 27 ) at the National Stadium, New Delhi.",,,,entailment,1,0.9671614170074463
2803,timeline of us foreign policy in latin america,,False,I don't know,,,,neutral,0,0.07927241176366806,"The United States government has unofficially regarded parts of Latin America as within its sphere of influence, and for much of the past century, the United States has actively vied with the Soviet Union for influence in the Western Hemisphere.",,,,neutral,0,0.008522219955921173
2804,how many high schools are there in florida,,False,I don't know,,,,neutral,0,0.005051921121776104,Florida.,,,,neutral,0,0.007958556525409222
2805,what software have you used to manage projects in the past,,False,I don't know,,,,neutral,0,0.0755876898765564,You can't have your cake and eat it ( too ) is a popular English idiomatic proverb or figure of speech.,,,,entailment,1,0.9761762022972107
2806,how many cities in the state of illinois,,False,I don't know,,,,neutral,0,0.005800111219286919,State of Illinois is located in the Midwestern United States.,,,,neutral,0,0.17051725089550018
2807,who discovered that animals were made of cells,Henri Dutrochet,True,solid,0.0,0.0,0.0,neutral,0,0.19299045205116272,Earth.,0.0,0.0,0.0,neutral,0,0.027544055134058
2808,what happened to the boy from sleepless in seattle,,False,I don't know,,,,neutral,0,0.052889250218868256,Robert E. Geiger was a reporter for the Associated Press.,,,,neutral,0,0.04310375079512596
2809,what is the definition of the taft hartley act,,False,I don't know,,,,contradiction,0,0.22405153512954712,"/Td> /Tr> /Tr> /Tr> Th> An Act to amend the National Labor Relations Act, to provide additional facilities for the mediation of labor disputes affecting commerce, to equalize legal responsibilities of labor organizations and",,,,entailment,1,0.7160077691078186
2810,who plays sherman in mr peabody and sherman,Max Charles,True,"Mr. Peabody & Sherman /Th> /Th> /Tr> Tr> Td colspan=""2""> Theatrical release poster /Th> /Tr> /Tr> ",0.0,0.0,1.0,contradiction,0,0.16623669862747192,"Mr. Peabody & Sherman /Th> /Th> Tr> Th colspan=""2""> Mr. Peabody & Sherman /Th> /Th> Tr> Td colspan=""",0.0,0.0,1.0,entailment,1,0.5375028848648071
2811,who plays oz in oz the great and powerful,James Franco,True,Canada,0.0,0.0,1.0,contradiction,0,0.1783776879310608,is a large spoon used for serving or eating.,0.0,0.0,1.0,neutral,0,0.17651954293251038
2812,when was the last superbowl the cowboys won,1995,True,I don't know,0.0,0.0,0.0,contradiction,0,0.04031169041991234,"The Cowboys have played for 10 NFL Championships and have won 5, all five being Super Bowls.",0.0,0.0,0.0,entailment,1,0.5728808045387268
2813,what do you mean by analysis and design,"Systems analysis, a method of studying a system by examining its component parts and their interactions",True,I don't know,0.0,0.0,0.0,neutral,0,0.23910945653915405,"The single was released on January 9, 1995.",0.0,0.0,0.0,entailment,1,0.9455500245094299
2814,where was ross and emily's wedding filmed,"on locations in London, and in front of a live studio audience at The Fountain Studios",True,"Sarah, Duchess of Cambridge",0.0,0.1,0.0,neutral,0,0.23748309910297394,"The episode aired on May 7, 1998.",0.0,0.17391304347826086,0.0,neutral,0,0.005713487043976784
2815,four category of the system used in india,,False,Java,,,,neutral,0,0.24334172904491425,The Saka calendar is also used in Java and Bali among Indonesian Hindus.,,,,neutral,0,0.007132397964596748
2816,what are 3 different forms of potential energy,,False,I don't know,,,,contradiction,0,0.14674031734466553,"Electrochemical potential, the chemical gradient is the same as the electrical gradient.",,,,neutral,0,0.08889159560203552
2817,who has the executive power in south carolina,the governor,True,I don't know,0.0,0.0,0.0,contradiction,0,0.21598494052886963,The Seal of South Carolina was created in 1789.,0.0,0.1818181818181818,0.0,entailment,1,0.9098399877548218
2818,who won women's cricket world cup 2015,,False,I don't know,,,,contradiction,0,0.17283077538013458,"The most successful nation in the competition are currently Brazil, who have won the cup on five occasions.",,,,entailment,1,0.9892356991767883
2819,bob marley & the wailers - catch a fire,,False,I don't know,,,,neutral,0,0.15767785906791687,The Wailers /Th> /Tr> /Tr> Tr> Th> Tr> Th> Studio album by The Wailers /Th> /Tr> /Tr> ,,,,entailment,1,0.7654132843017578
2820,what episode did penny and leonard get back together,,False,I don't know,,,,contradiction,0,0.09387455880641937,/P>,,,,contradiction,0,0.2893064022064209
2821,death of the salesman summary by arthur miller,,False,I don't know,,,,neutral,0,0.2828616499900818,The lyrical poem is a lyrical poem by Emily Dickinson.,,,,neutral,0,0.10116367787122726
2822,how to write i love you in indonesian,,False,I don't know,,,,entailment,1,0.5819063186645508,The time.,,,,entailment,1,0.7542213201522827
2823,i've got a brand new roller skate song,,False,I don't know,,,,neutral,0,0.1778128743171692,"Melanie Safka /Tr> /Tr> /Tr> /Tr> Th colspan=""2""> /Tr> Th colspan=""2""> Single by Melanie /Th> ",,,,neutral,0,0.3220563232898712
2824,when did the first pacific rim come out,2013,True,I don't know,0.0,0.0,1.0,neutral,0,0.17381253838539124,"The first two pitchers to accomplish the feat did so in 1880, under rules that differed in many important respects from those of today's game : for example, only underhand pitching -- from a flat, marked - out box 45 feet from home plate --",0.0,0.0,1.0,neutral,0,0.011621522717177868
2825,who did beyonce write best thing i never had about,,False,I don't know,,,,neutral,0,0.22017395496368408,"Beyoncé /Th> /Th> /Tr> Tr> Td colspan=""2""> /Tr> /Tr> /Tr> /Th> Th col",,,,entailment,1,0.5385348796844482
2826,when is the start of the 2018 nba season,"October 16, 2018",True,I don't know,0.0,0.0,0.0,neutral,0,0.24592159688472748,The NBA salary cap is the maximum dollar amount each team can spend on its players for the season.,0.0,0.0,0.0,neutral,0,0.0718320682644844
2827,when do we move into the age of aquarius,,False,I don't know,,,,neutral,0,0.1705850511789322,whiskers are a term used to refer to human facial hair.,,,,entailment,1,0.3941144645214081
2828,who sings i dreamed a dream in les miserables,the character Fantine,True,dream,0.0,0.0,0.0,entailment,1,0.516768753528595,The vision is a prophecy in chapter 37 of the Book of Ezekiel.,0.0,0.125,0.0,neutral,0,0.006856718100607395
2829,who posts that learning is a central process in understanding human behaviour,,False,I don't know,,,,neutral,0,0.04087159410119057,The science education resource center is a specialized educational resource for the science education community.,,,,neutral,0,0.10040630400180817
2830,where did the phrase man's best friend come from,,False,I don't know,,,,neutral,0,0.09130871295928955,The Aran Islands.,,,,neutral,0,0.08816201984882355
2831,what happened to lynette's twins on desperate housewives,,False,I don't know,,,,contradiction,0,0.08023416250944138,The sentence '' Black Sunday '' is the fifth verse of the fifth chapter of the Gospel of Matthew in the New Testament.,,,,neutral,0,0.016199953854084015
2832,what movie is the song the only exception in,,False,"Springtown, Tennessee",,,,entailment,1,0.8156812787055969,The song is in common use in England.,,,,neutral,0,0.008564473129808903
2833,do you need a license to have a pellet gun,,False,I don't know,,,,neutral,0,0.19613848626613617,"The studios where the song was recorded are: Sticky Studios ; /Li> Li> Surrey, England /Li> Dean Street Studios ; Sticky Studios ; /Li> Li> Surrey, England /",,,,neutral,0,0.008282225579023361
2834,ti you can have what ever you like,,False,I don't know,,,,entailment,1,0.5819063186645508,The time.,,,,entailment,1,0.7542213201522827
2835,what is meant by terrorism in urdu language,,False,I don't know,,,,neutral,0,0.037046756595373154,"The core of English language descends from Old English, the language brought with the Angles, Saxon, and Jutish settlers to what was to be called England in and after the 500s.",,,,entailment,1,0.8961800932884216
2836,when did the last harry potter movie come out in theaters,2011,True,I don't know,0.0,0.0,0.0,contradiction,0,0.1687239408493042,"Lord Voldemort /Th> /Th> /Tr> Tr> Td colspan=""2""> Lord Voldemort /Th> /Tr> Tr> Td cols",0.0,0.0,0.0,contradiction,0,0.15837623178958893
2837,who pays the majority of taxes in canada,,False,I don't know,,,,neutral,0,0.03674682229757309,The term Full employment is defined by the majority of mainstream economists as being an acceptable level of unemployment somewhere above 0 %.,,,,neutral,0,0.025331595912575722
2838,who won india's first olympic medal in badminton,,False,I don't know,,,,contradiction,0,0.008950160816311836,"Jawaharlal Nehru was sworn in on 15 August 1947, when India gained independence from the British.",,,,contradiction,0,0.030041614547371864
2839,when was the last time there was a full moon on good friday,,False,Bank Holidays Act 1871,,,,neutral,0,0.17240729928016663,"Bank of England observed about 33 saints'days and religious festivals as holidays, but in that year this was reduced to four : 1 May ( May Day ), 1 November ( All Saints'Day ), Good Friday and Christmas Day.",,,,neutral,0,0.18853023648262024
2840,what kind of food do they eat in bahamas,,False,I don't know,,,,contradiction,0,0.20313508808612823,Aerosmith /Th> /Th> /Tr> /Tr> /Tr> /Tr> /Th> /Th> /Th> /Th> /Th> /,,,,entailment,1,0.7391864061355591
2841,when was the last time england was in the semi finals,,False,Netherlands ( reigning champion ),,,,neutral,0,0.03450743854045868,"The 2014 FIFA World Cup consisted of Spain, the Netherlands, Chile, and Australia.",,,,contradiction,0,0.01563139446079731
2842,when did old 10p go out of circulation,January 2013,True,I don't know,0.0,0.0,0.0,neutral,0,0.156317338347435,The Supremes ),0.0,0.0,0.0,entailment,1,0.5777339339256287
2843,where is the origin of the frontalis muscle,Galea aponeurotica,True,I don't know,0.0,0.0,1.0,contradiction,0,0.2105497270822525,m_22 / 12549942 /Td> /Tr> Tr> Th> TA /Th> Td> A04. 1.03. 004 /Td> ,0.0,0.0,1.0,contradiction,0,0.1502857804298401
2844,the four essential elements for life are _,Freedom of speech,True,I don't know,0.0,0.0,0.0,neutral,0,0.13064537942409515,The electron configurations of elements beyond hassium are predicted.,0.0,0.16666666666666666,0.0,neutral,0,0.34622660279273987
2845,when is the last time england got to the semi final,1990,True,I don't know,0.0,0.0,0.0,neutral,0,0.049001384526491165,king of Mercia was crowned King of England.,0.0,0.0,0.0,contradiction,0,0.011198030784726143
2846,where is the 3rd state of origin played 2017,,False,Karnataka,,,,neutral,0,0.17336396872997284,The state of Karnataka in South India has a rich diversity of flora and fauna.,,,,neutral,0,0.28705915808677673
2847,what does the name madison mean in german,,False,I don't know,,,,neutral,0,0.09953892230987549,The key Founding Fathers are listed below.,,,,entailment,1,0.7277020812034607
2848,what type of interest group is the humane society,,False,I don't know,,,,contradiction,0,0.05552547425031662,"The first systematic Hollywood blacklist was instituted on November 25, 1947, the day after ten writers and directors were cited for contempt",,,,contradiction,0,0.09703344851732254
2849,redstone solar thermal power tower in northern cape,,False,I don't know,,,,neutral,0,0.13437195122241974,"The location of Redstone Solar Thermal Power is located at Postmasburg, Northern Cape Province, South Africa /Td> /Tr> /Tr> /Tr> /Tr> /Tr> /Tr",,,,entailment,1,0.9366466403007507
2850,who is the singing voice of jasmine in aladdin,Maria Lea Carmen Imutan Salonga,True,The Dumping Ground,0.0,0.0,0.0,neutral,0,0.04816266894340515,The Dumping Ground.,0.0,0.0,0.0,neutral,0,0.06026814132928848
2851,scott pilgrim vs the world evil exes list,,False,I don't know,,,,entailment,1,0.5402327179908752,"Greek texts do not contain the adjective epiousios, which does not appear in any other classical or Koine Greek literature ;",,,,contradiction,0,0.03333760425448418
2852,when did the mint start making proof sets,1936,True,I don't know,0.0,0.0,0.0,neutral,0,0.13218165934085846,"atomic theory is a scientific theory of the nature of matter, which states that matter is composed of discrete units called atoms.",0.0,0.0,0.0,neutral,0,0.18622595071792603
2853,who plays leonard's mother on the big bang theory,,False,I don't know,,,,contradiction,0,0.16481269896030426,The Big Bang Theory /Th> /Th> /Tr> Tr> Tr> Th> Episode no. /Th> Td> Season 5 Episode 13 /Td> /Tr>,,,,entailment,1,0.6356690526008606
2854,where do we go from here movie 1945,,False,I don't know,,,,contradiction,0,0.14691674709320068,Theatrical Poster /Td> /Tr> /Tr> Tr> Th> Directed by /Th> Td> Gregory Ratoff /Td> /Tr> ,,,,entailment,1,0.4556634724140167
2855,who was the priest sent to jerusalem after the dedication of the temple,,False,I don't know,,,,contradiction,0,0.11750433593988419,"The most contentious disputes revolved around composition and election of the Senate, how  proportional representation '' was to be defined ( whether to include slaves or other property ), whether to divide the executive power between three persons or invest the power into a single president, how to",,,,neutral,0,0.003135938895866275
2856,the know-nothing party was strong in all of the following places except,,False,I don't know,,,,contradiction,0,0.18310415744781494,American nationalism Anti-Catholicism Populism Nativism Republicanism /Td> /Tr> /Tr> /Tr> /Tr> /Tr> /Tr> /Tr>,,,,contradiction,0,0.19342143833637238
2857,when was the last time the us won the llws,,False,I don't know,,,,neutral,0,0.13763564825057983,Super Bowl - was the first televised game.,,,,neutral,0,0.09361391514539719
2858,when did the forty hour work week begin,,False,I don't know,,,,contradiction,0,0.20131078362464905,The arrow is a joule.,,,,contradiction,0,0.09506651759147644
2859,you can tune a piano but you can't tuna fish joe walsh,,False,I don't know,,,,neutral,0,0.1859387904405594,"You Can Tune a Piano, but You Can't Tuna Fish /Th> /Tr> /Tr> Tr> Td colspan=""2""> /Tr> /Tr>",,,,entailment,1,0.4126860499382019
2860,when did the affordable healthcare act go into effect,"March 23, 2010",True,United States Congress,0.0,0.0,1.0,entailment,1,0.5739652514457703,"The Patient Protection and Affordable Care Act was enacted by the 111th United States Congress on March 23, 2010.",0.0,0.2727272727272727,1.0,entailment,1,0.9874938130378723
2861,the first vice president of india who became the president later,Sarvepalli Radhakrishnan,True,I don't know,0.0,0.0,0.0,neutral,0,0.031583789736032486,"The United States presidential line of succession follows the order of Vice President, Speaker of the House of Representatives, President pro tempore of the Senate, and then the heads of federal executive departments who form the Cabinet of the United States.",0.0,0.0,0.0,neutral,0,0.039096899330616
2862,who played cindy brady in a very brady christmas,Jennifer Runyon,True,I don't know,0.0,0.0,1.0,contradiction,0,0.3721756041049957,"Pat Brady ( actor ) ( 1914 -- 1972 ), best known as the  comical sidekick '' to Roy Rogers /Li> Li> Li> Pat Brady ( American football ) ( 1926 -- 2009 ) ",0.0,0.0,1.0,entailment,1,0.692523181438446
2863,what episode of american dad is krampus on,the eighth episode of the tenth season,True,I don't know,0.0,0.0,0.0,contradiction,0,0.17485876381397247,American Dad!,0.0,0.0,0.0,entailment,1,0.7469790577888489
2864,when was the last time world cup was held in england,1966,True,I don't know,0.0,0.0,0.0,neutral,0,0.07875131070613861,The 2018 FIFA World Cup qualification UEFA Group F was one of the nine UEFA groups for 2018 FIFA World Cup qualification.,0.0,0.0,0.0,entailment,1,0.9679791331291199
2865,write a note on history of english novel,,False,I don't know,,,,neutral,0,0.025203393772244453,"The poem is one of several  Great Odes of 1819 '', which includes  Ode on Indolence '',  Ode on Melancholy '',  Ode to a Nightingale '',",,,,entailment,1,0.9279037714004517
2866,are there sea turtles in the pacific ocean,,False,I don't know,,,,neutral,0,0.07997202128171921,The climate in various localities of Georgia depends on how close to the Equator.,,,,neutral,0,0.07638455927371979
2867,what type of car does dwight schrute drive,1987 Pontiac Trans Am,True,I don't know,0.0,0.0,0.0,contradiction,0,0.011654499918222427,The song is a pro-American number.,0.0,0.0,0.0,entailment,1,0.5321771502494812
2868,what is the green lantern's super power,,False,AFL and NFL,,,,neutral,0,0.2622525095939636,AFL and NFL.,,,,contradiction,0,0.18078939616680145
2869,what is apollo the god of in roman mythology,music,True,I don't know,0.0,0.0,1.0,neutral,0,0.21616050601005554,"Apollo Belvedere, ca. 120 -- 140 CE /Td> /Tr> Tr> Tr> Th> Abode /Th> Mount Olympus /Tr> /Tr",0.0,0.0,1.0,contradiction,0,0.3298393189907074
2870,what do you get with diablo 3 ultimate evil edition,the original console version of Diablo III,True,P>,0.0,0.0,0.0,contradiction,0,0.19262254238128662,The song was first performed in Annie Get Your Gun by Ethel Merman and Ray Middleton.,0.0,0.08695652173913043,0.0,entailment,1,0.9775766730308533
2871,where did the chinese tallow tree come from,eastern Asia,True,I don't know,0.0,0.0,0.0,neutral,0,0.2009354829788208,The Supremes.,0.0,0.0,0.0,entailment,1,0.8860556483268738
2872,what was the role of a vizier in ancient egypt,,False,I don't know,,,,contradiction,0,0.07301782071590424,"The fourth great river civilization emerged around 1700 BCE along the Yellow River in China, also known as the Huang - He River Civilization.",,,,entailment,1,0.9904706478118896
2873,where does the phrase the whole shooting match come from,,False,The Fabulous Moolah,,,,contradiction,0,0.15902996063232422,The match was originally named The Fabulous Moolah Memorial Battle Royal in honor of The Fabulous Moolah -- a WWE Hall of Famer billed as a pioneer of women's wrestling.,,,,neutral,0,0.021335067227482796
2874,the virus in rise of the planet of the apes,ALZ-113,True,I don't know,0.0,0.0,0.0,contradiction,0,0.12583240866661072,The original series of Planet of the Apes was created by Pierre Boulle.,0.0,0.0,0.0,entailment,1,0.8784406781196594
2875,one major difference in the hellenistic and the classical sculpture is,"Common people, women, children, animals and domestic scenes became acceptable subjects for sculpture",True,membranes,0.0,0.0,0.0,entailment,1,0.5158795714378357,The difference in electric potential generates a force that drives ion diffusion until the charges are balanced on both sides.,0.0,0.0,0.0,neutral,0,0.11203382164239883
2876,who used the term element for the first time,Plato,True,I don't know,0.0,0.0,0.0,neutral,0,0.06555311381816864,"Bank Holidays Act 1871 was a colloquial term for a public holiday in the United Kingdom, some Commonwealth countries, Hong Kong and the Republic of Ireland.",0.0,0.0,0.0,entailment,1,0.6928204894065857
2877,who led the movement for vietnam's independence from french rule,,False,Indochina Wars,,,,entailment,1,0.8559015393257141,The French were able to take over Vietnam from the Viet Minh.,,,,neutral,0,0.005386718083173037
2878,girl who plays rosie in we bought a zoo,,False,I don't know,,,,neutral,0,0.05762006714940071,The Melancholy of Haruhi Suzumiya,,,,entailment,1,0.39897942543029785
2879,where will the next g7 summit be held,,False,I don't know,,,,neutral,0,0.005320198833942413,"The game begins with the children sitting or standing, arranged in an inward - facing circle.",,,,neutral,0,0.0476810522377491
2880,you have just performed an emergency cricothyroidotomy and inserted an endotracheal tube,,False,I don't know,,,,entailment,1,0.5819063186645508,The time.,,,,entailment,1,0.7542213201522827
2881,where is the house from wedding crashers located,,False,"in the case of the oxidation of sugars, cellular respiration",,,,neutral,0,0.03410770744085312,"in the case of the oxidation of sugars, cellular respiration",,,,neutral,0,0.03410770744085312
2882,where did the name echo and the bunnymen come from,,False,I don't know,,,,neutral,0,0.06501689553260803,identification cards.,,,,neutral,0,0.05991058796644211
2883,which of the following traveled from the new world to the old world,,False,John Winthrop,,,,neutral,0,0.19404001533985138,John Winthrop preached the 1630 sermon.,,,,neutral,0,0.2926928400993347
2884,how many times have patriots been to the superbowl,nine times,True,I don't know,0.0,0.0,0.0,neutral,0,0.22074070572853088,The practice was started with Disney re-releasing its animated films in theaters every few years which began with the reissue of 1937's Snow White and the Seven Dwarfs in 1944.,0.0,0.0,0.0,neutral,0,0.003640854964032769
2885,the largest moon in the solar system is ganymede a moon of jupiter,,False,"Hadean eon, they are not visible from space.",,,,contradiction,0,0.026263412088155746,The Sun and Moon appear to rise in the west.,,,,neutral,0,0.23810888826847076
2886,who is credited with the first idea of a nuclear atom,Ernest Rutherford,True,I don't know,0.0,0.0,0.0,neutral,0,0.25624874234199524,The German researchers Müller and Alfons Pilzecker rediscovered the concept that memory takes time to fixate or undergo  Konsolidierung ''.,0.0,0.0,0.0,contradiction,0,0.010957877151668072
2887,who are the twins in better call saul,The Sklar brothers,True,I don't know),0.0,0.0,0.0,contradiction,0,0.16351158916950226,apocryphal) ( or sometimes real ) cookie.,0.0,0.0,0.0,neutral,0,0.11298391968011856
2888,match the hollywood studio and the genre for which they were best known,,False,Egyptians,,,,neutral,0,0.028224237263202667,"The Egyptians divided the day into two 12 - hour periods, and used large obelisks to track the movement.",,,,neutral,0,0.0021660751663148403
2889,when do the eagles and the steelers play,,False,Christopher Sly is a tinker.,,,,contradiction,0,0.10092683881521225,Christopher Sly is a tinker.,,,,contradiction,0,0.10092683881521225
2890,when did america become the united states of america,1776,True,I don't know,0.0,0.0,0.0,neutral,0,0.008671335875988007,The United States has unofficially regarded parts of Latin America as within its sphere of influence.,0.0,0.0,0.0,entailment,1,0.7718709111213684
2891,who votes for the nba rookie of the year,,False,I don't know,,,,contradiction,0,0.007056567817926407,"Bill Russell P> Bill Russell Tr> Tr> Th colspan=""2""> Bill Russell Tr> Th colspan=""2""> Bill Russell Tr> Th colspan=""2""> Bill Russell",,,,contradiction,0,0.006926795933395624
2892,what us navy ships are stationed in japan,,False,Chile,,,,entailment,1,0.4153252840042114,Puna de Atacama.,,,,contradiction,0,0.2379310131072998
2893,what is the song river about bishop briggs,,False,2,,,,entailment,1,0.6282201409339905,Bishop Briggs /Th> /Th> /Th> /Th> /Th> /Th> /Th> /Th> /Th> /Th> /Th> /Th>,,,,entailment,1,0.6399278044700623
2894,who has sold the most albums world wide,The Beatles,True,I don't know,0.0,0.0,1.0,contradiction,0,0.025797147303819656,MBTI.,0.0,0.0,1.0,contradiction,0,0.04867713898420334
2895,who was known as the father of the underground railroad,,False,I don't know,,,,neutral,0,0.021764619275927544,The Underground Railroad was a railroad that ran from the late 1700s to the early 1865.,,,,neutral,0,0.09331445395946503
2896,how many missions to the moon failed before luna 2 succeeded,,False,I don't know,,,,contradiction,0,0.07908850908279419,The War of 1812 was a conflict between Great Britain and the United States.,,,,neutral,0,0.09563751518726349
2897,when does isle of dogs come out in canada,,False,I don't know,,,,neutral,0,0.1535084843635559,The Isle of Man Tourist,,,,neutral,0,0.1494802087545395
2898,in particular how does the notion of variance provide a special case for the concept of covariance,,False,site,,,,neutral,0,0.33267563581466675,"The model of this  theory '' closely corresponds to a database, which can be seen at any instant.",,,,neutral,0,0.016484953463077545
2899,ncaa record for most interceptions in a season,,False,I don't know,,,,neutral,0,0.07939168065786362,Ohio State.,,,,neutral,0,0.007207926362752914
2900,who plays laura croft in tomb raider 2018,Alicia Vikander,True,I don't know,0.0,0.0,1.0,contradiction,0,0.21614357829093933,"Tomb Raider /Th> /Th> /Tr> Tr> Td colspan=""2""> Theatrical release poster /Td> /Tr> Tr> Th> Direct",0.0,0.0,1.0,entailment,1,0.8245693445205688
2901,how many centuries of rohit sharma in international cricket,24,True,I don't know,0.0,0.0,1.0,contradiction,0,0.15330468118190765,Rohit Sharma is an Indian cricketer and a right - handed top order batsman.,0.0,0.0,1.0,entailment,1,0.9848167300224304
2902,twilight zone the mind and the matter cast,Shelley Berman,True,I don't know,0.0,0.0,1.0,neutral,0,0.17910151183605194,The episode no. /Th> Td> Tr> Tr> Th> Episode no. /Th> Td> Season 2 Episode 27 /Td> /Tr> /Tr,0.0,0.0,1.0,entailment,1,0.5235204100608826
2903,what does the golden buzzer do on americas got talent,,False,I don't know,,,,contradiction,0,0.188191220164299,The Next Mentalist ( season 1 runner - up ) /Li>,,,,contradiction,0,0.08685939013957977
2904,until the philosophy which hold one race superior bob marley lyrics,,False,I don't know,,,,contradiction,0,0.03898775950074196,The NBA draft is an annual event in which the 30 franchises in the National Basketball Association select new players for their teams.,,,,contradiction,0,0.06765858829021454
2905,what beer do they drink on blue mountain state,,False,Chris Romano,,,,entailment,1,0.5785102248191833,Eric Falconer,,,,entailment,1,0.5665831565856934
2906,prime minister list of india from 1947 to 2013,,False,I don't know,,,,contradiction,0,0.13397927582263947,The Prime Minister of India is the chief executive of the Government of India.,,,,neutral,0,0.2259453386068344
2907,keeping up with the kardashians house season 1,,False,I don't know,,,,contradiction,0,0.20688557624816895,The Lok Sabha is the lower house of Parliament of India.,,,,contradiction,0,0.2812274396419525
2908,a glowing cloud of hot interstellar gas inside of which stars are being formed is called a(n),diffuse nebulae,True,I don't know,0.0,0.0,0.0,neutral,0,0.18206769227981567,Molds.,0.0,0.0,0.0,contradiction,0,0.16324922442436218
2909,who established the first trade settlement of the english in india,,False,"India has had fourteen Prime Ministers, fifteen including Gulzarilal Nanda who twice acted in the role.",,,,entailment,1,0.9818279147148132,"Since 1947, India has had fourteen Prime Ministers, fifteen including Gulzarilal Nanda who twice acted in the role.",,,,entailment,1,0.9523847699165344
2910,when was the computer invented and by who,,False,I don't know,,,,contradiction,0,0.07263673096895218,"Indira Gandhi, is the daughter of Jawaharlal Nehru.",,,,contradiction,0,0.16996870934963226
2911,what happened to the first temple in jerusalem,,False,I don't know,,,,contradiction,0,0.08764760196208954,"The first temple was built under Solomon, king of the United Kingdom of Israel and Judah",,,,entailment,1,0.9827998876571655
2912,where did the french and indian war occur,,False,I don't know,,,,contradiction,0,0.0288140457123518,"The 1763 Treaty of Paris ended the major war known by Americans as the French and Indian War and by Canadians as the Seven Years'War / Guerre de Sept Ans, or by French - Canadians, La Guerre de la Conquête.",,,,entailment,1,0.9726699590682983
2913,blessed are the meek for they shall inherit the earth meaning,,False,I don't know,,,,contradiction,0,0.1590873897075653,"The climate of Asia is wet across southeast sections, and dry across much of the interior.",,,,neutral,0,0.1209312379360199
2914,when does the new diary of a wimpy kid movie come out on dvd,"August 8, 2017",True,I don't know,0.0,0.0,0.0,contradiction,0,0.13767100870609283,"The dogs are wealthy and glamorous and seem to lead charmed lives -- but they find adjusting to the modern world difficult, and when a young woman, Cleo Pira, befriends them, she discovers that a strange, incurable illness threatens them all",0.0,0.0,0.0,neutral,0,0.005055169574916363
2915,where does the last name ochoa come from,,False,I don't know,,,,contradiction,0,0.08377395570278168,Jacob is the son of Jacob.,,,,contradiction,0,0.06438245624303818
2916,cytosine is an example of a nitrogen base found on what acids,nucleic,True,pH is equal.,0.0,0.0,1.0,neutral,0,0.2361924946308136,pH is maintained.,0.0,0.0,1.0,neutral,0,0.3612186014652252
2917,who was joseph breen and what were his concerns about casablanca,,False,I don't know,,,,contradiction,0,0.1329776644706726,Joseph Breen /Th> /Th> /Th> /Th> /Th> /Th> /Th> /Th> /Th> /Th> /Th> /Th> ,,,,entailment,1,0.5629412531852722
2918,who sang the song hallelujah in the movie shrek,,False,I don't know,,,,neutral,0,0.00652891444042325,"The Shrek Soundtracks were a collection of soundtracks from all four movies of the Shrek series, including separate editions for the movie score.",,,,neutral,0,0.04738924652338028
2919,where does jacob wrestle with an angel in the bible,Genesis,True,I don't know,0.0,0.0,1.0,neutral,0,0.02771143801510334,excreted.,0.0,0.0,1.0,neutral,0,0.016395390033721924
2920,taylor swift look whar you made me do meaning,,False,I don't know,,,,neutral,0,0.3075883388519287,"Doug Supernaw /Th> /Th> Tr> Th colspan=""2"">  What 'll You Do About Me '' /Th> /Tr> /Th> Th cols",,,,entailment,1,0.4774801433086395
2921,when does north east monsoon blow in the land of kerala,,False,I don't know,,,,neutral,0,0.0817088633775711,Newfoundland.,,,,neutral,0,0.10753905773162842
2922,when did the cask of amontillado take place,in an unnamed Italian city,True,I don't know,0.0,0.0,0.0,contradiction,0,0.20706519484519958,is a reaction rate.,0.0,0.0,0.0,neutral,0,0.3265584409236908
2923,some individuals have a higher tolerance for the effects of alcohol than do others,,False,alcohol consumption laws in place).,,,,neutral,0,0.2615485191345215,alcohol consumption laws ).,,,,entailment,1,0.5154257416725159
2924,wickhams cay ii road town tortola british virgin islands,,False,I don't know,,,,neutral,0,0.158239483833313,"Road Town /Th> /Tr> Tr> Td colspan=""2""> Town /Tr> /Tr> Td colspan=""2""> Road Town, Tortola /T",,,,entailment,1,0.7121666669845581
2925,where do the secretions of the pituitary gland drain to,,False,I don't know,,,,neutral,0,0.11805154383182526,The context of the sentence is: Arnett suggests emerging adulthood is the distinct period between 18 and 25 years of age where adolescents become more independent and explore various life possibilities.,,,,neutral,0,0.13428416848182678
2926,who dies at the start of romeo and juliet,,False,I don't know,,,,contradiction,0,0.15194782614707947,The play was written by Shakespeare.,,,,entailment,1,0.8393787741661072
2927,first school in the philippines who offer bachelor's degree in sociology,,False,President of the Church,,,,neutral,0,0.09205228090286255,The President of the Church.,,,,neutral,0,0.1025855541229248
2928,write any two point of the importance of the preamble of the constitution of india,,False,I don't know,,,,neutral,0,0.12903766334056854,The original text of the Preamble /Td> /Tr> /Tr> /Tr> /Tr> /Tr> /Tr> /Tr> /Tr> ,,,,entailment,1,0.6074780821800232
2929,who is associated with the concept of power elite,sociologist C. Wright Mills,True,I don't know,0.0,0.0,0.0,neutral,0,0.062483951449394226,The work formulated the laws of motion and universal gravitation thereby completing the synthesis of a new cosmology.,0.0,0.0,0.0,neutral,0,0.037990085780620575
2930,when was the last time dallas cowboys went to the superbowl,,False,I don't know,,,,contradiction,0,0.13621649146080017,"The first two pitchers to accomplish the feat did so in 1880, under rules that differed in many important respects from those of today's game : for example, only underhand pitching -- from a flat, marked - out box 45 feet from home plate --",,,,neutral,0,0.006305657792836428
2931,process of transformation of the data between the class objects and databases is known as,,False,I don't know,,,,contradiction,0,0.13103272020816803,Atoms.,,,,contradiction,0,0.08728144317865372
2932,when did breakfast start in fast food chains and how,,False,I don't know,,,,neutral,0,0.1762988120317459,"America, cereals are often fortified with vitamins but can also lack many of the vitamins needed for a hearty breakfast.",,,,neutral,0,0.0028444929048419
2933,historical context of stopping by woods on a snowy evening,,False,I don't know,,,,neutral,0,0.09967486560344696,The author of the poem is Hergé.,,,,contradiction,0,0.31344079971313477
2934,oscar wilde the picture of dorian gray summary,,False,Color television,,,,neutral,0,0.18805937469005585,The picture of Dorian Gray was first published in the July 1890 issue of  Lippincott's Monthly Magazine ''.,,,,entailment,1,0.9738065004348755
2935,where did the terrorists strike in munich germany in 1972,"Munich, West Germany",True,I don't know,0.0,0.0,0.0,neutral,0,0.156317338347435,The Supremes ),0.0,0.0,0.0,entailment,1,0.5777339339256287
2936,when was the treaty of sugauli concluded and between whom,signed on 2 December 1815,True,I don't know,0.0,0.0,0.0,neutral,0,0.08113942295312881,The Sugauli Treaty was signed by Parish Bradshaw ( for the Company Government ) and Raj Guru Ga.,0.0,0.09523809523809523,0.0,neutral,0,0.013912864029407501
2937,episode of the office where jim kisses pam,Casino Night,True,I don't know,0.0,0.0,1.0,contradiction,0,0.1483410745859146,"The original air date was January 19, 2012.",0.0,0.0,1.0,neutral,0,0.0049976143054664135
2938,who presides over the joint sitting of the two houses of the parliament,,False,I don't know,,,,neutral,0,0.29917001724243164,The Cookie Jar Song is a song of children.,,,,entailment,1,0.4770677089691162
2939,where is dna stored in the cell as chromatin,within the nucleoid region,True,Chromatin is only found in eukaryotic cells,0.0,0.0,1.0,neutral,0,0.004861455876380205,Chromatin is found in eukaryotic cells.,0.0,0.0,1.0,neutral,0,0.1406688094139099
2940,do jake and olivia get together in season 7,,False,I don't know,,,,contradiction,0,0.2741534411907196,2,,,,entailment,1,0.5952876806259155
2941,what emoji is an upside down question mark,,False,A constitution.,,,,entailment,1,0.5836189389228821,Conduction velocity is an important aspect of nerve conduction velocity.,,,,neutral,0,0.20379452407360077
2942,what is the salary of a u s senator,,False,Old English,,,,neutral,0,0.012638823129236698,Old English.,,,,neutral,0,0.0044816178269684315
2943,where did ali do his rope a dope,his 1974 Rumble in the Jungle match against George Foreman,True,I don't know,0.0,0.0,0.0,neutral,0,0.1347460299730301,He Means the World to Me '' /Tr> /Tr> /Tr> Th> Released /Th> Td> /Tr> Tr> Th> Format /Th,0.0,0.07142857142857142,0.0,neutral,0,0.08868402987718582
2944,when i stand up there is pressure in my head,,False,I don't know,,,,contradiction,0,0.0741894319653511,fall.,,,,contradiction,0,0.0725601315498352
2945,how much did raiders of the lost ark cost to make,$18 million,True,I don't know,0.0,0.0,0.0,contradiction,0,0.03216573968529701,The Philistines had captured the Ark of the covenant,0.0,0.0,0.0,contradiction,0,0.09762248396873474
2946,is chlorine bleach a pure substance or mixture,,False,I don't know,,,,neutral,0,0.150314599275589,Herbes de Provence are a mixture of dried herbs considered typical of the Provence region of southeast France.,,,,neutral,0,0.09656374156475067
2947,how old was oscar de la hoya when he fought manny pacquiao,,False,I don't know,,,,contradiction,0,0.22891120612621307,"The Dream Match Tr> /Tr> /Tr> /Tr> Th> Date /Th> /Tr> Th> Venue /Th> MGM Grand Garden Arena, Las Vegas, United",,,,entailment,1,0.8227673172950745
2948,where was football first played in the world,China,True,I don't know,0.0,0.0,1.0,neutral,0,0.009188209660351276,"Arsenal Football Club is an English professional association football club based in Holloway, England.",0.0,0.0,1.0,neutral,0,0.021114671602845192
2949,who is responsible for issuing accounting standard in india,Accounting Standards Board,True,I don't know,0.0,0.0,0.0,contradiction,0,0.12235628813505173,Tuberculosis.,0.0,0.0,0.0,contradiction,0,0.035334762185811996
2950,james weldon johnson autobiography of an ex colored man summary,,False,I don't know,,,,neutral,0,0.18899957835674286,"Chandigarh and Dadra and Nagar Haveli, the other four union territories -- Chandigarh ; Dadra and Nagar Haveli ; Daman and Diu ; and Lakshadweep -- are governed by an administrator.",,,,neutral,0,0.270968496799469
2951,who is the author of book title method in social research,,False,I don't know,,,,neutral,0,0.1635189652442932,"The experiment found, unexpectedly, that a very high proportion of people would fully obey the instructions, albeit reluctantly.",,,,entailment,1,0.9650043249130249
2952,who was the youngest to win americas got talent,,False,I don't know,,,,contradiction,0,0.1194721981883049,The first contestant to pass away after appearing on the show is Florence Henderson.,,,,contradiction,0,0.0900702252984047
2953,what is the basic of classification of crops in our country,,False,I don't know,,,,neutral,0,0.2292710393667221,"The historic scientific theory that living organisms are made up of cells, that they are the basic structural / organizational unit of all organisms, and that all cells come from pre-existing cells.",,,,neutral,0,0.1924000084400177
2954,where are most of the potatoes grown in idaho,The Eastern Idaho region,True,I don't know,0.0,0.0,0.0,neutral,0,0.03180801495909691,"The sentence "" Alternative splicing occurs as a normal phenomenon in eukaryotes.",0.0,0.13333333333333333,0.0,neutral,0,0.18470638990402222
2955,what does it mean to know something philosophy,,False,I don't know,,,,neutral,0,0.15759284794330597,The only way I know is that I know what you did last summer.,,,,entailment,1,0.786494255065918
2956,what is the ratio of black to white in georgia,,False,I don't know,,,,neutral,0,0.018443608656525612,The temperature of the state is typically between 74 and 77 degrees Fahrenheit ( 77 and 82 degrees Celsius ).,,,,neutral,0,0.01979251392185688
2957,major league baseball home run leaders for this season,,False,I don't know,,,,neutral,0,0.14241951704025269,The top 300 Major League Baseball leaders in home runs hit,,,,entailment,1,0.9555829763412476
2958,where did the expression throw under the bus come from,President Galtieri had pushed her under the bus,True,I don't know,0.0,0.0,1.0,neutral,0,0.1734660416841507,The primary accounts of the event do not survive.,0.0,0.11764705882352941,1.0,entailment,1,0.9817596673965454
2959,what did each kid do to get detention in the breakfast club,,False,Annie Get Your Gun,,,,entailment,1,0.5566953420639038,"The sentence "" Anything You Can Do '' is a song composed by Irving Berlin for the 1946 Broadway musical, Annie Get Your Gun.",,,,entailment,1,0.9751927256584167
2960,how i met your mother barney 200th girl,bodybuilder,True,I don't know,0.0,0.0,0.0,neutral,0,0.2731808125972748,The Mother appearing in  The Locket '' /Td> /Tr> /Tr> Tr> Tr> Tr> Td> Td> Td> T,0.0,0.0,0.0,neutral,0,0.1599029302597046
2961,who has the legal authority to bind the us government on a us government contract,Federal Acquisition Regulation,True,I don't know,0.0,0.0,0.0,contradiction,0,0.06856202334165573,"The Peruvian government has placed a limit on the number of people who may hike this trail per season, and to sharply limit the companies that can provide guides.",0.0,0.0,0.0,neutral,0,0.02399277128279209
2962,how do you get to the maldives islands,,False,"this article, discuss the issue on the talk page.",,,,entailment,1,0.7359331846237183,"Article, discuss the issue on the talk page.",,,,entailment,1,0.7935052514076233
2963,who wrote about peter rabbit and jemima puddle duck,Beatrix Potter,True,I don't know,0.0,0.0,1.0,neutral,0,0.23948992788791656,"The Tale of Jemima Puddle - Duck, the author uses the term "" duck's egg "".",0.0,0.0,1.0,contradiction,0,0.10602974146604538
2964,who won game 4 of the stanley cup finals,,False,I don't know,,,,contradiction,0,0.12821687757968903,The Stanley Cup was first awarded to Canada in 1931.,,,,neutral,0,0.009031541645526886
2965,which disorder involves the retrograde passage of infected urine,Vesicoureteral reflux (VUR),True,egg,0.0,0.0,0.0,neutral,0,0.06314553320407867,egg.,0.0,0.0,0.0,neutral,0,0.030288580805063248
2966,who played kayla brady on days of our lives,Catherine Mary Stewart,True,I don't know,0.0,0.0,1.0,contradiction,0,0.23043346405029297,"Kayla Johnson /Th> /Tr> Tr> Td colspan=""2""> Mary Beth Evans as Kayla Brady /Th> /Tr> Tr> Th> Portrayed by ",0.0,0.09090909090909091,1.0,entailment,1,0.5185261964797974
2967,who are the characters in queen of the south,,False,I don't know,,,,contradiction,0,0.1584763526916504,They are the actors who portrayed the characters in alphabetical order.,,,,neutral,0,0.07953426241874695
2968,escape speed for a rocket is less from,,False,I don't know,,,,contradiction,0,0.11120732873678207,"A lens with a larger maximum aperture ( that is, a smaller minimum f - number ) is called a  fast lens '' because it can achieve the same exposure with a faster shutter speed.",,,,entailment,1,0.4786706268787384
2969,what is one of the greatest structural achievements of the bronze age,the corbelled arch,True,I don't know,0.0,0.0,0.0,contradiction,0,0.1048004999756813,"Billboard magazine in the issue dated August 4, 1958.",0.0,0.16666666666666666,0.0,entailment,1,0.8670920133590698
2970,who does chris hemsworth play in home and away,"Kimberly Jonathan ""Kim"" Hyde",True,I don't know,0.0,0.0,0.0,neutral,0,0.21261559426784515,Home and Away : Mayday /Th> /Th> /Th> /Th> /Th> /Th> /Th> /Th> /Th> /Th> /Th> ,0.0,0.0,0.0,entailment,1,0.4057161509990692
2971,where would you find the type of gland that secretes an oily substance called sebum,,False,After market,,,,neutral,0,0.03704240545630455,After market.,,,,neutral,0,0.04769330099225044
2972,studies have found that the big five dimensions of personality can be used to predict,,False,Neuroticism,,,,entailment,1,0.6739302277565002,"The Big Five personality traits, also known as the five factor model ( FFM ), is a model based on common language descriptors of personality.",,,,entailment,1,0.9839009642601013
2973,wimbledon men's final prize money runner up,,False,I don't know,,,,contradiction,0,0.2852948307991028,The results of the 2017 Wimbledon Championships are as follows:,,,,entailment,1,0.5940269827842712
2974,what does it mean to see a stick bug,,False,I don't know,,,,contradiction,0,0.08756589144468307,The sentence is true because the sentence is true.,,,,neutral,0,0.19661380350589752
2975,is cornea the white part of the eye,,False,I don't know,,,,contradiction,0,0.18276460468769073,The thirtieth verse of the Gospel of Matthew in the New Testament.,,,,entailment,1,0.9471676349639893
2976,how many episodes is season 6 of mindy project,10,True,I don't know,0.0,0.0,1.0,neutral,0,0.04454338923096657,"The Mindy Project was renewed for a sixth and final season, which premiered on September 12, 2017, and the final episode aired on November 14, 2017.",0.0,0.0,1.0,entailment,1,0.665875256061554
2977,targeted delivery of financial and other subsidies benefits and services) act 2016,,False,I don't know,,,,neutral,0,0.18746384978294373,/Tr> /Tr> /Tr> /Tr> /Tr> /Tr> /Tr> /Tr> /Tr> /Tr> /T,,,,neutral,0,0.11929517984390259
2978,when did to kill a mockingbird come out,1960,True,I don't know,0.0,0.0,1.0,contradiction,0,0.0741066262125969,"The poem was written in June 1922 at his house in Shaftsbury, Vermont.",0.0,0.0,1.0,neutral,0,0.011380945332348347
2979,what is the skin of a slim jim made of,,False,Matthew 5: 5,,,,neutral,0,0.20393061637878418,Gospel of Matthew in the New Testament.,,,,neutral,0,0.1698722094297409
2980,where did the cow jump over the moon come from,,False,I don't know,,,,neutral,0,0.05521436408162117,The album Where Did Our Love Go /Th> /Th> /Th> /Th> /Th> /Th> /Th> /Th> /Th> /Th> /Th> ,,,,neutral,0,0.04108727350831032
2981,who did ariel winter play in cloudy with a chance of meatballs,Various characters,True,I don't know,0.0,0.0,0.0,contradiction,0,0.16514118015766144,"The 40 - man roster includes the players on the 25 - man roster plus as many as 15 players who are either on the team's seven - or 10 - day disabled list, who are on paternity leave for up to three days.",0.0,0.0,0.0,contradiction,0,0.06803237646818161
2982,when does new season of lets make a deal start,,False,I don't know,,,,contradiction,0,0.015606231056153774,The examples and perspective in this article deal primarily with India and do not represent a worldwide view of the subject.,,,,entailment,1,0.9857507944107056
2983,who was the president when first nuclear test in 1947 conducted,,False,I don't know,,,,contradiction,0,0.13397927582263947,"The Australian pace bowler Fred Spofforth, nicknamed Fred Spofforth, nicknamed Fred Spofforth, nicknamed Fred Spofforth, nicknamed Fred Spofforth, nicknamed Fred Spofforth, nicknamed Fred Spofforth",,,,entailment,1,0.34584811329841614
2984,which is not a reason for forming a political action committee,,False,I don't know,,,,neutral,0,0.3714669644832611,Congress,,,,entailment,1,0.48082849383354187
2985,where is the carlsbad caverns national park located,Guadalupe Mountains of southeastern New Mexico,True,I don't know,0.0,0.0,0.0,neutral,0,0.1916010081768036,"The cave is located in Eddy County, New Mexico, U.S. /Td> /Tr> /Tr> Tr> Tr> Tr> Tr> Tr> T",0.0,0.16,0.0,entailment,1,0.8049499988555908
2986,who was playing during the las vegas shooting,Jason Aldean,True,I don't know,0.0,0.0,0.0,neutral,0,0.11194721609354019,"The Raiders'move to Las Vegas comes after years of failed efforts to renovate or replace the Oakland -- Alameda County Coliseum, which has been rated by multiple sources as one of the worst stadiums in the NFL.",0.0,0.0,0.0,neutral,0,0.0016115539474412799
2987,where should an object be placed in front of a convex lens which signifies it as a magnifying glass,,False,I don't know,,,,contradiction,0,0.1307852417230606,increase the required instantaneous velocity to escape the gravitational influence.,,,,neutral,0,0.2750155031681061
2988,when did courage the cowardly dog stop airing,"November 22, 2002",True,Courage the Cowardly Dog,0.0,0.0,1.0,contradiction,0,0.25699201226234436,"Courage the Cowardly Dog /Th> /Th> /Tr> Tr> Td colspan=""2""> /Tr> Tr> Th> Genre /Th> T",0.0,0.0,1.0,contradiction,0,0.19842326641082764
2989,who developed procedure used to measure size of an earthquake,,False,I don't know,,,,neutral,0,0.0338754765689373,The metric system is an internationally recognised decimalised system of measurement.,,,,entailment,1,0.9844127297401428
2990,what was the purpose of the 16th amendment,,False,I don't know,,,,contradiction,0,0.1517776995897293,Shoreditch area ).,,,,neutral,0,0.11093491315841675
2991,when calls the heart season 4 episodes list,,False,I don't know,,,,neutral,0,0.314666748046875,The show will return for a fifth season in 2018.,,,,entailment,1,0.9553041458129883
2992,how many different species of mosquitoes are there,"Over 3,500",True,I don't know,0.0,0.0,0.0,neutral,0,0.035425569862127304,The sentence is true because the sentence is true.,0.0,0.0,0.0,contradiction,0,0.04736212641000748
2993,who addresses the joint session of the parliament,,False,I don't know,,,,contradiction,0,0.010083766654133797,Joint sitting of Parliament can be summoned in the following situations.,,,,contradiction,0,0.07524170726537704
2994,the back of the leg is called what,calf,True,I don't know,0.0,0.0,0.0,contradiction,0,0.04715156555175781,The fifth verse of the Gospel of Matthew in the New Testament.,0.0,0.0,0.0,contradiction,0,0.2926071584224701
2995,what is the name of our diocese in sydney,Armidale,True,I don't know,0.0,0.0,0.0,neutral,0,0.11408994346857071,Matthew 5 : 5.,0.0,0.0,0.0,contradiction,0,0.11103793233633041
2996,what is the name of the girl in game of thrones,,False,God,,,,neutral,0,0.06945215910673141,God.,,,,neutral,0,0.05808292329311371
2997,when was the last time rangers won the treble,2002–03,True,I don't know,0.0,0.0,0.0,neutral,0,0.050338637083768845,"The Giants' late - season rally and 2 - to - 1 - game playoff victory, capped by Thomson's moment of triumph, are collectively known in baseball lore as  The Miracle of Coogan's Bluff '', a",0.0,0.0,0.0,neutral,0,0.2811000943183899
2998,how far are we from des moines iowa,,False,I don't know,,,,contradiction,0,0.2130337655544281,The area /Th> Td> Ranked 26th /Th> /Tr> Tr> Tr> Tr> Tr> Tr> Tr> Tr> ,,,,neutral,0,0.05273735523223877
2999,where is rio de janeiro located on the world map,,False,I don't know,,,,contradiction,0,0.2209530919790268,"Rio de Janeiro is located in Brazil, east South America /Td> /Tr> /Tr> /Tr> /Tr> /Tr> /Tr> /Tr> /",,,,neutral,0,0.050993602722883224
