idx,question,gold,has_gold,pred_A,em_A,f1_A,hit@10_A,ent_label_A,ent_faith_A,ent_score_A,pred_B,em_B,f1_B,hit@10_B,ent_label_B,ent_faith_B,ent_score_B
0,when is the last episode of season 8 of the walking dead,"March 18, 2018",True,I don't know,0.0,0.0,0.0,contradiction,0,0.1738702803850174,The United States.,0.0,0.0,0.0,neutral,0,0.25484514236450195
1,in greek mythology who was the goddess of spring growth,"Persephone (/pərˈsɛfəni/; Greek: Περσεφόνη), also called Kore (/ˈkɔːriː/; ""the maiden"")",True,I don't know,0.0,0.0,0.0,neutral,0,0.020618673413991928,"The Egyptians divided the day into two 12 - hour periods, and used large obelisks to track the movement of the sun.",0.0,0.06666666666666667,0.0,neutral,0,0.37951162457466125
6,what is the name of the most important jewish text,the Shulchan Aruch,True,I don't know,0.0,0.0,0.0,contradiction,0,0.18868230283260345,The Torah is a Torah that is taught in the Torah.,0.0,0.14285714285714288,0.0,entailment,1,0.6828359961509705
8,what is the name of spain's most famous soccer team,Real Madrid,True,I don't know,0.0,0.0,1.0,contradiction,0,0.1578264832496643,/Td> /Tr> /Tr> /Tr> /Tr> /Tr> /Tr> /Tr> /Tr> /Tr> /T,0.0,0.0,1.0,contradiction,0,0.36379092931747437
9,when was the first robot used in surgery,1983,True,cells of life,0.0,0.0,0.0,neutral,0,0.1760578751564026,"Cell theory is the historic scientific theory, now universally accepted, that living organisms are made up of cells, that they are the basic",0.0,0.0,0.0,neutral,0,0.15311633050441742
13,who sings the song i don't care i love it,Icona Pop and Charli XCX,True,I don't know,0.0,0.0,0.0,neutral,0,0.1122191771864891,The Billboard Hot 100 is a chart that ranks the best singles of the United States.,0.0,0.0,0.0,entailment,1,0.9580484628677368
16,who are uncle owen and aunt beru related to,Shmi,True,I don't know,0.0,0.0,0.0,contradiction,0,0.11911953240633011,Hera).,0.0,0.0,0.0,entailment,1,0.422708660364151
19,where is zimbabwe located in the world map,"in southern Africa, between the Zambezi and Limpopo Rivers, bordered by South Africa, Botswana, Zambia and Mozambique",True,I don't know,0.0,0.0,0.0,contradiction,0,0.10989360511302948,The Republic of Zimbabwe /Th> /Th> /Tr> /Tr> /Tr> /Tr> /Tr> /Tr> /Tr> /Tr> ,0.0,0.06451612903225808,0.0,contradiction,0,0.3803670406341553
20,100 acres is equal to how many hectares,1 square hectometre (hm2),True,U.S. are covered by land tenure.,0.0,0.0,0.0,entailment,1,0.5635651350021362,U.S.,0.0,0.0,0.0,neutral,0,0.25663328170776367
22,where was donovan mitchell picked in the draft,13th,True,I don't know,0.0,0.0,1.0,contradiction,0,0.2030608355998993,"Donovan Mitchell Tr> Th colspan=""2""> No. 45 -- Utah Jazz /Th> /Th> /Th> /Th> /Th> /Th> /Th> /Th",0.0,0.0,1.0,entailment,1,0.8768400549888611
26,where did the beatles final live performance take place,the roof of the headquarters of the band's multimedia corporation Apple Corps at 3 Savile Row,True,I don't know,0.0,0.0,0.0,contradiction,0,0.1542579084634781,Wembley Stadium.,0.0,0.0,0.0,neutral,0,0.07528059929609299
27,who is the president of costa rica 2017,Luis Guillermo Solís Rivera,True,I don't know,0.0,0.0,0.0,contradiction,0,0.16036725044250488,Luis Guillermo Sols /Th> /Tr> /Tr> /Tr> /Tr> /Tr> /Tr> /Tr> /Tr> ,0.0,0.375,0.0,entailment,1,0.6372531652450562
29,when did power rangers tv show come out,"August 28, 1993",True,I don't know,0.0,0.0,0.0,neutral,0,0.007188296876847744,HBO show had been cancelled.,0.0,0.0,0.0,contradiction,0,0.003745800582692027
31,how many beverly hills cops movies are there,three,True,I don't know,0.0,0.0,1.0,contradiction,0,0.06360355764627457,"The show was renewed for a second season on May 16, 2016.",0.0,0.0,1.0,neutral,0,0.02655194140970707
32,who holds the most women's wimbledon titles,Martina Navratilova,True,I don't know,0.0,0.0,1.0,contradiction,0,0.1474703848361969,The following players were not in the Wimbledon Ladies'Singles Champions Tr> Th> Location /Th> Tr> Th> Venue /Th> AELTC /Tr> /Tr> Th> ,0.0,0.0,1.0,neutral,0,0.048795007169246674
34,where does jinx you owe me a coke come from,Jinx is a children's game with varying rules and penalties that occur when two people unintentionally speak the same word or phrase simultaneously,True,I don't know,0.0,0.0,0.0,neutral,0,0.17664018273353577,The Coca - Cola Company /Td> /Tr> /Tr> /Tr> Th> Manufacturer /Th> Td> The Coca - Cola Company /Td> /Tr,0.0,0.04878048780487805,0.0,entailment,1,0.6925239562988281
39,where does the last name hickey come from,Irish origin,True,I don't know,0.0,0.0,1.0,contradiction,0,0.16823509335517883,The surname is a common surname of Irish origin.,0.0,0.3636363636363636,1.0,entailment,1,0.9205325841903687
43,where is the greatest royal rumble taking place,"Jeddah, Saudi Arabia",True,Pacific Ocean).,0.0,0.0,1.0,neutral,0,0.061307284981012344,Pacific Ocean).,0.0,0.0,1.0,neutral,0,0.061307284981012344
44,who sang my name is tallulah in bugsy malone,"Louise ""Liberty"" Williams",True,I don't know,0.0,0.0,0.0,neutral,0,0.02524292841553688,"Kilmer is most remembered for  Trees '', which has been the subject of frequent parodies and references in popular culture.",0.0,0.0,0.0,entailment,1,0.47987934947013855
48,what is andy's sisters name in toy story,Molly,True,Earth,0.0,0.0,0.0,neutral,0,0.012152356095612049,The series marks the second woman - led animated series by Disney.,0.0,0.0,0.0,neutral,0,0.0015527067007496953
49,who sings with shaggy on it wasn me,English-Jamaican singer Rikrok,True,I don't know,0.0,0.0,0.0,contradiction,0,0.24212099611759186,/P>,0.0,0.0,0.0,contradiction,0,0.27642446756362915
51,what is the largest catholic high school in america,St. Francis Preparatory School,True,track & field,0.0,0.0,0.0,neutral,0,0.03161006048321724,"The Greater Los Angeles Area has ten major league professional teams : the Anaheim Ducks, the Los Angeles Angels, the Los Angeles Chargers, the Los Angeles Clippers, the Los Angeles Dodgers, the Los Angeles Galaxy, the Los Angeles Kings, the",0.0,0.0,0.0,neutral,0,0.41440045833587646
52,who established the peoples republic of china in 1949,Mao Zedong,True,Singapore Declaration,0.0,0.0,0.0,contradiction,0,0.05114476755261421,Singapore Declaration.,0.0,0.0,0.0,contradiction,0,0.020964784547686577
54,who sang take that look off your face,Marti Webb,True,I don't know,0.0,0.0,0.0,contradiction,0,0.13551291823387146,"Pat Brady ( actor ) ( 1914 -- 1972 ), best known as the  comical sidekick '' to Roy Rogers /Li> Li> Pan't Take My Eyes Off You '' /Th",0.0,0.0,0.0,entailment,1,0.5728130340576172
55,who plays percy in the lost city of z,Charlie Hunnam,True,I don't know,0.0,0.0,0.0,contradiction,0,0.14370699226856232,The wizard /Tr> is a fictional character in the Harry Potter series.,0.0,0.0,0.0,entailment,1,0.6128859519958496
58,who plays the first lady on house of cards,Joanna C. Going,True,I don't know,0.0,0.0,0.0,neutral,0,0.06563221663236618,Roseanne Barr,0.0,0.0,0.0,entailment,1,0.7172049283981323
65,who owns st andrews golf course in scotland,The St Andrews Links Trust,True,I don't know,0.0,0.0,0.0,contradiction,0,0.15923917293548584,The All England Lawn Tennis and Croquet Club is a private members'club.,0.0,0.11764705882352941,0.0,entailment,1,0.9864407181739807
68,which city and state hosts the annual college world series,"Omaha, Nebraska",True,NCAA championship,0.0,0.0,0.0,neutral,0,0.008342469111084938,NCAA championship,0.0,0.0,0.0,neutral,0,0.008342469111084938
69,who is ted talking about in how i met your mother,Tracy McConnell,True,I don't know,0.0,0.0,1.0,contradiction,0,0.36270686984062195,Max ( deceased former boyfriend ) Louis ( ex-boyfriend ),0.0,0.0,1.0,contradiction,0,0.3552660048007965
72,when does grey's anatomy season 14 premiere,"September 28, 2017",True,I don't know,0.0,0.0,1.0,contradiction,0,0.17811168730258942,"The tenth season debuted on March 27, 2018.",0.0,0.0,1.0,entailment,1,0.8898082971572876
73,the partial pressure of carbon dioxide in arterial blood is approximately,at sea level (765 mmHg) in arterial blood is between 35 mmHg and 45 mmHg,True,I don't know,0.0,0.0,0.0,contradiction,0,0.10530539602041245,"The atmosphere of Earth is the layer of gases, commonly known as air, that surrounds the planet Earth and is retained by Earth's gravity.",0.0,0.10256410256410255,0.0,neutral,0,0.29777732491493225
76,what was uncle jesse's original last name on full house,Cochran,True,I don't know,0.0,0.0,0.0,neutral,0,0.16142204403877258,Stephen F. Austin /Th> /Th> /Th> /Th> /Th> /Th> Stephen Fuller Austin /Th> /Th> /Th> /Th> /Th> ,0.0,0.0,0.0,contradiction,0,0.404484361410141
78,who pays the judgements on the judge mathis show,Greg Mathis,True,I don't know,0.0,0.0,0.0,neutral,0,0.09828993678092957,The term is a Latin legal term meaning  in the character or manner of a pauper ''.,0.0,0.0,0.0,neutral,0,0.1808876097202301
79,who made up the elf on the shelf,Chanda Bell,True,I don't know,0.0,0.0,1.0,contradiction,0,0.14446838200092316,The story is about the elf and the elf on the shelf.,0.0,0.0,1.0,entailment,1,0.5745502710342407
82,who warned concord that the british were coming,Samuel Prescott,True,I don't know,0.0,0.0,1.0,neutral,0,0.16771389544010162,The phrase entered the American lexicon early in its colonial history through the 1630 sermon  A Model of Christian Charity '' preached by Puritan John Winthrop while still aboard the ship Arbella.,0.0,0.0,1.0,neutral,0,0.013620790094137192
83,who lasted the longest on alone season 2,David McIntyre,True,I don't know,0.0,0.0,0.0,contradiction,0,0.05706746131181717,Buck Rogers in the 25th Century /Th> /Th> /Tr> Tr> Tr> Th> Developed by /Th> Td> Ul> Li> Glen A.,0.0,0.0,0.0,entailment,1,0.5566731691360474
88,where is the us military base in japan,"Yokota Air Base, Fussa, Western Tokyo",True,I don't know,0.0,0.0,1.0,contradiction,0,0.2180456668138504,"The United States Department of Defense was formed on September 18, 1947.",0.0,0.0,1.0,neutral,0,0.016081716865301132
89,who determines the size of the supreme court,Congress,True,I don't know,0.0,0.0,1.0,contradiction,0,0.18805651366710663,The Supreme Court of the United States /Th> /Th> /Th> /Th> /Th> /Th> /Th> /Th> /Tr> /Th> /Tr>,0.0,0.0,1.0,entailment,1,0.8847182393074036
90,who is the actor that plays lucifer on tv,Thomas John Ellis,True,I don't know,0.0,0.0,0.0,neutral,0,0.018383175134658813,"The focus was primarily on Klaus ( Joseph Morgan ), Elijah ( Daniel Gillies ), and Rebekah ( Claire Holt ) who found out in the backdoor pilot, aired on April 25, 2013, how Hayley Marshall ( Pho",0.0,0.0,0.0,contradiction,0,0.013346463441848755
96,who designed the national coat of arms of south africa,Iaan Bekker,True,I don't know,0.0,0.0,0.0,contradiction,0,0.21239537000656128,"The Coat of arms of the Republic of South Africa /Th> /Tr> Tr> Td colspan=""2""> /Tr> /Tr> Tr> Th colspan=""2""",0.0,0.0,0.0,entailment,1,0.8554242849349976
98,when does model code of conduct come into force,immediately on announcement of the election schedule by the commission,True,I don't know,0.0,0.0,0.0,neutral,0,0.333003431558609,The text may be too technical for most readers to understand.,0.0,0.09523809523809525,0.0,entailment,1,0.9676580429077148
111,when did now thats what i call music come out,28 November 1983,True,I don't know,0.0,0.0,0.0,contradiction,0,0.21380648016929626,The single was released on 29 April 2016 and was produced by Calvin Harris.,0.0,0.0,0.0,entailment,1,0.6462588310241699
113,where is the 2018 grey cup being played,"The Brick Field at Commonwealth Stadium in Edmonton, Alberta",True,I don't know,0.0,0.0,0.0,contradiction,0,0.13240163028240204,The Super Bowl is a football game that determines the champion of the National Football League ( NFL ).,0.0,0.07692307692307691,0.0,entailment,1,0.9869338274002075
116,where did the band bastille get their name,Bastille Day,True,I don't know,0.0,0.0,0.0,contradiction,0,0.1712852269411087,"Bastille /Th> /Th> /Tr> Tr> Th colspan=""2""> background information /Th> /Th> /Tr> /Th> /Th> ",0.0,0.125,0.0,entailment,1,0.7357929348945618
117,where is arkansas river located on a map,"The Arkansas River flows through Colorado, Kansas, Oklahoma, and Arkansas, and its watershed also drains parts of Texas, New Mexico and Missouri.",True,I don't know,0.0,0.0,1.0,contradiction,0,0.2422146499156952,"Red River /Td> /Tr> /Tr> Tr> Th colspan=""2""> Arkansas River /Td> /Tr> Tr> Th colspan=""2"">",0.0,0.10810810810810811,1.0,contradiction,0,0.409481018781662
118,who plays nicholas in the princess diaries 2,Chris Pine,True,I don't know,0.0,0.0,0.0,neutral,0,0.1102973073720932,The show is set in New Orleans which the Mikaelson family and original vampires helped to build.,0.0,0.0,0.0,entailment,1,0.5393848419189453
122,the p-wave phase of an electrocardiogram (ecg) represents,atrial depolarization,True,I don't know,0.0,0.0,1.0,contradiction,0,0.1193539947271347,A rectifier converts AC to DC.,0.0,0.0,1.0,neutral,0,0.22081665694713593
123,when did star trek the next generation first air,"September 28, 1987",True,locations,0.0,0.0,0.0,neutral,0,0.1743977963924408,The originals is an American supernatural drama television series created by Julie Plec for The CW.,0.0,0.0,0.0,contradiction,0,0.0395062156021595
132,who sang the most wonderful summer of my life,Jackie Ward,True,Jim Henson,0.0,0.0,0.0,neutral,0,0.2117277830839157,Jug - Band Christmas,0.0,0.0,0.0,neutral,0,0.19649751484394073
137,how many oscars did on golden pond win,three,True,I don't know,0.0,0.0,1.0,neutral,0,0.03881227597594261,The list is incomplete.,0.0,0.0,1.0,contradiction,0,0.02169249765574932
139,who won season 4 of america's got talent,Kevin Skinner,True,I don't know,0.0,0.0,1.0,contradiction,0,0.15592405200004578,Michael Grimm /Td> /Tr> /Tr> /Tr> /Tr> /Tr> /Tr> /Tr> /Tr> /Tr> ,0.0,0.0,1.0,entailment,1,0.5302441120147705
140,how many episodes on queen of the south season 1,13,True,Queen of the South,0.0,0.0,1.0,entailment,1,0.47820690274238586,"April 17, 2011",0.0,0.0,1.0,contradiction,0,0.041389353573322296
143,who is the existing prime minister of pakistan,Imran Khan,True,I don't know,0.0,0.0,0.0,contradiction,0,0.1577095240354538,/Th> /Th> /Tr> /Tr> /Tr> /Tr> /Tr> /Tr> /Tr> /Tr> /Tr>,0.0,0.0,0.0,contradiction,0,0.14494122564792633
144,who is known as the father of texas,Stephen Fuller Austin,True,I don't know,0.0,0.0,1.0,contradiction,0,0.01855497807264328,The cause of death was a heart attack.,0.0,0.0,1.0,contradiction,0,0.012391000986099243
146,what is the orange stuff on my sushi,tobiko,True,I don't know,0.0,0.0,0.0,neutral,0,0.053482785820961,is not to be confused with palm kernel oil.,0.0,0.0,0.0,neutral,0,0.039645303040742874
149,when did nsw last won a state of origin series,2018,True,Football League,0.0,0.0,1.0,contradiction,0,0.15956275165081024,They were chosen mostly from the Australian Football League ( AFL ).,0.0,0.0,1.0,neutral,0,0.020367000252008438
150,when does life is strange before the storm part 2,October 2017,True,I don't know,0.0,0.0,0.0,contradiction,0,0.21680818498134613,Disney Channel.,0.0,0.0,0.0,neutral,0,0.15830270946025848
152,where is sodom and gomorrah located in the bible,on the Jordan River plain in the southern region of the land of Canaan,True,Israelites were a nation,0.0,0.0,1.0,neutral,0,0.19452138245105743,"The Twelve Spies were a group of Israelite chieftains, one from each of the Twelve Tribes, who were dispatched by Moses to scout out the Land of Canaan for 40 days as a future home for the Israelite people, during",0.0,0.25925925925925924,1.0,neutral,0,0.01926559768617153
154,when did the xbox 360 slim come out,in 2010,True,I don't know,0.0,0.0,0.0,contradiction,0,0.2130913883447647,"The Xbox 360 E was released on November 22, 2005.",0.0,0.0,0.0,entailment,1,0.5045021176338196
166,who spread the theory that one is a product of the mind and body,René Descartes,True,modern,0.0,0.0,1.0,neutral,0,0.1146039217710495,a natural philosophy that developed in several ancient traditions.,0.0,0.0,1.0,entailment,1,0.7413195967674255
168,how many goals scored ronaldo in his career,over 670,True,I don't know,0.0,0.0,0.0,contradiction,0,0.15769614279270172,"Cristiano Ronaldo dos Santos Aveiro /Tr> /Tr> /Tr> Th> date of birth /Th> Td colspan=""3""> ( 1985 - 02 - 05 )",0.0,0.0,0.0,entailment,1,0.8193592429161072
176,who played tess on touched by an angel,"Delloreese Patricia Early (July 6, 1931 – November 19, 2017), known professionally as Della Reese",True,I don't know,0.0,0.0,0.0,contradiction,0,0.01976754702627659,The supplemental digital series Marvel's Agents of S.H.I.E.L.D. : Slingshot.,0.0,0.0,0.0,contradiction,0,0.02590980753302574
178,when did the hornets move to new orleans,2002–03 season,True,I don't know,0.0,0.0,0.0,neutral,0,0.18692021071910858,The Raiders moved back to Oakland.,0.0,0.0,0.0,contradiction,0,0.0020089426543563604
186,fish appeared in the fossil record during the,the Cambrian explosion,True,I don't know,0.0,0.0,0.0,contradiction,0,0.2760169506072998,"The Devonian period 419 -- 359 Ma ( Age of Fishes ) saw the development of early sharks, armoured placoderms and various lobe - finned fishes including the tetrapod transitional species /Td",0.0,0.06451612903225806,0.0,entailment,1,0.7209175229072571
190,who died from the band faith no more,singer Chuck Mosley,True,I don't know,0.0,0.0,0.0,contradiction,0,0.13906389474868774,"Ross Malinger /Th> /Th> /Th> /Th> /Th> /Th> Td> Ross Aaron Malinger ( 1984 - 07 - 07 ) July 7, 1984 ( age 33 ) Redwood",0.0,0.0,0.0,contradiction,0,0.2570068836212158
193,who signed the gun control act of 1968,President Lyndon B. Johnson,True,I don't know,0.0,0.0,1.0,contradiction,0,0.15940308570861816,U.S.C. : Crimes and Criminal Procedure,0.0,0.0,1.0,contradiction,0,0.14709843695163727
195,where do frankenstein and the monster first meet,the mountains,True,I don't know,0.0,0.0,1.0,neutral,0,0.052073121070861816,"The sentence ""Rip Van Winkle '' is a short story by American author Washington Irving published in 1819.",0.0,0.10526315789473684,1.0,neutral,0,0.015706880018115044
196,the human tendency to mimic other people’s behavior is an example of,Mirroring,True,I don't know,0.0,0.0,0.0,neutral,0,0.008464246056973934,The Milgram experiment on obedience to authority figures was a series of social psychology experiments conducted by Yale University psychologist Stanley Milgram.,0.0,0.0,0.0,neutral,0,0.31794482469558716
197,when does season five of the killing come out,a fourth season consisting of six episodes to conclude the series,True,I don't know,0.0,0.0,0.0,contradiction,0,0.20471912622451782,"The first episode of the series premiered on January 18, 2015, on Disney Channel.",0.0,0.23999999999999996,0.0,contradiction,0,0.016461044549942017
199,how is the head of the church of england,the monarch is the supreme governor,True,I don't know,0.0,0.0,0.0,neutral,0,0.09613803029060364,The Prime Minister of India is the chief executive of the Government of India.,0.0,0.3,0.0,entailment,1,0.8897625803947449
205,how to remove a methyl group from benzene,replacement of a methyl group by a hydrogen atom,True,I don't know,0.0,0.0,1.0,contradiction,0,0.07752210646867752,The benzene ring is attached to a CH group.,0.0,0.2222222222222222,1.0,contradiction,0,0.18166469037532806
207,what does a nose ring mean in india,"a mark of beauty and social standing as well as a Hindu's honor to Parvati, the goddess of marriage",True,carburetor,0.0,0.0,0.0,neutral,0,0.15982797741889954,Fuel.,0.0,0.0,0.0,neutral,0,0.014144452288746834
209,the cuban missile crisis began in 1962 when which country placed nuclear missiles in cuba,Soviet Union,True,I don't know,0.0,0.0,1.0,contradiction,0,0.12987542152404785,"The Cuban Missile Crisis /Tr> /Tr> /Tr> Td colspan=""2""> Part of the Cold War /Tr> /Tr> Td colspan=""2""> ",0.0,0.0,1.0,entailment,1,0.8843926191329956
212,when did fasb codification become authoritative u.s. gaap,"after September 15, 2009",True,I don't know,0.0,0.0,0.0,neutral,0,0.14141663908958435,"The Uniform Monday Holiday Act was signed into law on June 28, 1968, and took effect on January 1, 1971.",0.0,0.0,0.0,neutral,0,0.15285350382328033
213,who plays frank in f is for family,Bill Burr,True,I don't know,0.0,0.0,0.0,neutral,0,0.12088985741138458,"Nick Blood and Adrianne Palicki joined the cast for the second and third seasons, while Henry Simmons and Luke Mitchell had recurring roles in the second season before being promoted to the main cast for the third.",0.0,0.0,0.0,neutral,0,0.2914692163467407
216,android operating system was acquired by google in,July 2005,True,I don't know,0.0,0.0,0.0,neutral,0,0.09014856815338135,"Android 8.1 Oreo home screen /Td> /Tr> /Tr> Th> Developer /Th> Td> Google, Open Handset Alliance /Th> /Tr> Tr>",0.0,0.0,0.0,entailment,1,0.5269138216972351
217,where does the flexor digitorum superficialis distally attach,The tendons attach to the anterior margins on the bases of the intermediate phalanges of the four fingers. These tendons have a split (Camper's Chiasm) at the end of them through which the tendons of flexor digitorum profundus pass.,True,I don't know,0.0,0.0,0.0,neutral,0,0.32562926411628723,The flexor of fingers is a musculoskeletal muscle.,0.0,0.21276595744680848,0.0,neutral,0,0.46275705099105835
219,who played daniel in the bible mini series,Jake Canuso,True,B. Weiss,0.0,0.0,0.0,neutral,0,0.04428461566567421,Weiss.,0.0,0.0,0.0,entailment,1,0.37030887603759766
221,what does the star on the ghana flag mean,"adopted from the flag of the Black Star Line, a shipping line incorporated by Marcus Garvey that operated from 1919 to 1922",True,I don't know,0.0,0.0,0.0,neutral,0,0.25752606987953186,Ghana Tr> /Tr> /Tr> /Tr> /Tr> /Tr> /Tr> /Tr> Th> Use /Th> Td> National,0.0,0.0,0.0,entailment,1,0.8530080914497375
222,when is the last movie of divergent coming out,TBA,True,I don't know,0.0,0.0,0.0,contradiction,0,0.1447332501411438,"The tenth season debuted on March 27, 2018.",0.0,0.0,0.0,entailment,1,0.9664083123207092
223,the former peterlee campus of east durham college,East Durham & Houghall Community College,True,I don't know,0.0,0.0,0.0,contradiction,0,0.022730043157935143,The All England Lawn Tennis and Croquet Club is a private members'club.,0.0,0.0,0.0,neutral,0,0.1639726310968399
225,the amount of light reflected from the front surface of common window glass is about,about 4% per surface,True,I don't know,0.0,0.0,0.0,contradiction,0,0.07138412445783615,"The simplest optical coatings are thin layers of metals, such as aluminium, which are deposited on glass substrates to make mirror surfaces, a process known as silvering.",0.0,0.0,0.0,neutral,0,0.4376542270183563
227,how many cm is a 24 inch tv,61,True,Ball,0.0,0.0,0.0,contradiction,0,0.12492027878761292,gazebo was built.,0.0,0.0,0.0,contradiction,0,0.01549241878092289
233,where was the walking dead season 7 filmed,Georgia,True,7,0.0,0.0,1.0,entailment,1,0.4645058214664459,The number of episodes /Th> Tr> Tr> Tr> Th> is 7,0.0,0.0,1.0,neutral,0,0.28260523080825806
236,who plays male lead in far from the madding crowd,Carey Mulligan,True,I don't know,0.0,0.0,1.0,contradiction,0,0.15741536021232605,Charlotte Bruus Christensen /Td> /Tr> Tr> Th>,0.0,0.0,1.0,contradiction,0,0.13784198462963104
241,who is in the cast of the handmaid's tale,Elisabeth Moss,True,I don't know,0.0,0.0,1.0,contradiction,0,0.14130325615406036,The Handmaid's Tale was written in the United States.,0.0,0.0,1.0,neutral,0,0.05812239646911621
242,who owned the first casino in las vegas,local Las Vegas business owners,True,Rio Las Vegas in 2014,0.0,0.4000000000000001,0.0,entailment,1,0.7927278280258179,Rio Las Vegas in 2014 /Tr> /Tr> /Tr> /Tr> /Tr> /Tr> /Tr> /Tr> /Tr> /Tr,0.0,0.2,0.0,neutral,0,0.42235884070396423
244,who is the lead singer of portugal the man,John Baldwin Gourley,True,American chart,0.0,0.0,0.0,neutral,0,0.2638755142688751,American tour,0.0,0.0,0.0,neutral,0,0.2223372608423233
253,who does billy russo become on the punisher,Jigsaw,True,I don't know,0.0,0.0,1.0,contradiction,0,0.20712684094905853,"Spencer Hastings /Th> /Th> /Th> /Tr> /Tr> Tr> Td colspan=""2""> Pretty Little Liars character /Th> /Tr>",0.0,0.0,1.0,entailment,1,0.6972545385360718
255,who was the founder of chick fil a,S. Truett Cathy,True,I don't know,0.0,0.0,0.0,neutral,0,0.09085442870855331,The show often satirizes contemporary American popular culture and politics.,0.0,0.0,0.0,neutral,0,0.027975963428616524
256,when was asbestos first found to be dangerous,began with the 20th century and escalated during the 1920s and 1930s,True,I don't know,0.0,0.0,0.0,neutral,0,0.005131278187036514,"The Marsh test is a highly sensitive method in the detection of arsenic, especially useful in the field of forensic toxicology when arsenic was used as a poison.",0.0,0.1,0.0,neutral,0,0.0033471682108938694
257,where is the black box located on an airplane,usually mounted in the aircraft's tail section,True,I don't know,0.0,0.0,0.0,contradiction,0,0.17372703552246094,The B - 29 Super,0.0,0.18181818181818182,0.0,neutral,0,0.17834927141666412
267,when did the brewers go to national league,1998,True,I don't know,0.0,0.0,1.0,contradiction,0,0.20670726895332336,The Milwaukee Brewers are a professional baseball team that has played in the National League since 1998.,0.0,0.1111111111111111,1.0,neutral,0,0.2538764476776123
268,who are the songwriters for the greatest showman,Benj Pasek,True,I don't know,0.0,0.0,0.0,contradiction,0,0.08381730318069458,The Greatest Showman,0.0,0.0,0.0,entailment,1,0.4489803612232208
269,who plays dylan in now you see me,Mark Ruffalo,True,I don't know,0.0,0.0,0.0,neutral,0,0.0064847515895962715,"The first season aired on April 25, 2013.",0.0,0.0,0.0,neutral,0,0.06568221002817154
270,where was the ark of the covenant taken,Kiriath-Jearim,True,Israel,0.0,0.0,0.0,neutral,0,0.2197391241788864,"Admah, Zeboim and Bela.",0.0,0.0,0.0,neutral,0,0.0930669754743576
271,harrow on the hill height above sea level,124 metres (408 ft),True,I don't know,0.0,0.0,0.0,contradiction,0,0.2840767502784729,A City upon a Hill.,0.0,0.0,0.0,entailment,1,0.7630224227905273
272,who plays hitler in man in the high castle,Wolf Muser,True,I don't know,0.0,0.0,0.0,contradiction,0,0.1525483876466751,The film was directed by J.K. Rowling.,0.0,0.0,0.0,neutral,0,0.006722635123878717
273,lowest city below sea level in the world,"Jericho, West Bank",True,I don't know,0.0,0.0,0.0,contradiction,0,0.12930837273597717,Mariana Trench is located in the western Pacific Ocean approximately 200 kilometres ( 124 mi ) east of the Mariana Islands.,0.0,0.0,0.0,contradiction,0,0.46248531341552734
275,who voiced jack in rise of the guardians,Chris Pine,True,I don't know,0.0,0.0,1.0,contradiction,0,0.1767473667860031,Rise of the Guardians /Th> /Th> /Th> /Th> /Th> /Th> /Th> /Th> /Th> /Th> /Th> /Th,0.0,0.0,1.0,entailment,1,0.8026414513587952
277,what type of hybrid is the ford fusion,gasoline-electric,True,I don't know,0.0,0.0,0.0,neutral,0,0.26762327551841736,American English.,0.0,0.0,0.0,neutral,0,0.32003945112228394
280,how many states is there in united states,50,True,I don't know,0.0,0.0,1.0,neutral,0,0.07982586324214935,The United States is a country in the continental United States.,0.0,0.0,1.0,entailment,1,0.735529363155365
281,what is the first harry potter book called in england,Harry Potter and the Philosopher's Stone,True,Frederick Warne & Company,0.0,0.0,0.0,contradiction,0,0.17384439706802368,The Tale of Jemima Puddle - Duck was published by Frederick Warne & Co.,0.0,0.1111111111111111,0.0,neutral,0,0.009485783986747265
282,when did montgomery ward's go out of business,2001,True,I don't know,0.0,0.0,1.0,contradiction,0,0.157710462808609,The company was founded in 1872.,0.0,0.0,1.0,entailment,1,0.7469700574874878
283,who won series 7 of great british bake off,Candice Brown,True,I don't know,0.0,0.0,0.0,neutral,0,0.3702833950519562,Paul Hollywood.,0.0,0.0,0.0,entailment,1,0.8274148106575012
284,who does the voice of special ed on crank yankers,Jim Florentine,True,I don't know,0.0,0.0,0.0,contradiction,0,0.007447378244251013,Drew Carey is the main protagonist of the series.,0.0,0.0,0.0,contradiction,0,0.1795320361852646
287,what does the ministry of trade and industry do,directs the formulation of policies related to the development of trade and industry in Singapore,True,I don't know,0.0,0.0,0.0,neutral,0,0.0683257207274437,"The Commonwealth is an international organisation in which countries with diverse social, political, and economic backgrounds are regarded as equal in status, and cooperate within a framework of common values and goals, as outlined in the Singapore Declaration issued in 1971.",0.0,0.21428571428571425,0.0,neutral,0,0.06271585822105408
289,who sings nothings gonna hurt you baby,Cigarettes After Sex,True,I don't know,0.0,0.0,0.0,neutral,0,0.15592969954013824,"I'm the One Mama Warned You About '' /Th> /Tr> Tr> Th colspan=""2""> Single by Mickey Gilley /Th> /Tr> Th> ",0.0,0.0,0.0,entailment,1,0.6775557994842529
290,where in the bible does it talk about manna from heaven,Exodus 16:1–36,True,I don't know,0.0,0.0,0.0,neutral,0,0.03679899498820305,Sodom and Gomorrah,0.0,0.0,0.0,neutral,0,0.05087597668170929
291,winds that blow predominantly from the northeast and the southeast are the,The trade winds,True,I don't know,0.0,0.0,1.0,neutral,0,0.0787612572312355,occur.,0.0,0.0,1.0,contradiction,0,0.03345891833305359
297,what is the use of symbolic link in linux,to reorder the file system hierarchy,True,I don't know,0.0,0.0,0.0,neutral,0,0.00990914087742567,Symbolic links are the nickname for any file that contains a reference to another file or directory in the form of an absolute or relative path and that affects pathname resolution.,0.0,0.16216216216216214,0.0,entailment,1,0.6539686322212219
299,time after time song was in what movie,John Tucker Must Die,True,"Kilmer's work is often disparaged by critics and dismissed by scholars as being too simple and overly sentimental, and that his style was far too traditional and even archaic.",0.0,0.0,0.0,contradiction,0,0.17971515655517578,Kilmer's work is that his style was far too traditional and even archaic.,0.0,0.0,0.0,entailment,1,0.8562334179878235
305,who sings i'm the one your mother warned you about,Mickey Gilley,True,I don't know,0.0,0.0,1.0,neutral,0,0.23498234152793884,"2""> Mickey Gilley /Th> /Tr> Tr> Th colspan=""2"">  I'm the One Mama Warned You About '' /Th> /Tr> T",0.0,0.19999999999999998,1.0,entailment,1,0.5347685813903809
307,who is considered a foreign official under fcpa,"any officer or employee of a foreign government or any department, agency, or instrumentality thereof, or of a public international organization, or any person acting in an official capacity for or on behalf of any such government or department, agency, or instrumentality, or for or on behalf of any such public international organization",True,Embassy in Liberia,0.0,0.03571428571428571,0.0,neutral,0,0.004419814329594374,embassies in Liberia and Haiti,0.0,0.034482758620689655,0.0,neutral,0,0.0037185493856668472
309,who made the song london bridge is falling down,Unknown,True,I don't know,0.0,0.0,0.0,neutral,0,0.13927894830703735,Kilmer is most remembered for  Trees ''.,0.0,0.0,0.0,neutral,0,0.09847991168498993
310,when does love simon come out in canada,"March 16, 2018",True,I don't know,0.0,0.0,0.0,neutral,0,0.21047908067703247,"The single was released on September 19, 2018 ( 2018 - 09 - 19 ) /Td> /Tr> Tr> Tr> Th colspan=""2""> /Tr> Tr> ",0.0,0.09090909090909091,0.0,entailment,1,0.7318143844604492
317,what were the major components of clays american system,a tariff to protect and promote American industry,True,"Ancient Egypt, breadmaking was central to the formation of early human societies.",0.0,0.1,0.0,entailment,1,0.9778904318809509,"New World, agriculture began independently in different parts of the globe.",0.0,0.0,0.0,entailment,1,0.8872928619384766
318,where was pirates of the carribean on stranger tides filmed,"Principal photography began on June 14, 2010, in Hawaii.[17][47] Filming was moved to California in August 2010,[48] primarily at the Long Beach shore[33] and a recreation of Whitecap Bay done in the Universal Studios backlot,[17] as the original Hawaiian location on Halona Cove was plagued with strong tides.[22] After a brief shoot in Puerto Rico,[33] with locations in both Palomino Island and the Fort of San Cristóbal in San Juan,[49] production moved to the United Kingdom in September, where principal photography wrapped on November 18 after 106 days of shooting.[17] Locations included Hampton Court Palace in London,[23] Knole House in Kent,[33] and Old Royal Naval College at Greenwich.[50] Interiors were shot at London's Pinewood Studios, and a replica of an 18th-century London street was built on the backlot alongside the soundstages",True,I don't know,0.0,0.0,0.0,contradiction,0,0.24964556097984314,"Pirates of the Caribbean /Th> /Tr> Tr> Td colspan=""2""> /Tr> /Tr> Tr> Th> Directed by /Th> ",0.0,0.027210884353741496,0.0,entailment,1,0.8523526787757874
325,who sings i wanna be like you jungle book,Louis Prima,True,I don't know,0.0,0.0,0.0,neutral,0,0.2050878405570984,Here Today '' ( 1966 ) /Tr> Tr> Tr> Tr> Tr> Tr> Tr> Tr> Tr> Tr> Tr,0.0,0.0,0.0,contradiction,0,0.19039416313171387
327,who wrote the book of philippians in the bible,Paul of Tarsus,True,I don't know,0.0,0.0,0.0,contradiction,0,0.07488298416137695,"Thomas Bab is the author of the book "" Lays of Ancient Rome"".",0.0,0.13333333333333333,0.0,neutral,0,0.06612332910299301
330,who sold more albums carrie underwood vs kelly clarkson,Carrie Underwood,True,I don't know,0.0,0.0,0.0,neutral,0,0.03251729533076286,P>,0.0,0.0,0.0,neutral,0,0.09402725100517273
331,who is the oldest child in queen sugar,Nova Bordelon,True,I don't know,0.0,0.0,0.0,contradiction,0,0.24490979313850403,No. of seasons /Th>,0.0,0.0,0.0,neutral,0,0.1560569852590561
332,when did second world war start and end,1 September 1939 – 2 September 1945,True,I don't know,0.0,0.0,0.0,contradiction,0,0.16703476011753082,"The map shows the territories held by Allied ( green ), Axis ( orange ), and neutral ( grey ) powers at the outbreak of hostilities in the Mediterranean /Td> /Tr> /Tr> Td col",0.0,0.0,0.0,entailment,1,0.9662554860115051
340,a spider with a skull on its back,Steatoda nobilis,True,I don't know,0.0,0.0,0.0,neutral,0,0.07701148837804794,The telson is the posterior-most division of the body of an arthropod.,0.0,0.0,0.0,entailment,1,0.9835995435714722
349,when did the waltz become popular in england,the Regency period,True,I don't know,0.0,0.0,0.0,entailment,1,0.4913264513015747,waltz,0.0,0.0,0.0,entailment,1,0.6811792850494385
352,what is expelled out of the body as faeces through the anus,"solid, semisolid, or liquid waste material",True,Urethra,0.0,0.0,0.0,neutral,0,0.3496328592300415,excretes waste products.,0.0,0.2222222222222222,0.0,entailment,1,0.6808143258094788
357,who was the chief guest of the official ceremony in the republic day,Crown Prince Mohammed bin Zayed Al Nahyan,True,I don't know,0.0,0.0,0.0,contradiction,0,0.10190260410308838,Narendra Modi /Tr> /Tr> /Tr> /Tr> Th> Tr> Th> Tr> Th> Tr> Th> Tr>,0.0,0.0,0.0,contradiction,0,0.025166653096675873
365,who wrote the practice of the presence of god,"Brother Lawrence (born Nicholas Herman), a 17th-century Carmelite monk",True,Church,0.0,0.0,0.0,neutral,0,0.3720422089099884,United States in 1978.,0.0,0.0,0.0,contradiction,0,0.07933804392814636
367,what cities have been capital of the united states,New York City,True,The Founding Fathers of the United States,0.0,0.0,0.0,entailment,1,0.43308568000793457,The Founding Fathers of the United States were individuals from the Thirteen Colonies in North America who led the American Revolution against the Kingdom of Great Britain and contributed to the establishment of the United States of America.,0.0,0.0,0.0,neutral,0,0.2783636450767517
372,when did india conduct the nuclear test at pokhran,May 1998,True,I don't know,0.0,0.0,1.0,contradiction,0,0.1619398295879364,The maximum yield of TNT ( 33 TJ ) was 8 kilotons of TNT ( 33 TJ ).,0.0,0.0,1.0,neutral,0,0.10518154501914978
373,nhl record for shots on goal in a game,"Ray Bourque (March 21, 1991), 19",True,scored,0.0,0.0,0.0,contradiction,0,0.11520424485206604,Goals scored in matches at the 21 final tournaments of the FIFA World Cup,0.0,0.1,0.0,neutral,0,0.20730392634868622
374,where does the sagging pants trend come from,1990s,True,I don't know,0.0,0.0,0.0,neutral,0,0.34048396348953247,The organisms are able to reproduce.,0.0,0.0,0.0,neutral,0,0.40144893527030945
375,who has played in the most nba finals games,Bill Russell,True,NBA,0.0,0.0,1.0,entailment,1,0.5119350552558899,NBA.,0.0,0.0,1.0,contradiction,0,0.2547510266304016
378,moment of inertia of a rod about a point,radius of gyration,True,rotation,0.0,0.0,0.0,neutral,0,0.1614934355020523,Rotating frame.,0.0,0.0,0.0,entailment,1,0.6495087742805481
380,list of hum tv dramas based on novels,Dayar-e-Dil,True,Kasautii Zindagii Kay,0.0,0.0,0.0,entailment,1,0.7563328146934509,Kasautii Zindagii Kay,0.0,0.0,0.0,entailment,1,0.7563328146934509
381,when does mark show up in grey anatomy,season two,True,I don't know,0.0,0.0,0.0,entailment,1,0.4582848846912384,P>,0.0,0.0,0.0,entailment,1,0.9084252715110779
384,where is the iguazu falls located on a map,on the border of the Argentine province of Misiones and the Brazilian state of Paraná,True,I don't know,0.0,0.0,0.0,contradiction,0,0.16053807735443115,The coordinates for the location of the three overlapping trails are:,0.0,0.30769230769230765,0.0,neutral,0,0.07169605791568756
385,in the 1st century bc egypt became a colony of,the Roman Empire,True,I don't know,0.0,0.0,1.0,neutral,0,0.08992676436901093,Egypt.,0.0,0.0,1.0,neutral,0,0.07520235329866409
387,who is the cheif minister of uttar pradesh up,Yogi Adityanath,True,I don't know,0.0,0.0,1.0,neutral,0,0.2067919671535492,Yogi Adityanath since 19 March 2017 /Td> /Tr> Tr> Th> Appointer /Th> Td> Governor of Uttar Pradesh /Td> /Tr> Th,0.0,0.18181818181818182,1.0,entailment,1,0.5467423796653748
388,who played jono on star trek next generation,Chad Allen,True,I don't know,0.0,0.0,0.0,neutral,0,0.023466777056455612,"The series stars Clark Gregg, reprising his role of Phil Coulson from the films, as well as Ming - Na Wen, Brett Dalton, Chloe Bennet, Iain De Caestecker, and Elizabeth Henstridge ",0.0,0.0,0.0,neutral,0,0.12428932636976242
390,this bear lives in the hundred acre wood,Winnie-the-Pooh,True,I don't know,0.0,0.0,0.0,neutral,0,0.1616375744342804,An apple a day keeps the doctor away.,0.0,0.0,0.0,neutral,0,0.10860425978899002
398,what is the holy book of lslam called,Quran,True,I don't know,0.0,0.0,1.0,neutral,0,0.21936143934726715,The three types of Rihla are:,0.0,0.0,1.0,entailment,1,0.9435355067253113
409,who won the women's championship at wimbledon this year,Garbiñe Muguruza,True,I don't know,0.0,0.0,1.0,contradiction,0,0.1474703848361969,The following players were not in the Wimbledon Ladies'Singles Champions Tr> Th> Location /Th> Tr> Th> Venue /Th> AELTC /Tr> /Tr> Th> ,0.0,0.0,1.0,neutral,0,0.048795007169246674
415,who won second place in miss universe 2017,Laura González,True,I don't know,0.0,0.0,0.0,neutral,0,0.1579379290342331,"The pageant has awarded a top - five finalists from 1952 to 1989 and from 2001 up to 2014, with the first, second, third and fourth runner - up being awarded.",0.0,0.0,0.0,entailment,1,0.781290590763092
417,when does the new wheel of fortune season start,"September 10, 2018",True,I don't know,0.0,0.0,0.0,neutral,0,0.06614512205123901,"The second half of the season aired entirely in February 2017 on weekdays, with either a half - episode segment or a full episode premiering each day.",0.0,0.0,0.0,neutral,0,0.006200155708938837
422,who has been elected next president of united nations 2018,María Fernanda Espinosa,True,I don't know,0.0,0.0,0.0,neutral,0,0.24145059287548065,Miroslav Laják since 12 September 2017 /Tr> /Tr> /Tr> Tr> Tr> Th> Style /Th> Td> His Excellency /Td,0.0,0.0,0.0,entailment,1,0.8323886394500732
424,when was the myers briggs type indicator developed,during World War II,True,Marsh,0.0,0.0,0.0,neutral,0,0.28561845421791077,"The Marsh test is a highly sensitive method in the detection of arsenic, especially useful in the field of forensic toxicology when arsenic was used as a poison.",0.0,0.0,0.0,neutral,0,0.042108505964279175
425,when was the last time australia won the rugby world cup,1999,True,I don't know,0.0,0.0,1.0,neutral,0,0.1694067418575287,The 2018 FIFA World Cup is a tournament in which 79 national teams have entered the competition.,0.0,0.0,1.0,contradiction,0,0.022204075008630753
428,where was the movie it's complicated filmed,New York City,True,I don't know,0.0,0.0,0.0,contradiction,0,0.0143445348367095,"The first season premiered on April 17, 2011, on HBO.",0.0,0.0,0.0,entailment,1,0.8363347053527832
435,who wrote the story for the shape of water,Guillermo del Toro,True,Constitutional Convention,0.0,0.0,0.0,neutral,0,0.15972545742988586,States.,0.0,0.0,0.0,neutral,0,0.1864483654499054
437,when do fifty shades of freed come out,"February 9, 2018",True,I don't know,0.0,0.0,0.0,neutral,0,0.21047908067703247,"The single was released on September 19, 2018 ( 2018 - 09 - 19 ) /Td> /Tr> Tr> Tr> Th colspan=""2""> /Tr> Tr> ",0.0,0.09090909090909091,0.0,entailment,1,0.7318143844604492
444,where is the lighthouse in lighthouse point fl,Hillsboro Beach,True,I don't know,0.0,0.0,0.0,contradiction,0,0.25809141993522644,"Lighthouse Point is located in Broward County, Florida, United States of America.",0.0,0.0,0.0,entailment,1,0.9677135944366455
445,who founded the first university in the world,Fatima bint Muhammad Al-Fihriya Al-Qurashiya,True,I don't know,0.0,0.0,0.0,neutral,0,0.136195570230484,"The first Western European institutions generally considered universities were established in the Kingdom of Italy, then part of the Holy Roman Empire, the Kingdom of England, the Kingdom of France, the Kingdom of Spain, and the Kingdom of Portugal between the 11th and 15th centuries for the study of the Arts and",0.0,0.0,0.0,entailment,1,0.9850881695747375
448,when did tiger win his last pga tournament,2007,True,I don't know,0.0,0.0,1.0,contradiction,0,0.17879918217658997,Tiger Woods /Th> /Th> /Th> /Th> /Th> /Th> /Th> /Th> /Th> /Th> /Th> /Th> ,0.0,0.0,1.0,entailment,1,0.5230657458305359
450,who wrote aerosmith i don't want to miss a thing,Diane Warren,True,I don't know,0.0,0.0,1.0,contradiction,0,0.20313508808612823,Aerosmith /Th> /Th> /Tr> /Tr> /Tr> /Tr> /Th> /Th> /Th> /Th> /Th> /,0.0,0.0,1.0,entailment,1,0.7391864061355591
459,what was the capital of brazil before brasilia,Rio de Janeiro,True,I don't know,0.0,0.0,1.0,neutral,0,0.3214030861854553,"The annexation of the Republic of Texas in 1845 led directly to the Mexican -- American War, after which the victorious United States obtained the northern half of Mexico's",0.0,0.0,1.0,neutral,0,0.020081544294953346
460,where was the kath and kim movie filmed,Positano,True,I don't know,0.0,0.0,0.0,contradiction,0,0.004582737106829882,"Ireland, Iceland and Spain.",0.0,0.0,0.0,contradiction,0,0.004535655491054058
462,what is red's real name on that 70's show,"Reginald Albert ""Red"" Forman",True,Scott Disick,0.0,0.0,0.0,neutral,0,0.2607071101665497,Scott Disick.,0.0,0.0,0.0,contradiction,0,0.21388569474220276
470,when did nhl start 3 on 3 overtime,2015–16 NHL season,True,I don't know,0.0,0.0,0.0,neutral,0,0.41502195596694946,The number of championships won by NBA superstars is often used as a measurement of their greatness.,0.0,0.0,0.0,neutral,0,0.05894986167550087
471,who is the founder of red cross society,Henry Dunant,True,I don't know,0.0,0.0,1.0,contradiction,0,0.1460733413696289,"The Geneva Conventions'three emblems in use : Red Cross, Red Crescent, Red Crystal /Td> /Tr> Tr> Tr> Th> Founded /Th> Ul> L",0.0,0.0,1.0,entailment,1,0.8228268027305603
472,what are the three rivers of pittsburgh pennsylvania,Allegheny,True,I don't know,0.0,0.0,0.0,neutral,0,0.17084291577339172,Three Rivers Park /Th> /Tr> Tr> Th> Type /Th> Td> Municipal Park /Tr> Th> Location /Th> Td> Td> ,0.0,0.0,0.0,entailment,1,0.36601582169532776
476,what were the two super powers during the cold war,Soviet Union,True,I don't know,0.0,0.0,1.0,neutral,0,0.013764393515884876,"The Cold War was a state of geopolitical tension after World War II between powers in the Eastern Bloc ( the Soviet Union and its satellite states ) and powers in the Western Bloc ( the United States, its NATO allies and others ).",0.0,0.09523809523809523,1.0,neutral,0,0.01687861606478691
477,at present who is the speaker of lok sabha,Sumitra Mahajan,True,I don't know,0.0,0.0,0.0,contradiction,0,0.1470290720462799,Yogi Adityanath since 19 March 2017 /Td> /Tr> Tr> Tr> Th> Appointer /Th> Td> Governor of Uttar Pradesh /Td> /T,0.0,0.0,0.0,entailment,1,0.48376405239105225
478,who voices the faceless old woman who secretly lives in your home,Mara Wilson,True,I don't know,0.0,0.0,0.0,contradiction,0,0.007447378244251013,Drew Carey is the main protagonist of the series.,0.0,0.0,0.0,contradiction,0,0.1795320361852646
481,when did sweet dreams are made of this come out,1983,True,I don't know,0.0,0.0,1.0,neutral,0,0.2801525592803955,"Eurythmics /Th> /Tr> Tr> Tr> Th colspan=""2""> /Tr> /Tr> Th colspan=""2""> Single by Eurythmic",0.0,0.0,1.0,entailment,1,0.7253166437149048
482,when were catholic churches allowed back in england,Dioceses (replacing districts) were re-established by Pope Pius IX in 1850,True,I don't know,0.0,0.0,0.0,contradiction,0,0.3592709004878998,"Westminster Cathedral, City of Westminster, London /Td> /Tr> /Tr> /Tr> Th> Classification /Th> Catholic /Td> /Tr> /Tr>",0.0,0.0,0.0,entailment,1,0.5381816029548645
484,who plays wendy the waitress in how i met your mother,Charlene Amoia,True,I don't know,0.0,0.0,0.0,contradiction,0,0.18015460669994354,"The Mindy Project is an American comedy television series which aired on Fox for three seasons from on September 25, 2012, to March 24, 2015.",0.0,0.0,0.0,entailment,1,0.974821150302887
486,where did the night at the museum take place,New York City's American Museum of Natural History,True,Sparta is not near any interstate highway or state boundary,0.0,0.0,0.0,contradiction,0,0.04029741883277893,Sparta is not near any interstate highway or state boundary.,0.0,0.0,0.0,contradiction,0,0.04650816321372986
492,what are freshmen called at the air force academy,Fourth class cadets,True,I don't know,0.0,0.0,0.0,contradiction,0,0.10843649506568909,"The United States Air Force Academy, Colorado, U.S. /Td> /Tr> Tr> Th> motto is Integrity First, Service Before Self, Excellence in All We Do /Td> /Tr",0.0,0.0,0.0,neutral,0,0.06129879131913185
500,how many gold medals did nz win in the 2018 commonwealth,46,True,I don't know,0.0,0.0,1.0,contradiction,0,0.0726877823472023,The medals were ranked 5th in the medals table.,0.0,0.0,1.0,neutral,0,0.003750166855752468
501,who is the actor playing terry on general hospital,Cassandra James,True,Breaking Bad,0.0,0.0,0.0,contradiction,0,0.09849339723587036,"Breaking Bad is an American television drama series created by Vince Gilligan, which premiered in 2008 on the cable network AMC.",0.0,0.0,0.0,contradiction,0,0.03175351768732071
505,who is the leader of the state government in australia,the Queen of Australia,True,India,0.0,0.0,0.0,contradiction,0,0.16612301766872406,Constitutional powers.,0.0,0.0,0.0,contradiction,0,0.28178200125694275
506,when was national food security act introduced in rajasthan,22 December 2011,True,Saka calendar,0.0,0.0,0.0,contradiction,0,0.014903461560606956,Nepal Sambat.,0.0,0.0,0.0,contradiction,0,0.018023574724793434
507,good morning america what time does it start,7:00 to 9:00 a.m. in all U.S. time zones (live in the Eastern Time Zone and on tape delay elsewhere across the country),True,I don't know,0.0,0.0,0.0,contradiction,0,0.10297360271215439,VideoHelper ( 2004 -- 06 ) /Li>,0.0,0.0,0.0,contradiction,0,0.10839061439037323
513,what are the main sources of vitamin k,green leafy vegetables,True,I don't know,0.0,0.0,0.0,neutral,0,0.09575538337230682,Manna.,0.0,0.0,0.0,neutral,0,0.13513731956481934
514,when did the edwardian era start and end,1901 to 1910,True,I don't know,0.0,0.0,0.0,contradiction,0,0.11041126400232315,The Middle Ages or Medieval Period lasted from the 5th to the 15th century.,0.0,0.11764705882352941,0.0,contradiction,0,0.09069390594959259
519,what was the copperheads position on fighting the war,opposed the American Civil War and wanted an immediate peace settlement with the Confederates,True,I don't know,0.0,0.0,0.0,neutral,0,0.010094798170030117,The British paid little attention to the war.,0.0,0.2727272727272727,0.0,neutral,0,0.007440845016390085
521,when was rudolph the red nosed reindeer written,1939,True,I don't know,0.0,0.0,0.0,contradiction,0,0.16804499924182892,"The work's image has been maintained and reinforced through song, radio, television, children's books, films, and advertising.",0.0,0.0,0.0,neutral,0,0.007538394071161747
527,when does season 3 of lucifer come out,"October 2, 2017",True,I don't know,0.0,0.0,0.0,contradiction,0,0.139406219124794,tenth season of Lucifer,0.0,0.0,0.0,contradiction,0,0.08857306838035583
529,what kind of currency is used in new zealand,New Zealand dollar,True,I don't know,0.0,0.0,1.0,contradiction,0,0.21768319606781006,The New Zealand dollar is a New Zealand dollar.,0.0,0.5,1.0,entailment,1,0.9466907978057861
531,when was the last time mount shasta was active,about two centuries ago,True,I don't know,0.0,0.0,0.0,contradiction,0,0.11222561448812485,a third season.,0.0,0.0,0.0,neutral,0,0.13848507404327393
539,which is first dawn of the planet of the apes or rise of the planet of the apes,Rise of the Planet of the Apes,True,Christmas,0.0,0.0,1.0,contradiction,0,0.3231452405452728,Christmas.,0.0,0.0,1.0,contradiction,0,0.06710018217563629
543,coriolosis component of acceleration can be found in,the Earth,True,I don't know,0.0,0.0,1.0,neutral,0,0.22899770736694336,The Coriolis force is proportional to the mass of the object.,0.0,0.15384615384615385,1.0,entailment,1,0.9852862358093262
547,who sings i always feel like somebody's watching me,TRU,True,I don't know,0.0,0.0,1.0,neutral,0,0.26698482036590576,Rockwell /Th> /Th> /Th> /Th> /Th> /Th> /Th> /Th> /Th> /Th> /Th> /Th> ,0.0,0.0,1.0,entailment,1,0.44734853506088257
548,where is lebron on the all time scoring list,7,True,I don't know,0.0,0.0,1.0,contradiction,0,0.00760099058970809,The NBA has been proposed to merge LeBron James Jr. into this article.,0.0,0.0,1.0,contradiction,0,0.041775863617658615
549,who wrote there's nothing holdin me back,Shawn Mendes,True,I don't know,0.0,0.0,1.0,contradiction,0,0.20875678956508636,"Shawn Mendes /Th> /Th> Tr> Th colspan=""2""> /Th> /Tr> Tr> Th colspan=""2""> Single by Shawn Mendes /",0.0,0.2222222222222222,1.0,entailment,1,0.6582978367805481
550,when was silicon added to the periodic table,1823,True,I don't know,0.0,0.0,1.0,contradiction,0,0.27377164363861084,"/Tr> /Tr> Tr> Th colspan=""2""> /Tr> /Tr> Th colspan=""2""> General properties /Th> /Th> /",0.0,0.0,1.0,contradiction,0,0.34373071789741516
555,where do the golden knights hockey team play,"at T-Mobile Arena on the Las Vegas Strip in Paradise, Nevada",True,I don't know,0.0,0.0,0.0,contradiction,0,0.12294413149356842,The 2018 NCAA Division I Men's Basketball Tournament /Th> /Tr> /Tr> /Tr> /Tr> /Tr> /Tr> /Tr> /Tr>,0.0,0.07142857142857142,0.0,entailment,1,0.7430366277694702
556,where is black sea located in the world,"between Eastern Europe, the Caucasus, and Western Asia",True,I don't know,0.0,0.0,0.0,contradiction,0,0.14022353291511536,"The Mariana Trench is located in the western Pacific Ocean approximately 200 kilometres ( 124 mi ) east of the Mariana Islands, is the deepest point in the world's oceans.",0.0,0.11111111111111112,0.0,contradiction,0,0.4190443456172943
558,when can a person be held for a capital crime without benefit of presentment,"in cases arising in the land or naval forces, or in the Militia, when in actual service in time of War or public danger",True,dozens of members) is a more informal and less formal method of examining criminal cases.,0.0,0.10256410256410255,0.0,neutral,0,0.25805094838142395,grand juries) is more likely to be a criminal trial.,0.0,0.0,0.0,neutral,0,0.15603408217430115
560,when was central statistical organisation of india established,2 May 1951,True,I don't know,0.0,0.0,0.0,neutral,0,0.031555090099573135,"The Central Statistics Office ( CSO ) is a governmental agency in India under the Ministry of Statistics and Programme Implementation responsible for co-ordination of statistical activities in India, and evolving and maintaining statistical standards.",0.0,0.0,0.0,entailment,1,0.9291868805885315
564,who plays red's voice in angry birds,Jason Sudeikis,True,I don't know,0.0,0.0,0.0,contradiction,0,0.04734222963452339,The show is set in New Orleans which the Mikaelson family and original vampires helped to build.,0.0,0.0,0.0,entailment,1,0.5053645372390747
568,what was the first book that charles dickens published,The Pickwick Papers,True,I don't know,0.0,0.0,0.0,neutral,0,0.10278552025556564,"The book was written by Jonathan Swift, who was most famous for his book Gulliver's Travels.",0.0,0.10526315789473684,0.0,contradiction,0,0.4134964942932129
571,how many episodes is there in season 14 of greys anatomy,24,True,I don't know,0.0,0.0,1.0,contradiction,0,0.20144528150558472,"The number of episodes /Th> Td> 24 /Td> Tr> Tr> Th colspan=""2""> Grey's Anatomy ( season 14 ) /Th> /Tr>",0.0,0.10526315789473684,1.0,neutral,0,0.10731206089258194
573,who is the highest paid nba player in 2016,LeBron James,True,I don't know,0.0,0.0,1.0,neutral,0,0.15750433504581451,"The NBA Finals are held on February 7, 2016.",0.0,0.0,1.0,neutral,0,0.019309738650918007
575,who has been on the throne the longest in england,Queen Elizabeth II,True,I don't know,0.0,0.0,1.0,contradiction,0,0.04992270842194557,"The last monarch of a distinct kingdom of England was Anne, who became Queen of Great Britain when England merged with Scotland to form a union in 1707.",0.0,0.06451612903225806,1.0,neutral,0,0.05523441359400749
576,where is earth within the milky way galaxy,Orion Arm,True,I don't know,0.0,0.0,0.0,neutral,0,0.3351215720176697,The Milky Way Galaxy is a galaxy in the night sky above Paranal Observatory.,0.0,0.0,0.0,entailment,1,0.8962559700012207
577,who plays shiv's ex boyfriend on succession,Ashley Zukerman,True,I don't know,0.0,0.0,0.0,entailment,1,0.5983723998069763,"The focus was primarily on Klaus ( Joseph Morgan ), Elijah ( Daniel Gillies ), and Rebekah ( Claire Holt ) who found out in the backdoor pilot",0.0,0.0,0.0,contradiction,0,0.008422616869211197
578,what is the population of yukon in 2017,"35,874 people",True,I don't know,0.0,0.0,0.0,neutral,0,0.17297343909740448,Inuit religion /Tr> /Tr> /Tr> /Tr> /Tr> /Tr> /Tr> /Tr> /Tr> /Tr> ,0.0,0.0,0.0,contradiction,0,0.2081426978111267
579,when was a whiter shade of pale recorded,1967,True,I don't know,0.0,0.0,0.0,contradiction,0,0.07535820454359055,are standardized on the PAL format until the 1960s.,0.0,0.0,0.0,neutral,0,0.011301957070827484
589,when did the song all by myself come out,in 1975,True,I don't know,0.0,0.0,0.0,contradiction,0,0.16998395323753357,Irving King,0.0,0.0,0.0,entailment,1,0.6168810725212097
593,what is the meaning of region in english,"areas that are broadly divided by physical characteristics (physical geography), human impact characteristics (human geography), and the interaction of humanity and the environment (environmental geography)",True,I don't know,0.0,0.0,1.0,neutral,0,0.21603423357009888,"academic study, cultural geography became interested in cultural landscapes.",0.0,0.058823529411764705,1.0,neutral,0,0.025188423693180084
597,when does arrow season 6 episode 21 air,"May 3, 2018",True,I don't know,0.0,0.0,0.0,neutral,0,0.12389858067035675,HBO.,0.0,0.0,0.0,neutral,0,0.04506703093647957
598,who starred in the original movie cape fear,Robert Mitchum,True,I don't know,0.0,0.0,1.0,neutral,0,0.19294355809688568,The Ten Commandments /Th> /Th> /Th> /Th> /Th> /Th> /Th> /Th> /Th> /Th> /Th> /Th>,0.0,0.0,1.0,entailment,1,0.42351478338241577
599,who is the bloke in the go compare advert,Wynne Evans,True,I don't know,0.0,0.0,0.0,contradiction,0,0.007447378244251013,Drew Carey is the main protagonist of the series.,0.0,0.0,0.0,contradiction,0,0.1795320361852646
600,where does a jury of her peers take place,"fictional Dickson County (representing Dickinson County, Iowa)",True,I don't know,0.0,0.0,0.0,neutral,0,0.17280614376068115,"The United States is one of only two common law jurisdictions in the world, along with Liberia, that continues to use the grand jury to screen criminal indictments.",0.0,0.0,0.0,entailment,1,0.8860905766487122
603,what language do they speak in the czech republic,Czech,True,I don't know,0.0,0.0,1.0,contradiction,0,0.018143778666853905,The language family includes Indo - European Ul> Li> Balto - Slavic Ul> Slavic Li> Slavic Ul> Slavic Ul> Slavic Ul> Sla,0.0,0.0,1.0,contradiction,0,0.037657663226127625
604,who is el senor de los cielos based on,Amado Carrillo Fuentes,True,I don't know,0.0,0.0,1.0,contradiction,0,0.10903000086545944,El Seor de los Cielos,0.0,0.0,1.0,entailment,1,0.6296358108520508
607,what year did the drummer lose his arm,1985,True,I don't know,0.0,0.0,1.0,neutral,0,0.20531563460826874,Def Leppard,0.0,0.0,1.0,entailment,1,0.5175588130950928
609,where is redding california located on a map,"along the Sacramento River, 162 miles (261 kilometers) north of Sacramento, and 120 miles (190 km) south of California's northern border, shared with the state of Oregon",True,I don't know,0.0,0.0,0.0,contradiction,0,0.2482786476612091,"Redding is located in Shasta County, California.",0.0,0.0,0.0,entailment,1,0.9851264953613281
613,when does celebs go dating series 3 start,4 September 2017,True,I don't know,0.0,0.0,0.0,neutral,0,0.2212732881307602,"On June 28, 2012, the second season began on June 28, 2012.",0.0,0.0,0.0,contradiction,0,0.23996193706989288
619,what is the newest jurassic park movie called,Jurassic World: Fallen Kingdom,True,Marvel,0.0,0.0,1.0,neutral,0,0.11429174989461899,"The only films in the top ten that are not adapted from a pre-existing property or a sequel are the top two, Avatar and Titan.",0.0,0.0,1.0,neutral,0,0.01975282095372677
622,who wrote the song one wing from sparkle,R. Kelly,True,I don't know,0.0,0.0,1.0,neutral,0,0.2469518929719925,"Various Artists /Th> /Th> Tr> Th colspan=""2""> Sparkle : Original Motion Picture Soundtrack /Th> /Th> /Tr> Td colspan=""2""",0.0,0.0,1.0,entailment,1,0.6073318719863892
623,who sang wish you were here pink floyd,David Gilmour,True,I don't know,0.0,0.0,1.0,contradiction,0,0.19641678035259247,The song was written by David Gilmour and Roger Waters.,0.0,0.33333333333333337,1.0,neutral,0,0.03630832955241203
627,who won the women's 400 meter dash in the olympics,Shaunae Miller,True,I don't know,0.0,0.0,1.0,contradiction,0,0.19487135112285614,"The 2012 Olympic men's 400 m final was held on March 3, 2012.",0.0,0.0,1.0,neutral,0,0.010384758934378624
628,who has the most points in nba history career,LeBron James,True,I don't know,0.0,0.0,1.0,contradiction,0,0.009915603324770927,Bill Russell.,0.0,0.0,1.0,contradiction,0,0.05925052613019943
629,who is paige on days of our lives,True O'Brien,True,Iungerich) is a teen playboy,0.0,0.0,0.0,contradiction,0,0.29418182373046875,Queen ) receives help from the Lance family ; Laurel ( Katie ) receives help from the Lance family ;,0.0,0.0,0.0,contradiction,0,0.06540494412183762
634,bible verse if your hand causes you sin cut off,Matthew 5:30,True,I don't know,0.0,0.0,0.0,neutral,0,0.0814400315284729,The word amen is a declaration of affirmation found in the Hebrew Bible and the New Testament.,0.0,0.0,0.0,neutral,0,0.3498871922492981
638,when did the first slender game come out,2012,True,I don't know,0.0,0.0,0.0,neutral,0,0.23682406544685364,sexagesimal system.,0.0,0.0,0.0,neutral,0,0.24210940301418304
640,when do the red sox play sweet caroline,in the middle of the eighth inning,True,Fox,0.0,0.0,0.0,contradiction,0,0.09790300577878952,"The series began airing on the Hallmark Channel in the United States on January 11, 2014, and on April 16, 2014 on Super",0.0,0.2,0.0,contradiction,0,0.021506715565919876
644,who plays the black knight in monty python,John Cleese,True,I don't know,0.0,0.0,1.0,neutral,0,0.01903192140161991,"The show was renewed for a second season, which premiered on September 28, 2016.",0.0,0.0,1.0,neutral,0,0.0014428457943722606
645,secreted by cells in the walls of the hearts atria,Atrial natriuretic peptide (ANP),True,Excretion,0.0,0.0,0.0,contradiction,0,0.19245441257953644,Excretion is an essential process in all forms of life.,0.0,0.0,0.0,neutral,0,0.03419242054224014
649,which nba player has scored the most points,Kareem Abdul-Jabbar,True,I don't know,0.0,0.0,0.0,contradiction,0,0.009915603324770927,Bill Russell.,0.0,0.0,0.0,contradiction,0,0.05925052613019943
651,who did the soviet union support in china civil war,the CCP,True,I don't know,0.0,0.0,0.0,neutral,0,0.013764393515884876,"The Cold War was a state of geopolitical tension after World War II between powers in the Eastern Bloc ( the Soviet Union and its satellite states ) and powers in the Western Bloc ( the United States, its NATO allies and others ).",0.0,0.047619047619047616,0.0,neutral,0,0.01687861606478691
653,when was the last time a total eclipse happened,"August 21, 2017",True,I don't know,0.0,0.0,0.0,neutral,0,0.2590482831001282,tornadoes ) are based on the information in this article.,0.0,0.0,0.0,entailment,1,0.6497724056243896
656,who played the scare crow in wizard of oz,Raymond Wallace Bolger,True,I don't know,0.0,0.0,0.0,contradiction,0,0.14370699226856232,The wizard /Tr> is a fictional character in the Harry Potter series.,0.0,0.0,0.0,entailment,1,0.6128859519958496
667,where is the femur located on the human body,proximal (closest to the hip joint) bone of the leg,True,I don't know,0.0,0.0,0.0,contradiction,0,0.18875567615032196,The femur is a round ligament.,0.0,0.125,0.0,entailment,1,0.971834123134613
668,who said truth justice and the american way,the comic-book character Superman,True,Boston,0.0,0.0,0.0,neutral,0,0.22790786623954773,Boston people.,0.0,0.0,0.0,neutral,0,0.17866015434265137
669,who won the first stage of the 2018 tour de france,Fernando Gaviria of Quick-Step Floors,True,I don't know,0.0,0.0,0.0,contradiction,0,0.22716447710990906,Geraint Thomas ( GBR ) /Td> Td> ( Team Sky ) /Td> Td> ( Team Sky ) /Td> Td> Td> ( Geraint Thomas ),0.0,0.0,0.0,contradiction,0,0.35295283794403076
672,where is kuala lumpur located on a map,3°8′N 101°41′E﻿ / ﻿3.133°N 101.683°E,True,I don't know,0.0,0.0,0.0,contradiction,0,0.16352412104606628,"Kuala Lumpur /Tr> /Tr> Tr> Th colspan=""2""> Kuala Lumpur /Tr> /Tr> Tr> Td colspan=""2""",0.0,0.0,0.0,entailment,1,0.5396484732627869
673,when did falcon first appear in the mcu,in the 2014 film Captain America: The Winter Soldier,True,I don't know,0.0,0.0,0.0,contradiction,0,0.22731180489063263,Captain America # 117 ( September 1969 ) /Td> /Tr> Tr> Tr> Th> First appearance /Th> Td> Captain America # 117 ( September 1969 ) /Td>,0.0,0.13793103448275865,0.0,entailment,1,0.6684249639511108
675,when did the battle of bannockburn take place,24 June 1314,True,I don't know,0.0,0.0,0.0,neutral,0,0.15018212795257568,The Gadsden flag is a historical American flag with a yellow field depicting a rattlesnake coiled and ready to strike.,0.0,0.0,0.0,entailment,1,0.9873687624931335
677,who does danny end up with in just go with it,Katherine,True,I don't know,0.0,0.0,0.0,neutral,0,0.3385177552700043,"The series stars Clark Gregg, reprising his role of Phil Coulson from the films, as well as Ming - Na Wen, Brett Dalton, Clark Gregg",0.0,0.0,0.0,neutral,0,0.007072467356920242
678,who played tj on head of the class,Rain Pryor,True,I don't know,0.0,0.0,0.0,contradiction,0,0.32378703355789185,"Mark L. Young ( born Markell V. Efimoff January 1, 1991 ) is an American actor.",0.0,0.0,0.0,entailment,1,0.6075236797332764
684,what is free trade area of the americas,agreement to eliminate or reduce the trade barriers,True,Americas,0.0,0.0,1.0,neutral,0,0.39565542340278625,"The trade winds are the prevailing pattern of easterly surface winds found in the tropics, within the lower portion of the Earth's atmosphere, in the lower section of the troposphere near the Earth's equator.",0.0,0.09523809523809523,1.0,neutral,0,0.30896472930908203
685,who was the first to suggest an atom existed,the ancient Greek philosophers Leucippus and his pupil Democritus,True,I don't know,0.0,0.0,0.0,contradiction,0,0.1470026671886444,The atomists theorized that nature consists of two fundamental principles : atom and void.,0.0,0.18181818181818185,0.0,neutral,0,0.2359362542629242
686,what percentage of the us population is east of the mississippi,58.28%,True,I don't know,0.0,0.0,0.0,neutral,0,0.1424713283777237,"The total area of the Panhandle is 9,826,675 km ( 3,794,100 sq mi ) /Td> /Tr> /Tr> Th> Total land area is 9,826,675 km ( 3,794,100 sq mi ",0.0,0.0,0.0,entailment,1,0.7560819387435913
687,who is gertrude bell queen of the desert,"an English writer, traveller, political officer, administrator, and archaeologist",True,I don't know,0.0,0.0,0.0,neutral,0,0.00465416070073843,"The sentence ""Kasem at the 1989 Emmy Awards /Tr> /Th> /Th> Tr> Th> /Th> Tr> Tr> Th> Tr> ",0.0,0.0,0.0,neutral,0,0.11779750883579254
688,what is the name given to the rows in the periodic table,periods,True,I don't know,0.0,0.0,0.0,contradiction,0,0.14485175907611847,helium - 4 it is a little more symmetric.,0.0,0.0,0.0,neutral,0,0.07299812883138657
689,who is the current director of the national park service,"Mike Reynolds, Acting Director",True,I don't know,0.0,0.0,1.0,contradiction,0,0.16306807100772858,The National Park Service is the parent agency of the Department of the Interior.,0.0,0.0,1.0,neutral,0,0.007681670598685741
691,who was the first person who discovered gravitational pull,Aryabhata,True,I don't know,0.0,0.0,0.0,neutral,0,0.043103769421577454,The Coriolis force is an inertial force that acts on objects that are in motion relative to a rotating reference frame.,0.0,0.0,0.0,entailment,1,0.6404439806938171
695,can't help falling in love who wrote it,Hugo Peretti,True,I don't know,0.0,0.0,0.0,neutral,0,0.16579139232635498,"Kilmer is most remembered for  Trees '', which has been the subject of frequent parodies and references in popular culture.",0.0,0.0,0.0,contradiction,0,0.009578621946275234
697,where is finland located on a map of europe,Northern Europe,True,I don't know,0.0,0.0,0.0,contradiction,0,0.16639097034931183,The capital and largest city /Th> Copenhagen 55 ° 43 ′ N 12 ° 34 ′ E / 55.717 ° N 12.567 ° E / 55.717 ; 12.567 /Td>,0.0,0.0,0.0,neutral,0,0.014551092870533466
700,who wrote the i had a dream speech,Martin Luther King Jr.,True,Jefferson,0.0,0.0,0.0,neutral,0,0.011315219104290009,Jefferson.,0.0,0.0,0.0,neutral,0,0.017159145325422287
701,who is the highest paid player in all of sports,Cristiano Ronaldo,True,I don't know,0.0,0.0,1.0,neutral,0,0.08724218606948853,are the highest paid athletes in the world,0.0,0.0,1.0,entailment,1,0.7124823927879333
706,who won the battle of charleston in the revolutionary war,the British,True,I don't know,0.0,0.0,1.0,neutral,0,0.18840961158275604,The Siege of Charleston was part of the American Revolutionary War.,0.0,0.15384615384615385,1.0,entailment,1,0.9761863946914673
710,which of the following are components of the pns,nerves and ganglia outside the brain and spinal cord,True,I don't know,0.0,0.0,0.0,neutral,0,0.1125403419137001,The Philippines was the first country to have Internet in the United States.,0.0,0.09090909090909093,0.0,neutral,0,0.028351087123155594
711,who wrote the song come thou fount of every blessing,18th century pastor and hymnist Robert Robinson,True,Matthew,0.0,0.0,0.0,entailment,1,0.5549643635749817,"The poem was published posthumously in 1890 in Poems : Series 1, a collection of Dickinson's poems assembled and edited by her friends Mabel Loomis Todd and Thomas Wentworth Higginson.",0.0,0.05555555555555555,0.0,neutral,0,0.0055681196972727776
716,a series of unfortunate events season 1 episode 2,The Bad Beginning: Part Two,True,I don't know,0.0,0.0,0.0,neutral,0,0.00465416070073843,The series was directed by Chloe Thomas and Steve Connelly.,0.0,0.13333333333333333,0.0,neutral,0,0.0023905241396278143
719,who is the present speaker in lok sabha,Sumitra Mahajan of the Bharatiya Janata Party,True,I don't know,0.0,0.0,0.0,contradiction,0,0.1470290720462799,Yogi Adityanath since 19 March 2017 /Td> /Tr> Tr> Tr> Th> Appointer /Th> Td> Governor of Uttar Pradesh /Td> /T,0.0,0.07407407407407408,0.0,entailment,1,0.48376405239105225
720,who is said be the father of volleyball,William George Morgan,True,I don't know,0.0,0.0,0.0,contradiction,0,0.008376043289899826,"The first recorded indoor ice hockey game took place at the Victoria Skating Rink in Montreal, Quebec, Canada.",0.0,0.0,0.0,contradiction,0,0.014795043505728245
722,who has the most medals in this year's winter olympics,Norway,True,I don't know,0.0,0.0,0.0,contradiction,0,0.14481180906295776,Great Britain at the 2018 Winter Olympics /Th> /Th> /Th> /Th> /Th> /Th> /Th> /Th> /Th> /Th> /Th> ,0.0,0.0,0.0,neutral,0,0.2951466143131256
723,when was the internet introduced in the philippines,"on March 29, 1994",True,I don't know,0.0,0.0,1.0,contradiction,0,0.12826550006866455,The Public Telecommunications Act of the Philippines was made into law.,0.0,0.0,1.0,entailment,1,0.9674946069717407
729,who is the heroine of quit india movement,Aruna Asaf Ali,True,I don't know,0.0,0.0,0.0,neutral,0,0.17025621235370636,Prime Minister of India,0.0,0.0,0.0,neutral,0,0.06891532987356186
731,when can a med student be called doctor,Upon successful completion of medical school,True,I don't know,0.0,0.0,0.0,neutral,0,0.03178652003407478,The University of Vienna Tr> Tr> Tr> Tr> Tr> Tr> Th> Tr> Th> Tr> Th> Tr> Th,0.0,0.08695652173913045,0.0,neutral,0,0.18734967708587646
736,who played piggy in lord of the flies,Hugh Edwards,True,I don't know,0.0,0.0,1.0,contradiction,0,0.12890377640724182,"The film, King Arthur ( Graham Chapman ), accompanied by his trusty squire Patsy ( Terry Gilliam ), is travelling through a forest when he enters a clearing and observes a fight taking place between a Black Knight",0.0,0.0,1.0,entailment,1,0.9452033638954163
741,when did disney's 101 dalmations come out,"January 25, 1961",True,"Regions 1, 2 and 4",0.0,0.0,0.0,neutral,0,0.05053185299038887,1.,0.0,0.0,0.0,contradiction,0,0.011190515011548996
742,when did they stop putting cigarettes in rations,1975,True,I don't know,0.0,0.0,1.0,neutral,0,0.006865459494292736,United States military personnel,0.0,0.0,1.0,neutral,0,0.0070655164308846
743,when did reese's peanut butter cups first come out,1928,True,I don't know,0.0,0.0,1.0,neutral,0,0.1228749081492424,"The proverb originated in Wales, and was particularly prevalent in Pembrokshire.",0.0,0.0,1.0,neutral,0,0.057811204344034195
749,who does christopher walken play in the jungle book,King Louie,True,Black Knight defeats the Green one by throwing his sword straight through the eye slot of the Green Knight's great helm,0.0,0.0,0.0,entailment,1,0.9579001069068909,Rip Van Winkle is a fictional character who appears in a scene of the film Monty Python and the Holy Grail.,0.0,0.0,0.0,neutral,0,0.3494296371936798
751,what is the name of the island of haiti and dominican republic,Hispaniola,True,I don't know,0.0,0.0,1.0,contradiction,0,0.19801168143749237,The highest elevation /Tr> Tr> Tr> Tr> Tr> Tr> Tr> Tr> Tr> Tr> Tr> Tr>,0.0,0.0,1.0,contradiction,0,0.09489782899618149
754,where have the mescalero apache settled in new mexico,Mescalero Apache Reservation,True,I don't know,0.0,0.0,0.0,neutral,0,0.31877925992012024,The Mescalero Apache Tribal Administrative Offices and Community Center is located within Mesoamerica.,0.0,0.25,0.0,neutral,0,0.15748189389705658
756,where is the new texas rangers stadium being built,Arlington,True,I don't know,0.0,0.0,1.0,neutral,0,0.24352823197841644,The AT&T Stadium is visible in the background.,0.0,0.0,1.0,entailment,1,0.8904709815979004
761,where was mash 4077 supposed to be in korea,"Uijeongbu, South Korea",True,I don't know,0.0,0.0,0.0,neutral,0,0.12281199544668198,                               ,0.0,0.0,0.0,contradiction,0,0.07837281376123428
763,theme of the movie akeelah and the bee,overcoming obstacles despite difficult challenges along the way,True,I don't know,0.0,0.0,0.0,neutral,0,0.13288143277168274,The film used pop music and other oldies to make the story more forward.,0.0,0.09090909090909091,0.0,neutral,0,0.3856866657733917
764,who has the most nba championships in nba history,Bill Russell,True,NBA,0.0,0.0,1.0,entailment,1,0.5119350552558899,NBA.,0.0,0.0,1.0,contradiction,0,0.2547510266304016
765,when will ios 10 be released for ipad mini,"September 13, 2016",True,I don't know,0.0,0.0,1.0,contradiction,0,0.15283960103988647,iOS 10 Tr> Tr> Tr> Tr> Tr> Tr> Tr> Tr> Tr> Tr> Tr> Tr> ,0.0,0.0,1.0,contradiction,0,0.23728704452514648
770,when did north america arrive at the location it is in today,mid-Cretaceous period,True,I don't know,0.0,0.0,0.0,neutral,0,0.005399889312684536,The Norse were a group of Europeans who inhabited North America.,0.0,0.0,0.0,entailment,1,0.9446769952774048
772,who said off with their heads in alice in wonderland,The Queen of Hearts,True,I don't know,0.0,0.0,0.0,neutral,0,0.10818300396203995,"Test cricket, the phrase was used to refer to the score of the match.",0.0,0.22222222222222224,0.0,neutral,0,0.018589477986097336
774,who devised the first test for detection of arsenic in 1775,Carl Wilhelm Scheele,True,I don't know,0.0,0.0,0.0,contradiction,0,0.16970185935497284,The iodine clock reaction is a classical chemical clock demonstration experiment to display chemical clocks.,0.0,0.0,0.0,neutral,0,0.11707223951816559
777,who plays the bad guy in looney tunes back in action,Steve Martin,True,I don't know,0.0,0.0,1.0,contradiction,0,0.24284523725509644,/Th> /Th> /Th> /Th> /Th> /Th> /Th> /Th> /Th> /Th> /Th> /Th> /Th,0.0,0.0,1.0,contradiction,0,0.11496488004922867
779,when did dr seuss wrote his first book,1936,True,I don't know,0.0,0.0,1.0,contradiction,0,0.1650327742099762,Dale Carnegie /Td> /Tr> /Tr> /Tr> Th> Country /Th> Td> United States /Td> /Tr> Th> Language /,0.0,0.0,1.0,entailment,1,0.7209441661834717
783,what is the average age to die in the uk,81.2,True,minimum,0.0,0.0,0.0,contradiction,0,0.08466127514839172,"In a number of countries voting is compulsory for those eligible to vote, while in most countries it is optional.",0.0,0.0,0.0,contradiction,0,0.020692314952611923
784,when do we use the process of centrifugation,"to separate two miscible substances, but also to analyze the hydrodynamic properties of macromolecules",True,I don't know,0.0,0.0,0.0,neutral,0,0.09277475625276566,"The Egyptians divided the day into two 12 - hour periods, and used large obelisks to track the movement of the sun.",0.0,0.22857142857142854,0.0,neutral,0,0.23256242275238037
790,who sings the theme song for miami vice,Jan Hammer,True,I don't know,0.0,0.0,0.0,neutral,0,0.09413766860961914,The show features a two - tiered cast.,0.0,0.0,0.0,entailment,1,0.9892116785049438
791,where is red dog mine located in alaska,68°04′19″N 162°52′34″W﻿ / ﻿68.071989°N 162.876044°W,True,I don't know,0.0,0.0,0.0,neutral,0,0.27277126908302307,"Red Dog Mine, Alaska /Th> /Th> /Tr> Tr> Tr> Td colspan=""2""> Census - designated place /Td> /Tr> /T",0.0,0.0,0.0,entailment,1,0.6410926580429077
795,where does the name iron maiden come from,iron maiden torture device,True,I don't know,0.0,0.0,0.0,contradiction,0,0.14184963703155518,"Iron Maiden /Th> /Tr> Tr> Td colspan=""2""> Top : Steve Harris ( L ), Dave Murray ( R ) Middle : Adrian Smith ( L ), Bruce Dickinson ( R",0.0,0.16,0.0,entailment,1,0.8917658925056458
796,where is orange county choppers located in new york,"the town of Newburgh, located in Orange County, New York",True,Los Angeles,0.0,0.0,0.0,contradiction,0,0.06272020936012268,Los Angeles area,0.0,0.0,0.0,neutral,0,0.06351900100708008
797,when did my girl by the temptations come out,"December 21, 1964",True,I don't know,0.0,0.0,0.0,contradiction,0,0.1794918179512024,"/Th> /Tr> /Tr> /Tr> /Tr> Th colspan=""2""> /Tr> /Tr> Th colspan=""2""> Single by Tyler",0.0,0.0,0.0,entailment,1,0.36002182960510254
799,when did the first winter olympic games take place,1924,True,I don't know,0.0,0.0,1.0,neutral,0,0.11156134307384491,"The 2018 Pyeongchang Winter Games are scheduled to take place in Beijing, China.",0.0,0.0,1.0,neutral,0,0.048382677137851715
802,when is the raiders first game in las vegas,2020,True,Raiders moved to Las Vegas,0.0,0.0,1.0,entailment,1,0.7685419917106628,moved to Las Vegas.,0.0,0.0,1.0,entailment,1,0.7277203798294067
805,who is chief executive of marks and spencer,Stephen Joseph Rowe,True,I don't know,0.0,0.0,1.0,neutral,0,0.0902467668056488,a decade.,0.0,0.0,1.0,entailment,1,0.8071295022964478
809,what race is aaron judge of the new york yankees,African-American,True,I don't know,0.0,0.0,0.0,neutral,0,0.21964773535728455,"Aaron Judge /Th> /Tr> /Tr> Th colspan=""2""> Aaron Judge /Th> /Tr> Th colspan=""2""> Aaron Judge /Th> /Tr",0.0,0.0,0.0,entailment,1,0.7008717656135559
811,when did the secret service start guarding the president,After the 1901 assassination of President William McKinley,True,I don't know,0.0,0.0,0.0,contradiction,0,0.11538564413785934,"The Secret Service Special Agent badge /Td> /Tr> Tr> Td colspan=""2""> U.S. Secret Service flag /Td> /Tr> Tr> Th> Common name",0.0,0.06896551724137931,0.0,entailment,1,0.5794018507003784
812,what percent of the english language is greek,5.32%,True,I don't know,0.0,0.0,0.0,neutral,0,0.03714171424508095,Musical scales or mode with five notes per octave in contrast to a heptatonic ( seven - note ) scale such as the major scale and minor scale.,0.0,0.0,0.0,neutral,0,0.01892281323671341
813,who played alice in seven brides for seven brothers,Nancy Kilgas,True,7,0.0,0.0,1.0,entailment,1,0.4645058214664459,The number of episodes /Th> Tr> Tr> Tr> Th> is 7,0.0,0.0,1.0,neutral,0,0.28260523080825806
815,when does the 2018 mn legislative session end,"January 7, 2019",True,I don't know,0.0,0.0,1.0,contradiction,0,0.1664251685142517,"Minnesota Legislature /Th> /Tr> Tr> Td colspan=""2""> Table> Tr> Tr> Td>  /Tr> Td> 89th",0.0,0.0,1.0,entailment,1,0.6740545034408569
819,when did dallas cowboys go to the superbowl,1970,True,I don't know,0.0,0.0,1.0,neutral,0,0.0480784997344017,AFL World Championship Game.,0.0,0.0,1.0,neutral,0,0.05691995099186897
820,when did the last episode of code black air,"July 18, 2018",True,I don't know,0.0,0.0,0.0,contradiction,0,0.19014927744865417,The Blacklist ( season 5 ) /Th> /Th> /Tr> /Tr> /Tr> /Tr> /Tr> /Tr> /Tr> /T,0.0,0.0,0.0,entailment,1,0.8461415767669678
822,who plays marnie in bring it on again,Bethany Joy Lenz,True,I don't know,0.0,0.0,0.0,contradiction,0,0.08232413977384567,The first appearance /Th> /Th> Td> /Tr> /Tr> /Tr> /Tr> /Tr> /Tr> /Tr> /T,0.0,0.0,0.0,contradiction,0,0.051623743027448654
827,when was the last time byu won utah,"November 28, 2009",True,"Utah leads, 60 -- 34 -- 4",0.0,0.0,0.0,contradiction,0,0.0979931652545929,"Utah leads, 60 -- 34 -- 4 /Td> /Tr> /Tr> /Tr> /Tr> /Tr> /Tr> /Tr> /Tr> ",0.0,0.0,0.0,contradiction,0,0.04005405679345131
828,who flew to close to the sun and his wings melted,Icarus,True,I don't know,0.0,0.0,1.0,contradiction,0,0.1221909299492836,The B - 29 Superfortress),0.0,0.0,1.0,contradiction,0,0.08442997932434082
834,when was amen first used in the bible,Numbers 5:22,True,I don't know,0.0,0.0,0.0,neutral,0,0.11725109815597534,The Israelites were instructed to eat only the manna they had gathered for each day.,0.0,0.0,0.0,neutral,0,0.0031584149692207575
838,who sings don't get around much anymore,Duke Ellington,True,I don't know,0.0,0.0,1.0,neutral,0,0.17476193606853485,The song was written by Duke Ellington and Bob Russell.,0.0,0.33333333333333337,1.0,entailment,1,0.5166271328926086
842,when did the battle of fort sumter happen,"April 12–13, 1861",True,I don't know,0.0,0.0,0.0,contradiction,0,0.2802111804485321,Lexington : 42 ° 26 ′ 58.7 '' N 71 ° 13 ′ 51.0 '' W / 42.449639 ° N 71.230833 ° W / 42.449639 ; - 71.230,0.0,0.0,0.0,entailment,1,0.612204909324646
843,tallest person in the world guinness world record,Robert Wadlow,True,I don't know,0.0,0.0,0.0,neutral,0,0.1295773684978485,"The ball of twine with the largest circumference is located in Cawker City, Kansas.",0.0,0.0,0.0,neutral,0,0.4851926565170288
844,at what output is marginal product of labour the highest,at the point of diminishing returns,True,range '' of possible unemployment rates.,0.0,0.1818181818181818,0.0,entailment,1,0.586609959602356,/P> P>.,0.0,0.0,0.0,entailment,1,0.5910723209381104
850,who sing the theme song for good times,Jim Gilstrap,True,I don't know,0.0,0.0,0.0,neutral,0,0.14853481948375702,"The album Have a Nice Day was released on January 30, 2006.",0.0,0.0,0.0,entailment,1,0.9789162278175354
857,what is area code 01446 in the uk,Barry,True,I don't know,0.0,0.0,0.0,neutral,0,0.009108172729611397,The EC Number is a unique seven - digit identifier that was assigned to substances for regulatory purposes within the European Union by the European Commission.,0.0,0.0,0.0,neutral,0,0.013708388432860374
858,when is halley's comet coming around again,mid-2061,True,I don't know,0.0,0.0,0.0,contradiction,0,0.20652158558368683,The comet was discovered by Edmond Halley.,0.0,0.0,0.0,entailment,1,0.6992021799087524
863,is tomato a fruit or vegetable us supreme court,vegetable,True,Miranda v. State of Arizona,0.0,0.0,1.0,entailment,1,0.5200889706611633,"Arizona. 1965 ) ; cert. granted, 382 U.S. 925 ( 1965 ) /Td> /Tr> Tr> Th> Subsequent history /Th> Td> Ret",0.0,0.0,1.0,contradiction,0,0.15520882606506348
866,who plays dean and sam dad in supernatural,Jeffrey Dean Morgan,True,I don't know,0.0,0.0,1.0,contradiction,0,0.009475715458393097,The show is set in New Orleans which the Mikaelson family and original vampires helped to build.,0.0,0.0,1.0,contradiction,0,0.03973091393709183
867,the first railway line between karachi and kotri was constructed in,April 1858,True,I don't know,0.0,0.0,0.0,entailment,1,0.44735488295555115,"Kotri Junction Station     /Th> /Tr> Table> Tr> Th colspan=""2""> Kotri Junction Station     /Th> /Tr",0.0,0.0,0.0,entailment,1,0.5891019701957703
870,when does jacob find out he's a werewolf,In the second book of the series (New Moon),True,I don't know,0.0,0.0,0.0,neutral,0,0.07354437559843063,"The focus was primarily on Klaus ( Joseph Morgan ), Elijah ( Daniel Gillies ), and Rebekah ( Claire Holt ) who found out in the backdoor pilot, aired on April 25, 2013, how Hayley Marshall ( Pho",0.0,0.15000000000000002,0.0,entailment,1,0.9236744046211243
873,who is the creator of star vs the forces of evil,Daron Nefcy,True,I don't know,0.0,0.0,1.0,neutral,0,0.03474216163158417,The Hunter  Hunter manga and anime series features an extensive cast of characters created by Yoshihiro Togashi.,0.0,0.0,1.0,neutral,0,0.14987270534038544
878,where does it always sunny in philadelphia take place,Philadelphia,True,I don't know,0.0,0.0,1.0,neutral,0,0.1572715789079666,The prevailing winds blew away in huge clouds that sometimes blackened the sky.,0.0,0.0,1.0,entailment,1,0.9767813682556152
879,who is the longest reigning wwe united states champion,Lex Luger,True,I don't know,0.0,0.0,0.0,neutral,0,0.029187873005867004,Kim Zolciak - Biermann from dancing,0.0,0.0,0.0,neutral,0,0.009581579826772213
880,when did we start the pledge of allegiance,1942,True,I don't know,0.0,0.0,0.0,neutral,0,0.018128812313079834,"The United States Declaration of Independence was drafted by Thomas Jefferson, and then edited by the Committee of Five, which consisted of Jefferson, John Adams, Benjamin Franklin, Roger Sherman, and Robert Livingston.",0.0,0.0,0.0,entailment,1,0.7329844832420349
884,total number of articles in indian constitution at present,448,True,I don't know,0.0,0.0,0.0,contradiction,0,0.026696644723415375,The original text of the Preamble /Td> /Tr> /Tr> Tr> Tr> Tr> Td> Ratified /Tr> /Tr> Tr,0.0,0.0,0.0,contradiction,0,0.06517108529806137
887,who teaches defense against the dark arts after snape,Amycus Carrow,True,I don't know,0.0,0.0,0.0,neutral,0,0.01687348447740078,The idea is attributed to William of Ockham.,0.0,0.0,0.0,neutral,0,0.046478256583213806
888,who does the voice for the aflac duck,Gilbert Gottfried,True,I don't know,0.0,0.0,0.0,neutral,0,0.14299990236759186,"The show's sketches have been developed into feature films, including The Blues Brothers, Wayne's World, A Night at the Roxbury, Superstar, Coneheads, and MacGruber.",0.0,0.0,0.0,contradiction,0,0.009787503629922867
889,when was the last time celtics won nba championship,2008,True,Larry O'Brien,0.0,0.0,0.0,contradiction,0,0.04365632310509682,The NBA Finals is the championship series for the NBA and the conclusion of the sport's postseason.,0.0,0.0,0.0,contradiction,0,0.013309107162058353
895,when was the national world war ii memorial built,"April 29, 2004",True,United States Holocaust Memorial Museum,0.0,0.0,0.0,entailment,1,0.4547272324562073,"The United States Holocaust Memorial Museum is located in Washington, D.C. and is located at 100 Raoul Wallenberg Place, SW Washington, D.C. The museum was established on April 22, 1993 and is located at 100 Raoul Wallenberg Place, SW Washington, D.",0.0,0.04545454545454545,0.0,entailment,1,0.9156322479248047
898,who wrote the book of obadiah in the bible,Obadiah,True,I don't know,0.0,0.0,0.0,neutral,0,0.2619410455226898,The Lord's Prayer,0.0,0.0,0.0,entailment,1,0.9189215898513794
901,who plays janine's mom on house of payne,Anne-Marie Johnson,True,I don't know,0.0,0.0,0.0,neutral,0,0.1931493878364563,The children became recurring cast members.,0.0,0.0,0.0,entailment,1,0.9767281413078308
903,where was the lowest temperature ever recorded on earth,Soviet Vostok Station in Antarctica,True,I don't know,0.0,0.0,1.0,neutral,0,0.020133716985583305,Earth.,0.0,0.0,1.0,neutral,0,0.026518337428569794
908,who wrote the strange case of dr jekyll and mr hyde,Robert Louis Stevenson,True,I don't know,0.0,0.0,1.0,neutral,0,0.21796658635139465,The first London edition of Rip Van Winkle was published on 5 January 1886.,0.0,0.0,1.0,contradiction,0,0.03073953464627266
910,a large collection of servers is called a(n),server farm or server cluster,True,programmatic way in which a computer program requests a service from the kernel of the operating system it is executed on,0.0,0.0,0.0,neutral,0,0.13674579560756683,programmatic way in which a computer program requests a service from the kernel of the operating system it is executed on.,0.0,0.0,0.0,neutral,0,0.13834181427955627
914,when did the first rocket launched into space,1944,True,I don't know,0.0,0.0,0.0,neutral,0,0.18167802691459656,"The asteroid was discovered by Galileo Galilei on January 7, 1610.",0.0,0.0,0.0,neutral,0,0.03420719876885414
916,daniel bedingfield if you're not the one album,Gotta Get Thru This,True,Daniel Bedingfield,0.0,0.0,1.0,entailment,1,0.7325102090835571,"If You're Not the One '' /Th> /Tr> Tr> Td colspan=""2""> /Tr> /Tr> Tr> Th colspan=""2""",0.0,0.0,1.0,entailment,1,0.6662777662277222
918,when did winning colors win the kentucky derby,1988,True,I don't know,0.0,0.0,1.0,contradiction,0,0.1807548701763153,Winning Colors at 1988 Kentucky Derby /Td> /Tr> /Tr> Th> Sire /Th> Td> Caro /Td> /Tr> Tr> Th,0.0,0.10526315789473684,1.0,entailment,1,0.7333349585533142
919,when was the last time the la kings made the playoffs,2017–18,True,I don't know,0.0,0.0,0.0,neutral,0,0.10090308636426926,The Mavericks were dreadful : they bottomed out with an 11 -- 71 record and the worst average point differential in NBA history during the 1992 -- 93 season.,0.0,0.0,0.0,entailment,1,0.9904090166091919
922,list three offices included in the executive office of the president,Office of Administration,True,I don't know,0.0,0.0,0.0,neutral,0,0.007443914655596018,The United States presidential line of succession is set by the United States Constitution and the Presidential Succession Act of 1947 as subsequently amended to include newly created cabinet offices.,0.0,0.0606060606060606,0.0,entailment,1,0.5249287486076355
923,how many national parks are there in karnataka,five,True,I don't know,0.0,0.0,1.0,contradiction,0,0.0668327584862709,The state of Karnataka has five national parks.,0.0,0.2222222222222222,1.0,entailment,1,0.9871883988380432
927,where was the french connection car chase filmed,"in Bensonhurst, Brooklyn roughly running under the BMT West End Line (currently the D train, then the B train) which runs on an elevated track above Stillwell Avenue, 86th Street and New Utrecht Avenue in Brooklyn, with the chase ending just north of the 62nd Street station.",True,I don't know,0.0,0.0,0.0,neutral,0,0.23636755347251892,"The first season premiered on April 17, 2011, on HBO.",0.0,0.07017543859649122,0.0,entailment,1,0.7689506411552429
945,how many sports are there in the 2018 commonwealth games,19 Commonwealth sports,True,I don't know,0.0,0.0,0.0,neutral,0,0.1798340082168579,The opening ceremony was held on 4 April and the closing ceremony was held on 15 April.,0.0,0.0,0.0,entailment,1,0.8815830945968628
947,queer eye for the straight guy catch phrase,American reality television series,True,I don't know,0.0,0.0,0.0,contradiction,0,0.058026645332574844,1287.,0.0,0.0,0.0,contradiction,0,0.19956852495670319
952,who won britain's got talent 2012 winner,Ashleigh and Pudsey,True,I don't know,0.0,0.0,1.0,contradiction,0,0.24337138235569,The series 6 of Britain's Got Talent was broadcast from 24 March ( 2012 - 03 - 24 ) -- 12 May 2012 ( 2012 - 05 - 12 ) /Td> /Tr> Tr> Th> Judges ,0.0,0.0,1.0,entailment,1,0.9221341013908386
953,what three offices made up virginia's representative government,lieutenant governor and attorney general,True,constitution,0.0,0.0,0.0,contradiction,0,0.09719468653202057,state.,0.0,0.0,0.0,contradiction,0,0.032955143600702286
957,who plays the evil queen on once upon a time,Lana Maria Parrilla,True,I don't know,0.0,0.0,0.0,neutral,0,0.00465416070073843,The first appearance /Th> in 1937 /Tr> Tr> Tr> Tr> Tr> Tr> Tr> Tr> Tr> Tr> T,0.0,0.0,0.0,neutral,0,0.0037042656913399696
962,what children's book was set in camp green lake texas,Holes,True,New York Times bestseller,0.0,0.0,0.0,neutral,0,0.01692010648548603,New York Times Notable Novel.,0.0,0.0,0.0,neutral,0,0.05069606751203537
968,who sings the song hey ho let's go,Ramones,True,"New York, New York",0.0,0.0,0.0,neutral,0,0.018942812457680702,The song was written in 1925 by Jimmy Campbell and Reg Connelly.,0.0,0.0,0.0,entailment,1,0.8439012765884399
970,when was harry potter first published in the us,1 September 1998,True,I don't know,0.0,0.0,0.0,contradiction,0,0.1650327742099762,Dale Carnegie /Td> /Tr> /Tr> /Tr> /Tr> /Tr> /Tr> /Tr> /Tr> /Tr> ,0.0,0.0,0.0,entailment,1,0.6661609411239624
973,when was oman given the official name sultanate of oman,9 August 1970,True,I don't know,0.0,0.0,1.0,neutral,0,0.1322280317544937,Oman /Tr> /Tr> /Tr> /Tr> /Tr> /Tr> /Tr> /Tr> /Tr> /Tr> ,0.0,0.0,1.0,entailment,1,0.4543343186378479
976,who sang backing vocals on you're so vain,Mick Jagger,True,I don't know,0.0,0.0,0.0,neutral,0,0.20555251836776733,"Carly Simon /Td> /Tr> /Tr> /Tr> Th colspan=""2""> /Tr> /Tr> Th colspan=""2""> Single by Carly Simon",0.0,0.0,0.0,entailment,1,0.690412700176239
977,what episode did jim die on ghost whisperer,"""Imaginary Friends and Enemies""",True,I don't know,0.0,0.0,0.0,contradiction,0,0.18804019689559937,Family /Th> /Th> /Th> Parents /Th> /Th> Parents /Th> /Th> Parents /Th> /Th> Parents /Th> /Th> Parents /,0.0,0.0,0.0,contradiction,0,0.3534967005252838
979,who plays becky on the us cellular commercial,Darien Sills-Evans,True,Agents of S.H.I.E.L.D. : Slingshot,0.0,0.0,0.0,neutral,0,0.3298589289188385,Agents of S.H.I.E.L.D. : Slingshot.,0.0,0.0,0.0,entailment,1,0.525737464427948
987,where does battle of the gods fit in,during the time skip in chapter 517 of the original manga,True,I don't know,0.0,0.0,0.0,contradiction,0,0.08519606292247772,The series takes place on the fictional continents of Westeros and Essos and chronicles the power struggles among noble families as they fight for control of the Iron Throne of the Seven Kingdoms.,0.0,0.13636363636363635,0.0,entailment,1,0.7911354899406433
990,what is an example of a natural climate record/proxy,ice cores,True,Fahrenheit,0.0,0.0,1.0,neutral,0,0.031201064586639404,The average temperature of Earth's surface would be about  18 °C.,0.0,0.0,1.0,neutral,0,0.0039509376510977745
991,where does the book of daniel take place,Babylon,True,"The Hebrew Bible states that the temple was constructed under Solomon, king of the United Kingdom of Israel and Judah and that during the Kingdom of Judah, the temple was dedicated to Yahweh and is said to have housed the Ark of the Covenant.",0.0,0.0,0.0,entailment,1,0.9245187640190125,"cities were allied with the cities of Admah, Zeboim and Bela.",0.0,0.0,0.0,neutral,0,0.008641651831567287
997,who plays victoria in young and the restless,Amelia Heinle Luckinbill,True,I don't know,0.0,0.0,0.0,neutral,0,0.3235419988632202,"The Young and the Restless /Th> /Th> /Tr> Tr> Th colspan=""2""> Kyle Abbott /Th> /Tr> Tr> Tr> Th col",0.0,0.0,0.0,entailment,1,0.5785233974456787
1001,who won the cfp national championship last year,Alabama,True,I don't know,0.0,0.0,0.0,neutral,0,0.18085934221744537,The 2017 FIFA U-17 World Cup was held from 6 to 28 October.,0.0,0.0,0.0,entailment,1,0.9750443696975708
1004,where was last song filmed on tybee island,on the island's beach and pier,True,I don't know,0.0,0.0,0.0,contradiction,0,0.014558213762938976,"The Florida Panhandle, an informal, unofficial term for the northwestern part of the U.S. state of Florida, is a strip of land roughly 200 miles long and 50 to 100 miles wide ( 320 km by 80 to 160 km ), lying between Alabama on the",0.0,0.12000000000000001,0.0,contradiction,0,0.03217408433556557
1008,who led the brewers in home runs in 1982,Gorman Thomas,True,I don't know,0.0,0.0,0.0,contradiction,0,0.13110968470573425,"The 300 win club gained six members between 1982 and 1990 : Gaylord Perry, Phil Niekro",0.0,0.0,0.0,neutral,0,0.051913630217313766
1010,who won season 3 rupaul's drag race all stars,Trixie Mattel,True,I don't know,0.0,0.0,1.0,contradiction,0,0.18905332684516907,"2""> RuPaul's Drag Race All Stars /Th> /Th> /Th> /Th> /Th> /Th> /Th> /Th> /Th> /Th> ",0.0,0.0,1.0,contradiction,0,0.363273561000824
1012,how far is the horsehead nebula from earth,approximately 1500 light years,True,I don't know,0.0,0.0,0.0,neutral,0,0.15518738329410553,The nebula is located in the center of the Horsehead Nebula.,0.0,0.0,0.0,entailment,1,0.4441681206226349
1014,who was the song i'll be missing you about,"Christopher ""The Notorious B.I.G."" Wallace",True,I don't know,0.0,0.0,0.0,contradiction,0,0.26939693093299866,/Th> Td> Ul> Li> We 'll Always Love Big Poppa '' /Li> Li> Cry On '' /Li> /U,0.0,0.09523809523809523,0.0,entailment,1,0.4634324908256531
1019,who played sunshine in the movie harlem nights,Rochon,True,I don't know,0.0,0.0,0.0,contradiction,0,0.1856348067522049,Ghost in the Invisible Bikini /Th> /Th> /Th> /Th> /Th> /Th> /Th> /Th> /Th> /Th> /Th> ,0.0,0.0,0.0,entailment,1,0.4882645010948181
1022,where do the chicago white sox play spring training,Camelback Ranch–Glendale,True,I don't know,0.0,0.0,0.0,neutral,0,0.2771645784378052,"/Td> /Tr> /Tr> Table> Globe Life Field /Tr> Td colspan=""2""> Construction site in 2017. The AT&T Stadium is visible in the background.",0.0,0.0,0.0,entailment,1,0.9553025364875793
1031,where does the last name haugen come from,the old Norse word haugr,True,Light Elves,0.0,0.0,1.0,entailment,1,0.7153733372688293,The origin of Haugen is Norwegian.,0.0,0.1818181818181818,1.0,entailment,1,0.5631816983222961
1038,when was the last time north korea fired a missile,September 15,True,I don't know,0.0,0.0,0.0,contradiction,0,0.20242032408714294,North Korea crisis,0.0,0.0,0.0,entailment,1,0.646675705909729
1041,who played professor wilder on dawson's creek,"Kenneth Joseph ""Ken"" Marino",True,I don't know,0.0,0.0,0.0,neutral,0,0.2509665787220001,The show is set in New Orleans which the Mikaelson family and original vampires helped to build.,0.0,0.0,0.0,neutral,0,0.12484495341777802
1043,who sang can't get enough of your love baby,Barry White,True,I don't know,0.0,0.0,1.0,contradiction,0,0.2578238546848297,"The song was released on July 25, 1974.",0.0,0.0,1.0,entailment,1,0.9700970649719238
1044,who is nana saheb in bajirao mastani movie,Ayush Tandon,True,I don't know,0.0,0.0,0.0,contradiction,0,0.14245763421058655,Bajirao Mastani /Th> /Th> /Tr> Tr> Tr> Th> Directed by /Th> Td> Sanjay Leela Bhansali /,0.0,0.0,0.0,entailment,1,0.8715885877609253
1045,what is the color of hyperlink in html,blue,True,I don't know,0.0,0.0,0.0,neutral,0,0.11442754417657852,Symbolic links were already present by 1978 in minicomputer operating systems from DEC and Data General's RDOS.,0.0,0.0,0.0,neutral,0,0.0019158953800797462
1046,what is the control unit function in the cpu,"tells the computer's memory, arithmetic/logic unit and input and output devices how to respond to the instructions that have been sent to the processor",True,I don't know,0.0,0.0,0.0,contradiction,0,0.2675381302833557,The control unit is a component of a computer's central processing unit ( CPU ) that directs the operation of the processor.,0.0,0.31818181818181823,0.0,entailment,1,0.8996495604515076
1048,who is the managing director of hdfc bank,Aditya Puri,True,I don't know,0.0,0.0,1.0,contradiction,0,0.14230243861675262,Commerce major.,0.0,0.0,1.0,neutral,0,0.14597514271736145
1050,how old do you have to be to run for the president of the united states,thirty-five Years,True,President,0.0,0.0,0.0,neutral,0,0.049350347369909286,President of the United States.,0.0,0.0,0.0,contradiction,0,0.049527496099472046
1053,when did israel adopt the star of david,"October 28, 1948",True,Seal of Solomon,0.0,0.0,0.0,contradiction,0,0.007756843697279692,The Star of David was a symbol of modern Jewish identity and Judaism.,0.0,0.0,0.0,entailment,1,0.9684475064277649
1056,the idea that the moons development began when a large object collided with earth is called the,"The giant-impact hypothesis, sometimes called the Big Splash, or the Theia Impact",True,Galileo,0.0,0.0,0.0,contradiction,0,0.02770351804792881,The  grand synthesis '' was a scientific revolution that culminated in 1632.,0.0,0.08695652173913043,0.0,contradiction,0,0.03264034166932106
1059,where are the ascii characters found in the utf-8 code points,The first 128 characters,True,I don't know,0.0,0.0,0.0,contradiction,0,0.19789376854896545,"The International Morse Code is a method of transmitting text information as a series of on - off tones, lights, or clicks that can be directly understood by a skilled listener or observer without special equipment.",0.0,0.05128205128205128,0.0,entailment,1,0.986240565776825
1069,is an encoding for english alphanumeric characters as 7-bit numbers,ASCII,True,I don't know,0.0,0.0,0.0,neutral,0,0.1375117003917694,"The International Morse Code encodes the ISO basic Latin alphabet, some extra Latin letters, the Arabic numerals and a small set of punctuation and procedural signals ( prosigns ) as standardized sequences of short and long signals called  dots '' and ",0.0,0.0,0.0,neutral,0,0.33260294795036316
1071,who played lucky on king of the hill,Tom Petty,True,I don't know,0.0,0.0,0.0,contradiction,0,0.1259859949350357,The first contestant to pass away after appearing on the show is Florence Henderson.,0.0,0.0,0.0,contradiction,0,0.04533784091472626
1074,when did they start the draft for the vietnam war,"December 1, 1969",True,I don't know,0.0,0.0,0.0,neutral,0,0.027728764340281487,The National Football League Draft consists of seven rounds.,0.0,0.0,0.0,neutral,0,0.013966530561447144
1077,who plays the mother in a monster calls,Felicity Jones,True,I don't know,0.0,0.0,1.0,neutral,0,0.008821501396596432,The show is set in New Orleans which the Mikaelson family and original vampires helped to build.,0.0,0.0,1.0,neutral,0,0.013086631894111633
1078,when does the 16 days of activism campaign start,25 November,True,I don't know,0.0,0.0,1.0,entailment,1,0.47292599081993103,"As of July 11, 2018, 46 episodes of Code Black have aired.",0.0,0.0,1.0,neutral,0,0.12683269381523132
1079,when did bud lose his leg in jag,2002,True,I don't know,0.0,0.0,1.0,contradiction,0,0.18360638618469238,/Tr> /Tr> /Tr> /Tr> /Tr> /Tr> /Tr> /Tr> /Tr> /Tr> /T,0.0,0.0,1.0,entailment,1,0.4216114282608032
1080,who does mary camden marry in 7th heaven,Carlos Rivera,True,I don't know,0.0,0.0,0.0,neutral,0,0.004490857012569904,The focus was primarily on Klaus ( Joseph Morgan ).,0.0,0.0,0.0,contradiction,0,0.0030751475133001804
1083,who wrote the music for dances with wolves,John Barry Prendergast,True,I don't know,0.0,0.0,0.0,neutral,0,0.07167399674654007,"The Andy Williams Christmas Album was released on October 14, 1963.",0.0,0.0,0.0,neutral,0,0.01843523234128952
1084,who did the donkey talk to in the bible,Balaam,True,I don't know,0.0,0.0,0.0,contradiction,0,0.09025876224040985,Jacob wrestling with the angel.,0.0,0.0,0.0,contradiction,0,0.0544184148311615
1085,what movie has the song here comes the sun,Sgt. Pepper's Lonely Hearts Club Band,True,Frank Sinatra,0.0,0.0,0.0,entailment,1,0.3855245113372803,Frank Sinatra.,0.0,0.0,0.0,entailment,1,0.5340068340301514
1089,when did the song colt 45 come out,"September 6, 2001",True,I don't know,0.0,0.0,0.0,neutral,0,0.06097790598869324,The song was written in 1925 by Jimmy Campbell and Reg Connelly.,0.0,0.0,0.0,entailment,1,0.9786229133605957
1090,what is the main train station in milan,Milan Central,True,I don't know,0.0,0.0,0.0,contradiction,0,0.1757020354270935,"The station is located at Piazza Duca d'Aosta, Italy.",0.0,0.0,0.0,entailment,1,0.7331414222717285
1092,who handles the money in the us government,Department of the Treasury,True,I don't know,0.0,0.0,1.0,contradiction,0,0.269980788230896,"The United States Secret Service /Th> /Th> Table> United States Department of the Treasury /Th> Td colspan=""2""> Seal of the U.S. Department of the Treasury /Td> /Tr>",0.0,0.25806451612903225,1.0,entailment,1,0.9035617113113403
1097,when did the center of the roman empire moved from rome to constantinople,11 May 330 AD,True,I don't know,0.0,0.0,0.0,neutral,0,0.21883393824100494,"Julius Caesar, the Roman Empire came to dominate the entire Mediterranean basin.",0.0,0.0,0.0,entailment,1,0.8129907846450806
1100,what is the day of the dead festival in mexico,"a Mexican holiday celebrated throughout Mexico, in particular the Central and South regions, and by people of Mexican ancestry living in other places, especially the United States",True,Day of the Dead,0.0,0.12903225806451613,0.0,neutral,0,0.39626190066337585,Day of the Dead /Tr> /Tr> /Tr> /Tr> /Tr> /Tr> /Tr> /Tr> /Tr> /Tr>,0.0,0.0975609756097561,0.0,neutral,0,0.39127570390701294
1104,will a xbox 360 game work in a xbox one,"The Xbox One gaming console has received updates from Microsoft since its launch in 2013 that enable it to play select games from its two predecessor consoles, Xbox and Xbox 360.",True,I don't know,0.0,0.0,1.0,neutral,0,0.019204415380954742,"The Xbox One gaming console has received updates from Microsoft since its launch in 2013 that enable it to play select games from its two predecessor consoles, Xbox and Xbox 360.",1.0,1.0,1.0,neutral,0,0.22675207257270813
1106,where did they film the first twilight movie,"primarily in Portland, Oregon",True,I don't know,0.0,0.0,0.0,neutral,0,0.10605793446302414,The Black Hills Gold Rush took place in Dakota Territory in the United States.,0.0,0.11111111111111112,0.0,entailment,1,0.6919261813163757
1112,the evil queen's name in snow white,Queen Grimhilde,True,I don't know,0.0,0.0,1.0,neutral,0,0.00465416070073843,Iduna is greeted warmly.,0.0,0.0,1.0,neutral,0,0.0035238403361290693
1113,who was the ruler of india when east india company was set up,Queen Elizabeth I,True,Coat of arms ( 1698,0.0,0.0,0.0,entailment,1,0.8339771032333374,Coat of arms ( 1698 ) /Td> /Tr> Tr> Th> Former type /Th> Td> Public /Th> /Tr> /Tr> Th>,0.0,0.0,0.0,entailment,1,0.6323155760765076
1114,who is considered to be the first pope,St Peter,True,I don't know,0.0,0.0,1.0,contradiction,0,0.008164167404174805,"In the Catholic Church, Lutheranism and Anglicanism.",0.0,0.0,1.0,contradiction,0,0.010422615334391594
1119,where does the red river begin and end,"Harmon County, Oklahoma",True,I don't know,0.0,0.0,1.0,neutral,0,0.22426776587963104,The Atchafalaya River is located in the Atchafalaya Mountains in the United States.,0.0,0.0,1.0,contradiction,0,0.07375077903270721
1120,when did sachin tendulkar win the world cup,2011,True,I don't know,0.0,0.0,0.0,contradiction,0,0.18195004761219025,Sachin Tendulkar /Tr> /Tr> Th> /Th> /Th> /Th> /Th> /Th> /Th> /Th> /Th> ,0.0,0.0,0.0,entailment,1,0.6979395747184753
1122,when did beverly hills cop 2 come out,1987,True,I don't know,0.0,0.0,0.0,contradiction,0,0.12630823254585266,The 1992 Los Angeles riots were caused by a reaction to acquittal of four policemen on trial in the beating of Rodney King ;,0.0,0.0,0.0,neutral,0,0.012032967992126942
1124,which leader halted the muslim invasion of western europe at the battle of tours,Charles Martel,True,I don't know,0.0,0.0,1.0,neutral,0,0.07162068039178848,The Great Fire of Rome was an urban fire in the year AD 64.,0.0,0.0,1.0,entailment,1,0.9778403639793396
1126,what is the largest state in america by size,Alaska,True,I don't know,0.0,0.0,1.0,contradiction,0,0.0960632711648941,"The ball of twine with the largest circumference is located in Cawker City, Kansas.",0.0,0.0,1.0,entailment,1,0.9672170877456665
1127,actor who plays jack in will and grace,Sean Patrick Hayes,True,I don't know,0.0,0.0,0.0,contradiction,0,0.05450599640607834,"Mark L. Young ( born Markell V. Efimoff January 1, 1991 ) is an American actor.",0.0,0.0,0.0,contradiction,0,0.34748920798301697
1129,who was the first person to die in romeo and juliet,Mercutio,True,I don't know,0.0,0.0,1.0,neutral,0,0.11536538600921631,Romeo and Juliet,0.0,0.0,1.0,neutral,0,0.39872950315475464
1131,who does chris griffin's voice on family guy,Seth Green,True,I don't know,0.0,0.0,0.0,contradiction,0,0.21413135528564453,"The show's central character is teenager Jenna Hamilton ( Ashley Rickards ), who struggles with her identity, especially after an accident is misconstrued as a suicide attempt.",0.0,0.0,0.0,entailment,1,0.9880075454711914
1135,how many republicans are in the senate in 2018,51,True,I don't know,0.0,0.0,1.0,neutral,0,0.33207160234451294,/Th> /Tr> /Tr> /Tr> /Tr> /Tr> /Tr> /Tr> /Tr> /Tr> /Tr,0.0,0.0,1.0,contradiction,0,0.2600862979888916
1142,who did cleveland play in the finals last year,Golden State Warriors,True,I don't know,0.0,0.0,1.0,contradiction,0,0.1510297656059265,The 2016 NBA Finals are scheduled to take place on June 2 -- 19.,0.0,0.0,1.0,entailment,1,0.9825144410133362
1143,what is the joint commission and what do they do,"a United States-based nonprofit tax-exempt 501(c) organization[1] that accredits more than 21,000 US health care organizations and programs",True,The State of the Union Address,0.0,0.0,0.0,neutral,0,0.21557696163654327,The Gang of Eight is a colloquial term for a set of eight leaders within the United States Congress who are briefed on classified intelligence matters by the executive branch.,0.0,0.08333333333333334,0.0,entailment,1,0.9730679988861084
1145,how many athletes does great britain have in the 2018 olympics,58,True,I don't know,0.0,0.0,1.0,contradiction,0,0.14481180906295776,Great Britain at the 2018 Winter Olympics /Th> /Th> /Th> /Th> /Th> /Th> /Th> /Th> /Th> /Th> /Th> ,0.0,0.0,1.0,neutral,0,0.2951466143131256
1149,who got the highest paid contract in the nba,Stephen Curry,True,I don't know,0.0,0.0,1.0,neutral,0,0.22401010990142822,George Mikan won two championships.,0.0,0.0,1.0,contradiction,0,0.0419263057410717
1151,the south african institute of tax practitioners was constituted as,a Not for Profit professional body,True,I don't know,0.0,0.0,0.0,contradiction,0,0.2040935456752777,The Indian Civil Service ( ICS ) was the elite higher civil service of the British Empire in British India during British rule in the period between 1858 and 1947.,0.0,0.0,0.0,neutral,0,0.32675135135650635
1152,which president was the president of columbia university,Dwight D. Eisenhower,True,I don't know,0.0,0.0,0.0,contradiction,0,0.16036725044250488,Luis Guillermo Sols /Th> /Tr> /Tr> /Tr> /Tr> /Tr> /Tr> /Tr> /Tr> ,0.0,0.0,0.0,entailment,1,0.6372531652450562
1153,who played spur in man from snowy river,Kirk Douglas,True,I don't know,0.0,0.0,1.0,contradiction,0,0.10485187917947769,Banjo Paterson.,0.0,0.0,1.0,entailment,1,0.5132041573524475
1155,where is xanthophyll found in a plant's cell,leaves,True,I don't know,0.0,0.0,1.0,neutral,0,0.0440668910741806,The xanthophylls are more polar than the carotenes.,0.0,0.0,1.0,neutral,0,0.021467702463269234
1156,who pioneered the little black dress or lbd back in 1926,Coco Chanel,True,I don't know,0.0,0.0,1.0,neutral,0,0.07312635332345963,Farrah Fawcett poster.,0.0,0.0,1.0,neutral,0,0.11191011220216751
1161,who were the first to start a company to trade with india,the Portuguese Estado da Índia,True,I don't know,0.0,0.0,0.0,contradiction,0,0.005888016428798437,Europeans.,0.0,0.0,0.0,contradiction,0,0.056357491761446
1162,pay scale of section officer in central secretariat,Junior Time Scale,True,I don't know,0.0,0.0,0.0,neutral,0,0.08396414667367935,"The Central Statistics Office ( CSO ) is a governmental agency in India under the Ministry of Statistics and Programme Implementation responsible for co-ordination of statistical activities in India, and evolving and maintaining statistical standards.",0.0,0.0,0.0,entailment,1,0.887468159198761
1163,who is the actor that plays jax in sons of anarchy,Charles Matthew Hunnam,True,I don't know,0.0,0.0,0.0,neutral,0,0.03350158408284187,"Marvel Cinematic Universe films and Marvel One - Shots also appear throughout the series, along with other characters based on various Marvel Comics properties.",0.0,0.0,0.0,entailment,1,0.9470885992050171
1169,who is the yankees all-time leader in pitching wins,Roger Clemens,True,I don't know,0.0,0.0,0.0,neutral,0,0.032628919929265976,The 300 win club gained the following milestones :,0.0,0.0,0.0,neutral,0,0.20048344135284424
1170,where did the 2010 world cup take place,South Africa,True,I don't know,0.0,0.0,1.0,contradiction,0,0.1774437576532364,The 2010 FIFA World Cup was held in South Africa from 11 June to 11 July.,0.0,0.2222222222222222,1.0,entailment,1,0.9237374663352966
1171,who plays the character dog in game of thrones,Rory McCann,True,I don't know,0.0,0.0,0.0,neutral,0,0.14005041122436523,Ned '' Stark,0.0,0.0,0.0,neutral,0,0.13981865346431732
1174,the president of the united states is a member of what branch of government,the executive branch of the federal government,True,Lok Sabha.,0.0,0.0,0.0,neutral,0,0.10625912249088287,"The Prime Minister of India is usually the leader of the party or alliance that has a majority in the Lok Sabha, the lower house of parliament, the lower house of parliament.",0.0,0.15384615384615383,0.0,neutral,0,0.14127151668071747
1179,who sings the song ain't no stopping us now,McFadden & Whitehead,True,I don't know,0.0,0.0,1.0,neutral,0,0.21626149117946625,The album Too Good to Stop Now /Tr> /Tr> Tr> Tr> Th> B - side /Tr> Th>  You Can Lie to Me Tonight /Tr> ,0.0,0.0,1.0,entailment,1,0.4409876763820648
1181,who drove the number 33 car in nascar,"Harold Phil Gant[1] (born January 10, 1940), better known as ""Handsome Harry""",True,I don't know,0.0,0.0,0.0,contradiction,0,0.011787738651037216,"The 2018 PowerShares QQQ 300 produced the closest finish in NASCAR touring series history of all three Top series when Tyler Reddick edged Elliott Sadler by a tiny margin of 0.0004 s, making it the closest finish in NASCAR history.",0.0,0.0,0.0,neutral,0,0.01924874261021614
1183,what kind of boat is used in the everglades,Airboats,True,Florida Panhandle,0.0,0.0,1.0,neutral,0,0.34808698296546936,Florida Panhandle,0.0,0.0,1.0,neutral,0,0.34808698296546936
1189,why is rifling present in the bore of the barrel,for the purpose of exerting torque and thus imparting a spin to a projectile around its longitudinal axis during shooting,True,I don't know,0.0,0.0,1.0,neutral,0,0.15148359537124634,Carburate or carburettor is to blend air and fuel for an internal combustion engine in the proper ratio for combustion.,0.0,0.20000000000000004,1.0,neutral,0,0.2791043221950531
1193,where do the amino acids come from in protein synthesis,tRNA molecules,True,I don't know,0.0,0.0,0.0,neutral,0,0.12610116600990295,The process whereby biological cells generate new proteins ; it is balanced by the loss of cellular proteins via degradation or export.,0.0,0.0,0.0,entailment,1,0.9660564064979553
1195,who replaced ringo starr on thomas the tank engine,Michael Angelis,True,I don't know,0.0,0.0,0.0,contradiction,0,0.1751684844493866,"The World tour by Pearl Jam /Td> /Tr> Tr> Th colspan=""2""> The Beatles /Th> /Th> /Th> /Th> /Th> /Th",0.0,0.0,0.0,neutral,0,0.03797827288508415
1197,who was the first president born a citizen of the united states,Martin Van Buren,True,I don't know,0.0,0.0,1.0,neutral,0,0.12401586771011353,"The founding fathers of the United States were John Adams, Benjamin Franklin, Alexander Hamilton, John Jay, Thomas Jefferson, James Madison, and George Washington.",0.0,0.0,1.0,entailment,1,0.9712972640991211
1199,who sings the song reunited and it feels so good,Peaches & Herb,True,I don't know,0.0,0.0,0.0,neutral,0,0.2325194627046585,"The single was released on January 30, 2006.",0.0,0.0,0.0,entailment,1,0.9695394039154053
1200,where do the st louis cardinals do spring training,Roger Dean Stadium,True,I don't know,0.0,0.0,1.0,neutral,0,0.0120810242369771,"The Raiders'move to Las Vegas comes after years of failed efforts to renovate or replace the Oakland -- Alameda County Coliseum, which has been rated by multiple sources as one of the worst stadiums in the NFL.",0.0,0.0,1.0,neutral,0,0.0008771735010668635
1201,when was the last time the mavericks made the playoffs,2015–16,True,I don't know,0.0,0.0,0.0,contradiction,0,0.1916636824607849,Super Bowls.,0.0,0.0,0.0,contradiction,0,0.04886922612786293
1205,when did the age of majority change from 21 to 18 in the uk,1970,True,I don't know,0.0,0.0,1.0,neutral,0,0.2264227271080017,"The 2011 Census, according to the 2011 Census, is the most populous religion in the United Kingdom, followed by Islam, Hinduism, Sikhism, Judaism, and Judaism.",0.0,0.0,1.0,neutral,0,0.1113344356417656
1206,who plays taylor on bold and the beautiful,Hunter Tylo,True,emphasis on their brother Rob Kardashian,0.0,0.0,0.0,neutral,0,0.44025009870529175,"their brother Rob Kardashian, their mother Kris Jenner, their step - parent Bruce Jenner ( now known as Caitlyn Jenner ), their half - sisters Kendall and Kylie Jenner, and Kourtney's now ex-boyfriend, Scott",0.0,0.0,0.0,neutral,0,0.0866643413901329
1207,who played phil in phil of the future,Raviv Ullman,True,Agents of S.H.I.E.L.D. : Slingshot,0.0,0.0,0.0,entailment,1,0.7289196252822876,Agents of S.H.I.E.L.D. : Slingshot.,0.0,0.0,0.0,entailment,1,0.6494855284690857
1209,what is the clean up hitter in baseball,fourth player in the batting order,True,I don't know,0.0,0.0,0.0,contradiction,0,0.00825617928057909,No pitcher has ever thrown more than one.,0.0,0.0,0.0,entailment,1,0.8986381888389587
1210,what is the song anything you can do from,Annie Get Your Gun,True,I don't know,0.0,0.0,1.0,neutral,0,0.06210394203662872,The song was first performed in Annie Get Your Gun by Ethel Merman and Ray Middleton.,0.0,0.4,1.0,entailment,1,0.6582942605018616
1212,what is the most popular car in russia,the classic Lada Riva,True,Marvel,0.0,0.0,0.0,neutral,0,0.24283744394779205,The market for drivetrain components is economically important and is estimated to reach US $314.4 billion by 2019.,0.0,0.0909090909090909,0.0,neutral,0,0.006972521543502808
1214,what was mrs howell's first name on gilligan's island,Lovey,True,Englishwoman,0.0,0.0,0.0,contradiction,0,0.0065292599610984325,She is a poor person.,0.0,0.0,0.0,contradiction,0,0.0072878883220255375
1218,who plays ruby on anne with an e,Kyla Matthews,True,Code Black,0.0,0.0,0.0,neutral,0,0.005306405946612358,"The fourth season began on September 15, 2015, on Hulu.",0.0,0.0,0.0,neutral,0,0.0018040657741948962
1222,how many points did robert parish score in his career,"23,334",True,I don't know,0.0,0.0,1.0,contradiction,0,0.1612280309200287,The Golden State Warriors selected Parish as the eighth pick in the 1976 NBA draft.,0.0,0.0,1.0,neutral,0,0.002797096036374569
1231,where is folic acid absorbed in the body,intestine,True,Petrichor,0.0,0.0,1.0,neutral,0,0.11540497094392776,Petrichor is a smelt of a smelt of a smelt of a smelt of a smelt of a smelt of a smelt of a smelt of a s,0.0,0.0,1.0,contradiction,0,0.1263446807861328
1234,why did they kill off fran on mama's family,"Rue McClanahan (Aunt Fran) and Betty White (Ellen Jackson) had both gone on to star in the NBC sitcom The Golden Girls, rendering them unavailable to return",True,I don't know,0.0,0.0,0.0,neutral,0,0.37496453523635864,I'm the One Mama Warned You About '' /Th> /Tr> P>,0.0,0.05405405405405406,0.0,entailment,1,0.9369211196899414
1235,what is the website for the united states postal service,www.usps.com,True,I don't know,0.0,0.0,1.0,contradiction,0,0.09094575047492981,"The United States Postal Service /Tr> /Tr> /Tr> Th colspan=""2""> The United States Postal Service /Tr> /Tr> Th> /Tr> ",0.0,0.0,1.0,entailment,1,0.8737121224403381
1236,who owns the rio casino in las vegas,Caesars Entertainment Corporation,True,Rio Las Vegas in 2014,0.0,0.0,1.0,entailment,1,0.8670743703842163,Rio Las Vegas in 2014 /Tr> /Tr> /Tr> /Tr> /Tr> /Tr> /Tr> /Tr> /Tr> /Tr,0.0,0.0,1.0,contradiction,0,0.33999720215797424
1237,who has scored the most goals in the world cup final,Geoff Hurst,True,I don't know,0.0,0.0,0.0,contradiction,0,0.030548367649316788,The Republic of Ireland have appeared in the finals of the FIFA World Cup on three occasions.,0.0,0.0,0.0,contradiction,0,0.038468748331069946
1243,what was the name of the last planet of the apes movie,War for the Planet of the Apes,True,I don't know,0.0,0.0,1.0,neutral,0,0.038926899433135986,The first significant changes were made in 1997 with the release of a Special Edition remaster in commemoration of the franchise's twentieth anniversary.,0.0,0.2,1.0,neutral,0,0.46574878692626953
1247,the condemnation of private property for public use is allowed under the state's right of,Eminent domain,True,I don't know,0.0,0.0,1.0,neutral,0,0.017821945250034332,Eminent domain.,1.0,1.0,1.0,neutral,0,0.19946594536304474
1248,how long did it take pioneers on the oregon trail,about 160 days in 1849 to 140 days 10 years later,True,Warmiwausqa),0.0,0.0,0.0,contradiction,0,0.22080275416374207,Mollepata is the longest of the three routes with the highest mountain pass and intersects with the Classic route before crossing Warmiwausqa (  dead woman '' ),0.0,0.0,0.0,neutral,0,0.014440526254475117
1253,what is a levite according to the bible,a Jewish male whose descent is traced by tradition to Levi,True,I don't know,0.0,0.0,0.0,neutral,0,0.174751877784729,"Levites are descendants of the Tribe of Levi, one of the twelve tribes.",0.0,0.08333333333333334,0.0,neutral,0,0.03519730642437935
1254,how much is a table spoon in ounces,0.50 US fl oz,True,I don't know,0.0,0.0,1.0,contradiction,0,0.04953352361917496,"The ball was estimated to weigh 19,973 pounds.",0.0,0.0,1.0,neutral,0,0.02580239251255989
1258,what is the wimbledon runner up prize money,"£1,125,000",True,I don't know,0.0,0.0,0.0,neutral,0,0.1538882851600647,"The All England Lawn Tennis and Croquet Club, also known as the All England Club, based at Church Road, Wimbledon, London, England, is a private members'club.",0.0,0.0,0.0,entailment,1,0.9489455223083496
1263,who stars in the man in the high castle,Alexa Davalos,True,I don't know,0.0,0.0,0.0,contradiction,0,0.1525483876466751,The film was directed by J.K. Rowling.,0.0,0.0,0.0,neutral,0,0.006722635123878717
1267,when was the lion the witch and the wardrobe first published,16 October 1950,True,I don't know,0.0,0.0,1.0,contradiction,0,0.11810518056154251,"The Lion, the Witch and the Wardrobe was published in hardcover and paperback on 16 October 1950.",0.0,0.3,1.0,neutral,0,0.002476911526173353
1269,this refers to an old ritual of formalizing an engagement to marry,Betrothal (also called espousal),True,I don't know,0.0,0.0,0.0,neutral,0,0.10005268454551697,a tribute to a fallen military leader or president.,0.0,0.0,0.0,neutral,0,0.12882420420646667
1271,how many years is the term for a member of the house of representatives,two-year terms,True,line of succession,0.0,0.0,0.0,neutral,0,0.006277631036937237,The sentence is true because the sentence is true.,0.0,0.0,0.0,neutral,0,0.0021736465860158205
1273,where did piss up a rope come from,a song by the band Ween in 1996 from the album 12 Golden Country Greats,True,I don't know,0.0,0.0,0.0,neutral,0,0.09656623750925064,Demoralize and injure defenders.,0.0,0.0,0.0,neutral,0,0.08021605759859085
1277,what is the moon festival called in chinese,Mid-Autumn Festival,True,I don't know,0.0,0.0,1.0,neutral,0,0.13810977339744568,The Chinese New Year is celebrated on the following days:,0.0,0.0,1.0,neutral,0,0.10067404061555862
1283,spain and portugal divide the world between them in,The Treaty of Tordesillas,True,European colonization,0.0,0.0,0.0,entailment,1,0.5670874714851379,The passage is a list of the major events that occurred during the 15th and 16th centuries.,0.0,0.19047619047619047,0.0,entailment,1,0.5800186395645142
1287,who plays the clown in american horror story season 4,John Carroll Lynch,True,Josue Cervantes,0.0,0.0,1.0,neutral,0,0.0051686265505850315,Josue Cervantes,0.0,0.0,1.0,neutral,0,0.0051686265505850315
1288,when was dragon ball z first aired in the us,"September 13, 1996",True,I don't know,0.0,0.0,0.0,neutral,0,0.045155685395002365,The original book was written by Janette Oke.,0.0,0.0,0.0,neutral,0,0.02564765140414238
1289,who played the kangaroo in horton hears a who,Carol Burnett,True,I don't know,0.0,0.0,0.0,contradiction,0,0.1480536013841629,Theatrical release poster /Th> /Th> /Th> /Th> /Th> Directed by /Th> Td> Jimmy Hayward Steve Martino /Tr> /Tr> ,0.0,0.0,0.0,entailment,1,0.7678924798965454
1290,who sang the theme song to quantum of solace,Jack White,True,I don't know,0.0,0.0,0.0,contradiction,0,0.015656501054763794,"Kilmer is most remembered for  Trees '', which has been the subject of frequent parodies and references in popular culture.",0.0,0.0,0.0,entailment,1,0.7040784955024719
1292,where is cape verde located on the african map,570 kilometres (350 mi) west of the Cape Verde Peninsula in West Africa,True,I don't know,0.0,0.0,0.0,contradiction,0,0.23537132143974304,Cape Verde is located at Praia 14 ° 55 ′ N.,0.0,0.18181818181818185,0.0,neutral,0,0.04429014399647713
1293,who was the song hey jude written for,"John Lennon's son, Julian",True,I don't know,0.0,0.0,0.0,contradiction,0,0.1491657793521881,Show Me the Way to Go Home.,0.0,0.0,0.0,contradiction,0,0.14365392923355103
1297,who said this quote ask not what your country can do for you,John F. Kennedy,True,I don't know,0.0,0.0,0.0,neutral,0,0.09536316990852356,The phrase entered the American lexicon early in its colonial history through the 1630 sermon  A Model of Christian Charity '' preached by Puritan John Winthrop while still aboard the ship Arbella.,0.0,0.0588235294117647,0.0,entailment,1,0.8589105010032654
1303,where did helium come from the early universe,Primordial nucleosynthesis,True,I don't know,0.0,0.0,0.0,neutral,0,0.2483363151550293,The Scientific Revolution took place in Europe towards the end of the Renaissance period.,0.0,0.0,0.0,neutral,0,0.3421083986759186
1305,what is meant by cyst in the ovary,a fluid-filled sac within the ovary,True,I don't know,0.0,0.0,0.0,contradiction,0,0.19877833127975464,A choristoma is a normal tissue growth in an abnormal location.,0.0,0.11764705882352942,0.0,entailment,1,0.9580855369567871
1307,who plays the little girl in field of dreams,Gabrielle Mary Hoffmann,True,I don't know,0.0,0.0,0.0,neutral,0,0.047997768968343735,"The focus was primarily on Klaus ( Joseph Morgan ), Elijah ( Daniel Gillies ), and Rebekah ( Claire Holt ) who found out in the backdoor pilot, aired on April 25, 2013, how Hayley Marshall ( Pho",0.0,0.0,0.0,contradiction,0,0.015407358296215534
1311,who produced as long as you love me,"Rodney ""Darkchild"" Jerkins",True,I don't know,0.0,0.0,0.0,neutral,0,0.3018973171710968,Elvis Presley,0.0,0.0,0.0,neutral,0,0.30200597643852234
1314,what does the speed of a lens mean,"maximum aperture diameter, or minimum f-number, of a photographic lens. A lens with a larger maximum aperture (that is, a smaller minimum f-number)",True,I don't know,0.0,0.0,0.0,neutral,0,0.17698419094085693,The Coriolis force is an inertial force that acts on objects that are in motion relative to a rotating reference frame.,0.0,0.13636363636363635,0.0,entailment,1,0.84782475233078
1317,when is season 3 of star vs the forces of evil come out,"July 15, 2017",True,I don't know,0.0,0.0,0.0,neutral,0,0.2881326675415039,Fox canceled the series after three seasons.,0.0,0.0,0.0,neutral,0,0.0015634984010830522
1318,most points ever averaged in a nba season,"1,389",True,championships,0.0,0.0,0.0,contradiction,0,0.012056642211973667,Bill Russell holds the record for the most NBA championships won with 11 titles during his 13 - year playing career.,0.0,0.0,0.0,contradiction,0,0.01142029743641615
1319,where was the titanic going when it sunk,New York City,True,I don't know,0.0,0.0,1.0,contradiction,0,0.17421527206897736,"The ship was built by /Td> Td> Harland and Wolff, Belfast /Td> /Tr> /Tr> Tr> Tr> Tr> Tr> ",0.0,0.0,1.0,contradiction,0,0.04058520868420601
1320,who sings it all started with a beer,Frankie Ballard,True,I don't know,0.0,0.0,0.0,neutral,0,0.13328032195568085,Yankees outfielder and third baseman,0.0,0.0,0.0,neutral,0,0.11076921969652176
1321,who was the first sri lankan politician who held the office of the prime minister for four times,Ranil Wickramasinghe,True,I don't know,0.0,0.0,0.0,contradiction,0,0.13397927582263947,"The first was Jawaharlal Nehru of the Indian National Congress party, who was sworn - in on 15 August 1947, when India gained independence from the British.",0.0,0.0,0.0,entailment,1,0.9497264623641968
1323,how many games did the cowboys win last year,9,True,I don't know,0.0,0.0,1.0,neutral,0,0.06399478763341904,"The Cowboys have played for 10 NFL Championships and have won 5, all five being Super Bowls.",0.0,0.0,1.0,entailment,1,0.815636396408081
1327,where is the aqueous humor located in a cow eye,ciliary epithelium,True,charity,0.0,0.0,0.0,neutral,0,0.003479511709883809,The grasshopper has been seen as the type of the artist and the question of the place of culture in society has also been included.,0.0,0.0,0.0,neutral,0,0.0037218169309198856
1335,which branch of government commands the army and navy,executive branch,True,I don't know,0.0,0.0,0.0,contradiction,0,0.10699349641799927,"The coordinates of the Pentagon are: - 77.05583 Coordinates of the Pentagon Arlington County, Virginia, US 38 ° 52 ′ 16 '' N 77 ° 3 ′ 21 '' W / 38.87111 ° N 77.05583",0.0,0.0,0.0,entailment,1,0.4559379816055298
1336,who played lincoln in steven spielberg's lincoln,Daniel Day-Lewis,True,I don't know,0.0,0.0,0.0,contradiction,0,0.13097789883613586,"Mark L. Young ( born Markell V. Efimoff January 1, 1991 ) is an American actor.",0.0,0.0,0.0,entailment,1,0.5891905426979065
1344,who plays daniel in descendants of the sun,Cho Tae-gwan,True,I don't know,0.0,0.0,0.0,neutral,0,0.03450668230652809,The show is set in New Orleans which the Mikaelson family and original vampires helped to build.,0.0,0.0,0.0,neutral,0,0.12484495341777802
1353,who plays leonard snart in legends of tomorrow,Wentworth Earl Miller III,True,I don't know,0.0,0.0,0.0,neutral,0,0.03350158408284187,"Marvel Cinematic Universe films and Marvel One - Shots also appear throughout the series, along with other characters based on various Marvel Comics properties.",0.0,0.0,0.0,entailment,1,0.9470885992050171
1366,what was the composition of the estate general of france,clergy,True,I don't know,0.0,0.0,0.0,contradiction,0,0.028539534658193588,"The ICS was headed by the Secretary of State for India, a member of the British cabinet.",0.0,0.0,0.0,neutral,0,0.00493874354287982
1372,who won season one of rupaul's drag race,BeBe Zahara Benet,True,I don't know,0.0,0.0,1.0,contradiction,0,0.1965290606021881,/Th> /Th> /Th> /Th> /Th> /Th> /Th> /Th> /Th> /Th> /Th> /Th> /Th,0.0,0.0,1.0,contradiction,0,0.20691800117492676
1373,who plays 15 cent in the proud family movie,Omarion,True,I don't know,0.0,0.0,1.0,neutral,0,0.1531154364347458,The Proud Family Movie /Th> /Th> /Tr> Tr> Tr> Tr> Tr> Th> Genre /Th> Td> Comedy Animated ,0.0,0.0,1.0,entailment,1,0.8739396929740906
1375,who won the gold metal for men's ice hockey in 2014,Canada,True,I don't know,0.0,0.0,1.0,neutral,0,0.05213514715433121,The 2018 U.S. Figure Skating Championships /Th> /Th> /Th> /Th> /Th> /Th> /Th> /Th> /Th> /Th> /,0.0,0.0,1.0,neutral,0,0.025365550071001053
1376,what is the name of the pig in charlotte's web,Wilbur,True,I don't know,0.0,0.0,0.0,neutral,0,0.0091853691264987,an alternative story represented the ant's industry as mean and self - serving,0.0,0.0,0.0,neutral,0,0.09941691905260086
1381,who sang i want to change the world,Alvin Lee,True,I don't know,0.0,0.0,1.0,contradiction,0,0.25380831956863403,Let the Sky Fall '' /Td> /Tr> Tr> Tr> Th> B - side /Tr> Tr> Tr> Th> Released /Th>,0.0,0.0,1.0,entailment,1,0.7098124623298645
1382,who has won the race to liquefy helium,Heike Kamerlingh Onnes,True,I don't know,0.0,0.0,0.0,contradiction,0,0.17023511230945587,The first contestant to pass away after appearing on the show is Florence Henderson.,0.0,0.0,0.0,contradiction,0,0.09416116774082184
1383,who voices captain dog in puppy dog pals,Patrick Warburton,True,Dog /Td> /Tr> /Tr> /Tr> /Tr> /Tr> /Tr> /Tr> /Tr> /Tr> /,0.0,0.0,0.0,contradiction,0,0.33555686473846436,Dog /Td> /Tr> /Tr> /Tr> /Tr> /Tr> /Tr> /Tr> /Tr> /Tr> /,0.0,0.0,0.0,contradiction,0,0.33555686473846436
1387,who is known as the father of the internet,Vinton Gray Cerf,True,I don't know,0.0,0.0,0.0,contradiction,0,0.22035817801952362,The Internet is a complex network of computers and networks that are governed by the Internet.,0.0,0.0,0.0,neutral,0,0.28814104199409485
1388,when was the first speed camera introduced in the uk,1991,True,I don't know,0.0,0.0,0.0,neutral,0,0.05850813165307045,GPS.,0.0,0.0,0.0,neutral,0,0.04553931578993797
1389,when is the new year day celebrated according to the indian national calendar,March 22/21,True,I don't know,0.0,0.0,0.0,neutral,0,0.08380237966775894,The term may also ambiguously refer to the Hindu calendar ; the Shalivahana era is also commonly used by other calendars.,0.0,0.0,0.0,neutral,0,0.03193653002381325
1397,willy wonka and the chocolate factory 1971 cast charlie,Peter Ostrum,True,I don't know,0.0,0.0,0.0,contradiction,0,0.03197067230939865,The first episode of Coronation Street was directed by Chloe Thomas and Steve Connelly.,0.0,0.0,0.0,contradiction,0,0.25397929549217224
1398,who sings the most wonderful time of the year,Andy Williams,True,MGM,0.0,0.0,1.0,neutral,0,0.07792556285858154,A.,0.0,0.0,1.0,contradiction,0,0.14092373847961426
1407,in the kansas city style of jazz arrangements were based on,memory,True,I don't know,0.0,0.0,1.0,neutral,0,0.12338001281023026,The song was written by Leonard Bernstein and the lyrics by Betty Comden and Adolph Green.,0.0,0.0,1.0,neutral,0,0.005257763899862766
1409,when did they start putting vin numbers on cars,1954,True,I don't know,0.0,0.0,1.0,contradiction,0,0.1292981654405594,To carburate or carburet ( and thus carburation or carburetion ) is a device that blends air and fuel for an internal combustion engine in the proper ratio for combustion.,0.0,0.0,1.0,neutral,0,0.24380621314048767
1410,where did the concept of informed consent first appear officially,a medical malpractice United States court case in 1957,True,I don't know,0.0,0.0,0.0,neutral,0,0.3307463526725769,The process of getting permission before conducting a healthcare intervention on a person or for disclosing personal information.,0.0,0.07407407407407407,0.0,neutral,0,0.20433072745800018
1413,who played roxy in the story of tracy beaker,Sophie Borja,True,I don't know,0.0,0.0,0.0,contradiction,0,0.0646350160241127,The first appearance /Th> Td> Td> Harry Potter and the Philosopher's Stone /Td> /Tr> Tr> Tr> Tr> Tr> Tr,0.0,0.0,0.0,neutral,0,0.09754784405231476
1414,when does the regular season start for the nfl 2018,"September 6, 2018",True,I don't know,0.0,0.0,1.0,contradiction,0,0.19423571228981018,"The 2018 National Football League season Tr> Th colspan=""2""> Regular season /Th> /Th> /Th> Th> Duration /Th> September 6, 2018 ( 2018 - 09 - 06 ) --",0.0,0.23076923076923078,1.0,entailment,1,0.7160506248474121
1417,what is the source of the yangtze river,Qinghai,True,I don't know,0.0,0.0,1.0,contradiction,0,0.17696845531463623,The Yangtze River ( Three Gorges) /Td> /Tr> /Tr> /Tr> /Tr> /Tr> /Tr> /Tr> /Tr>,0.0,0.0,1.0,entailment,1,0.6307287812232971
1418,when does season 2 of spirit riding free come out,"September 8, 2017",True,Blue Mountain State was renewed for a third season,0.0,0.0,0.0,contradiction,0,0.3249000310897827,The series will continue to air on Disney XD.,0.0,0.0,0.0,contradiction,0,0.3311711549758911
1419,who does flag go to at a military funeral,the next of kin,True,I don't know,0.0,0.0,0.0,neutral,0,0.030691536143422127,"The motto :  In God We Trust '' Other traditional mottos ( show ) Ul> Li>  E pluribus unum '' ( Latin ) ( de facto )  Out of many, one '' ",0.0,0.15384615384615385,0.0,neutral,0,0.2153678834438324
1422,whose voice is the robot on the orville,Rachael MacFarlane,True,I don't know,0.0,0.0,0.0,contradiction,0,0.22642670571804047,The Phantom Menace /Td> /Tr> /Tr> /Tr> /Tr> /Tr> /Tr> /Tr> /Tr> /Tr>,0.0,0.0,0.0,entailment,1,0.5187510848045349
1424,every morning in africa a gazelle wakes up author,Abe Gubegna,True,New York Times Notable Book of the year,0.0,0.0,1.0,neutral,0,0.0952601432800293,"New York Times Notable Book of the year in 1997, and one of the Best Books of the Year by the Village Voice.",0.0,0.0,1.0,neutral,0,0.028166979551315308
1428,who did sweet pea belong to on popeye,Popeye,True,I don't know,0.0,0.0,0.0,contradiction,0,0.2663158178329468,"is a dog, she is a sexy and charming woman.",0.0,0.0,0.0,contradiction,0,0.0626184269785881
1429,average salary of a person in the united states,"$31,099",True,I don't know,0.0,0.0,0.0,neutral,0,0.05729991942644119,"The term ""full employment"" is a synonym for ""natural '' unemployment.",0.0,0.0,0.0,contradiction,0,0.0894840806722641
1432,where did the saudi foreign minister go to school,University of North Texas,True,I don't know,0.0,0.0,1.0,contradiction,0,0.27827736735343933,/Th> /Th> /Tr> /Tr> /Tr> /Tr> /Tr> /Tr> /Tr> /Tr> /Tr>,0.0,0.0,1.0,entailment,1,0.4176918864250183
1433,who is bone thugs n harmony signed to,eOne Entertainment,True,I don't know,0.0,0.0,0.0,neutral,0,0.20135198533535004,/Th> /Tr> /Tr> /Tr> /Tr> /Tr> /Tr> /Th> Single by Tinchy Stryder & the Chuckle Brothers /Th>,0.0,0.0,0.0,entailment,1,0.4550849497318268
1436,winner of comedy circus ke ajoobe grand finale,Krishna Abhishek,True,I don't know,0.0,0.0,0.0,contradiction,0,0.1194721981883049,The first contestant to pass away after appearing on the show is Florence Henderson.,0.0,0.0,0.0,contradiction,0,0.0900702252984047
1438,who wrote the song don t want to miss a thing,Diane Warren,True,I don't know,0.0,0.0,1.0,contradiction,0,0.20313508808612823,Aerosmith /Th> /Th> /Tr> /Tr> /Tr> /Tr> /Th> /Th> /Th> /Th> /Th> /,0.0,0.0,1.0,entailment,1,0.7391864061355591
1439,who won the most fa cups in england,Arsenal,True,I don't know,0.0,0.0,1.0,neutral,0,0.06774815917015076,The football team has competed at the FIFA World Cup since 1950.,0.0,0.0,1.0,neutral,0,0.008578281849622726
1440,how long does it take grape juice to ferment into wine,from 5 to 14 days for primary fermentation and potentially another 5 to 10 days for a secondary fermentation,True,I don't know,0.0,0.0,1.0,neutral,0,0.11071459203958511,a slow reaction can take many years.,0.0,0.07692307692307693,1.0,neutral,0,0.1342640370130539
1443,when is the last time an 11 seed made it to the elite 8,2018,True,I don't know,0.0,0.0,1.0,neutral,0,0.15340372920036316,The year listed is the last tournament year a school has reached a certain round of the NCAA Tournament.,0.0,0.0,1.0,entailment,1,0.7209160327911377
1445,where was avril lavigne's head above water video filmed,Iceland,True,I don't know,0.0,0.0,1.0,neutral,0,0.00465416070073843,The Bloukrans River.,0.0,0.0,1.0,neutral,0,0.008304707705974579
1448,who are the associate justices of the supreme court,Anthony Kennedy,True,I don't know,0.0,0.0,1.0,contradiction,0,0.23597097396850586,John Roberts /Dd> Dt> Associate Justices /Dt> Clarence Thomas /Dd> Ruth Bader Ginsburg /Dd> Stephen Breyer /Dd> Samuel Alito /Dd> Sonia So,0.0,0.0,1.0,entailment,1,0.455026239156723
1451,college that has produced the most nfl quarterbacks,Purdue,True,Dallas Cowboys,0.0,0.0,1.0,neutral,0,0.10815099626779556,Cowboys ).,0.0,0.0,1.0,neutral,0,0.10075182467699051
1454,who's opening for justin timberlake in chicago,The Shadowboxers,True,I don't know,0.0,0.0,0.0,contradiction,0,0.22861933708190918,"The show was held on March 13, 2018.",0.0,0.2,0.0,entailment,1,0.8969101905822754
1456,who is representing mexico in little league world series,"Matamoros, Tamaulipas",True,I don't know,0.0,0.0,0.0,contradiction,0,0.10295092314481735,"The 2018 Little League World Series /Th> /Tr> Tr> Td colspan=""2""> /Tr> /Tr> Tr> Th> Dates /Th> T",0.0,0.0,0.0,entailment,1,0.6519120931625366
1457,the fa premier league is owned by 20 shareholders who are,the 20 member clubs,True,I don't know,0.0,0.0,0.0,neutral,0,0.039513446390628815,The club went public in 1990 and was the subject of takeover bids from property trader Michael Knighton and Rupert Murdoch's BSkyB corporation before Malcolm Glazer's stake was announced in September 2003.,0.0,0.05555555555555555,0.0,entailment,1,0.9204994440078735
1458,who plays jack on secret life of the american teenager,Gregory P. Finley II,True,main cast,0.0,0.0,0.0,neutral,0,0.019323186948895454,The Secret Life of the American Teenager ( season 3 ) /Th> /Th> /Th> /Th> /Th> /Th> /Th> /Th> /Th> /Th> ,0.0,0.0,0.0,neutral,0,0.010053830221295357
1459,who has the most grammys of all time,Sir Georg Solti,True,I don't know,0.0,0.0,0.0,neutral,0,0.05033516138792038,The 300 win club is the group of pitchers who have won 300 or more games.,0.0,0.0,0.0,entailment,1,0.9875125288963318
1466,who wrote dr dre verse on forgot about dre,Eminem,True,I don't know,0.0,0.0,0.0,contradiction,0,0.1074073538184166,The persona of Dickinson's poem meets personified Death.,0.0,0.0,0.0,contradiction,0,0.33173999190330505
1470,who does the voice of elsa on frozen,primarily by Broadway actress and singer Idina Menzel,True,I don't know,0.0,0.0,0.0,contradiction,0,0.2193240225315094,The character in both of her forms from Snow White and the Seven Dwarfs /Td> /Tr> /Tr> Th> First appearance /Th> Td> Snow White and the Seven Dwarfs ( 1937 ),0.0,0.05405405405405405,0.0,entailment,1,0.9037400484085083
1477,what does code red mean in the emergency room,fire has broken out somewhere in the hospital facility,True,I don't know,0.0,0.0,1.0,neutral,0,0.040067024528980255,The use of codes is intended to convey essential information quickly and with minimal misunderstanding to staff while preventing stress and panic among visitors to the hospital.,0.0,0.1111111111111111,1.0,contradiction,0,0.36868083477020264
1479,who played the frog in gnomeo and juliet,Ashley Jensen,True,I don't know,0.0,0.0,0.0,neutral,0,0.16670367121696472,Richard Harris).,0.0,0.0,0.0,contradiction,0,0.05880412459373474
1488,when is super girl season three coming out,"October 9, 2017",True,Supergirl,0.0,0.0,1.0,contradiction,0,0.24172145128250122,Supergirl series.,0.0,0.0,1.0,contradiction,0,0.30371662974357605
1489,who received the most electoral votes in the 2000 presidential election,George Walker Bush,True,I don't know,0.0,0.0,0.0,contradiction,0,0.1723703145980835,The Electoral College had 270 electoral votes needed to win the election.,0.0,0.0,0.0,entailment,1,0.965314507484436
1491,where did the battle of chattanooga take place,October and November 1863,True,I don't know,0.0,0.0,0.0,neutral,0,0.23944734036922455,The Chattanooga Campaign /Th> /Th> /Th> /Th> /Th> /Th> /Th> /Th> /Th> /Th> /Th> ,0.0,0.0,0.0,neutral,0,0.25978583097457886
1492,when did the cross become a symbol of christianity,from the 4th century,True,I don't know,0.0,0.0,0.0,neutral,0,0.03633671626448631,The symbol was a symbol of the apostles'creed.,0.0,0.16666666666666666,0.0,entailment,1,0.9444348216056824
1494,when did anime become popular in the west,The 1960s,True,I don't know,0.0,0.0,0.0,contradiction,0,0.1754508763551712,The Dragon Ball manga was written by the manga author duo Peach - Pit.,0.0,0.13333333333333336,0.0,entailment,1,0.8119964003562927
1496,where has the us manufacturing belt been traditionally located (specific cities),Chicago,True,economies,0.0,0.0,0.0,neutral,0,0.01679174043238163,"Capitalism has diverse and much debated roots, but fully - fledged capitalism is generally thought to have emerged in north - west Europe, especially in the Low Countries ( mainly present - day Flanders and Netherlands ) and Britain, in the sixteenth to seventeenth centuries",0.0,0.0,0.0,neutral,0,0.23701752722263336
1504,punjab and haryana high court chief justice name,Krishna Murari,True,I don't know,0.0,0.0,0.0,contradiction,0,0.16308380663394928,"The Seal of the United States Department of Justice /Tr> /Tr> /Tr> Th colspan=""2""> Seal of the United States Department of Justice /Tr> /Tr> Th colspan=""",0.0,0.0,0.0,contradiction,0,0.23915374279022217
1505,who is the highest ranking member of the senate,president pro tempore,True,I don't know,0.0,0.0,1.0,contradiction,0,0.22947752475738525,The blue slip is a political term used to describe the state of the Senate.,0.0,0.0,1.0,neutral,0,0.2420406937599182
1507,who was the president when nafta was passed,Clinton,True,Franklin D. Roosevelt,0.0,0.0,0.0,neutral,0,0.029601626098155975,"Franklin D. Roosevelt's address on January 6, 1941, Roosevelt outlined the Four Freedoms.",0.0,0.0,0.0,neutral,0,0.030129609629511833
1513,when is a breast cancer patient considered a survivor,"""living with or beyond cancer""",True,I don't know,0.0,0.0,0.0,neutral,0,0.07636766135692596,"Lana Parrilla was born July 15, 1977.",0.0,0.0,0.0,neutral,0,0.15092691779136658
1517,where did system of a down come from,"Glendale, California",True,ABO blood group system.,0.0,0.0,0.0,neutral,0,0.16067756712436676,"The ABO blood group system is widely credited to have been discovered by the Austrian scientist Karl Landsteiner, who identified the O.",0.0,0.0,0.0,neutral,0,0.049263305962085724
1523,who played katherine chancellor's son on y&r,Beau Kazer,True,I don't know,0.0,0.0,0.0,contradiction,0,0.2970922887325287,"season four season, Caitlyn's children Brody and Brandon, and Brandon's wife, Leah became recurring cast members.",0.0,0.0,0.0,contradiction,0,0.27721813321113586
1531,who is the original singer of sitting on the dock of the bay,Otis Redding,True,I don't know,0.0,0.0,1.0,neutral,0,0.23504909873008728,"Otis Redding /Th> /Tr> Tr> Tr> Th colspan=""2""> /Tr> /Tr> Th colspan=""2""> Single by Otis Re",0.0,0.2222222222222222,1.0,entailment,1,0.7292993664741516
1540,where is bile made and what does it do,produced by the liver of most vertebrates,True,I don't know,0.0,0.0,0.0,neutral,0,0.03395457938313484,Palm oil is that it is a polymer chain made of amino acids linked together by peptide bonds.,0.0,0.16,0.0,neutral,0,0.3665364682674408
1542,who is dr altman on grey's anatomy,Kim Raver,True,I don't know,0.0,0.0,0.0,contradiction,0,0.007972246035933495,The supplemental digital series Marvel.,0.0,0.0,0.0,contradiction,0,0.005141260102391243
1543,when does the haunted mansion turn to nightmare before christmas,late summer,True,second season,0.0,0.0,0.0,contradiction,0,0.037386275827884674,Season.,0.0,0.0,0.0,contradiction,0,0.005566619802266359
1545,when was the united states founded as a country,1776,True,Founding Father,0.0,0.0,1.0,neutral,0,0.09205376356840134,United States of America,0.0,0.0,1.0,neutral,0,0.022761007770895958
1546,who plays it in stephen king's it,Bill Skarsgård,True,I don't know,0.0,0.0,1.0,contradiction,0,0.20452488958835602,Graham Chapman,0.0,0.0,1.0,entailment,1,0.5562843084335327
1548,when can we say that an object is at rest,When the position of a body with respect to its surroundings does not change with time,True,I don't know,0.0,0.0,0.0,neutral,0,0.16780588030815125,The reader will be able to identify the various variations on the theme.,0.0,0.13793103448275862,0.0,neutral,0,0.1638866364955902
1554,what happens in the battle between beowulf and the dragon,the dragon wounds Beowulf fatally,True,No,0.0,0.0,1.0,neutral,0,0.04008195176720619,The original airdate of the poem was 1937.,0.0,0.15384615384615385,1.0,neutral,0,0.010375826619565487
1556,who plays the old lady in jackass 2,Spike Jonze,True,Mimi,0.0,0.0,0.0,contradiction,0,0.008226854726672173,Drew Carey a liar,0.0,0.0,0.0,contradiction,0,0.010613735765218735
1562,where is the wheel and axle plant of indian railway situated,"Yelahanka, Bangalore in the Indian state of Karnataka",True,I don't know,0.0,0.0,0.0,entailment,1,0.44735488295555115,"Kotri Junction Station     /Th> /Tr> Table> Tr> Th colspan=""2""> Kotri Junction Station     /Th> /Tr",0.0,0.0,0.0,entailment,1,0.5891019701957703
1563,present chairman of public accounts committee of lok sabha,Mapanna Mallikarjun Kharge,True,I don't know,0.0,0.0,0.0,contradiction,0,0.14618729054927826,Ram Nath Kovind /Th> /Th> /Tr> /Tr> /Tr> /Tr> /Tr> /Tr> /Tr> /Tr>,0.0,0.0,0.0,entailment,1,0.46011799573898315
1565,when did india win the first t20 world cup,2007,True,I don't know,0.0,0.0,1.0,neutral,0,0.040604911744594574,India have never won the final of the Asian Championship but managed their best ever finish by making it to the final in the 1964 AFC Asian Cup.,0.0,0.0,1.0,entailment,1,0.9852244853973389
1566,who got the biggest contract in the nfl,"Johnson, Calvin",True,I don't know,0.0,0.0,1.0,neutral,0,0.21105508506298065,The Philadelphia Eagles are the most famous team in the NFL.,0.0,0.0,1.0,neutral,0,0.015412986278533936
1567,where was the salvation army founded in australia,"a small house in Lygon Street, Carlton",True,population,0.0,0.0,0.0,neutral,0,0.2403421401977539,New Zealand population.,0.0,0.0,0.0,entailment,1,0.4363107979297638
1569,the average length of life of members of a species is called,mean life span,True,I don't know,0.0,0.0,0.0,neutral,0,0.08362187445163727,Maximum life span.,0.0,0.6666666666666666,0.0,neutral,0,0.2135196477174759
1571,where did they film war for planet of the apes,"in the Lower Mainland in Vancouver,",True,War for the Planet of the Apes,0.0,0.15384615384615383,0.0,entailment,1,0.4511227607727051,War for the Planet of the Apes /Th> /Th> /Th> /Th> /Th> /Th> /Th> /Th> /Th> /Th> /Th>,0.0,0.08333333333333333,0.0,neutral,0,0.4176476001739502
1573,barney in how i met your mother real name,Neil Patrick Harris,True,I don't know,0.0,0.0,0.0,contradiction,0,0.10775162279605865,"The play begins with a framing device, often referred to as the induction, in which a mischievous nobleman tricks a drunken tinker named Christopher Sly into believing he is actually a nobleman himself.",0.0,0.0,0.0,entailment,1,0.9312606453895569
1574,how many cards do you get when you play uno,seven cards,True,I don't know,0.0,0.0,0.0,neutral,0,0.38363343477249146,The National Football League Draft is an annual event in which it serves as the league's most common source of player recruitment.,0.0,0.0,0.0,entailment,1,0.9197107553482056
1575,who provided the voice of the geico insurance company geico in its tv-ad debut,"Kelsey Grammer,",True,I don't know,0.0,0.0,0.0,neutral,0,0.034353889524936676,The EGOT was coined by Philip Michael Thomas.,0.0,0.0,0.0,entailment,1,0.9651405811309814
1576,who is the present captain of indian army,General Bipin Rawat,True,I don't know,0.0,0.0,1.0,contradiction,0,0.17901796102523804,Yogi Adityanath since 19 March 2017 /Td> /Tr> Tr> Th> Appointer /Th> /Tr> Governor of Uttar Pradesh /Tr> /Tr>,0.0,0.0,1.0,contradiction,0,0.07314002513885498
1579,how much impact does the tourist industry have on the icelandic economy,10 percent to the Icelandic GDP,True,Iceland,0.0,0.0,1.0,contradiction,0,0.2040398269891739,Utta,0.0,0.0,1.0,contradiction,0,0.09685853123664856
1583,what type of government do we have in the united states today,Republic,True,a key component).,0.0,0.0,1.0,neutral,0,0.3099559545516968,"The State of the Union Address is an annual message presented by the President of the United States to a joint session of the United States Congress, except in the first year of a new president's term.",0.0,0.0,1.0,neutral,0,0.05406211316585541
1585,where is the ileum located in the body,the final section of the small intestine,True,I don't know,0.0,0.0,0.0,contradiction,0,0.24082159996032715,TA /Th> A05. 6.04. 001 /Td> /Tr> Tr> Th> FMA /Th> 7208 /Td> ,0.0,0.0,0.0,contradiction,0,0.22937534749507904
1588,when does season 2 a series of unfortunate events come out,"March 30, 2018",True,I don't know,0.0,0.0,1.0,contradiction,0,0.10218729823827744,"The second half of the season aired entirely in February 2017 on weekdays, with either a half - episode segment or a full episode premiering each day.",0.0,0.0,1.0,entailment,1,0.9648289680480957
1589,who plays the goblin in harry potter 8,Warwick Ashley Davis,True,I don't know,0.0,0.0,0.0,contradiction,0,0.18906427919864655,The film is a spoof of the Harry Potter series.,0.0,0.0,0.0,contradiction,0,0.04825215041637421
1590,how did american popular culture change around the turn of the 20th century,developed a series of new forms of music,True,I don't know,0.0,0.0,0.0,neutral,0,0.04731444641947746,"Raquel Welch, Brigitte.",0.0,0.0,0.0,neutral,0,0.04968272149562836
1591,how soon after death does rigamortis set in,as soon as 4 hours post mortem,True,Aram Garoghlanian,0.0,0.0,0.0,entailment,1,0.8431983590126038,The final act of the Anglo - Saxon poem Beowulf is about the hero Beowulf's fight with a dragon.,0.0,0.0,0.0,neutral,0,0.155022993683815
1593,who played cotton in pirates of the caribbean,David Bailie,True,I don't know,0.0,0.0,0.0,neutral,0,0.22097544372081757,"Mark L. Young ( born Markell V. Efimoff January 1, 1991 ) is an American actor.",0.0,0.0,0.0,entailment,1,0.8869714736938477
1598,who is sasha on dancing with the stars engaged to,Emma Slater,True,I don't know,0.0,0.0,1.0,entailment,1,0.5983723998069763,The show is a reality show.,0.0,0.0,1.0,neutral,0,0.023519668728113174
1606,when was the 22nd amendment proposed and ratified,"March 21, 1947",True,I don't know,0.0,0.0,0.0,contradiction,0,0.06422621756792068,/Td> /Tr> /Tr> Th> Nicknames /Th> Td> Johnson - Reed Act /Td> /Tr> Tr> Th> Enacted by,0.0,0.0,0.0,contradiction,0,0.24698218703269958
1608,who played little jack in meet the fockers,Spencer and Bradley Pickren,True,I don't know,0.0,0.0,0.0,contradiction,0,0.052370697259902954,"Mark L. Young ( born Markell V. Efimoff January 1, 1991 ) is an American actor.",0.0,0.0,0.0,contradiction,0,0.1435564011335373
1610,when did the pixel 2 xl come out,"October 19, 2017",True,I don't know,0.0,0.0,1.0,contradiction,0,0.2282315194606781,/Td> /Tr> /Tr> /Tr> /Tr> /Tr> /Tr> /Th> Codename /Th> Td> Ul>,0.0,0.0,1.0,contradiction,0,0.39274951815605164
1612,who beat the carolina panthers in the super bowl,New England Patriots,True,I don't know,0.0,0.0,1.0,contradiction,0,0.21745310723781586,"Td colspan=""2""> Table> Tr> Th> Carolina Panthers ( NFC ) /Th> Th> New England Patriots ( AFC ) /Th> /Tr> T",0.0,0.3,1.0,entailment,1,0.7076097726821899
1616,when does iron and wines new album come out,August 2017,True,I don't know,0.0,0.0,0.0,contradiction,0,0.08027003705501556,The album is a studio album by Ariana Grande.,0.0,0.0,0.0,entailment,1,0.9716323018074036
1621,the joy of life was painted in which style,early modernism,True,1819 issue of the London Gazette,0.0,0.0,0.0,neutral,0,0.03298458456993103,"The poem is one of several  Great Odes of 1819 '', which includes  Ode on Indolence '',  Ode on Melancholy '',  Ode to a Nightingale '',",0.0,0.0,0.0,neutral,0,0.3559828996658325
1625,camila cabello - crying in the club album,Camila,True,I don't know,0.0,0.0,1.0,contradiction,0,0.20913782715797424,/Th> /Tr> Tr> Tr> Th>  Crying in the Club '' /Th> /Tr> Tr> Th>  Crying in the Club ',0.0,0.0,1.0,contradiction,0,0.4166594445705414
1631,who wrote the kill by 30 seconds to mars,Jared Leto,True,I don't know,0.0,0.0,1.0,contradiction,0,0.1892722100019455,"Thirty Seconds to Mars /Li> /Li> /Tr> Td colspan=""2""> /Tr> Tr> Th colspan=""2""> Single by Thirty Seconds",0.0,0.0,1.0,entailment,1,0.49859750270843506
1641,who was the owner of the dodgers when jackie robinson played,Wesley Branch Rickey,True,I don't know,0.0,0.0,0.0,neutral,0,0.06377696990966797,"The 300 win club gained six members : Gaylord Perry, Phil Niekro, Steve Carlton, Nolan Ryan, Don Sutton and Tom Seaver.",0.0,0.0,0.0,neutral,0,0.09222651273012161
1643,who figured out a way to determine the type of blood,Karl Landsteiner,True,I don't know,0.0,0.0,1.0,neutral,0,0.2560649514198303,the scientific study of cells.,0.0,0.0,1.0,entailment,1,0.9027689695358276
1645,to vote an election a person should be above the age of,18,True,I don't know,0.0,0.0,1.0,neutral,0,0.1605508178472519,Most countries have laws that restrict those below a minimum age from legally purchasing tobacco products.,0.0,0.0,1.0,neutral,0,0.025041673332452774
1654,the children's online privacy protection act (1998) is a law designed to protect consumers' right to,privacy,True,I don't know,0.0,0.0,1.0,contradiction,0,0.03339532017707825,The Civil Rights Act of 1964 prohibits discrimination by federal and state governments against their public employees.,0.0,0.0,1.0,contradiction,0,0.03875557705760002
1655,1 million dollar winner on who wants to be a millionaire,John Carpenter,True,I don't know,0.0,0.0,0.0,contradiction,0,0.1194721981883049,The first contestant to pass away after appearing on the show is Florence Henderson.,0.0,0.0,0.0,contradiction,0,0.0900702252984047
1657,where is wall drug located in south dakota,in the town of Wall,True,I don't know,0.0,0.0,1.0,neutral,0,0.12649355828762054,The world's highest commercial bridge bungy at 216 metres ( 709 ft ) above the Bloukrans River.,0.0,0.1,1.0,entailment,1,0.5460257530212402
1662,which is the nearest star to earth after sun,Proxima Centauri,True,I don't know,0.0,0.0,0.0,contradiction,0,0.13096050918102264,The Heliocentrism model was opposed to geocentrism.,0.0,0.0,0.0,neutral,0,0.2043088674545288
1663,when is season 6 of voltron coming out,"June 15, 2018",True,11th season,0.0,0.0,1.0,contradiction,0,0.10562429577112198,11th season of 13 episodes by ABC.,0.0,0.0,1.0,contradiction,0,0.19966666400432587
1664,when is ariana grande's album sweetener coming out,"August 17, 2018",True,I don't know,0.0,0.0,1.0,contradiction,0,0.08027003705501556,The album is a studio album by Ariana Grande.,0.0,0.0,1.0,entailment,1,0.9716323018074036
1665,when does the 2018 19 nba schedule come out,"August 10, 2018",True,I don't know,0.0,0.0,0.0,neutral,0,0.2645303010940552,The 2018-19 NBA season /Th> /Th> /Tr> /Tr> /Tr> /Tr> /Tr> /Tr> /Tr> /Tr> ,0.0,0.0,0.0,entailment,1,0.8635112047195435
1666,what is the hierarchy in the roman catholic church,"bishops, priests, and deacons",True,I don't know,0.0,0.0,0.0,contradiction,0,0.011676882393658161,"The Annuario Pontificio introduced  almost 200 corrections to its existing biographies of the popes, from St Peter to John Paul II ''.",0.0,0.0,0.0,neutral,0,0.0049971588887274265
1668,when is the new barbie movie coming out,"May 8, 2020",True,I don't know,0.0,0.0,0.0,contradiction,0,0.03121124394237995,"The tenth season debuted on March 27, 2018.",0.0,0.0,0.0,contradiction,0,0.3806498050689697
1674,how many new zealand soldiers died in ww1,"16,697",True,I don't know,0.0,0.0,1.0,neutral,0,0.1124495342373848,The figures are estimates.,0.0,0.0,1.0,neutral,0,0.14445893466472626
1675,how many secondary schools are there in wales,205,True,01),0.0,0.0,1.0,neutral,0,0.2721816897392273,01x).,0.0,0.0,1.0,neutral,0,0.24794331192970276
1676,where is the oval office in the white house,at the West Wing's southeast corner,True,I don't know,0.0,0.0,0.0,contradiction,0,0.10594484955072403,"The Oval Office is located in the West Wing of the White House, Washington, D.C.",0.0,0.19047619047619044,0.0,entailment,1,0.9522680044174194
1682,who was the queen of britain during ww1,George V,True,I don't know,0.0,0.0,1.0,contradiction,0,0.09455928206443787,"The last monarch of a distinct kingdom of England was Anne, who became Queen of Great Britain when England merged with Scotland to form a union in 1707.",0.0,0.0,1.0,neutral,0,0.09069997817277908
1685,who is the minister of karnataka in 2018,H. D. Kumaraswamy,True,I don't know,0.0,0.0,0.0,contradiction,0,0.16301466524600983,"The seat of Government /Th> Vidhana Soudha, Bangalore /Td> /Tr> Th> Executive /Th> /Tr> Th> Executive /Th> /Tr> ",0.0,0.0,0.0,entailment,1,0.9288868308067322
1692,who wrote beauty is truth truth is beauty,Keats,True,iambic tetrameter,0.0,0.0,1.0,neutral,0,0.13857199251651764,The meter alternating between iambic tetrameter and iambic tetrameter.,0.0,0.0,1.0,neutral,0,0.06697465479373932
1694,who is the speaker of the house in the house of representatives,Congressman Paul Ryan from Wisconsin,True,I don't know,0.0,0.0,0.0,contradiction,0,0.2146495282649994,"The President of the United States of America /Th> /Th> /Tr> /Tr> Td colspan=""2""> Presidential Seal /Td> /Tr> /Tr> T",0.0,0.0,0.0,entailment,1,0.8198418021202087
1696,who wrote the song can't you see,Toy Caldwell,True,I don't know,0.0,0.0,0.0,neutral,0,0.10827882587909698,"The sentence "" Guy"" refers to the poet Joyce Kilmer.",0.0,0.0,0.0,entailment,1,0.8463650345802307
1697,who plays grace in grace stirs up success,Olivia Rodrigo,True,I don't know,0.0,0.0,1.0,neutral,0,0.2699056565761566,"The Office is a sitcom that was originally broadcast on ABC from October 18, 1988 to May 20, 1997 with a revival season that premiered in 2018.",0.0,0.0,1.0,entailment,1,0.6743302345275879
1703,what is the biggest convention center in the us,McCormick Place,True,I don't know,0.0,0.0,0.0,contradiction,0,0.18824830651283264,"The number of employees /Th> Td> 130,000 ( 2015 ) /Td> /Tr> Tr> Tr> Th>",0.0,0.0,0.0,neutral,0,0.015184232033789158
1705,harry potter the name that cannot be said,Voldemort,True,Heorot,0.0,0.0,0.0,neutral,0,0.1873265504837036,The final act of the Anglo - Saxon poem Beowulf is about the hero Beowulf's fight with a dragon.,0.0,0.0,0.0,neutral,0,0.11241228133440018
1706,what area of san diego is sdsu in,The College Area,True,I don't know,0.0,0.0,0.0,contradiction,0,0.2769823372364044,Coordinates : 34 ° 3 ′ N 118 ° 15 ′ W / 34.050 ° N,0.0,0.0,0.0,entailment,1,0.5619004368782043
1709,what mlb team has the most perfect games,Dodgers,True,I don't know,0.0,0.0,0.0,contradiction,0,0.08978282660245895,No pitcher has ever thrown more than one.,0.0,0.0,0.0,entailment,1,0.9661891460418701
1712,when was the last time jacksonville jaguars went to superbowl,2017,True,I don't know,0.0,0.0,1.0,contradiction,0,0.2268197387456894,"Jacksonville Jaguars /Th> /Th> /Th> /Th> /Th> /Th> /Tr> Td colspan=""2""> Current season /Td> /Tr>",0.0,0.0,1.0,neutral,0,0.3584665060043335
1717,what is the boy's name in paw patrol,Ryder,True,I don't know,0.0,0.0,0.0,neutral,0,0.14413900673389435,HBO in the United States.,0.0,0.0,0.0,neutral,0,0.41582533717155457
1719,who was mission san juan capistrano named after,Saint John the Baptist,True,I don't know,0.0,0.0,1.0,neutral,0,0.009436838328838348,"The Columbian Exchange was the widespread transfer of plants, animals, culture, human populations, technology, and ideas between the Americas and the Old World in the 15th and 16th centuries, related to European colonization and trade after Christopher Columbus's 1492 voyage.",0.0,0.045454545454545456,1.0,neutral,0,0.2713237702846527
1724,who wrote the poem a host of golden daffodils,William Wordsworth,True,I don't know,0.0,0.0,1.0,contradiction,0,0.1844441145658493,The poem is a lyrical poem by Emily Dickinson first published posthumously in Poems : Series 1 in 1890.,0.0,0.0,1.0,entailment,1,0.9539358019828796
1725,who starred in one flew over the cuckoos nest,Jack Nicholson,True,Fantasy Films,0.0,0.0,1.0,neutral,0,0.16226089000701904,Fantasy Films /Td> /Tr> Tr> Tr> Tr> Tr> Tr> Tr> Tr> Tr> Tr> Tr,0.0,0.0,1.0,neutral,0,0.08004769682884216
1728,who plays my old kentucky home at the derby,the University of Louisville Marching Band,True,Waylon Jennings,0.0,0.0,0.0,entailment,1,0.8479074835777283,Waylon Jennings /Li> Li> Byron Cherry /Li> Byron Cherry /Li> Christopher Mayer /Li> /Tr> Tr> Tr> Th> Opening,0.0,0.0,0.0,contradiction,0,0.10612723231315613
1731,who wrote if a picture paints a thousand words,David Gates,True,The Twelve Days of Christmas '',0.0,0.0,0.0,contradiction,0,0.14602027833461761,The Twelve Days of Christmas,0.0,0.0,0.0,contradiction,0,0.19007298350334167
1732,how many cigarettes in a pack in the us,at least 20,True,I don't know,0.0,0.0,0.0,neutral,0,0.006865459494292736,United States military personnel,0.0,0.0,0.0,neutral,0,0.0070655164308846
1741,when did the song rubberband man come out,August 1976,True,I don't know,0.0,0.0,1.0,contradiction,0,0.22883613407611847,The music and lyrics were written in 1925 by Jimmy Campbell and Reg Connelly.,0.0,0.0,1.0,entailment,1,0.9559146761894226
1742,how many times have spain won world cup,one,True,finals,0.0,0.0,1.0,entailment,1,0.6155661940574646,"The tournament originally featured 16 teams, and later 24 teams, before settling on its current format of 32 teams starting with the 1998 tournament.",0.0,0.0,1.0,contradiction,0,0.40243443846702576
1744,the federal depository insurance corporation (fdic) has the power to close a bank when,When the bank becomes critically undercapitalized,True,is not properly insured,0.0,0.0,0.0,neutral,0,0.0620354600250721,a bad credit rating.,0.0,0.0,0.0,neutral,0,0.091720812022686
1747,where do they film still open all hours,MediaCityUK in Salford,True,California gun laws,0.0,0.0,0.0,entailment,1,0.5473654270172119,California gun laws,0.0,0.0,0.0,entailment,1,0.5473654270172119
1749,when did we become the united states of america,1776,True,I don't know,0.0,0.0,1.0,neutral,0,0.07675256580114365,"The United States of America was created on July 4, 1776, with the declaration of independence of thirteen British colonies.",0.0,0.09523809523809523,1.0,entailment,1,0.9862937927246094
1751,who was the leader of the bolsheviks when they overthrew the russian monarchy,Vladimir Lenin,True,I don't know,0.0,0.0,0.0,contradiction,0,0.14863844215869904,"The monarchs of the United Kingdom of Great Britain and Northern Ireland ( 1927 -- present ), the United Kingdom of Great Britain and Ireland ( 1707 -- 1801 ), the Kingdom of Great Britain ( 1707 -- 1801 ), the Kingdom of England ( 871 -- 17",0.0,0.0,0.0,contradiction,0,0.3277687728404999
1752,when did the song 99 problems come out,"April 27, 2004",True,I don't know,0.0,0.0,0.0,contradiction,0,0.1537003517150879,"The song was released on September 6, 2001.",0.0,0.0,0.0,entailment,1,0.8935958743095398
1753,where is shooting of yeh rishta kya kehlata hai,Mumbai,True,I don't know,0.0,0.0,1.0,entailment,1,0.3695247769355774,"The target of the attack was a crowd of nonviolent protesters, along with Baisakhi pilgrims, who had gathered in Jallianwala Bagh, Amritsar, British India /Td> /Tr> /",0.0,0.0,1.0,neutral,0,0.0009125153301283717
1754,who served as president of the united states from 1901 to 1909,Theodore Roosevelt Jr.,True,Garret Hobart,0.0,0.0,1.0,contradiction,0,0.045625679194927216,Garret Hobart,0.0,0.0,1.0,contradiction,0,0.045625679194927216
1755,who played harmonica on the wizard black sabbath,Ozzy Osbourne,True,I don't know,0.0,0.0,1.0,contradiction,0,0.25434231758117676,"Black Sabbath /Th> /Tr> /Tr> Th colspan=""2"">  Swee'Pea '' /Th> /Tr> /Tr> Th col",0.0,0.0,1.0,entailment,1,0.4760526120662689
1756,my life as a teenage robot series finale,Turncoats,True,"September 15, 2015",0.0,0.0,0.0,entailment,1,0.7166187167167664,"On March 29, 2017, The Mindy Project was renewed for a sixth and final season, which premiered on September 12, 2017, and the final episode aired on November 14, 2017.",0.0,0.0,0.0,contradiction,0,0.026728739961981773
1761,where is catholic university of east africa located,Nairobi Kenya,True,I don't know,0.0,0.0,0.0,neutral,0,0.18330475687980652,"The Seven Churches of Revelation are seven major churches of Early Christianity, as mentioned in the New Testament Book of Revelation.",0.0,0.0,0.0,entailment,1,0.9836670160293579
1763,when did the kings of comedy come out,2000,True,I don't know,0.0,0.0,0.0,neutral,0,0.10252498090267181,NBC network.,0.0,0.0,0.0,entailment,1,0.6639270782470703
1768,when was the first issue of vogue published,1892,True,I don't know,0.0,0.0,1.0,contradiction,0,0.2023244947195053,The first issue under Anna Wintour's leadership /Td> /Tr> Th> Editor /Th> Td> Anna Wintour /Tr> Th> Categories /Th> Td>,0.0,0.0,1.0,entailment,1,0.954955518245697
1770,where is the united kingdom located on the world map,off the north-western coast of the European mainland,True,I don't know,0.0,0.0,0.0,neutral,0,0.03979121893644333,The United States is a country in the United States.,0.0,0.22222222222222224,0.0,neutral,0,0.020145026966929436
1773,when is bring your daughter to work day,the fourth Thursday in April every year,True,"Washington's Birthday ( February 22 ), Memorial Day ( May 30 ), and Veterans Day ( November 11 ) from fixed dates to designated Mondays",0.0,0.0,1.0,neutral,0,0.025467481464147568,The Act was designed to increase the number of three - day weekends.,0.0,0.10526315789473685,1.0,neutral,0,0.004136643838137388
1774,who were the two scientists who proposed the theory of seafloor spreading in the early 1960s,Harry Hess,True,I don't know,0.0,0.0,0.0,neutral,0,0.08322931081056595,"The great man theory was popularized in the 1840s by Scottish writer Thomas Carlyle, but in 1860 Herbert Spencer formulated a counter-argument that has remained influential throughout the 20th century to the present : Spencer said that such great men are the products of their societies ",0.0,0.0,0.0,neutral,0,0.007315353956073523
1779,what was number one on 21st march 1999,"""Believe""",True,Elvis Presley,0.0,0.0,0.0,neutral,0,0.029094930738210678,Elvis Presley.,0.0,0.0,0.0,neutral,0,0.034786246716976166
1781,queen of the south season 3 episode 12 air date,"September 6, 2018",True,I don't know,0.0,0.0,0.0,contradiction,0,0.10488346219062805,"The first appearance /Th> on September 2, 2008 ( episode 1.01 ;  We're Not in Kansas Anymore '' )",0.0,0.1111111111111111,0.0,contradiction,0,0.03311554715037346
1785,where's washington dc located on a map,"bordered by Montgomery County, Maryland, to the northwest; Prince George's County, Maryland, to the east; and Arlington and Alexandria, Virginia, to the south and west",True,I don't know,0.0,0.0,0.0,contradiction,0,0.20969784259796143,"Washington, D.C., in the contiguous United States and in relation to Maryland and Virginia /Td> /Tr> /Tr> /Tr> /Tr> /Tr> /Tr",0.0,0.2608695652173913,0.0,neutral,0,0.0681658461689949
1793,who got second place on the world cup,Croatia,True,I don't know,0.0,0.0,1.0,neutral,0,0.186665341258049,The top scorer ( s ) /Th> is Robert Lewandowski Mohammad Al - Sahlawi Ahmed Khalil.,0.0,0.0,1.0,neutral,0,0.01777019165456295
1794,what percentage of the uk population say they have no religion,26.1,True,Indians,0.0,0.0,0.0,entailment,1,0.47486963868141174,Hindi speakers,0.0,0.0,0.0,entailment,1,0.4731851816177368
1801,when did the tax free savings account start in canada,"January 1, 2009",True,Dominion Hockey Challenge Cup,0.0,0.0,0.0,entailment,1,0.39098381996154785,The Stanley Cup is a trophy awarded annually to the playoff champion club of the National Hockey League ( NHL ) ice hockey league.,0.0,0.0,0.0,neutral,0,0.23647138476371765
1802,who get the flag at a military funeral,the next of kin,True,I don't know,0.0,0.0,0.0,neutral,0,0.030691536143422127,"A military funeral in the United States is a memorial or burial rite given by the U.S. military for a Soldier, Marine, Sailor, Coast Guardsman, or Airman who died in battle, a veteran, or other prominent military figures or a",0.0,0.045454545454545456,0.0,neutral,0,0.05114951357245445
1803,who was indian president when first nuclear test were conduct,Dr. Abdul Kalam,True,I don't know,0.0,0.0,0.0,neutral,0,0.1861899048089981,The test range was in Rajasthan.,0.0,0.0,0.0,entailment,1,0.9780805110931396
1804,when did great britain win the davis cup,2015,True,I don't know,0.0,0.0,1.0,contradiction,0,0.022908156737685204,"The United States 3 -- 0 British Isles ( Longwood Cricket Club, Boston, Massachusetts, United States ; 8 -- 10 August 1900 )",0.0,0.0,1.0,contradiction,0,0.024052705615758896
1805,a quorum for a decision in the supreme court is,six,True,I don't know,0.0,0.0,0.0,contradiction,0,0.1405034065246582,The final version of the constitution was voted on and sent to the Conclave.,0.0,0.0,0.0,neutral,0,0.0014880489325150847
1818,where are receptors for water soluble hormones located,on the plasma membrane,True,I don't know,0.0,0.0,0.0,neutral,0,0.09704755991697311,Hydrogen ion).,0.0,0.0,0.0,contradiction,0,0.030902409926056862
1819,what are the different kinds of mike's hard lemonade,lemonade,True,I don't know,0.0,0.0,1.0,contradiction,0,0.07970385253429413,The difference in color is in color.,0.0,0.0,1.0,neutral,0,0.26491379737854004
1820,what percentage of blood is composed of plasma,55%,True,I don't know,0.0,0.0,0.0,neutral,0,0.045429397374391556,Blood gas tension refers to the partial pressure of gases in blood.,0.0,0.0,0.0,neutral,0,0.2630472779273987
1822,who was the winner of season 1 skin wars,Natalie Fletcher,True,I don't know,0.0,0.0,0.0,neutral,0,0.11663632839918137,"The seven natural wonders of the world were created by experts from around the world who leveraged statistical and traditional significance, uniqueness, and pure splendor.",0.0,0.0,0.0,neutral,0,0.0020881264936178923
1826,where was the movie lady in white filmed,"Wayne County, New York",True,I don't know,0.0,0.0,0.0,neutral,0,0.12481797486543655,"The theatre was built by actor - manager James Burbage, near the family home in Holywell Street, just outside the City of London.",0.0,0.0,0.0,neutral,0,0.01931491680443287
1827,when was steph curry drafted in the nba,2009,True,I don't know,0.0,0.0,1.0,neutral,0,0.041859425604343414,"The first selection /Th> Td> Blake Griffin, Los Angeles Clippers /Td> /Tr> Tr> Tr> Td colspan=""2""> /Th> /Th>",0.0,0.0,1.0,neutral,0,0.009294861927628517
1832,the first public playhouse ( the theatre ) is built in london,1576,True,I don't know,0.0,0.0,1.0,neutral,0,0.0642436295747757,The area in the  suburbs of sin '' was notorious for licentious behaviour.,0.0,0.0,1.0,neutral,0,0.03421495109796524
1838,who is the current chief minister of kerala,Pinarayi Vijayan,True,Kerala state,0.0,0.0,1.0,entailment,1,0.7704359889030457,"The 12th Chief Minister of Kerala /Th> /Th> /Tr> /Tr> Td colspan=""2""> Incumbent /Td> /Tr> /Tr> T",0.0,0.0,1.0,entailment,1,0.8361359238624573
1841,who played entwistle in last of the summer wine,"Herbert Tsangtse ""Burt"" Kwouk",True,I don't know,0.0,0.0,0.0,neutral,0,0.22679834067821503,The age difference is between the two.,0.0,0.0,0.0,neutral,0,0.12264028191566467
1847,where does the last name shinn come from,Korea,True,I don't know,0.0,0.0,0.0,contradiction,0,0.22021490335464478,"Baal - hermon, Lord of Hermon /Li> Baal - hamon, Place of a multitude /Li> Baal - hermon, Lord of Hermon /Li> Ball - hanan,",0.0,0.0,0.0,contradiction,0,0.25359979271888733
1850,when does the new season of legion come out,February 2018,True,I don't know,0.0,0.0,0.0,contradiction,0,0.061405859887599945,"The tenth season debuted on March 27, 2018.",0.0,0.2,0.0,entailment,1,0.9036970734596252
1853,game of thrones season 7 season 3 release date,"July 30, 2017",True,Thrones,0.0,0.0,0.0,entailment,1,0.6343271732330322,The Walking Dead ( season 7 ) /Th> /Tr> P> Game of Thrones,0.0,0.0,0.0,contradiction,0,0.26492759585380554
1854,where did the king of france live before versailles,Tuileries Palace,True,I don't know,0.0,0.0,0.0,neutral,0,0.00919563602656126,France in the Middle Ages Early Modern France Ancien Régime French Wars of Religion Louis XIV of France French Revolution Napoleonic wars French Third Republic France in the 20th century,0.0,0.0,0.0,neutral,0,0.031811248511075974
1856,who won season 11 of food network star,Eddie Jackson,True,I don't know,0.0,0.0,1.0,neutral,0,0.16724766790866852,"The episode titled ""Food Network Star"" was broadcast on the Food Network from June 7 to August 16, 2015.",0.0,0.0,1.0,entailment,1,0.9727718830108643
1858,when is the last time the capitals made it to the stanley cup,2017–18,True,I don't know,0.0,0.0,0.0,contradiction,0,0.03422066196799278,The Spanish flu epidemic.,0.0,0.0,0.0,neutral,0,0.04796217381954193
1864,who played the clown on american horror story,John Carroll Lynch,True,I don't know,0.0,0.0,1.0,contradiction,0,0.14370699226856232,The wizard /Tr> is a fictional character in the Harry Potter series.,0.0,0.0,1.0,entailment,1,0.6128859519958496
1867,who managed the estate when the lord was away,the steward,True,I don't know,0.0,0.0,0.0,contradiction,0,0.06538563221693039,Haugen is a Norwegian surname and place name frequently used for farm home.,0.0,0.0,0.0,contradiction,0,0.03996662423014641
1868,how do you say great britain in french,Grande-Bretagne,True,I don't know,0.0,0.0,0.0,neutral,0,0.3255904018878937,"The United Kingdom of Great Britain and Northern Ireland, excluding honorary consulates, is a list of diplomatic missions of the United Kingdom of Great Britain and Northern Ireland, excluding honorary consulates.",0.0,0.0,0.0,neutral,0,0.45675790309906006
1870,when was the last time man u was in the champions league,2017–18,True,I don't know,0.0,0.0,0.0,neutral,0,0.19013257324695587,Brazil.,0.0,0.0,0.0,entailment,1,0.5084200501441956
1876,when did i can only imagine get released,2001,True,I don't know,0.0,0.0,0.0,neutral,0,0.2801525592803955,"Eurythmics /Th> /Tr> Tr> Tr> Th colspan=""2""> /Tr> /Tr> Th colspan=""2""> Single by Eurythmic",0.0,0.0,0.0,entailment,1,0.7253166437149048
1879,who played the ice queen in once upon a time,Elizabeth Mitchell,True,I don't know,0.0,0.0,0.0,contradiction,0,0.2193240225315094,The character in both of her forms from Snow White and the Seven Dwarfs /Td> /Tr> /Tr> Th> First appearance /Th> Td> Snow White and the Seven Dwarfs ( 1937 ),0.0,0.0,0.0,entailment,1,0.9037400484085083
1881,where is dirty dancing supposed to take place,a resort in the Catskill Mountains,True,I don't know,0.0,0.0,0.0,neutral,0,0.049965932965278625,is a Dutch - American villager.,0.0,0.1818181818181818,0.0,neutral,0,0.0327887162566185
1884,who did the marlins beat in the 2003 world series,New York Yankees,True,I don't know,0.0,0.0,1.0,contradiction,0,0.2788833975791931,/Th> /Th> /Tr> /Tr> /Tr> /Tr> /Tr> /Tr> /Tr> /Tr> /Tr>,0.0,0.0,1.0,contradiction,0,0.37945789098739624
1890,david tennant's last episode of doctor who,The End of Time,True,I don't know,0.0,0.0,1.0,contradiction,0,0.19944573938846588,"The Tenth Doctor /Th> /Th> /Tr> Tr> Td colspan=""2""> Doctor Who character /Th> /Th> /Tr> Td colspan=""2",0.0,0.09523809523809523,1.0,entailment,1,0.5725512504577637
1891,who is the actor that plays the hound,Rory McCann,True,The Philosopher's Stone,0.0,0.0,0.0,contradiction,0,0.0817599818110466,"The film, King Arthur ( Graham Chapman ), accompanied by his trusty squire Patsy ( Terry Gilliam ), is travelling through a forest when he enters a clearing and observes a fight taking place between a Black Knight",0.0,0.0,0.0,entailment,1,0.8997126817703247
1894,who wrote love so soft by kelly clarkson,Mozella,True,I don't know,0.0,0.0,0.0,contradiction,0,0.17080117762088776,The album was recorded at Château d'Hérouville.,0.0,0.0,0.0,neutral,0,0.0032573507633060217
1895,who is the home minister of india 2013,Sushilkumar Shinde,True,Indian army,0.0,0.0,0.0,contradiction,0,0.0799948051571846,"Indira Gandhi's second stint as Prime Minister ended five years later on the morning of 31 October 1984, when she was gunned down by her own body.",0.0,0.0,0.0,neutral,0,0.010612567886710167
1899,who survives the plane crash on grey's anatomy,Dr. Meredith Grey (Ellen Pompeo),True,I don't know,0.0,0.0,0.0,neutral,0,0.17749091982841492,Jason George as Dr. Ben Warren.,0.0,0.1818181818181818,0.0,neutral,0,0.08401210606098175
1900,where is the united states located on earth,38°00′00″N 97°00′00″W﻿ / ﻿38.000°N 97.000°W,True,I don't know,0.0,0.0,0.0,contradiction,0,0.24982325732707977,"The United States of America was created on July 4, 1776, with the declaration of independence of thirteen British colonies.",0.0,0.0,0.0,entailment,1,0.9761967658996582
1913,who is the famous painter who painted shakunthala,Raja Ravi Varma.,True,I don't know,0.0,0.0,1.0,contradiction,0,0.06996374577283859,Rajyasamacharam was the first newspaper in Malayalam.,0.0,0.0,1.0,entailment,1,0.9411365389823914
1916,the highest yield of rice per hectare in india is in which state,West Bengal,True,I don't know,0.0,0.0,0.0,neutral,0,0.07341612875461578,The deadliest tornado in world is not the state of Karnataka.,0.0,0.0,0.0,contradiction,0,0.012787170708179474
1917,who wrote have a little talk with jesus,Cleavant Derricks,True,Luke,0.0,0.0,0.0,neutral,0,0.26528745889663696,the Gospel of Matthew in the New Testament.,0.0,0.0,0.0,entailment,1,0.8412304520606995
1918,who owns the pawn shop on pawn stars,Richard (Rick) Kevin Harrison,True,Montgomery Ward,0.0,0.0,0.0,entailment,1,0.7194445133209229,The company was founded in 1872.,0.0,0.0,0.0,entailment,1,0.8824735283851624
1920,who wrote the song i'm coming home,Jermaine Cole,True,I don't know,0.0,0.0,1.0,neutral,0,0.013146547600626945,The song was later sung by John Denver and Robin the Frog in the 1979 television special John Denver and the Muppets : A Christmas Together.,0.0,0.0,1.0,neutral,0,0.03041752427816391
1922,who has won the mens single title in the australian open tennis tournament 2018,Roger Federer,True,I don't know,0.0,0.0,1.0,contradiction,0,0.2985825836658478,The 2018 Australian Open was held on 6 May 2018 at the Courtyard Royal in Melbourne.,0.0,0.0,1.0,neutral,0,0.0033524727914482355
1924,when does episode 5 come out for game of thrones,"April 12, 2015",True,I don't know,0.0,0.0,0.0,contradiction,0,0.023577028885483742,"On May 6, 2015 the series was canceled on Fox.",0.0,0.15384615384615383,0.0,entailment,1,0.9643304347991943
1928,who sang best of my love by the eagles,Don Henley,True,I don't know,0.0,0.0,0.0,neutral,0,0.14853481948375702,"The album Have a Nice Day was released on January 30, 2006.",0.0,0.0,0.0,entailment,1,0.9789162278175354
1936,where is the baseball all-star game being played,"July 11, 2017",True,I don't know,0.0,0.0,1.0,neutral,0,0.3083263337612152,/Td> /Tr> /Tr> /Tr> /Tr> /Tr> /Tr> /Tr> /Tr> /Tr> /T,0.0,0.0,1.0,entailment,1,0.7529348731040955
1937,who plays second base for the boston red sox,Dustin Luis Pedroia,True,I don't know,0.0,0.0,0.0,neutral,0,0.1821873039007187,/Th> /Tr> /Tr> /Tr> /Tr> /Tr> /Tr> /Tr> /Tr> /Tr> /Tr,0.0,0.0,0.0,contradiction,0,0.24362243711948395
1943,when did the transcontinental railroad start being built,"January 8, 1863",True,I don't know,0.0,0.0,0.0,neutral,0,0.22591833770275116,"The Last Spike '' was driven by the First Transcontinental Railroad /Th> /Th> /Tr> Tr> Td colspan=""2""> The Last Spike '' was driven by the First Transcontinental Railroad",0.0,0.0,0.0,entailment,1,0.8166953325271606
1957,who plays the role of julian on instinct,Naveen Andrews,True,I don't know,0.0,0.0,0.0,neutral,0,0.1304217129945755,"The series stars Clark Gregg, reprising his role of Phil Coulson from the films, as well as Ming - Na Wen, Brett Dalton, Chloe Bennet, Iain De Caestecker, and Elizabeth Henstridge ",0.0,0.0,0.0,entailment,1,0.8489582538604736
1960,when does dynasty come back for season 2,"October 12, 2018",True,I don't know,0.0,0.0,0.0,contradiction,0,0.11645270138978958,aired,0.0,0.0,0.0,contradiction,0,0.21465660631656647
1972,who was prime minister when we joined europe,Edward Heath,True,I don't know,0.0,0.0,0.0,neutral,0,0.11314889788627625,"The Treaty of Alliance with France was a defensive alliance between France and the United States of America, formed in the midst of the American Revolutionary War, which promised mutual military support in case fighting should break out between French and British forces, as the result signing the previously concluded Treaty of Am",0.0,0.0,0.0,contradiction,0,0.08606045693159103
1973,who wrote turn me on by norah jones,John D. Loudermilk,True,I don't know,0.0,0.0,0.0,contradiction,0,0.1561870574951172,Irving King,0.0,0.0,0.0,entailment,1,0.4820716679096222
1974,who sings the song tequila makes my clothes fall off,Joe Nichols,True,I don't know,0.0,0.0,1.0,contradiction,0,0.006933271884918213,Mimi Bobeck is Mr. Wick's assistant / secretary and the main antagonist of the series.,0.0,0.0,1.0,contradiction,0,0.005743957590311766
1975,when is the next dragonball movie coming out,January 2019 (January 2019) (U.S. theatrical),True,I don't know,0.0,0.0,0.0,neutral,0,0.10124101489782333,The first ending theme is  Beyxercise ''.,0.0,0.0,0.0,entailment,1,0.6942077875137329
1976,where did the day of the dead originate from,celebrations in Mexico developed from ancient traditions among its pre-Columbian cultures,True,I don't know,0.0,0.0,0.0,neutral,0,0.02360590547323227,"The proverb originated in Wales, and was particularly prevalent in Pembrokshire.",0.0,0.09090909090909091,0.0,neutral,0,0.010761196725070477
1977,what country has the most medals in olympic history,United States,True,I don't know,0.0,0.0,0.0,contradiction,0,0.1612287014722824,The Los Angeles area has ten major league professional teams.,0.0,0.0,0.0,neutral,0,0.16628429293632507
1978,what do the aliens from toy story say,"You have saved our lives, we are eternally grateful,""",True,I don't know,0.0,0.0,0.0,neutral,0,0.14051200449466705,is a good medicine.,0.0,0.0,0.0,neutral,0,0.1338983178138733
1979,which country has the largest population in europe,Germany,True,I don't know,0.0,0.0,1.0,neutral,0,0.09540069103240967,"The Black Death was one of the most devastating pandemics in human history, resulting in the deaths of an estimated 75 to 200 million people in Eurasia and peaking in Europe from 1346 to 1353.",0.0,0.0,1.0,neutral,0,0.39337724447250366
1983,who directed taylor swift out of the woods,Joseph Kahn,True,King Arthur,0.0,0.0,0.0,entailment,1,0.6065829396247864,King Arthur,0.0,0.0,0.0,entailment,1,0.6065829396247864
1985,who plays tom buchanan in the great gatsby 2013,Joel Edgerton,True,I don't know,0.0,0.0,0.0,contradiction,0,0.15688762068748474,The Truest Believer /Td> /Tr> Tr> Th> Occupation /Tr> Td> Writer Driver /Tr> Tr> Th> Occupation ,0.0,0.0,0.0,contradiction,0,0.05658600851893425
1987,when does greys anatomy season 13 come on now tv,"September 22, 2016",True,I don't know,0.0,0.0,1.0,contradiction,0,0.14247341454029083,"The tenth season debuted on March 27, 2018.",0.0,0.0,1.0,entailment,1,0.7922279834747314
1989,what type of paint are cars painted with,Enamel,True,I don't know,0.0,0.0,1.0,contradiction,0,0.17198462784290314,"The sentence "" Carburation or carburetion "" means ""blending air and fuel for an internal combustion engine in the proper ratio for combustion.",0.0,0.0,1.0,entailment,1,0.4724787473678589
1996,phase of the moon during a lunar eclipse,a lunar eclipse can occur only the night of a full moon,True,I don't know,0.0,0.0,0.0,neutral,0,0.1705104410648346,Aquarius,0.0,0.0,0.0,neutral,0,0.35454481840133667
2004,what transmission is in a 2003 jeep liberty,manual transmission,True,I don't know,0.0,0.0,0.0,contradiction,0,0.34868237376213074,Chrysler Corporation ( 1998 ) DaimlerChrysler ( 1999 - 2007 ) Chrysler LLC ( 2007 - 2009 ) Chrysler Group LLC ( 2009 and 2011 - 2014 ) Fiat Chrysler Automobiles US ( 2014 - present ) /Td> /,0.0,0.0,0.0,entailment,1,0.4971560835838318
2007,what family is rosaline from in romeo and juliet,Capulet,True,I don't know,0.0,0.0,1.0,contradiction,0,0.23273256421089172,"Rosaline /Th> /Th> /Tr> Tr> Tr> Td colspan=""2""> Rosaline /Th> /Th> Tr> Tr> T",0.0,0.0,1.0,entailment,1,0.43302392959594727
2009,when does the next godzilla anime come out,November 2018,True,I don't know,0.0,0.0,0.0,neutral,0,0.10124101489782333,Toei Animation.,0.0,0.0,0.0,entailment,1,0.7179177403450012
2012,how many harry potter rides are at universal,four,True,I don't know,0.0,0.0,1.0,contradiction,0,0.08162394911050797,The Wizarding World of Harry Potter /Th> /Tr> /Tr> /Tr> /Tr> /Tr> /Tr> /Tr> /Tr> /T,0.0,0.0,1.0,contradiction,0,0.22934940457344055
2014,when did what happens in vegas stays in vegas start,2004,True,I don't know,0.0,0.0,0.0,neutral,0,0.06248990818858147,The Uniform Monday Holiday Act ( Pub. L. 90 -- 363 ) is an Act of Congress that amended the federal holiday provisions of the United States Code to establish the observance of certain holidays on Mondays.,0.0,0.0,0.0,neutral,0,0.2718775272369385
2016,where did the shot heard around the world happen,at the Polo Grounds in New York City,True,I don't know,0.0,0.0,1.0,neutral,0,0.17854301631450653,active and dormant volcanoes ).,0.0,0.0,1.0,neutral,0,0.19617164134979248
2018,where is area code 708 located in the usa,western and southern Cook County and eastern and southern Will County in the state of Illinois,True,I don't know,0.0,0.0,0.0,neutral,0,0.008205017074942589,"The highest speed limit in the country is 85 mph ( 140 km / h ), which is posted on a single stretch of tollway in rural Texas.",0.0,0.14634146341463414,0.0,neutral,0,0.013611217960715294
2019,who sings i'm trying to leave something behind,Sean Rowe,True,I don't know,0.0,0.0,0.0,neutral,0,0.021522460505366325,Show Me the Way to Go Home,0.0,0.0,0.0,neutral,0,0.05395633727312088
2020,when did sendong enter the philippine area of responsibility,Early on December 15,True,I don't know,0.0,0.0,0.0,neutral,0,0.06009393185377121,The Stolen Generations,0.0,0.0,0.0,neutral,0,0.04805710166692734
2023,who played the godfather in the movie the godfather,Marlon Brando,True,I don't know,0.0,0.0,1.0,contradiction,0,0.16103620827198029,"The Godfather /Th> /Th> /Th> Td colspan=""2""> Theatrical release poster /Th> /Th> /Tr> Tr> Th> Directed by",0.0,0.0,1.0,entailment,1,0.618213415145874
2028,when did the pepsi max open in blackpool,28 May 1994,True,purchase price of the club totalled almost £ 800 million.,0.0,0.0,0.0,neutral,0,0.0032855344470590353,Old Trafford.,0.0,0.0,0.0,entailment,1,0.5499805212020874
2034,when has the eagles been to the super bowl,1960,True,Super Bowl,0.0,0.0,1.0,neutral,0,0.2458503693342209,AFL World Championship Game ''.,0.0,0.0,1.0,contradiction,0,0.072385273873806
2036,composition of the inner core of the earth,iron–nickel alloy and some light elements,True,I don't know,0.0,0.0,0.0,neutral,0,0.02645878493785858,The radius of the inner core is about 70 % of the Moon's radius.,0.0,0.0,0.0,neutral,0,0.32421383261680603
2037,who was nominated first woman for rajya sabha,Rukmini Devi Arundale,True,I don't know,0.0,0.0,0.0,contradiction,0,0.13397927582263947,"Indira Gandhi's second stint as Prime Minister ended five years later on the morning of 31 October 1984, when she was gunned down by her own bodyguards.",0.0,0.0,0.0,neutral,0,0.015195495449006557
2039,which is the first news paper in malayalam,Rajyasamacharam,True,I don't know,0.0,0.0,1.0,contradiction,0,0.09706185013055801,The purpose of the Constitution of India is to provide a legal basis for the Constitution of India.,0.0,0.0,1.0,neutral,0,0.2339884638786316
2041,who is the girl in the bon jovi it's my life video,Shiri Appleby,True,I don't know,0.0,0.0,0.0,neutral,0,0.01466046366840601,"The Lance family receives help from the Lance family ; Laurel ( Katie Cassidy ), Sara ( Caity ), Laurel ( Katie Cassidy ), Sara ( Caity ), Laurel ( Katie Cassidy ),",0.0,0.0,0.0,neutral,0,0.11764316260814667
2043,an animal that eat both plants and animals,Omnivore,True,I don't know,0.0,0.0,1.0,neutral,0,0.013206224888563156,Animals.,0.0,0.0,1.0,neutral,0,0.026725847274065018
2044,who plays the little girl in christopher robin,Elsa Minell Solak,True,I don't know,0.0,0.0,0.0,neutral,0,0.14368698000907898,"The Mindy Project is an American comedy television series which aired on Fox for three seasons from on September 25, 2012, to March 24, 2015.",0.0,0.0,0.0,entailment,1,0.9482131004333496
2046,taarak mehta ka ooltah chashmah sonu original name,Jheel Mehta as Sonalika Aatmaram Bhide (Sonu),True,I don't know,0.0,0.0,0.0,neutral,0,0.007946176454424858,"The name of the song is /P> /Th> /Tr> Th colspan=""2""> Taarak Mehta Ka Ooltah Chashmah /Th> /Tr> ",0.0,0.08,0.0,neutral,0,0.3434531092643738
2049,who plays gwen stacy in into the spiderverse,Hailee Steinfeld,True,I don't know,0.0,0.0,0.0,neutral,0,0.03571952506899834,Thea Queen,0.0,0.0,0.0,neutral,0,0.061609864234924316
2051,when does kanye come on keeping up with the kardashians,season seven,True,I don't know,0.0,0.0,1.0,neutral,0,0.3692033886909485,"The show aired on NBC on November 30, 2017.",0.0,0.0,1.0,neutral,0,0.0011731705162674189
2055,what does mono no aware mean in japanese,the pathos of things,True,I don't know,0.0,0.0,1.0,neutral,0,0.207129567861557,"The term comes from Heian period literature, but was picked up and used by 18th century Edo period Japanese cultural scholar Motoori Norinaga in his literary criticism of The Tale of Genji, and later to other seminal Japanese works including the Man'ysh.",0.0,0.08695652173913042,1.0,neutral,0,0.011986720375716686
2056,who sings i always feel like someone is watching me,Rockwell,True,I don't know,0.0,0.0,1.0,neutral,0,0.26698482036590576,Rockwell /Th> /Th> /Th> /Th> /Th> /Th> /Th> /Th> /Th> /Th> /Th> /Th> ,0.0,0.14285714285714288,1.0,entailment,1,0.44734853506088257
2059,the blueprint of any database system is the,schema,True,I don't know,0.0,0.0,1.0,neutral,0,0.31508010625839233,Create a database schema.,0.0,0.4,1.0,entailment,1,0.6186672449111938
2060,where is the groundhog for groundhog's day located,Punxsutawney in western Pennsylvania,True,Wolf,0.0,0.0,0.0,contradiction,0,0.192640483379364,Wolf.,0.0,0.0,0.0,contradiction,0,0.18520568311214447
2066,what does the dc in washington dc stand for,District of Columbia,True,I don't know,0.0,0.0,1.0,neutral,0,0.15968583524227142,"Washington, D.C. /Th> /Tr> Tr> Tr> Tr> Tr> Tr> Tr> Tr> Tr> Tr> ",0.0,0.0,1.0,entailment,1,0.6987189650535583
2067,what is the medical term for webbed toes,syndactyly,True,I don't know,0.0,0.0,0.0,neutral,0,0.20466898381710052,"In cricothyrotomy, the incision or puncture is made through the cricothyroid membrane in between the thyroid cartilage and the cricoid cartilage.",0.0,0.0,0.0,entailment,1,0.8952929973602295
2070,who was president of the united states when katrina hit louisiana,President George W. Bush,True,I don't know,0.0,0.0,0.0,contradiction,0,0.21842192113399506,Katrina /Tr> /Tr> /Tr> /Tr> /Tr> /Tr> /Tr> /Tr> /Tr> /Tr>,0.0,0.0,0.0,entailment,1,0.6590487957000732
2073,voice of peggy on king of the hill,Kathy Ann Najimy,True,I don't know,0.0,0.0,0.0,contradiction,0,0.05021025612950325,"The main cast of Roseanne Barr, and the main cast of Keeping Up with the Kardashians.",0.0,0.0,0.0,entailment,1,0.8782934546470642
2076,when did the chinese new year start 2018,15 Feb,True,I don't know,0.0,0.0,0.0,neutral,0,0.13810977339744568,The Chinese New Year is celebrated on the following days:,0.0,0.0,0.0,neutral,0,0.10067404061555862
2079,who has the power to create post offices,Congress,True,I don't know,0.0,0.0,1.0,neutral,0,0.011010450311005116,The United States Postal Service Act of 1970.,0.0,0.0,1.0,neutral,0,0.2607969045639038
2083,when does the new season of major crimes start 2015,"June 8, 2015",True,I don't know,0.0,0.0,0.0,entailment,1,0.3902755379676819,The show will be moving from Disney XD to Disney Channel for its fourth season.,0.0,0.0,0.0,contradiction,0,0.12465012818574905
2085,how many seats do the democrats hold in the senate,46,True,I don't know,0.0,0.0,1.0,contradiction,0,0.2108919769525528,The seats in the United States Senate were numbered from the first to the last round of the election.,0.0,0.0,1.0,neutral,0,0.07048072665929794
2087,when does once upon a time season 7 episode 11 come on,"March 2, 2018",True,I don't know,0.0,0.0,0.0,contradiction,0,0.017202867195010185,9 : 00 pm Eastern Time,0.0,0.0,0.0,neutral,0,0.014298886992037296
2089,what were the original m and m colors,tan,True,"Minstrels, Revels, Treets /Tr> /Tr> Tr> Th> Markets /Th> Td> Worldwide ( over 100 countries ) /Td> /T",0.0,0.0,1.0,entailment,1,0.8673749566078186,"Minstrels, Revels, Treets /Tr> /Tr> /Tr> Th> Related brands /Th> Minstrels, Revels, Treets /Tr> ",0.0,0.0,1.0,entailment,1,0.6820194721221924
2090,who landed the first 900 on a skateboard,Tony Hawk,True,I don't know,0.0,0.0,1.0,neutral,0,0.18448993563652039,The 900 is a 212 - revolution ( 900 degrees ) aerial spin performed on a skateboard ramp.,0.0,0.0,1.0,contradiction,0,0.12276837974786758
2093,why do the british wear a red flower,commemorate their servicemen and women killed in all conflicts,True,I don't know,0.0,0.0,1.0,neutral,0,0.02544192224740982,"The remembrance poppy is an artificial flower that has been used since 1921 to commemorate military personnel who have died in war, and represents a common or field poppy, Papaver rhoeas.",0.0,0.15000000000000002,1.0,entailment,1,0.9603502154350281
2095,which team won most of the fifa world cup,Brazil,True,I don't know,0.0,0.0,1.0,neutral,0,0.18706481158733368,Brazil ( 2nd title ) /Td> /Tr> /Tr> /Tr> /Tr> /Tr> /Tr> /Tr> /Tr> /,0.0,0.15384615384615385,1.0,neutral,0,0.12670890986919403
2098,who developed the great man theory of leadership,Scottish writer Thomas Carlyle,True,I don't know,0.0,0.0,1.0,neutral,0,0.015314273536205292,"The method acting is a range of training and rehearsal techniques that seek to encourage sincere and emotionally expressive performances, as formulated by a number of different theatre practitioners, principally in the United States, where it is among the most popular -- and controversial -- approaches to acting.",0.0,0.0,1.0,neutral,0,0.12762746214866638
2100,what is the function of the super vena cava,carries deoxygenated blood from the upper half of the body,True,I don't know,0.0,0.0,0.0,contradiction,0,0.10960523784160614,Hemostasis is the first stage of wound healing.,0.0,0.22222222222222224,0.0,entailment,1,0.9884345531463623
2102,who is doing the half time super bowl,Justin Timberlake,True,I don't know,0.0,0.0,1.0,contradiction,0,0.16533440351486206,Super Bowl LII /Td> /Tr> /Tr> Th> Date /Th> Td> /Tr> Th> Location /Th> Td> Tr> ,0.0,0.0,1.0,entailment,1,0.7801780700683594
2105,when did gareth southgate first play for england,1995,True,I don't know,0.0,0.0,1.0,contradiction,0,0.19147124886512756,"Gareth Southgate /Tr> /Tr> /Tr> /Tr> /Tr> Th colspan=""3""> Gareth Southgate /Tr> /Tr> ",0.0,0.0,1.0,entailment,1,0.7428532838821411
2110,what is the elevation of klamath falls oregon,"4,099 ft (1,249.4 m)",True,I don't know,0.0,0.0,1.0,neutral,0,0.20057916641235352,The coordinates of Portland are: 45 ° 31 ′ 12 '' N 122 ° 40 ′ 55 '' W / 45.52000 ° N 122.68194 ° W / 45.52000 ; - 122.68194 ° W / 4,0.0,0.0,1.0,neutral,0,0.2661416828632355
2111,when did phantom of the opera take place,in the 1890s,True,Shakespeare,0.0,0.0,0.0,entailment,1,0.5907225012779236,The play was written by Irish Literary Renaissance playwright John Millington Synge.,0.0,0.13333333333333333,0.0,entailment,1,0.953563392162323
2116,oriental bank of commerce is govt or private,public sector,True,I don't know,0.0,0.0,1.0,contradiction,0,0.14230243861675262,"The Indian Civil Service ( ICS ) for part of the 19th century officially known as the Imperial Civil Service, was the elite higher civil service of the British Empire in British India during British rule in the period between 1858 and 1858.",0.0,0.0,1.0,contradiction,0,0.2336951345205307
2117,who is kyles mom on y & r,Diane Jenkins (Maura West),True,I don't know,0.0,0.0,0.0,entailment,1,0.5983723998069763,Arrow follows billionaire playboy Oliver.,0.0,0.0,0.0,neutral,0,0.21190467476844788
2129,what are the names of the two rovers currently exploring mars,MER-A Spirit,True,I don't know,0.0,0.0,0.0,neutral,0,0.09591489285230637,"The Mars Exploration Rover ( MER ) mission is an ongoing robotic space mission involving two Mars rovers, Spirit and Opportunity, exploring the planet Mars.",0.0,0.08,0.0,entailment,1,0.9301522970199585
2137,who writes the script for big bang theory,Chuck Lorre,True,I don't know,0.0,0.0,1.0,neutral,0,0.22049857676029205,The Big Bang Theory episode /Th> /Tr> /Tr> Th> Episode no. /Th> Td> Tr> Th> Episode no. /Th> Td> ,0.0,0.0,1.0,entailment,1,0.801190972328186
2138,who plays tom riddle in the half blood prince,Frank Stephenson Dillane,True,I don't know,0.0,0.0,0.0,neutral,0,0.005156574305146933,"The first season, the focus was primarily on Klaus ( Joseph Morgan ), Elijah ( Daniel Gillies ), and Rebekah ( Claire Holt ) who found out in the backdoor pilot, aired on April 25, 2013, how Hay",0.0,0.0,0.0,entailment,1,0.4794462323188782
2140,is pure gold an element or a compound,chemical element,True,I don't know,0.0,0.0,1.0,contradiction,0,0.2008596658706665,/Td> /Tr> /Tr> /Tr> /Tr> /Tr> /Tr> /Tr> /Tr> /Tr> /T,0.0,0.0,1.0,neutral,0,0.2382049858570099
2143,the doctrine of lapse was causes of which rebellion,Indian Rebellion of 1857,True,I don't know,0.0,0.0,0.0,contradiction,0,0.10200104862451553,"The concept of original sin was first alluded to in the 2nd century by Irenaeus, Bishop of Lyon in his controversy with certain dualist Gnostics.",0.0,0.06896551724137932,0.0,neutral,0,0.004656190983951092
2144,original singer of get your kicks on route 66,Nat King Cole,True,I don't know,0.0,0.0,0.0,neutral,0,0.016020018607378006,The song was written in 1925 by the pseudonymous  Irving King '' ( the English songwriting team James Campbell and Reginald Connelly ).,0.0,0.08695652173913045,0.0,entailment,1,0.7947283983230591
2145,who played dumbledore in the goblet of fire,Michael Gambon,True,Tyler Perry's I Can Do Bad All by Myself,0.0,0.0,1.0,contradiction,0,0.09544465690851212,Tyler Perry's I Can Do Bad All by Myself is a song by Tyler Perry.,0.0,0.0,1.0,entailment,1,0.4793599247932434
2147,what agency was created to secure america from terrorist attacks,United States Department of Homeland Security (DHS),True,I don't know,0.0,0.0,0.0,contradiction,0,0.1543591469526291,"The Nebraska Avenue Complex, Washington, D.C., U.S. 38 ° 56 ′ 20 '' N 77 ° 4 ′ 59 '' W / 38.93889 ° N 77.08306 ° W / 38.",0.0,0.0,0.0,entailment,1,0.693548858165741
2148,where in the bible is the story of ruth and naomi,The Book of Ruth,True,I don't know,0.0,0.0,0.0,contradiction,0,0.1902007758617401,"The biblical story of the Israelites is based on the biblical story of the Israelites, in which the Ark of the covenant was in the possession of the Philistines.",0.0,0.1212121212121212,0.0,neutral,0,0.1919204741716385
2149,what country gave united states the statue of liberty,France,True,I don't know,0.0,0.0,1.0,contradiction,0,0.09155967086553574,"The Treaty of Paris was a defensive alliance between France and the United States of America, formed in the midst of the American Revolutionary War, which promised mutual military support in case fighting should break out between French and British forces, as the result signing the previously concluded Treaty of Amity.",0.0,0.038461538461538464,1.0,neutral,0,0.05247730761766434
2150,what part of the brain is memory affected by alcohol,hippocampus,True,I don't know,0.0,0.0,1.0,neutral,0,0.3158777952194214,The third process is called reconsolidation.,0.0,0.0,1.0,neutral,0,0.01230059377849102
2152,who sang the song my heart will go on,Celine Dion,True,I don't know,0.0,0.0,0.0,neutral,0,0.05380849167704582,The song was written by Anand Bakshi and sung by Mohammed Aziz with Music by Laxmikant Pyarelal from 1990 Movie Kroadh,0.0,0.0,0.0,contradiction,0,0.005690315738320351
2153,relaying signals from the neuron to other cells is a function of the,thalamus,True,I don't know,0.0,0.0,0.0,neutral,0,0.04921599105000496,Active transport requires cellular energy to achieve this movement.,0.0,0.0,0.0,neutral,0,0.09941285848617554
2156,where does black lightning tv show take place,Freeland,True,I don't know,0.0,0.0,0.0,contradiction,0,0.10205477476119995,"The source of thunderous noises is a group of ornately dressed, silent, bearded men who are playing nine - pins.",0.0,0.0,0.0,contradiction,0,0.014174546115100384
2157,who killed peter on the tv show soap,Chester,True,I don't know,0.0,0.0,0.0,neutral,0,0.18411648273468018,The series producers were Caroline Norris and Chloe Thomas.,0.0,0.0,0.0,entailment,1,0.7244504690170288
2161,where did our lady of mount carmel appear,England,True,I don't know,0.0,0.0,1.0,contradiction,0,0.28819459676742554,"The Revelation is written in the early part of the Revelation, on the Greek island of Patmos.",0.0,0.0,1.0,contradiction,0,0.12779086828231812
2162,when did that 70's show first air,"August 23, 1998",True,I don't know,0.0,0.0,0.0,neutral,0,0.06248990818858147,satirized contemporary American popular culture and politics,0.0,0.0,0.0,entailment,1,0.9698325395584106
2165,what is the significance of the nodes of ranvier,"uninsulated and highly enriched in ion channels, allowing them to participate in the exchange of ions required to regenerate the action potential",True,I don't know,0.0,0.0,0.0,neutral,0,0.24325212836265564,": ,  Journey '' or  Travels '' ) is a Classical Arabic term of a quest, with connotations of a voyage undertaken for the sake of divine knowledge of Islam.",0.0,0.0851063829787234,0.0,entailment,1,0.9213352203369141
2169,how many terms can a governor serve in oklahoma,two consecutive terms,True,I don't know,0.0,0.0,0.0,contradiction,0,0.13090094923973083,The governor must act in the name of the governor.,0.0,0.0,0.0,neutral,0,0.4232974350452423
2176,where did jason voorhees get the hockey mask,from a victim,True,I don't know,0.0,0.0,0.0,contradiction,0,0.16245636343955994,"Michael Jordan Tr> Td colspan=""2""> Jordan in 2014 /Td> /Tr> /Tr> Charlotte Hornet Tr> /Tr> /Tr> /Tr",0.0,0.0,0.0,contradiction,0,0.0613572932779789
2177,who is the first miss world in india,Reita Faria Powell,True,Miss India 1966 Miss World 1966,0.0,0.0,0.0,entailment,1,0.8556629419326782,Miss Bombay 1966 ( Winner ) Eve,0.0,0.0,0.0,neutral,0,0.32110968232154846
2178,where was the first ice hockey game played,"at the Victoria Skating Rink in Montreal, Quebec, Canada",True,I don't know,0.0,0.0,1.0,neutral,0,0.1897771954536438,Hockey League,0.0,0.0,1.0,neutral,0,0.21623149514198303
2181,what channel is the love station on sirius,channel 70,True,2,0.0,0.0,0.0,neutral,0,0.30707550048828125,"The show has begun with a cold open that ends with someone breaking character and proclaiming  Live from New York, it's Saturday Night! ''",0.0,0.0,0.0,neutral,0,0.008600584231317043
2188,who does liam neeson play in star wars 1,Qui-Gon Jinn,True,I don't know,0.0,0.0,0.0,contradiction,0,0.22642670571804047,The Phantom Menace /Td> /Tr> /Tr> /Tr> /Tr> /Tr> /Tr> /Tr> /Tr> /Tr>,0.0,0.0,0.0,entailment,1,0.5187510848045349
2192,when did the us leave japan after wwii,"April 28, 1952",True,Empire of Japan,0.0,0.0,1.0,entailment,1,0.4982996881008148,The Imperial Seal was a symbol of Japan during the Allied occupation of Japan.,0.0,0.0,1.0,entailment,1,0.7316758632659912
2194,what is the name for the smell of rain,Petrichor,True,I don't know,0.0,0.0,1.0,neutral,0,0.004572272766381502,"The word is derived from Greek  petra, meaning  stone '', and  chr, the fluid that flows in the veins of the gods in Greek mythology.",0.0,0.0,1.0,neutral,0,0.002541356487199664
2195,who invented the greater than and less than sign,Thomas Harriot,True,I don't know,0.0,0.0,1.0,neutral,0,0.1895618587732315,The greater - than sign is a mathematical symbol that denotes an inequality between two values.,0.0,0.0,1.0,entailment,1,0.9678937196731567
2205,who has scored the most goals for arsenal,Thierry Henry,True,I don't know,0.0,0.0,0.0,neutral,0,0.04815707355737686,The club went public in 1990 and was the subject of takeover bids from property trader Michael Knighton and Rupert Murdoch's BSkyB corporation before Malcolm Glazer's stake was announced in September 2003.,0.0,0.0,0.0,neutral,0,0.0018703161040320992
2208,where did the name fruit of the loom come from,"Fruit of the Loom – an expression referring to clothes, paralleling the phrase ""fruit of the womb"" meaning ""children"", which can be traced back to use in the Bible (Psalm 127:3)",True,I don't know,0.0,0.0,0.0,neutral,0,0.05832210183143616,"Pigs were domesticated in Mesopotamia around 11,000 BC, followed by sheep between 11,000 and 9,000 BC.",0.0,0.04347826086956522,0.0,contradiction,0,0.022186879068613052
2210,what was the deadliest tornado in the united states,the Tri-State Tornado,True,I don't know,0.0,0.0,1.0,contradiction,0,0.01999443583190441,"The deadliest tornado in world history was the Daulatpur -- Saturia tornado in Bangladesh on April 26, 1989, which killed approximately 1,300 people.",0.0,0.16,1.0,contradiction,0,0.011357193812727928
2215,who founded the first french colony in north america,Jacques Cartier,True,I don't know,0.0,0.0,0.0,contradiction,0,0.0023647609632462263,Europeans,0.0,0.0,0.0,contradiction,0,0.008352124132215977
2218,what are the types of alternative dispute resolution,negotiation,True,I don't know,0.0,0.0,0.0,neutral,0,0.1451907902956009,The United States was a country that had a high rate of property crime.,0.0,0.0,0.0,neutral,0,0.13693571090698242
2219,who was the first draft pick in the 2018 nba,Deandre Ayton,True,I don't know,0.0,0.0,1.0,contradiction,0,0.1134234070777893,"The 2018 NBA draft is scheduled for June 21, 2018.",0.0,0.0,1.0,entailment,1,0.9769986271858215
2220,what is a box spring called in the uk,divan,True,I don't know,0.0,0.0,0.0,contradiction,0,0.3382881283760071,The location of the geographical centre of the United Kingdom is a question of geography.,0.0,0.0,0.0,neutral,0,0.4087492525577545
2224,where does publishers clearing house get their funding,merchandise,True,original '',0.0,0.0,0.0,neutral,0,0.31743124127388,original.,0.0,0.0,0.0,entailment,1,0.3483244478702545
2226,who plays louie in stuck in the middle,Nicolas Bechtel,True,I don't know,0.0,0.0,1.0,entailment,1,0.4542270600795746,The creators of Stuck in the Middle are:,0.0,0.0,1.0,entailment,1,0.5044426321983337
2228,which structure in the urinary system carries urine to the bladder,ureters,True,I don't know,0.0,0.0,1.0,contradiction,0,0.30813834071159363,The human urinary system is the human urinary system.,0.0,0.0,1.0,entailment,1,0.9547328948974609
2229,when was the spca established in south africa,1872,True,I don't know,0.0,0.0,0.0,neutral,0,0.004153661895543337,The expansion of the British Empire allowed these rules of football to spread to areas of British influence outside the directly controlled Empire.,0.0,0.0,0.0,neutral,0,0.018162548542022705
2232,when did northern ireland become its own country,1921,True,I don't know,0.0,0.0,1.0,contradiction,0,0.18736833333969116,"Northern Ireland Tuaisceart Éireann ( Irish ) Norlin Airlann ( Ulster Scots ) /Th> /Tr> Tr> Td colspan=""2""> Northern Ireland Tuaisceart É",0.0,0.0,1.0,entailment,1,0.8154218792915344
2233,how many times has itay won the world cup,four,True,I don't know,0.0,0.0,1.0,neutral,0,0.24105551838874817,South America.,0.0,0.0,1.0,neutral,0,0.03297194465994835
2235,who plays babita in taarak mehta ka ooltah chashmah,Munmun Dutta,True,I don't know,0.0,0.0,0.0,neutral,0,0.13267120718955994,"The series premiered on Disney Channel on February 14, 2016.",0.0,0.0,0.0,neutral,0,0.0020013691391795874
2237,who is the minister of local government and housing,The Rt Hon. James Brokenshire,True,I don't know,0.0,0.0,1.0,contradiction,0,0.2706894874572754,"The Ministry of Housing, Communities and Local Government is a government agency.",0.0,0.11764705882352941,1.0,entailment,1,0.7916028499603271
2238,where did cypress hill get their name from,after a street in South Gate,True,Yangtze river,0.0,0.0,0.0,contradiction,0,0.14847338199615479,Yangtze river.,0.0,0.0,0.0,contradiction,0,0.1344214379787445
2239,who plays brittany on young and the restless,Vanessa Lee Evigan,True,I don't know,0.0,0.0,0.0,neutral,0,0.23075562715530396,The Young and the Restless character /Th> /Th> /Th> /Th> /Th> /Th> /Th> /Th> /Th> /Th> /Th> ,0.0,0.0,0.0,entailment,1,0.6704438328742981
2243,tremors a cold day in hell filming location,in the Cape Town area,True,I don't know,0.0,0.0,0.0,contradiction,0,0.032475244253873825,"The film was actually made in Sparta, Illinois, while most seasons of the television series were filmed in Covington, Georgia, east of Atlanta ( and near the real I - 20 ).",0.0,0.1176470588235294,0.0,entailment,1,0.49526122212409973
2249,who wanted to create a railroad from cape town to cairo,Cecil Rhodes,True,I don't know,0.0,0.0,0.0,neutral,0,0.0443052276968956,"Sir William Muir, KCSI",0.0,0.0,0.0,neutral,0,0.012002439238131046
2250,when did half pennies stop being legal tender,December 1984,True,I don't know,0.0,0.0,0.0,contradiction,0,0.19653478264808655,Queen Elizabeth II /Td> /Tr> /Tr> Tr> Th> Design /Th> Td> 1968 -- present /Td> /Tr> /Tr> ,0.0,0.0,0.0,neutral,0,0.0623311921954155
2254,when was the first weather satellite launched into space,"February 17, 1959",True,I don't know,0.0,0.0,0.0,contradiction,0,0.12414290755987167,"The agency was founded on December 2, 1970.",0.0,0.0,0.0,contradiction,0,0.019768496975302696
2255,what is the most popular music in cuba,Son,True,I don't know,0.0,0.0,1.0,contradiction,0,0.2388865053653717,/P>,0.0,0.0,1.0,contradiction,0,0.3754197657108307
2257,how long is the ferry from bainbridge to seattle,8.6 miles,True,I don't know,0.0,0.0,1.0,neutral,0,0.18496555089950562,The ferry Wenatchee is a ferry operated by Washington State Ferries.,0.0,0.0,1.0,entailment,1,0.9179075956344604
2258,achievement of a cricketer out first ball for zero in both innings,a king pair,True,I don't know,0.0,0.0,0.0,contradiction,0,0.11923470348119736,The most recent bowler to achieve the feat was English spin bowler Moeen Ali against South Africa on 31 July 2017.,0.0,0.0,0.0,neutral,0,0.30197015404701233
2260,psych episode where shawn and juliet start dating,"""In Plain Fright"" (5.11)",True,I don't know,0.0,0.0,0.0,neutral,0,0.1808745414018631,"On May 16, 2016, MTV announced the renewal of the series for a fifth season and final season.",0.0,0.0,0.0,contradiction,0,0.022411413490772247
2265,the galápagos islands are part of what country quizlet,the Republic of Ecuador,True,Mexico,0.0,0.0,0.0,contradiction,0,0.17581257224082947,The discussion has faltered over similar points as the Doha Development Round of World Trade Organization ( WTO ) talks ; developed nations seek expanded trade in services,0.0,0.13793103448275865,0.0,neutral,0,0.0141690568998456
2267,when did dancing with the stars start this season,"September 24, 2018",True,I don't know,0.0,0.0,0.0,neutral,0,0.13349784910678864,"The show premiered on NBC on May 29, 2018.",0.0,0.16666666666666666,0.0,contradiction,0,0.008103698492050171
2270,who was the basketball player that died on the court,"Eric ""Hank"" Gathers",True,I don't know,0.0,0.0,0.0,contradiction,0,0.013009742833673954,Wilt Chamberlain ( four ),0.0,0.0,0.0,contradiction,0,0.08925580978393555
2271,when was the first satellite put in space,"October 4, 1957",True,I don't know,0.0,0.0,0.0,contradiction,0,0.31491273641586304,The mission type is Earth science.,0.0,0.0,0.0,entailment,1,0.8847806453704834
2272,how long is an inmate on death row,an average of 178 months (roughly 15 years) between sentencing and execution,True,I don't know,0.0,0.0,0.0,neutral,0,0.09370569884777069,The production company responsible for the series is Adelstein - Parouse Productions.,0.0,0.0,0.0,neutral,0,0.00950938742607832
2279,who played mini-me in the austin power movies,Verne Jay Troyer,True,I don't know,0.0,0.0,0.0,contradiction,0,0.04224483668804169,"The focus was primarily on Klaus ( Joseph Morgan ), Elijah ( Daniel Gillies ), and Rebekah ( Claire Holt ) who found out in the backdoor pilot, aired on April 25, 2013, how Hayley Marshall ( Pho",0.0,0.0,0.0,contradiction,0,0.001982784131541848
2284,the pollution of love canal in new york was caused by ____,massive dumping of toxic waste,True,I don't know,0.0,0.0,0.0,neutral,0,0.34824398159980774,"The sentence ""All work and no play makes Jack"" is missing.",0.0,0.0,0.0,neutral,0,0.05840546265244484
2285,who is responsible for founding the american financial system,the Bank of the United States,True,I don't know,0.0,0.0,0.0,contradiction,0,0.014122461900115013,"The seven Founding Fathers are John Adams, Benjamin Franklin, Alexander Hamilton, John Jay, Thomas Jefferson, James Madison, and George Washington.",0.0,0.07692307692307691,0.0,entailment,1,0.8871588110923767
2286,who built the san diego de alcala mission,Spanish friar Junípero Serra,True,I don't know,0.0,0.0,0.0,contradiction,0,0.14341558516025543,The mission was founded in 1854.,0.0,0.0,0.0,neutral,0,0.011903748847544193
2288,who won the fifa under 17 world cup 2017,England,True,I don't know,0.0,0.0,1.0,neutral,0,0.18085934221744537,The 2017 FIFA U-17 World Cup was held from 6 to 28 October.,0.0,0.0,1.0,entailment,1,0.9750443696975708
2292,what is the hottest temperature ever recorded in utah,117 °F / 47 °C,True,I don't know,0.0,0.0,0.0,neutral,0,0.008493517525494099,"Utah, United States",0.0,0.0,0.0,neutral,0,0.061495888978242874
2296,who sings the 4 song on sesame street,Feist,True,I don't know,0.0,0.0,0.0,neutral,0,0.037691760808229446,"Kilmer is most remembered for  Trees '', which has been the subject of frequent parodies and references in popular culture.",0.0,0.0,0.0,entailment,1,0.9801967144012451
2298,who is the highest goal scorer for real madrid,Cristiano Ronaldo,True,I don't know,0.0,0.0,1.0,contradiction,0,0.07638511806726456,Arsenal has won a total of 57 games.,0.0,0.0,1.0,neutral,0,0.003512984374538064
2299,what's the name of the little rascals dog,Pete the Pup,True,I don't know,0.0,0.0,1.0,contradiction,0,0.06745507568120956,"They are able to adapt to the modern world, they are able to live a rich and glamorous life",0.0,0.09090909090909091,1.0,neutral,0,0.005132878664880991
2307,when did nigeria launched its first satellite nigeriasat-1,27 September 2003,True,I don't know,0.0,0.0,0.0,neutral,0,0.2228451371192932,The UK has a share of 0.21 % of the population.,0.0,0.0,0.0,neutral,0,0.032917700707912445
2308,when did the medieval times start and finish,5th to the 15th century,True,I don't know,0.0,0.0,1.0,neutral,0,0.13401265442371368,The Carolingian Empire covered much of Western Europe but later succumbed to the pressures of internal civil wars combined with external invasion.,0.0,0.14814814814814814,1.0,neutral,0,0.058030642569065094
2315,where are the withers located on a horse,the ridge between the shoulder blades,True,I don't know,0.0,0.0,0.0,neutral,0,0.08259695768356323,"The round ligament of the uterus goes from the pelvis, passes through the internal abdominal ring, and runs along the inguinal canal to the labia majora.",0.0,0.125,0.0,neutral,0,0.03915388882160187
2318,when were camels introduced into the middle east,not earlier than the last third of the 10th century [BC] and most probably during this time.,True,Egypt,0.0,0.0,0.0,neutral,0,0.04679783061146736,"The Nile valley in Egypt had been home to agricultural settlements as early as 5500 BCE, but the growth of Egypt as a civilization began around 3100 BCE.",0.0,0.13333333333333333,0.0,neutral,0,0.044202983379364014
2319,what are the hardware parts of the computer,"the physical parts or components of a computer, such as the central processing unit, monitor, keyboard, computer data storage, graphic card, sound card, speakers and motherboard",True,I don't know,0.0,0.0,1.0,neutral,0,0.03112085722386837,The control unit is a component of a computer's central processing unit ( CPU ) that directs the operation of the processor.,0.0,0.3043478260869565,1.0,entailment,1,0.9762867093086243
2323,when did lean wit it rock wit it come out,"January 17, 2006",True,I don't know,0.0,0.0,1.0,neutral,0,0.2282283753156662,/Th> /Tr> /Tr> /Tr> /Tr> /Tr> /Tr> /Th> /Th> /Th> /Th> /,0.0,0.0,1.0,neutral,0,0.3834703266620636
2324,brightest star in the constellation lyra dan word,Vega,True,I don't know,0.0,0.0,1.0,contradiction,0,0.058097753673791885,The star is located in the Orion -- Cygnus Arm of the Milky Way.,0.0,0.0,1.0,neutral,0,0.34453055262565613
2329,who did auburn lose to in football this year,Oklahoma,True,I don't know,0.0,0.0,0.0,contradiction,0,0.18499349057674408,"Auburn, Alabama /Td> /Tr> /Tr> /Tr> /Tr> /Tr> /Tr> /Tr> /Tr> /Tr>",0.0,0.0,0.0,neutral,0,0.4050780236721039
2333,who has the longest win streak in mma,Anderson Silva,True,I don't know,0.0,0.0,0.0,contradiction,0,0.019832314923405647,The NBA.,0.0,0.0,0.0,contradiction,0,0.13346682488918304
2335,mercedes benz a class front or rear wheel drive,front wheel drive,True,I don't know,0.0,0.0,1.0,neutral,0,0.029703492298722267,"The Yakovlev engine factory and the Freze carriage - manufacturing workshop manufactured the first Russian petrol - engine automobile, the Yakovlev & Freze.",0.0,0.0,1.0,neutral,0,0.04810398817062378
2336,who are the candidates running for governor of maine,Shawn Moody,True,I don't know,0.0,0.0,1.0,contradiction,0,0.33958932757377625,"Maine gubernatorial election, 2018 Tr> /Tr> /Tr> /Tr> /Tr> /Tr> /Tr> /Tr> /Tr>",0.0,0.0,1.0,entailment,1,0.8494296669960022
2337,who sings i can't fight this feeling,REO Speedwagon,True,When the River Meets the Sea,0.0,0.0,0.0,neutral,0,0.19944776594638824,The song was written by Paul Williams for Jim Henson's 1977 HBO special Emmet Otter's Jug - Band Christmas.,0.0,0.0,0.0,contradiction,0,0.0022440357133746147
2341,what's the highest elevation in new mexico,Wheeler Peak,True,I don't know,0.0,0.0,0.0,contradiction,0,0.18727920949459076,"The nearest city to Carlsbad, New Mexico, U.S. /Td> /Tr> /Tr> Tr> Tr> Tr> Tr> Tr> Tr",0.0,0.0,0.0,neutral,0,0.1795266717672348
2342,when did the vikings first reach the shores of britain,793,True,I don't know,0.0,0.0,0.0,neutral,0,0.022515220567584038,"The Vikings explored the area of coastal North America explored by Vikings, presumably including both Newfoundland and the Gulf of Saint Lawrence as far as northeastern New Brunswick ( where the eponymous grapevines are found ).",0.0,0.0,0.0,neutral,0,0.34739580750465393
2345,what was the purpose of the works progress administration,employing millions of people (mostly unskilled men) to carry out public works projects,True,I don't know,0.0,0.0,0.0,contradiction,0,0.2048197090625763,"The Great Depression was a severe worldwide economic depression that took place mostly during the 1930s, originating in the United States.",0.0,0.058823529411764705,0.0,neutral,0,0.204311802983284
2348,what is made up of charged particles that continually escape from the corona,solar wind,True,I don't know,0.0,0.0,1.0,contradiction,0,0.27546823024749756,"The proton is composed of two up quarks, one down quark, and the gluons that mediate the forces  binding '' them together.",0.0,0.0,1.0,neutral,0,0.2655999958515167
2349,who is the winner of supper dancer 2018,Bishal Sharma,True,I don't know,0.0,0.0,0.0,contradiction,0,0.22906899452209473,The World of Dance /Th> /Th> /Th> /Th> /Th> /Th> /Th> /Th> /Th> /Th> /Th> /Th>,0.0,0.0,0.0,entailment,1,0.6374778747558594
2350,advantages of drying as a method of food preservation,"inhibits the growth of bacteria, yeasts, and mold",True,Old,0.0,0.0,0.0,neutral,0,0.4413893520832062,"The vast majority of wine is not aged, and even wine that is aged is often sold for extraordinary prices.",0.0,0.21428571428571425,0.0,neutral,0,0.003077237168326974
2351,what uses the energy found within a proton gradient to drive the synthesis of atp,oxidative phosphorylation or photophosphorylation,True,I don't know,0.0,0.0,0.0,neutral,0,0.06387514621019363,ATP synthase.,0.0,0.0,0.0,neutral,0,0.13224954903125763
2355,who are the characters in green eggs and ham,Sam-I-am,True,I don't know,0.0,0.0,0.0,neutral,0,0.024555537849664688,"The proverb originated in Wales, and was particularly prevalent in Pembrokshire.",0.0,0.0,0.0,contradiction,0,0.22160416841506958
2358,which waterway connects the mediterranean sea with red sea,Suez Canal,True,I don't know,0.0,0.0,1.0,neutral,0,0.08950232714414597,The Nile Delta is located in the northwest Arabian Peninsula.,0.0,0.0,1.0,contradiction,0,0.0005249028909020126
2359,when did typhoon haiyan hit the philippines 2013,At 2040 UTC on November 7,True,I don't know,0.0,0.0,0.0,contradiction,0,0.16118034720420837,Highest winds /Th> 10 - minute sustained : 95.,0.0,0.0,0.0,neutral,0,0.05516969785094261
2361,who are the current justices of the u.s. supreme court,John Roberts,True,I don't know,0.0,0.0,1.0,contradiction,0,0.24478420615196228,The current members of the United States Supreme Court are:,0.0,0.0,1.0,entailment,1,0.8094289898872375
2363,how many seasons is there in the originals,5,True,I don't know,0.0,0.0,1.0,contradiction,0,0.03669654577970505,"The first episode of the series premiered on January 18, 2015, on Disney Channel. Succeeding episodes have premiered on Disney XD starting March 30, 2015. The series had been renewed for a second season a month before its Disney XD premiere.",0.0,0.0,1.0,entailment,1,0.38667401671409607
2366,in the first century c.e. much of europe north africa and the middle east were under the rule of the,Roman Empire,True,I don't know,0.0,0.0,1.0,contradiction,0,0.15051372349262238,They were a Christian dynasty.,0.0,0.0,1.0,contradiction,0,0.015232439152896404
2369,when did the allies break out of normandy,25–31 July 1944,True,I don't know,0.0,0.0,0.0,contradiction,0,0.16703476011753082,"The map shows the territories held by Allied ( green ), Axis ( orange ), and neutral ( grey ) powers at the outbreak of hostilities in the Mediterranean /Td> /Tr> /Tr> Td col",0.0,0.0,0.0,entailment,1,0.9662554860115051
2376,when did pubg mobile come out in china,"February 9, 2018",True,I don't know,0.0,0.0,1.0,neutral,0,0.033013224601745605,/Td> /Tr> /Tr> /Tr> /Tr> /Tr> /Tr> /Tr> /Tr> /Tr> /T,0.0,0.0,1.0,neutral,0,0.11037980765104294
2377,is leeds in the north west or north east,north-northwest of London,True,I don't know,0.0,0.0,0.0,neutral,0,0.01823306828737259,The motto is : Pro rege et lege ( Latin :  For king and the law '' ),0.0,0.0,0.0,neutral,0,0.013578077778220177
2379,when does frank become president in house of cards,Chapter 26,True,I don't know,0.0,0.0,0.0,neutral,0,0.2443264275789261,"The President of the United States of America /Th> /Tr> /Tr> Td colspan=""2""> Presidential Seal /Tr> /Tr> Td colspan=""2""> Presidential Standard ",0.0,0.0,0.0,entailment,1,0.909329891204834
2382,what is the name of current indian president,Ram Nath Kovind,True,I don't know,0.0,0.0,1.0,contradiction,0,0.14618729054927826,Ram Nath Kovind /Th> /Th> /Tr> /Tr> /Tr> /Tr> /Tr> /Tr> /Tr> /Tr>,0.0,0.375,1.0,entailment,1,0.46011799573898315
2384,where is late night with stephen colbert filmed,Ed Sullivan Theater in New York City,True,I don't know,0.0,0.0,0.0,neutral,0,0.06248990818858147,"The show premiered on April 17, 2011, on HBO.",0.0,0.0,0.0,contradiction,0,0.0006752422777935863
2387,who plays han solo in the new star wars movie,Alden Ehrenreich,True,Star Wars: Episode I -- The Phantom Menace,0.0,0.0,1.0,contradiction,0,0.15297044813632965,Star Wars : Episode I -- The Phantom Menace ) /Li> Li> Li> Li> Li> Tr> Tr> Tr> Tr> Tr>,0.0,0.0,1.0,entailment,1,0.44183385372161865
2388,acids are ionic compounds that relate to which element,water,True,I don't know,0.0,0.0,1.0,neutral,0,0.09820393472909927,/P> P>,0.0,0.0,1.0,neutral,0,0.2296213060617447
2390,when was the first gun law passed in the us,in 1813,True,I don't know,0.0,0.0,0.0,contradiction,0,0.15940308570861816,U.S.C. : Crimes and Criminal Procedure,0.0,0.0,0.0,contradiction,0,0.14709843695163727
2393,when does call of duty blackops 4 come out,"October 12, 2018",True,I don't know,0.0,0.0,0.0,neutral,0,0.24264611303806305,"On May 16, 2016, the show was renewed for a second season, which premiered on September 28, 2016.",0.0,0.0,0.0,neutral,0,0.006389128044247627
2396,who is the author of al capone does my shirts,Gennifer Choldenko,True,I don't know,0.0,0.0,1.0,neutral,0,0.16978827118873596,The author of Al Capone Does My Shirts /Tr> /Tr> /Tr> Th> /Tr> /Tr> Th> /Tr> Th> /Tr,0.0,0.0,1.0,entailment,1,0.8789088129997253
2397,what is the correct order of the chronicles of narnia movies,"The Lion, the Witch and the Wardrobe",True,I don't know,0.0,0.0,1.0,neutral,0,0.21347342431545258,"The Chronicles of Narnia /Th> /Tr> Tr> Td colspan=""2""> /Tr> Tr> Td> /Tr> Tr> Th",0.0,0.09090909090909091,1.0,entailment,1,0.8811439871788025
2399,what do you call a pyramid with a triangular base,a tetrahedron,True,I don't know,0.0,0.0,0.0,contradiction,0,0.06898771226406097,"A water tower is an elevated structure supporting a water tank constructed at a height sufficient to pressurize a water supply system for the distribution of potable water, and to provide emergency storage for fire protection.",0.0,0.05263157894736842,0.0,entailment,1,0.5294355750083923
2404,who was the shrew in taming ofthe shrew,Katherina,True,adultery,0.0,0.0,0.0,neutral,0,0.20985810458660126,The sentence is true because the sentence is true.,0.0,0.0,0.0,neutral,0,0.22040104866027832
2405,when is opening day for the nba 2017,"October 17, 2017",True,I don't know,0.0,0.0,1.0,contradiction,0,0.23069779574871063,The 2017 NBA Playoffs Tr> Th> Dates /Th> Td> /Tr> Th> Season /Th> Td> 2016 -- 17 /Td> /Tr> ,0.0,0.1904761904761905,1.0,entailment,1,0.8095417618751526
2408,who won men's college basketball last year,North Carolina,True,I don't know,0.0,0.0,0.0,contradiction,0,0.12294413149356842,The 2018 NCAA Division I Men's Basketball Tournament /Th> /Tr> /Tr> /Tr> /Tr> /Tr> /Tr> /Tr> /Tr>,0.0,0.0,0.0,entailment,1,0.7430366277694702
2410,where does the show the office take place,"Scranton, Pennsylvania",True,I don't know,0.0,0.0,0.0,contradiction,0,0.14165332913398743,"The Office ( U.S. season 8 ) /Th> /Th> /Tr> Tr> Td colspan=""2""> DVD cover /Td> /Tr> Tr> ",0.0,0.0,0.0,entailment,1,0.6674786806106567
2411,who is the current president commission of ecowas,Marcel Alain de Souza,True,I don't know,0.0,0.0,0.0,neutral,0,0.18556170165538788,"The President of the United Nations General Assembly /Th> /Tr> Tr> Td colspan=""2""> Emblem of the United Nations /Tr> /Tr> Td colspan=""2""",0.0,0.0,0.0,entailment,1,0.8423589468002319
2412,when did the united states leave the philippines,"July 4, 1946",True,Consulates,0.0,0.0,0.0,neutral,0,0.02165612019598484,The UK would have opened up to eleven new embassies and eight new Consulates.,0.0,0.0,0.0,neutral,0,0.0018118041334673762
2417,who had cameo roles in mamma mia here we go again,Björn Ulvaeus,True,I don't know,0.0,0.0,0.0,neutral,0,0.01770571433007717,"Oliver Queen ( Stephen Amell ), who, after five years of being stranded on a hostile island, returns home to his mother, Moira Queen ( Susanna Thompson ) and sister, Thea Queen ( Willa Holland ) and becomes a",0.0,0.0,0.0,neutral,0,0.015265224501490593
2419,when was the last time someone lived in biltmore house,1956,True,I don't know,0.0,0.0,0.0,contradiction,0,0.17152902483940125,The Lake House /Th> /Th> /Th> /Th> /Th> /Th> /Th> /Th> /Th> /Th> /Th> /Th> ,0.0,0.0,0.0,contradiction,0,0.10834041982889175
2423,when did the first tim hortons open in the usa,1981,True,I don't know,0.0,0.0,0.0,contradiction,0,0.1774476021528244,Tim Hortons Inc.,0.0,0.0,0.0,entailment,1,0.8712819218635559
2425,what season did george die on grey's anatomy,fifth season,True,Darien Sills - Evans,0.0,0.0,0.0,contradiction,0,0.33791691064834595,Darien Sills - Evans,0.0,0.0,0.0,contradiction,0,0.33791691064834595
2431,who views crime as a desire for success when the legitimate means to achieve it are limited,Robert K. Merton,True,I don't know,0.0,0.0,0.0,neutral,0,0.11126697808504105,constructs related to the achievement of work.,0.0,0.0,0.0,neutral,0,0.4396454393863678
2433,who said sun is the center of the solar system,Aristarchus of Samos,True,I don't know,0.0,0.0,1.0,contradiction,0,0.03807443380355835,P>,0.0,0.0,1.0,contradiction,0,0.06069062650203705
2434,what are the fox and the hounds names,red fox named Tod,True,I don't know,0.0,0.0,0.0,entailment,1,0.5912883877754211,The book was written between 1890 and 1892.,0.0,0.0,0.0,neutral,0,0.006087217479944229
2435,what is the weather like in the eye of a hurricane,mostly calm,True,I don't know,0.0,0.0,0.0,neutral,0,0.24527303874492645,The El Nio Southern Oscillation is the warm phase of the El Nio Southern Oscillation ( commonly called ENSO ) and is associated with a band of warm ocean water that develops in the central and east - central equatorial Pacific ( between,0.0,0.0,0.0,neutral,0,0.11931899935007095
2436,when does new season of blind spot start,"October 27, 2017",True,I don't know,0.0,0.0,1.0,contradiction,0,0.08603392541408539,"The tenth season debuted on March 27, 2018.",0.0,0.18181818181818182,1.0,neutral,0,0.021610833704471588
2459,who appointed the current members of the supreme court,Donald Trump,True,I don't know,0.0,0.0,0.0,contradiction,0,0.24478420615196228,The current members of the United States Supreme Court are:,0.0,0.0,0.0,entailment,1,0.8094289898872375
2460,when does the diary of a wimpy kid the getaway come out,"November 7, 2017",True,I don't know,0.0,0.0,0.0,contradiction,0,0.04128575697541237,"The Mindy Project was renewed for a sixth and final season, which premiered on September 12, 2017, and the final episode aired on November 14, 2017.",0.0,0.13793103448275862,0.0,entailment,1,0.8525664806365967
2463,who has a grammy oscar tony and emmy,Richard Rodgers,True,I don't know,0.0,0.0,0.0,entailment,1,0.5395014882087708,"The P> P> Tr> Th colspan=""2""> The Oscars /Th> /Tr> Ul> Li> As of the 69th Primetime Emmys in 2017, at",0.0,0.0,0.0,entailment,1,0.5196050405502319
2468,when does pam come back to the office,"in ""Jury Duty""",True,I don't know,0.0,0.0,0.0,contradiction,0,0.0948912650346756,"The episode aired on November 14, 2017.",0.0,0.0,0.0,contradiction,0,0.01907465234398842
2469,who plays mabel's voice on gravity falls,Kristen Joy Schaal,True,Oliver Queen,0.0,0.0,0.0,entailment,1,0.5012828707695007,"The series also featured flashbacks in most episodes in the first five seasons to the time Queen was missing, and how his experiences there shaped him into the man who returned home to fight crime.",0.0,0.0,0.0,neutral,0,0.001571217318996787
2471,why there are 29 days in february in a leap year,"because a complete revolution around the Sun takes approximately 6 hours longer than 365 days (8,760 hours)",True,I don't know,0.0,0.0,0.0,contradiction,0,0.0025815623812377453,"The Act moved Washington's Birthday ( February 22 ), Memorial Day ( May 30 ), and Veterans Day ( November 11 ) from fixed dates to designated Mondays, and established as a federal holiday Columbus Day -- which had previously been celebrated in some states on October 12 -- to",0.0,0.06779661016949151,0.0,entailment,1,0.8372918963432312
2472,who was defeated in the battle of yorktown,British Army,True,I don't know,0.0,0.0,1.0,contradiction,0,0.14013133943080902,The battle of Queenston Heights.,0.0,0.0,1.0,entailment,1,0.7949659824371338
2475,when did countrywide merge with bank of america,2008,True,I don't know,0.0,0.0,1.0,contradiction,0,0.11214789748191833,Bank of America Home Loans /Tr> /Tr> /Tr> /Tr> /Tr> /Tr> /Tr> /Tr> /Tr> /T,0.0,0.0,1.0,entailment,1,0.6029840111732483
2477,what is meant by the phrase survival of the fittest,Survival of the form that will leave the most copies of itself in successive generations,True,I don't know,0.0,0.0,1.0,contradiction,0,0.05969201773405075,The sentence is a paraphrase of the original text.,0.0,0.25,1.0,neutral,0,0.06481017172336578
2478,hawaii is in the center of the ring of fire and is caused by,plate tectonics,True,I don't know,0.0,0.0,1.0,neutral,0,0.15637238323688507,"Ring of Fire volcano is the Mariana Islands, the Philippines, Bougainville, Tonga, and New Zealand.",0.0,0.0,1.0,entailment,1,0.8235757946968079
2479,when was the last time england went to a world cup final,1966,True,I don't know,0.0,0.0,0.0,contradiction,0,0.04317373037338257,The Republic of Ireland have appeared in the finals of the FIFA World Cup on three occasions.,0.0,0.0,0.0,entailment,1,0.9322489500045776
2481,who won season 9 of americas got talent,magician Mat Franco,True,I don't know,0.0,0.0,0.0,contradiction,0,0.1356039196252823,"Emily West /Tr> Tr> Th colspan=""2""> Emily West /Tr> Tr> Th colspan=""2""> Emily West /Tr> Tr> Th cols",0.0,0.0,0.0,contradiction,0,0.3657223582267761
2483,where is ferris bueller's day off filmed,Chicago,True,I don't know,0.0,0.0,0.0,contradiction,0,0.09747296571731567,a day off.,0.0,0.0,0.0,entailment,1,0.38070717453956604
2484,who banned all public meetings and procession in amritsar,Colonel Reginald Dyer,True,I don't know,0.0,0.0,0.0,neutral,0,0.17025621235370636,The Saka calendar is also used in Java and Bali among Indonesian Hindus.,0.0,0.0,0.0,neutral,0,0.019542261958122253
2487,what do candles symbolize in the catholic church,"the ""prayers the worshipper is offering for him or herself, or for other people.",True,I don't know,0.0,0.0,1.0,neutral,0,0.02304012142121792,Santa Claus.,0.0,0.0,1.0,neutral,0,0.09347636997699738
2494,what is the dog called in midsomer murders,Sykes,True,I don't know,0.0,0.0,1.0,neutral,0,0.1489805281162262,"The dogs are wealthy and glamorous and seem to lead charmed lives -- but they find adjusting to the modern world difficult, and when a young woman, Cleo Pira, befriends them, she discovers that a strange, incurable illness threatens them all",0.0,0.0,1.0,entailment,1,0.8255429863929749
2496,who does karen gillian play in the avengers,Nebula,True,"Oliver Queen as a team, Queen's team receives help from the Lance family.",0.0,0.0,0.0,entailment,1,0.8529727458953857,Queen returned home to fight crime.,0.0,0.0,0.0,neutral,0,0.04653355851769447
2497,who did the cavs trade for kyle korver,Mike Dunleavy,True,NFL season,0.0,0.0,0.0,neutral,0,0.09202107042074203,The move was announced at the annual league meetings.,0.0,0.0,0.0,neutral,0,0.0012252932647243142
2498,first african-american female actress who won the emmy awards,Gail Fisher,True,I don't know,0.0,0.0,0.0,contradiction,0,0.12651823461055756,Diahann Carroll /Tr> /Tr> Tr> Tr> Tr> Tr> Tr> Tr> Tr> Tr> Tr> T,0.0,0.0,0.0,entailment,1,0.43429768085479736
2503,who plays dwight's brother on the office,Thomas Middleditch,True,I don't know,0.0,0.0,0.0,contradiction,0,0.19133327901363373,"The Office ( U.S. season 8 ) /Th> /Th> /Tr> Tr> Td colspan=""2""> DVD cover /Th> /Tr> Tr> Th",0.0,0.0,0.0,entailment,1,0.6709406971931458
2506,which is the longest running train in india,"One of the Vivek Express trains, the one from Dibrugarh to Kanyakumari",True,I don't know,0.0,0.0,1.0,neutral,0,0.17290402948856354,"Indira Gandhi, Nehru's daughter, succeeded Shastri in 1966 to become the country's first woman premier.",0.0,0.14814814814814814,1.0,neutral,0,0.02339790388941765
2515,when did the new york mets became a team,1962,True,I don't know,0.0,0.0,1.0,neutral,0,0.23451122641563416,/Th> /Tr> /Tr> /Tr> /Tr> /Tr> /Tr> /Tr> /Tr> /Tr> /Tr,0.0,0.0,1.0,entailment,1,0.4239691495895386
2517,where does us route 42 start and end,"Louisville, Kentucky to Cleveland, Ohio",True,I don't know,0.0,0.0,0.0,contradiction,0,0.07626469433307648,"2""> P> /P> U.S. Route 42 /Th> /Th> /Tr> P> The Florida Panhandle, an informal, unofficial term for the northwestern part of the U.S. state",0.0,0.0,0.0,entailment,1,0.6621070504188538
2521,when does the second half of fuller house air,"December 9, 2016",True,I don't know,0.0,0.0,0.0,neutral,0,0.2576776444911957,"The show was ordered to series on May 8, 2014, followed by a full season order on October 21, 2014.",0.0,0.0,0.0,entailment,1,0.9705532193183899
2524,what is the name of the vaccine for tuberculosis,bacilli Calmette-Guérin (BCG),True,I don't know,0.0,0.0,0.0,neutral,0,0.020012838765978813,"The ABO blood group system is used to denote the presence of one, both, or neither of the A and B antigens on erythrocytes.",0.0,0.0,0.0,neutral,0,0.0365196131169796
2525,where is lake george located in new. york,in Warren County,True,I don't know,0.0,0.0,1.0,contradiction,0,0.13052543997764587,"Lake George /Th> /Tr> Tr> Td colspan=""2""> Town /Tr> /Tr> Td colspan=""2""> Downtown Lake George /Tr> ",0.0,0.0,1.0,entailment,1,0.5989274382591248
2526,the structure found in the cell that contains strands of dna is called a(n),chromosomes,True,I don't know,0.0,0.0,1.0,contradiction,0,0.07191719859838486,The primary functions of chromatin are 1 ) to package DNA.,0.0,0.0,1.0,neutral,0,0.13301876187324524
2527,who are the surviving members of the beatles,McCartney,True,George Harrison Ringo Starr Billy Preston,0.0,0.0,1.0,entailment,1,0.8264431357383728,George Harrison,0.0,0.0,1.0,entailment,1,0.46468907594680786
2528,where was war on the planet of the apes filmed,Lower Mainland in Vancouver,True,I don't know,0.0,0.0,0.0,neutral,0,0.2693875730037689,The first six seasons are available on DVD and Blu - ray.,0.0,0.0,0.0,entailment,1,0.8821076154708862
2532,who gave the name cape of good hope,John II of Portugal,True,I don't know,0.0,0.0,0.0,entailment,1,0.9155986905097961,The text is taken from the 1630 sermon  A Model of Christian Charity '' preached by Puritan John Winthrop while still aboard the ship Arbella.,0.0,0.14285714285714285,0.0,entailment,1,0.8703402280807495
2538,what is the youngest state in the usa,Hawaii,True,I don't know,0.0,0.0,0.0,contradiction,0,0.10117938369512558,"The ball of twine with the largest circumference is located in Cawker City, Kansas.",0.0,0.0,0.0,entailment,1,0.7207869291305542
2540,why did european countries want empires in the 19th century,"trade, driven by the new ideas and the capitalism that grew out of the European Renaissance",True,I don't know,0.0,0.0,0.0,contradiction,0,0.12315451353788376,Britain had negotiated with France.,0.0,0.0,0.0,neutral,0,0.02406883053481579
2542,where did the thompson twins get their name from,the two bumbling detectives Thomson and Thompson in Hergé's comic strip The Adventures of Tintin,True,Man's best friend,0.0,0.0,0.0,entailment,1,0.5720061659812927,The term is a short form of colloquialism.,0.0,0.1739130434782609,0.0,contradiction,0,0.25327834486961365
2546,who sings don't stand so close to me,The Police,True,I don't know,0.0,0.0,1.0,neutral,0,0.15592969954013824,"I'm the One Mama Warned You About '' /Th> /Tr> Tr> Th colspan=""2""> Single by Mickey Gilley /Th> /Tr> Th> ",0.0,0.09523809523809525,1.0,entailment,1,0.6775557994842529
2547,who plays adam's mom on man with a plan,Swoosie Kurtz,True,"Rob Kardashian, Khloé's ex-husband Lamar Odom developed a major position as part of the supporting cast in the fourth season, though he was not a regular cast member in following seasons, and rarely appeared in season eight while attempting to fix his marriage with Khl",0.0,0.0,0.0,entailment,1,0.547020673751831,"The sentence ""White is diagnosed with a rare form of cancer."" means that he has a genetic disorder.",0.0,0.0,0.0,neutral,0,0.29759496450424194
2550,who owns mgm resorts international in las vegas,Tracinda Corporation,True,I don't know,0.0,0.0,1.0,contradiction,0,0.20403769612312317,MGM Resorts International Tr> /Tr> /Tr> Th> Formerly called /Th> Td> Ul> Li> Grand Name Co. ( 1986 -- 1987 ) /Li,0.0,0.0,1.0,entailment,1,0.5561726093292236
2552,what does thou shalt not bear false witness against thy neighbour mean,perjury,True,Amen,0.0,0.0,0.0,entailment,1,0.6712154746055603,Amen,0.0,0.0,0.0,entailment,1,0.6712154746055603
2553,who won fifa world cup 2018 final match,France,True,I don't know,0.0,0.0,1.0,contradiction,0,0.09356024116277695,/Td> /Tr> /Tr> /Tr> /Tr> /Tr> /Tr> /Tr> /Tr> /Tr> /T,0.0,0.0,1.0,contradiction,0,0.26824501156806946
2568,when did delegates begin to sign the completed document,"September 17, 1787",True,The Constitutional Convention,0.0,0.0,1.0,neutral,0,0.35188543796539307,The Constitutional Convention.,0.0,0.0,1.0,neutral,0,0.3849063813686371
2569,within the townships created by the land ordinance of 1785 one section was set aside for,the maintenance of public schools,True,I don't know,0.0,0.0,0.0,neutral,0,0.169898122549057,Crown,0.0,0.0,0.0,neutral,0,0.2338482141494751
2570,when was the last time browns had a winning record,1994,True,I don't know,0.0,0.0,1.0,neutral,0,0.13461659848690033,The Browns were a charter member club of the All - America Football Conference ( AAFC ) when the league was founded in 1946.,0.0,0.0,1.0,entailment,1,0.7305989265441895
2572,when does the latest riverdale episode come out,"May 16, 2018",True,I don't know,0.0,0.0,0.0,neutral,0,0.12405434995889664,ABC,0.0,0.0,0.0,neutral,0,0.20405711233615875
2578,who is morgan freeman in the lego movie,Vitruvius,True,I don't know,0.0,0.0,0.0,neutral,0,0.006149791646748781,The Black Knight is a fictional character who appears in a scene of the film Monty Python and the Holy Grail.,0.0,0.0,0.0,neutral,0,0.02026362158358097
2582,when was the eiffel tower finished being built,15 March 1889,True,Construction started,0.0,0.0,1.0,neutral,0,0.18712656199932098,Construction started in the 7th arrondissement.,0.0,0.0,1.0,neutral,0,0.07481524348258972
2583,who was the first president identified as a democrat,Andrew Jackson,True,I don't know,0.0,0.0,1.0,contradiction,0,0.22708195447921753,The Democratic - Republican Party /Th> /Th> /Th> /Th> /Th> /Th> /Th> /Th> /Th> /Th> /Th> /,0.0,0.0,1.0,entailment,1,0.4857967495918274
2585,where is promontory point utah on a map,in Box Elder County,True,Mount Shasta /Th> /Th> /Th> /Tr> Tr> Tr> Tr> Tr> Tr> Tr> Tr> Tr>,0.0,0.0,0.0,contradiction,0,0.05604162439703941,Mount Shasta /Th> /Th> /Th> /Th> /Th> /Th> /Th> /Th> /Th> /Th> /Th> /Th> ,0.0,0.0,0.0,contradiction,0,0.053292300552129745
2587,who came up with the 2nd law of thermodynamics,Sadi Carnot,True,I don't know,0.0,0.0,0.0,neutral,0,0.1675110012292862,The Coriolis force is an inertial force that acts on objects that are in motion relative to a rotating reference frame.,0.0,0.0,0.0,entailment,1,0.9640259742736816
2589,who played penny in lost in space 2018,Mina Sundwall,True,I don't know,0.0,0.0,1.0,contradiction,0,0.24139024317264557,The Big Bang Theory is a sitcom that was created by Chuck Lorre and Bill Prady.,0.0,0.0,1.0,entailment,1,0.9584070444107056
2594,when did mike trout come into the league,"July 8, 2011",True,I don't know,0.0,0.0,1.0,neutral,0,0.1399645358324051,"Mike Trout /Th> /Tr> /Tr> /Tr> Th colspan=""2""> Trout with the Los Angeles Angels in 2014 /Td> /Tr> /Tr>",0.0,0.0,1.0,neutral,0,0.2734028100967407
2595,the central dogma of molecular biology concerns the,flow of genetic information within a biological system,True,I don't know,0.0,0.0,0.0,neutral,0,0.020232882350683212,Reproduction,0.0,0.0,0.0,neutral,0,0.050814710557460785
2596,how many episodes of beyblade burst god are there,48,True,I don't know,0.0,0.0,0.0,neutral,0,0.10124101489782333,The opening theme is  EVOLUTION BURST! ''.,0.0,0.0,0.0,entailment,1,0.8187610507011414
2598,where is the chichen itza located in mexico,"Tinúm Municipality, Yucatán State, Mexico",True,I don't know,0.0,0.0,0.0,contradiction,0,0.24358327686786652,History /Th> /Tr> /Tr> /Tr> /Tr> Th> Periods /Th> Td> Late Classic to Early Postclassic /Td> /Tr,0.0,0.0,0.0,entailment,1,0.35185909271240234
2599,where did the invasion of normandy take place,6 June 1944,True,I don't know,0.0,0.0,1.0,contradiction,0,0.16703476011753082,"The map shows the territories held by Allied ( green ), Axis ( orange ), and neutral ( grey ) powers at the outbreak of hostilities in the Mediterranean /Td> /Tr> /Tr> Td col",0.0,0.0,1.0,entailment,1,0.9662554860115051
2603,the hobbit desolation of smaug bard's son,John Bell,True,I don't know,0.0,0.0,0.0,neutral,0,0.007992458529770374,"The final act of the Anglo - Saxon poem Beowulf is about the hero Beowulf's fight with a dragon, the third monster he encounters in the epic.",0.0,0.0,0.0,neutral,0,0.0026299015153199434
2605,what law describes how a planet orbits the sun,laws of planetary motion,True,Aries,0.0,0.0,1.0,contradiction,0,0.05794060602784157,Sun Sign.,0.0,0.0,1.0,contradiction,0,0.10440163314342499
2606,other than water what is the most important ingredient of brown stock,bones,True,I don't know,0.0,0.0,1.0,neutral,0,0.016699111089110374,are essential nutrients for the human body.,0.0,0.0,1.0,neutral,0,0.02567525953054428
2608,who played buck rogers in the 25th century,Gil Gerard,True,I don't know,0.0,0.0,1.0,contradiction,0,0.08877228200435638,"Buck Rogers in the 25th Century /Th> /Th> /Tr> Tr> Td colspan=""2""> Region 1 US DVD cover ( 2004 ) /Td> /Tr> T",0.0,0.0,1.0,contradiction,0,0.21326102316379547
2610,where is the ryder cup golf tournament being played,"on the Albatros Course of Le Golf National in Saint-Quentin-en-Yvelines, a suburb southwest of Paris",True,I don't know,0.0,0.0,0.0,contradiction,0,0.3408672511577606,"The Open Championship is a tournament in the United Kingdom, varies /Td> /Tr> /Tr> /Tr> /Th> established /Td> /Tr> /Th> ",0.0,0.17142857142857143,0.0,neutral,0,0.08880369365215302
2611,how far south does the san andreas fault run,southern California,True,I don't know,0.0,0.0,0.0,contradiction,0,0.21634256839752197,"Pacific Ocean, it would be a tenth of the world's deepest ocean.",0.0,0.0,0.0,neutral,0,0.056624457240104675
2616,who does phoebe from charmed end up with,Coop,True,I don't know,0.0,0.0,1.0,contradiction,0,0.12220040708780289,"Phoebe Halliwell /Th> /Tr> Tr> Td colspan=""2""> Charmed character /Td> /Tr> Td colspan=""2""> /T",0.0,0.0,1.0,entailment,1,0.5515111684799194
2626,why is it called air on a g string,"transposed down so that it can be played entirely on a violin's lowest string, i.e., the G string",True,sagging trousers.,0.0,0.0,0.0,neutral,0,0.09310592710971832,sagging trousers.,0.0,0.0,0.0,neutral,0,0.09310592710971832
2630,how many countries are still in the british commonwealth,53,True,I don't know,0.0,0.0,1.0,neutral,0,0.18733654916286469,"The Commonwealth of Nations is an international organisation in which countries with diverse social, political, and economic backgrounds are regarded as equal in status, and cooperate within a framework of common values and goals, as is the case in a political union.",0.0,0.0,1.0,entailment,1,0.5836055874824524
2631,what is an example of a radical in chemistry,hydroxyl radical (HO•),True,radical is to produce chemically active substances.,0.0,0.2,1.0,neutral,0,0.3988305926322937,base is to contain a base.,0.0,0.0,1.0,entailment,1,0.47508785128593445
2632,who was portrayed as the anderson brothers cousin,Ric Flair,True,I don't know,0.0,0.0,0.0,neutral,0,0.09020671993494034,The show is set in New Orleans which the Mikaelson family and original vampires helped to build.,0.0,0.0,0.0,entailment,1,0.9847050905227661
2633,the stimulus for the formation of a platelet plug or a blood clot is,endothelial injury,True,I don't know,0.0,0.0,1.0,contradiction,0,0.07738673686981201,Hemostasis is the first stage of wound healing.,0.0,0.0,1.0,entailment,1,0.9186939001083374
2635,who became the first pope of the roman catholic church,St Peter,True,Trinitarian,0.0,0.0,1.0,contradiction,0,0.00662729237228632,The Old Roman Symbol.,0.0,0.0,1.0,contradiction,0,0.009095936082303524
2637,who is the song we belong together about,a woman's desperation for her former lover to return,True,I don't know,0.0,0.0,0.0,neutral,0,0.18899957835674286,The song was written by George Johnson.,0.0,0.0,0.0,entailment,1,0.6419204473495483
2638,dividing up africa among european countries was the goal of the,Berlin Conference of 1884,True,I don't know,0.0,0.0,0.0,neutral,0,0.0872383639216423,"The Columbian Exchange was the widespread transfer of plants, animals, culture, human populations, technology, and ideas between the Americas and the Old World in the 15th and 16th centuries, related to European colonization and trade after Christopher Columbus's 1492 voyage.",0.0,0.045454545454545456,0.0,entailment,1,0.7360534071922302
2646,what player in the nfl has the most rings,Bill Belichick,True,I don't know,0.0,0.0,0.0,contradiction,0,0.02065998874604702,The Cowboys are the American football team that won the NFL championship in the 1990s.,0.0,0.0,0.0,contradiction,0,0.009738645516335964
2648,when will the 2018 nba all stars be announced,"January 18, 2018",True,I don't know,0.0,0.0,0.0,contradiction,0,0.25917622447013855,The National anthem of the NBA All Star Game was a national anthem.,0.0,0.0,0.0,neutral,0,0.2796728312969208
2649,where is the northern highland rim in tennessee,encountered a few miles north of Nashville and extends to the Kentucky border,True,I don't know,0.0,0.0,0.0,neutral,0,0.032198287546634674,The Tropic of Cancer is a tropic of cancer.,0.0,0.27272727272727276,0.0,neutral,0,0.027960671111941338
2653,which english comedian became the first moomba king in 1967,Robert Morley,True,),0.0,0.0,0.0,neutral,0,0.1961718201637268,The show features a two - tiered cast.,0.0,0.0,0.0,neutral,0,0.09281168133020401
2660,who sings bring me back to life with evanescence,Paul McCoy of the band 12 Stones,True,I don't know,0.0,0.0,0.0,neutral,0,0.2879045009613037,"Evanescence /Th> /Th> /Tr> Tr> Td colspan=""2""> /Tr> /Tr> /Tr> Th colspan=""2""> single by",0.0,0.0,0.0,entailment,1,0.6560279726982117
2663,when is celebrity big brother coming to cbs,"February 7, 2018",True,Warner Bros. Television,0.0,0.0,0.0,neutral,0,0.05657729133963585,"The show was ordered to series on May 8, 2014, followed by a full season order on October 21, 2014.",0.0,0.0,0.0,entailment,1,0.9695125818252563
2668,when is dragon ball super 130 episode coming out,"March 18, 2018",True,I don't know,0.0,0.0,0.0,neutral,0,0.020352864637970924,"The series was officially picked up on May 6, 2015, and received a full season order on November 30, 2015.",0.0,0.0,0.0,neutral,0,0.011805172078311443
2669,zones of upwelling near the shores of land masses have high primary production because such zones,"are rich in nutrients, including nitrate, phosphate and silicic acid",True,I don't know,0.0,0.0,0.0,neutral,0,0.16311867535114288,Reuse on-site.,0.0,0.0,0.0,entailment,1,0.4257877469062805
2672,when do birth of the dragon come out,"August 25, 2017",True,Goku is a samurai,0.0,0.0,1.0,neutral,0,0.07554256170988083,Goku is a savage.,0.0,0.0,1.0,neutral,0,0.05663451552391052
2684,what poem is engraved on the statue of liberty,"""The New Colossus",True,I don't know,0.0,0.0,1.0,contradiction,0,0.0036515044048428535,"The poem is one of several  Great Odes of 1819 '', which includes  Ode on Indolence '',  Ode on Melancholy '',  Ode to a Nightingale '',",0.0,0.08,1.0,neutral,0,0.18023160099983215
2689,what is the fifth letter of the greek alphabet,epsilon,True,I don't know,0.0,0.0,0.0,neutral,0,0.10318252444267273,Icarus from being a savage.,0.0,0.0,0.0,neutral,0,0.05499468743801117
2693,who did greece beat to win euro 2004,Portugal,True,I don't know,0.0,0.0,1.0,contradiction,0,0.16101236641407013,/Th> /Th> /Th> /Th> /Th> /Th> /Th> /Th> /Th> /Th> /Th> /Th> /Th,0.0,0.0,1.0,neutral,0,0.2211371809244156
2694,what speed does the space shuttle re-enter earth,100 km,True,I don't know,0.0,0.0,0.0,contradiction,0,0.15505018830299377,"The object will move away from the other body, continually slowing and approaching, but never reaching zero speed.",0.0,0.0,0.0,entailment,1,0.9192304015159607
2698,who does the voice of diane on family guy,Lori Alan,True,Roseanne,0.0,0.0,0.0,neutral,0,0.17407290637493134,"The show's central character is teenager Jenna Hamilton ( Ashley Rickards ), who struggles with her identity, especially after an accident is misconstrued as a suicide attempt.",0.0,0.0,0.0,contradiction,0,0.3091409206390381
2699,who is the second robot in i am frankie,Andrew,True,Mimi,0.0,0.0,0.0,contradiction,0,0.0315224789083004,Drew Carey is the main protagonist of the series.,0.0,0.0,0.0,contradiction,0,0.17528477311134338
2701,where is the final of u17 world cup,India,True,I don't know,0.0,0.0,1.0,neutral,0,0.18085934221744537,The 2017 FIFA U-17 World Cup was held from 6 to 28 October.,0.0,0.0,1.0,entailment,1,0.9750443696975708
2704,when did the lion king movie come out,1994,True,I don't know,0.0,0.0,1.0,neutral,0,0.19294355809688568,The Ten Commandments /Th> /Th> /Th> /Th> /Th> /Th> /Th> /Th> /Th> /Th> /Th> /Th>,0.0,0.0,1.0,entailment,1,0.42351478338241577
2706,what kind of milk is gouda cheese made from,cow's milk,True,oil,0.0,0.0,0.0,neutral,0,0.03564934805035591,"The oil is a vegetable oil derived from the mesocarp ( reddish pulp ) of the fruit of the oil palms, primarily the African oil palm Elaeis guineensis, and to a lesser extent from the American oil palm Ela",0.0,0.0,0.0,neutral,0,0.07101383060216904
2709,who plays lord elrond in lord of the rings,Hugo Wallace Weaving,True,I don't know,0.0,0.0,0.0,contradiction,0,0.12848854064941406,The Phantom Menace was created by George Lucas /Th> Td> Td> George Lucas /Th> George Lucas /Th> George Lucas /Th> George Lucas /Th> George Lucas /Th> George Lucas /,0.0,0.0,0.0,neutral,0,0.03687325119972229
2711,who won season 5 of america's got talent,Michael Grimm,True,I don't know,0.0,0.0,1.0,contradiction,0,0.18348652124404907,/Tr> /Tr> /Tr> /Tr> /Tr> /Tr> /Tr> /Tr> /Tr> /Tr> /T,0.0,0.0,1.0,contradiction,0,0.26530757546424866
2713,the current chief of naval staff in nigeria,Ibok Ekwe Ibas,True,I don't know,0.0,0.0,1.0,neutral,0,0.050258148461580276,"The current Chief of Naval Staff is Ibok Ekwe Ibas who was appointed on July 13, 2015 by President Muhammadu Buhari to succeed Usman Oyibe Jibrin.",0.0,0.20689655172413793,1.0,neutral,0,0.11949826776981354
2715,who won the womens battle royal wrestlemania 34,Naomi,True,I don't know,0.0,0.0,0.0,neutral,0,0.18770459294319153,The original language ( s ) /Th> Td> English /Th> Td> Td> Td> Td> Td> Td> Td> Td>,0.0,0.0,0.0,contradiction,0,0.16612397134304047
2716,the news print paper is obtained from which state in india,Madhya Pradesh,True,tourism,0.0,0.0,0.0,contradiction,0,0.005062466487288475,India.,0.0,0.0,0.0,contradiction,0,0.00469024246558547
2717,who plays henry on once upon a time season 7,Andrew J. West,True,I don't know,0.0,0.0,1.0,contradiction,0,0.15688762068748474,The Truest Believer /Td> /Tr> Tr> Th> Occupation /Tr> Td> Writer Driver /Tr> Tr> Th> Occupation ,0.0,0.0,1.0,contradiction,0,0.05658600851893425
2718,when did english merchants form the east india company,31 December 1600,True,Public /Td> /Tr> /Tr> /Tr> /Tr> /Tr> /Th> Industry /Td> /Tr> /Tr> /,0.0,0.0,1.0,entailment,1,0.49848243594169617,"Public /Td> /Tr> /Tr> /Tr> /Tr> /Th> Industry /Td> /Tr> /Tr> Th> International trade, Op",0.0,0.0,1.0,entailment,1,0.5762360095977783
2724,who is the football coach at georgia southern,Chad Lunsford,True,I don't know,0.0,0.0,1.0,neutral,0,0.2085047960281372,The Georgia Southern Eagles football team /Td> /Tr> /Tr> /Tr> /Tr> /Tr> /Tr> /Tr> /Tr> /,0.0,0.0,1.0,entailment,1,0.6892111301422119
2727,when did medicare begin in the united states,1966,True,I don't know,0.0,0.0,1.0,neutral,0,0.08087774366140366,"The United States Medicare is funded by a payroll tax, premiums and surtaxes from beneficiaries, and general revenue.",0.0,0.0,1.0,entailment,1,0.9721173048019409
2729,where does a baker's cyst come from,knee arthritis,True,I don't know,0.0,0.0,0.0,entailment,1,0.4895564317703247,"The proverb originated in Wales, and was particularly prevalent in Pembrokshire.",0.0,0.0,0.0,entailment,1,0.981956958770752
2733,who has the most triple-doubles ever in the nba,Oscar Robertson,True,season,0.0,0.0,0.0,contradiction,0,0.1582188457250595,"Kevin Durant has the highest point total ( 2,593 ) and the highest scoring average ( 32.0 ) in a season.",0.0,0.0,0.0,contradiction,0,0.011454234831035137
2736,who died from the movie fast and furious,Paul Walker,True,I don't know,0.0,0.0,1.0,contradiction,0,0.22542528808116913,Paul Walker /Th> /Th> /Th> /Th> /Th> /Th> /Th> /Th> /Th> /Th> /Th> /Th> ,0.0,0.25,1.0,entailment,1,0.4805361330509186
2738,where is the big 12 baseball tournament held,"at Chickasaw Bricktown Ballpark in Oklahoma City, Oklahoma",True,I don't know,0.0,0.0,0.0,contradiction,0,0.12331482023000717,NCAA Tournament.,0.0,0.0,0.0,entailment,1,0.5917007923126221
2739,who is the chairman of the lok sabha,the Vice President of India,True,I don't know,0.0,0.0,0.0,contradiction,0,0.1113201230764389,Prime Minister of India.,0.0,0.4444444444444445,0.0,entailment,1,0.8035726547241211
2740,where did mark get his information to write his gospel,"a variety of pre-existing sources, such as conflict stories (Mark 2:1–3:6), apocalyptic discourse (4:1–35), and collections of sayings",True,Seven Churches of Revelation,0.0,0.0909090909090909,0.0,neutral,0,0.3820810616016388,P>,0.0,0.0,0.0,neutral,0,0.2734900414943695
2745,who played the beast in the movie shot caller,Holt McCallany,True,I don't know,0.0,0.0,0.0,contradiction,0,0.12848854064941406,The Phantom Menace was created by George Lucas /Th> Td> Td> George Lucas /Th> George Lucas /Th> George Lucas /Th> George Lucas /Th> George Lucas /Th> George Lucas /,0.0,0.0,0.0,neutral,0,0.03687325119972229
2749,who plays the frog on gnomeo and juliet,Ashley Jensen,True,Mark L. Young,0.0,0.0,0.0,entailment,1,0.4659627377986908,Mark L. Young,0.0,0.0,0.0,entailment,1,0.4659627377986908
2750,who was the pale rider supposed to be,Death,True,I don't know,0.0,0.0,1.0,neutral,0,0.03119189292192459,The Doll's version of the story was a pre-Perrault version of the story.,0.0,0.0,1.0,neutral,0,0.057632751762866974
2751,guy who played opie on sons of anarchy,Ryan Douglas Hurst,True,I don't know,0.0,0.0,0.0,neutral,0,0.049964796751737595,The third season.,0.0,0.0,0.0,neutral,0,0.025625301524996758
2752,who does the green arrow marry in the comics,Black Canary,True,playboy,0.0,0.0,0.0,neutral,0,0.012810733169317245,Playboy.,0.0,0.0,0.0,neutral,0,0.013629462569952011
2754,who did the peoples party nominate for president in 1892,James B. Weaver,True,I don't know,0.0,0.0,1.0,neutral,0,0.059608690440654755,The final version of the constitution was voted on and sent to the states.,0.0,0.0,1.0,neutral,0,0.004012116231024265
2757,who took the israelites to the promised land,Joshua,True,I don't know,0.0,0.0,0.0,contradiction,0,0.11876954138278961,yen,0.0,0.0,0.0,contradiction,0,0.15132446587085724
2759,what is the meaning of sap erp system,enterprise resource planning software,True,Cost benefit analysis,0.0,0.0,0.0,neutral,0,0.12949085235595703,"The information in this passage is intended to help you understand the meaning of the term "" system call"".",0.0,0.0,0.0,neutral,0,0.20400026440620422
2760,when did ha long bay become a world heritage site,1994,True,I don't know,0.0,0.0,1.0,contradiction,0,0.2567340135574341,L'Anse aux Meadows was located on the northern tip of the island of Newfoundland.,0.0,0.0,1.0,neutral,0,0.07845858484506607
2763,who sang the original version of red red wine,Neil Diamond,True,I don't know,0.0,0.0,0.0,contradiction,0,0.009364478290081024,"The song was first recorded by Corinne Morgan and Frank C. Stanley in 1905 and has been recorded since by many famous artists including opera tenors John McCormack and Jan Peerce, early country singer Fiddlin'John Carson, country singer Slim Whitman,",0.0,0.0,0.0,contradiction,0,0.004553300328552723
2766,who appoints the governor and deputy governors of rbi,The Government of India,True,"Andaman and Nicobar, Delhi and Puducherry",0.0,0.0,1.0,neutral,0,0.015149437822401524,"Andaman and Nicobar, Delhi and Puducherry are headed by lieutenant governors.",0.0,0.0,1.0,neutral,0,0.0052535138092935085
2768,who voices the bears in we bare bears,Eric Edelstein,True,I don't know,0.0,0.0,1.0,contradiction,0,0.23553423583507538,The film was directed by Tony Pulham and directed by Tony Pulham.,0.0,0.0,1.0,contradiction,0,0.12240040302276611
2769,who was amy dowden partner on strictly 2017,comedian Brian Conley,True,I don't know,0.0,0.0,0.0,neutral,0,0.1563919484615326,Willow Shields of season twenty was the youngest contestant to compete on the show.,0.0,0.0,0.0,neutral,0,0.03454151004552841
2770,who played the bird woman in mary poppins,Jane Darwell,True,I don't know,0.0,0.0,0.0,contradiction,0,0.05996241420507431,"The film, King Arthur ( Graham Chapman ), accompanied by his trusty squire Patsy ( Terry Gilliam ), is travelling through a forest when he enters a clearing and observes a fight taking place between a Black Knight",0.0,0.0,0.0,entailment,1,0.9736366271972656
2773,where did the phrase when pigs fly come from,Scottish proverb,True,I don't know,0.0,0.0,0.0,neutral,0,0.23196424543857574,Birds in their flight.,0.0,0.0,0.0,neutral,0,0.30945268273353577
2774,where is the setting for leave it to beaver,United States,True,I don't know,0.0,0.0,1.0,contradiction,0,0.06195138022303581,The real Sparta is nowhere near any interstate highway or state boundary.,0.0,0.0,1.0,entailment,1,0.9437970519065857
2778,where did clap and a half come from,Patrick reclaimed from his seventh grade Social Studies teacher,True,I don't know,0.0,0.0,0.0,contradiction,0,0.1115601435303688,Cracker '' ).,0.0,0.0,0.0,contradiction,0,0.11435051262378693
2782,scientist who lost life in their own discovery,Marie Curie,True,I don't know,0.0,0.0,0.0,neutral,0,0.26029494404792786,"The ABO blood types were discovered by Karl Landsteiner in 1901, for which he received the Nobel Prize in Physiology or Medicine in 1930.",0.0,0.0,0.0,neutral,0,0.0047085401602089405
2786,who wrote the song i will follow him,Norman Gimbel,True,I don't know,0.0,0.0,0.0,neutral,0,0.06374352425336838,Gadsden flag is a historical American flag with a yellow field depicting a rattlesnake coiled and ready to strike.,0.0,0.0,0.0,entailment,1,0.9887698888778687
2789,snow white and the huntsman movie heroine name,Kristen Stewart,True,I don't know,0.0,0.0,0.0,neutral,0,0.00465416070073843,The first appearance /Th> in 1937 /Tr> Tr> Tr> Tr> Tr> Tr> Tr> Tr> Tr> Tr> T,0.0,0.0,0.0,neutral,0,0.0037042656913399696
2790,how many teams from asia will qualify for world cup 2018,five,True,I don't know,0.0,0.0,1.0,contradiction,0,0.09356024116277695,/Td> /Tr> /Tr> /Tr> /Tr> /Tr> /Tr> /Tr> /Tr> /Tr> /T,0.0,0.0,1.0,contradiction,0,0.26824501156806946
2791,who would take over if the president dies,Vice President,True,I don't know,0.0,0.0,1.0,neutral,0,0.00885788444429636,"The line of succession follows the order of Vice President, Speaker of the House of Representatives, President pro tempore of the Senate, and then the heads of federal executive departments who form the Cabinet of the United States.",0.0,0.1,1.0,neutral,0,0.0023112869821488857
2795,who does the voice of dory in finding dory,Ellen DeGeneres,True,New Orleans,0.0,0.0,0.0,neutral,0,0.023196754977107048,New Orleans.,0.0,0.0,0.0,neutral,0,0.021066362038254738
2800,when do we vote for a new governor in california,"November 6, 2018",True,I don't know,0.0,0.0,1.0,neutral,0,0.08084825426340103,The Twelfth Amendment requires each elector to cast one vote for president and another vote for vice president.,0.0,0.0,1.0,neutral,0,0.1215408593416214
2801,when does season 5 of the blacklist come out,"November 15, 2017",True,I don't know,0.0,0.0,0.0,neutral,0,0.13421306014060974,Fox canceled the series after three seasons.,0.0,0.0,0.0,contradiction,0,0.006630158517509699
2807,who discovered that animals were made of cells,Henri Dutrochet,True,I don't know,0.0,0.0,0.0,neutral,0,0.026917768642306328,The most distinctive xylem cells are the long tracheary elements that transport water.,0.0,0.0,0.0,neutral,0,0.03312722593545914
2810,who plays sherman in mr peabody and sherman,Max Charles,True,the series,0.0,0.0,0.0,entailment,1,0.789666473865509,"the series, along with other characters based on various Marvel Comics properties.",0.0,0.0,0.0,entailment,1,0.9416048526763916
2811,who plays oz in oz the great and powerful,James Franco,True,I don't know,0.0,0.0,1.0,contradiction,0,0.24402673542499542,"Mark L. Young ( born Markell V. Efimoff January 1, 1991 ) is an American actor.",0.0,0.0,1.0,entailment,1,0.7281580567359924
2812,when was the last superbowl the cowboys won,1995,True,Super Bowl,0.0,0.0,1.0,neutral,0,0.20828403532505035,"The Cowboys have played for 10 NFL Championships and have won 5, all five being Super Bowls.",0.0,0.0,1.0,entailment,1,0.9499116539955139
2813,what do you mean by analysis and design,"Systems analysis, a method of studying a system by examining its component parts and their interactions",True,I don't know,0.0,0.0,0.0,entailment,1,0.46792837977409363,The term database design can be used to describe many different parts of the design of an overall database system.,0.0,0.16666666666666663,0.0,entailment,1,0.7345595955848694
2814,where was ross and emily's wedding filmed,"on locations in London, and in front of a live studio audience at The Fountain Studios",True,I don't know,0.0,0.0,0.0,contradiction,0,0.30808815360069275,The first six seasons are available on DVD and Blu - ray.,0.0,0.2222222222222222,0.0,contradiction,0,0.30784162878990173
2817,who has the executive power in south carolina,the governor,True,I don't know,0.0,0.0,1.0,contradiction,0,0.21598494052886963,The Seal of South Carolina was created in 1789.,0.0,0.1818181818181818,1.0,entailment,1,0.9098399877548218
2824,when did the first pacific rim come out,2013,True,I don't know,0.0,0.0,0.0,contradiction,0,0.14896520972251892,The film was a slasher film.,0.0,0.0,0.0,neutral,0,0.00901562999933958
2826,when is the start of the 2018 nba season,"October 16, 2018",True,I don't know,0.0,0.0,1.0,neutral,0,0.2645303010940552,The 2018-19 NBA season /Th> /Th> /Tr> /Tr> /Tr> /Tr> /Tr> /Tr> /Tr> /Tr> ,0.0,0.0,1.0,entailment,1,0.8635112047195435
2828,who sings i dreamed a dream in les miserables,the character Fantine,True,I don't know,0.0,0.0,0.0,neutral,0,0.1812652349472046,"It became their first big success, selling 2 million copies and providing the financial basis of their publishing firm, Campbell, Connelly & Co.",0.0,0.08,0.0,neutral,0,0.001746317371726036
2836,when did the last harry potter movie come out in theaters,2011,True,I don't know,0.0,0.0,1.0,neutral,0,0.09309680014848709,The first significant changes were made in 1997 with the release of a Special Edition remaster in commemoration of the franchise's twentieth anniversary.,0.0,0.0,1.0,entailment,1,0.9149585366249084
2842,when did old 10p go out of circulation,January 2013,True,I don't know,0.0,0.0,0.0,contradiction,0,0.21498078107833862,The current design is a modern version of the 1759-styled holographic note.,0.0,0.0,0.0,neutral,0,0.25641486048698425
2843,where is the origin of the frontalis muscle,Galea aponeurotica,True,I don't know,0.0,0.0,1.0,contradiction,0,0.200733482837677,"/Td> /Tr> /Tr> Th colspan=""2""> Th colspan=""2""> Th colspan=""2""> Th colspan=""2""> Th colspan",0.0,0.0,1.0,contradiction,0,0.34287840127944946
2844,the four essential elements for life are _,Freedom of speech,True,I don't know,0.0,0.0,0.0,neutral,0,0.02163439244031906,"The Four Freedoms were goals articulated by United States President Franklin D. Roosevelt on Monday, January 6, 1941.",0.0,0.0,0.0,neutral,0,0.019708648324012756
2845,when is the last time england got to the semi final,1990,True,I don't know,0.0,0.0,1.0,contradiction,0,0.04048372805118561,"Kim Zolciak - Biermann of season twenty - one was forced to withdraw after suffering a mini-stroke, which although cleared",0.0,0.0,1.0,contradiction,0,0.05187518149614334
2850,who is the singing voice of jasmine in aladdin,Maria Lea Carmen Imutan Salonga,True,I don't know,0.0,0.0,0.0,contradiction,0,0.01514384150505066,The movie was based on a book by Kim Eun - jeong Kim Mi - yeong.,0.0,0.0,0.0,neutral,0,0.007613220252096653
2852,when did the mint start making proof sets,1936,True,I don't know,0.0,0.0,0.0,neutral,0,0.04047054424881935,"The United States Postal Service Act was signed into law by President George Washington on February 20, 1792.",0.0,0.0,0.0,entailment,1,0.935261607170105
2860,when did the affordable healthcare act go into effect,"March 23, 2010",True,United States Congress,0.0,0.0,1.0,entailment,1,0.5739652514457703,"The Patient Protection and Affordable Care Act was enacted by the 111th United States Congress on March 23, 2010.",0.0,0.2727272727272727,1.0,entailment,1,0.9874938130378723
2861,the first vice president of india who became the president later,Sarvepalli Radhakrishnan,True,I don't know,0.0,0.0,1.0,contradiction,0,0.13397927582263947,"The first was Jawaharlal Nehru of the Indian National Congress party, who was sworn - in on 15 August 1947, when India gained independence from the British.",0.0,0.0,1.0,entailment,1,0.9497264623641968
2862,who played cindy brady in a very brady christmas,Jennifer Runyon,True,I don't know,0.0,0.0,0.0,contradiction,0,0.19584771990776062,The United States.,0.0,0.0,0.0,neutral,0,0.26030221581459045
2863,what episode of american dad is krampus on,the eighth episode of the tenth season,True,I don't know,0.0,0.0,0.0,contradiction,0,0.1261606514453888,"The Office ( U.S. season 8 ) /Th> /Tr> Table> Tr> Th colspan=""2"">  Minstrel Krampus '' /Th> /Tr>",0.0,0.18181818181818182,0.0,entailment,1,0.7143117189407349
2864,when was the last time world cup was held in england,1966,True,I don't know,0.0,0.0,0.0,neutral,0,0.010619736276566982,World Cup was a contested sport.,0.0,0.0,0.0,entailment,1,0.5394679307937622
2867,what type of car does dwight schrute drive,1987 Pontiac Trans Am,True,I don't know,0.0,0.0,0.0,contradiction,0,0.007447378244251013,Drew Carey is the main protagonist of the series.,0.0,0.0,0.0,contradiction,0,0.1795320361852646
2869,what is apollo the god of in roman mythology,music,True,I don't know,0.0,0.0,1.0,contradiction,0,0.11911953240633011,Hera).,0.0,0.0,1.0,entailment,1,0.422708660364151
2870,what do you get with diablo 3 ultimate evil edition,the original console version of Diablo III,True,Iduna,0.0,0.0,0.0,entailment,1,0.6496075391769409,Iduna's basket.,0.0,0.0,0.0,contradiction,0,0.07920965552330017
2871,where did the chinese tallow tree come from,eastern Asia,True,I don't know,0.0,0.0,0.0,contradiction,0,0.04691701754927635,"Cotton was domesticated in Peru by 3,600 BC.",0.0,0.0,0.0,neutral,0,0.021965738385915756
2874,the virus in rise of the planet of the apes,ALZ-113,True,I don't know,0.0,0.0,0.0,contradiction,0,0.06693395227193832,The fable describes how a hungry grasshopper begs for food from an ant when winter comes and is refused.,0.0,0.0,0.0,entailment,1,0.9121969938278198
2875,one major difference in the hellenistic and the classical sculpture is,"Common people, women, children, animals and domestic scenes became acceptable subjects for sculpture",True,I don't know,0.0,0.0,0.0,neutral,0,0.09964242577552795,"The underworld, Sicily, Mount Olympus /Td> /Tr> /Tr> /Tr> /Tr> /Tr> /Tr> /Tr> ",0.0,0.0,0.0,contradiction,0,0.06841564923524857
2876,who used the term element for the first time,Plato,True,I don't know,0.0,0.0,0.0,neutral,0,0.08193640410900116,The term atomism was first used in the early 19th century.,0.0,0.0,0.0,contradiction,0,0.00587392458692193
2884,how many times have patriots been to the superbowl,nine times,True,I don't know,0.0,0.0,0.0,neutral,0,0.0923670157790184,"The Cowboys have played for 10 NFL Championships and have won 5, all five being Super Bowls.",0.0,0.0,0.0,neutral,0,0.09009198844432831
2886,who is credited with the first idea of a nuclear atom,Ernest Rutherford,True,I don't know,0.0,0.0,0.0,contradiction,0,0.04152454435825348,"The word atom comes from the Ancient Greek adjective atomos, meaning  indivisible ''.",0.0,0.0,0.0,entailment,1,0.9444370865821838
2887,who are the twins in better call saul,The Sklar brothers,True,I don't know,0.0,0.0,0.0,neutral,0,0.09020671993494034,"On April 25, 2013",0.0,0.0,0.0,entailment,1,0.8717060685157776
2890,when did america become the united states of america,1776,True,British,0.0,0.0,1.0,neutral,0,0.1855575293302536,The Founding Fathers of the United States were descendants of the founding fathers of the United States.,0.0,0.0,1.0,contradiction,0,0.015479618683457375
2894,who has sold the most albums world wide,The Beatles,True,I don't know,0.0,0.0,1.0,neutral,0,0.029557965695858,"The artists in the following tables are listed with both their claimed sales figure along with their total of certified units and are ranked in descending order, with the artist with the highest amount of claimed sales at the top.",0.0,0.047619047619047616,1.0,entailment,1,0.9650827050209045
2900,who plays laura croft in tomb raider 2018,Alicia Vikander,True,Clark Gregg,0.0,0.0,0.0,neutral,0,0.039639223366975784,Clark Gregg,0.0,0.0,0.0,neutral,0,0.039639223366975784
2901,how many centuries of rohit sharma in international cricket,24,True,I don't know,0.0,0.0,1.0,contradiction,0,0.10618394613265991,The most recent bowler to achieve the feat was English spin bowler Moeen Ali against South Africa on 31 July 2017.,0.0,0.0,1.0,neutral,0,0.009085692465305328
2902,twilight zone the mind and the matter cast,Shelley Berman,True,I don't know,0.0,0.0,0.0,contradiction,0,0.08639410883188248,"The fourth season began on September 15, 2015, on Hulu.",0.0,0.0,0.0,entailment,1,0.9533957839012146
2908,a glowing cloud of hot interstellar gas inside of which stars are being formed is called a(n),diffuse nebulae,True,I don't know,0.0,0.0,0.0,neutral,0,0.05279498174786568,"The solar wind is a stream of charged particles released from the upper atmosphere of the Sun, called the corona.",0.0,0.0,0.0,neutral,0,0.01086155604571104
2914,when does the new diary of a wimpy kid movie come out on dvd,"August 8, 2017",True,"American Horror Story : Cult /Th> /Tr> Tr> Td colspan=""2""> Promo poster /Tr> /Tr> Tr> Th> Starring /Th",0.0,0.0,0.0,entailment,1,0.765821099281311,"American Horror Story : Cult /Th> /Tr> Tr> Td colspan=""2""> Promo poster /Tr> /Tr> Tr> Th> Starring /Th",0.0,0.0,0.0,entailment,1,0.765821099281311
2916,cytosine is an example of a nitrogen base found on what acids,nucleic,True,I don't know,0.0,0.0,1.0,neutral,0,0.14137208461761475,ketones.,0.0,0.0,1.0,neutral,0,0.17499667406082153
2919,where does jacob wrestle with an angel in the bible,Genesis,True,I don't know,0.0,0.0,1.0,neutral,0,0.04060426726937294,The temple was burned four hundred and seven times.,0.0,0.0,1.0,neutral,0,0.01071825809776783
2922,when did the cask of amontillado take place,in an unnamed Italian city,True,I don't know,0.0,0.0,0.0,neutral,0,0.2766588032245636,The plot is based not on the traditional conflict of human wills but on the hopeless struggle of a people against the impersonal but relentless cruelty of the sea.,0.0,0.0,0.0,neutral,0,0.03472867235541344
2929,who is associated with the concept of power elite,sociologist C. Wright Mills,True,I don't know,0.0,0.0,0.0,neutral,0,0.10540127009153366,The Power Elite was published in 1956.,0.0,0.0,0.0,contradiction,0,0.014584191143512726
2935,where did the terrorists strike in munich germany in 1972,"Munich, West Germany",True,I don't know,0.0,0.0,0.0,neutral,0,0.12881259620189667,"The Watts truce was a 1992 peace agreement among rival street gangs in Los Angeles, California, declared in the neighborhood of Watts.",0.0,0.0,0.0,neutral,0,0.047940563410520554
2936,when was the treaty of sugauli concluded and between whom,signed on 2 December 1815,True,I don't know,0.0,0.0,0.0,contradiction,0,0.24832572042942047,Sugauli Treaty,0.0,0.0,0.0,entailment,1,0.8055586218833923
2937,episode of the office where jim kisses pam,Casino Night,True,I don't know,0.0,0.0,1.0,contradiction,0,0.14165332913398743,"The Office ( U.S. season 8 ) /Th> /Th> /Tr> Tr> Td colspan=""2""> DVD cover /Td> /Tr> Tr> ",0.0,0.0,1.0,entailment,1,0.6674786806106567
2939,where is dna stored in the cell as chromatin,within the nucleoid region,True,guanine ( A ),0.0,0.0,1.0,neutral,0,0.10322710871696472,"guanine ( G ), adenine ( A ) or adenine ( A )",0.0,0.0,1.0,neutral,0,0.0689379870891571
2943,where did ali do his rope a dope,his 1974 Rumble in the Jungle match against George Foreman,True,I don't know,0.0,0.0,0.0,neutral,0,0.2889891564846039,The first of these arrived in 1763 after Spain traded Florida to Great Britain following the latter's victory over France in the Seven Years'War.,0.0,0.11764705882352941,0.0,neutral,0,0.039477963000535965
2945,how much did raiders of the lost ark cost to make,$18 million,True,I don't know,0.0,0.0,0.0,contradiction,0,0.08400508761405945,The city of Admah is located in the southern region of the land of Canaan.,0.0,0.0,0.0,neutral,0,0.015251820906996727
2948,where was football first played in the world,China,True,I don't know,0.0,0.0,1.0,neutral,0,0.030240627005696297,"The earliest form of football can be traced back to China ( Han dynasty ), originating from cuju, an ancient Chinese football game, as recognized by FIFA.",0.0,0.07692307692307693,1.0,neutral,0,0.32565245032310486
2949,who is responsible for issuing accounting standard in india,Accounting Standards Board,True,I don't know,0.0,0.0,0.0,contradiction,0,0.04873286932706833,Hindi is the most used language in India.,0.0,0.0,0.0,neutral,0,0.016481351107358932
2954,where are most of the potatoes grown in idaho,The Eastern Idaho region,True,I don't know,0.0,0.0,0.0,contradiction,0,0.10841257125139236,The Cedar River is a 338 - mile - long ( 544 km ) river in Minnesota and Iowa.,0.0,0.10526315789473685,0.0,entailment,1,0.9497073292732239
2958,where did the expression throw under the bus come from,President Galtieri had pushed her under the bus,True,North American games,0.0,0.0,0.0,neutral,0,0.13409122824668884,"The lateral and backward pass is also a part of rugby union and rugby league, where such passes are the norm.",0.0,0.06896551724137931,0.0,neutral,0,0.027767011895775795
2960,how i met your mother barney 200th girl,bodybuilder,True,I don't know,0.0,0.0,0.0,neutral,0,0.1410490870475769,The show was a revival of the sitcom Roseanne Barr.,0.0,0.0,0.0,neutral,0,0.012125378474593163
2961,who has the legal authority to bind the us government on a us government contract,Federal Acquisition Regulation,True,I don't know,0.0,0.0,0.0,neutral,0,0.01595708169043064,The Fourth Amendment to the United States Constitution prohibits unreasonable searches and seizures and requires any warrant to be judicially sanctioned and supported by probable cause.,0.0,0.0,0.0,neutral,0,0.0043283686973154545
2963,who wrote about peter rabbit and jemima puddle duck,Beatrix Potter,True,Ode on a Greek Urn,0.0,0.0,0.0,contradiction,0,0.05462505295872688,"Ode on a Grecian Urn is a poem written by the English Romantic poet John Keats in May 1819 and published anonymously in the January 1820, Number 15, issue of the London Gazette, Number 16, issue of the London Gazette, Number",0.0,0.0,0.0,neutral,0,0.06955043971538544
2965,which disorder involves the retrograde passage of infected urine,Vesicoureteral reflux (VUR),True,I don't know,0.0,0.0,0.0,neutral,0,0.09179483354091644,"Hemostasis or haemostasis is a process which causes bleeding to stop, meaning to keep blood within a damaged blood vessel ( the opposite of hemostasis is hemorrhage ).",0.0,0.0,0.0,entailment,1,0.9824420809745789
2966,who played kayla brady on days of our lives,Catherine Mary Stewart,True,I don't know,0.0,0.0,1.0,contradiction,0,0.23043346405029297,"Kayla Johnson /Th> /Tr> Tr> Td colspan=""2""> Mary Beth Evans as Kayla Brady /Th> /Tr> Tr> Th> Portrayed by ",0.0,0.09090909090909091,1.0,entailment,1,0.5185261964797974
2969,what is one of the greatest structural achievements of the bronze age,the corbelled arch,True,Indus River,0.0,0.0,0.0,neutral,0,0.0912366583943367,Indus River.,0.0,0.0,0.0,neutral,0,0.08667821437120438
2970,who does chris hemsworth play in home and away,"Kimberly Jonathan ""Kim"" Hyde",True,I don't know,0.0,0.0,0.0,contradiction,0,0.168809175491333,Charlie Hunnam /Th> /Th> /Th> /Th> /Th> /Th> /Th> /Th> /Th> /Th> /Th> /Th>,0.0,0.0,0.0,entailment,1,0.5945183038711548
2976,how many episodes is season 6 of mindy project,10,True,season,0.0,0.0,1.0,neutral,0,0.24698489904403687,"The tenth season debuted on March 27, 2018.",0.0,0.0,1.0,neutral,0,0.018538909032940865
2978,when did to kill a mockingbird come out,1960,True,I don't know,0.0,0.0,1.0,contradiction,0,0.21300867199897766,The Three Musketeers : Original Motion Picture Sound.,0.0,0.0,1.0,contradiction,0,0.10881935805082321
2981,who did ariel winter play in cloudy with a chance of meatballs,Various characters,True,nice guy,0.0,0.0,0.0,neutral,0,0.004419921897351742,He is portrayed as a perpetual  nice guy '',0.0,0.0,0.0,neutral,0,0.0031073251739144325
2985,where is the carlsbad caverns national park located,Guadalupe Mountains of southeastern New Mexico,True,I don't know,0.0,0.0,0.0,neutral,0,0.1916010081768036,"The cave is located in Eddy County, New Mexico, U.S. /Td> /Tr> /Tr> Tr> Tr> Tr> Tr> Tr> T",0.0,0.16,0.0,entailment,1,0.8049499988555908
2986,who was playing during the las vegas shooting,Jason Aldean,True,I don't know,0.0,0.0,0.0,neutral,0,0.04338740557432175,"The show has begun with a cold open that ends with someone breaking character and proclaiming  Live from New York, it's Saturday Night! ''",0.0,0.0,0.0,neutral,0,0.005510169081389904
2988,when did courage the cowardly dog stop airing,"November 22, 2002",True,I don't know,0.0,0.0,0.0,neutral,0,0.020718978717923164,"The third season began on September 17, 2007, with an eight - episode run.",0.0,0.0,0.0,entailment,1,0.456466943025589
2992,how many different species of mosquitoes are there,"Over 3,500",True,I don't know,0.0,0.0,0.0,neutral,0,0.11128515750169754,"The United States has about 20 species of venomous snakes, which include 16 species of rattlesnakes, two species of coral snakes, one species of cottonmouth ( or water moccasin ), and one species of copperhead.",0.0,0.0,0.0,entailment,1,0.981667160987854
2994,the back of the leg is called what,calf,True,I don't know,0.0,0.0,0.0,contradiction,0,0.013103731907904148,telson,0.0,0.0,0.0,contradiction,0,0.006574674043804407
2995,what is the name of our diocese in sydney,Armidale,True,I don't know,0.0,0.0,0.0,contradiction,0,0.14686965942382812,"English, Welsh, Latin /Td> /Tr> /Tr> /Tr> /Tr> /Tr> /Tr> /Tr> /Tr> /",0.0,0.0,0.0,contradiction,0,0.149277463555336
2997,when was the last time rangers won the treble,2002–03,True,"2""> /Td> /Tr> /Tr> /Tr> Th> Full name /Th> Td> Rangers Football Club /Td> /Tr> /Tr",0.0,0.0,0.0,entailment,1,0.7223080396652222,The full name of the club is: /Td> /Tr> /Tr> /Tr> /Tr> /Tr> /Tr> /Th> /Th> /Th,0.0,0.0,0.0,entailment,1,0.7657625079154968
