idx,question,gold,has_gold,pred_A,em_A,f1_A,hit@10_A,ent_label_A,ent_faith_A,ent_score_A,pred_B,em_B,f1_B,hit@10_B,ent_label_B,ent_faith_B,ent_score_B
0,when is the last episode of season 8 of the walking dead,"March 18, 2018",True,"Answer the question using ONLY the context below. If the answer is not contained in the context, say 'I don't know'.Answer the answer using ONLY The context below and say 'You don't want to know'. Answer the question with ONLY the Context below. Answer the answer with ONLY The Context below and",0.0,0.0,0.0,contradiction,0,0.23576900362968445,"Answer the question as best as you can using the context below. If the answer is explicitly stated, make the best possible inference. If it is not explicitly stated then make the worst possible inference, make a best possible assumption. If you are not explicitly stating, make that best possible deduction. If not explicitly specified",0.0,0.0,0.0,neutral,0,0.31633445620536804
1,in greek mythology who was the goddess of spring growth,"Persephone (/pərˈsɛfəni/; Greek: Περσεφόνη), also called Kore (/ˈkɔːriː/; ""the maiden"")",True,"Answer the question using ONLY the context below. If the answer is not contained in the context, say 'I don't know'. The answer is also contained in a context below: The answer to the question is not included in the Context below. The answer may be omitted if the answer does not contain in the",0.0,0.0625,0.0,contradiction,0,0.07411171495914459,"Answer the question as best as you can using the context below.If the answer is not explicitly stated, make the best possible inference. If the answer does not explicitly state, make a best possible assumption.Context:Context:The Moon is a large, spherical, and spherical body. The Moon is the largest",0.0,0.03508771929824561,0.0,entailment,1,0.49502086639404297
6,what is the name of the most important jewish text,the Shulchan Aruch,True,"Answer the question using ONLY the context below. If the answer is not contained in the context, say 'I don't know'.Answer the answer using ONLY a context below: <Ul> <Li> For more guidance, see Wikipedia : Translation. </Ul> For More Guidance, see Wiki : Translation",0.0,0.04347826086956522,0.0,entailment,1,0.5907361507415771,"Answer the question as best as you can using the context below. If the answer is explicitly stated, make the best possible inference. If you can't make the most possible inference, make a best possible assumption. Example: Example:Example: Example 2. Example 3. Example 4. Example 5. Example 6",0.0,0.0392156862745098,0.0,neutral,0,0.22483539581298828
8,what is the name of spain's most famous soccer team,Real Madrid,True,"Answer the question using ONLY the context below. If the answer is not contained in the context, say 'I don't know'.Answer the answer using ONLY what the context is.Answer the Question using ONLY that context.Answer: 'I'm not sure'.Answer: ""I don’t know'",0.0,0.0,0.0,neutral,0,0.19327203929424286,"Answer the question as best as you can using the context below.If the answer is not explicitly stated, make the best possible inference. If the answer does not explicitly state, make a best possible assumption. If it is not stated, then make the worst possible inference and make the most possible inference. </P",0.0,0.0,0.0,neutral,0,0.18098317086696625
9,when was the first robot used in surgery,1983,True,"Answer the question using ONLY the context below. If the answer is not contained in the context, say 'I don't know'. The answer is then used in the following context: The answer to the question is not included in the Context below. The answer will be used in a context that is not in the",0.0,0.0,0.0,contradiction,0,0.2543970048427582,"Answer the question as best as you can using the context below.If the answer is not explicitly stated, make the best possible inference. If the answer does not explicitly state the answer, make a best possible assumption. If it is not stated, then make the worst possible inference and make the most possible inference using",0.0,0.0,0.0,entailment,1,0.5455098152160645
13,who sings the song i don't care i love it,Icona Pop and Charli XCX,True,"Answer the question using ONLY the context below. If the answer is not contained in the context, say 'I don't know'. The answer is NOT contained in any context. The answer IS NOT contained IN THE context below, say'I don't know'. </Tr> <Tr> {Context:",0.0,0.0,0.0,entailment,1,0.47121256589889526,"Answer the question as best as you can using the context below.If the answer is not explicitly stated, make the best possible inference. If the answer does not explicitly state, make a best possible deduction. If it is explicitly stated.Context:Context:<Tr> <Tr> {Context:context:",0.0,0.0,0.0,entailment,1,0.49200209975242615
16,who are uncle owen and aunt beru related to,Shmi,True,"Answer the question using ONLY the context below. If the answer is not contained in the context, say 'I don't know'. The answer is the answer to the question that is not included in the Context below. The answer to this question is the following:Context:Contexts:Context-Context:<",0.0,0.0,0.0,neutral,0,0.3219720125198364,"Answer the question as best as you can using the context below. If the answer is explicitly stated, make the best possible inference. If it is not explicitly stated in the context, make a best possible deduction. If you are not explicitly stating, make your best possible conclusion.Context:1.1.2",0.0,0.0,0.0,entailment,1,0.660256028175354
19,where is zimbabwe located in the world map,"in southern Africa, between the Zambezi and Limpopo Rivers, bordered by South Africa, Botswana, Zambia and Mozambique",True,"Answer the question using ONLY the context below. If the answer is not contained in the context, say 'I don't know'. The answer is NOT contained in any context. The answer may be omitted if the answer does not contain in the Context below. The Answer: ""I don’t know"".",0.0,0.06060606060606061,0.0,contradiction,0,0.03495980054140091,"Answer the question as best as you can using the context below.If the answer is not explicitly stated, make the best possible inference. If the answer does not explicitly state, make a best possible statement.Context: Cedar River - Cedar River ( Cedar River ) - Cedar Rapids, Iowa ( Cedar Rapids ) -",0.0,0.031746031746031744,0.0,entailment,1,0.5021077394485474
20,100 acres is equal to how many hectares,1 square hectometre (hm2),True,"Answer the question using ONLY the context below. If the answer is not contained in the context, say 'I don't know'. The answer is the answer to the question that is not in the Context below. The answer to this question is the following: </P> <P> The Morse code code symbol",0.0,0.0,0.0,neutral,0,0.0802808403968811,"Answer the question as best as you can using the context below.If the answer is not explicitly stated, make the best possible inference.Example: Morse code code symbol ( letter or numeral ) is a Morse code symbol that represents a letter or dot. The letter or symbol represents a Morse Code symbol ( symbol",0.0,0.0,0.0,neutral,0,0.2836449146270752
22,where was donovan mitchell picked in the draft,13th,True,"Answer the question using ONLY the context below. If the answer is not contained in the context, say 'I don't know'. If the question is not answered, say'I don't know'. The answer is NOT contained in any context. The answer will be answered using ONLY what the question asks.",0.0,0.0,0.0,contradiction,0,0.1867862343788147,"Answer the question as best as you can using the context below.If the answer is not explicitly stated, make the best possible inference. If the answer does not explicitly state, make a best possible assumption. If it is explicitly stated in the context, make that best possible statement.Context: The Mindy Project",0.0,0.0,0.0,entailment,1,0.5801162719726562
26,where did the beatles final live performance take place,the roof of the headquarters of the band's multimedia corporation Apple Corps at 3 Savile Row,True,"Answer the question using ONLY the context below. If the answer is not contained in the context, say 'I don't know'. If the question is not answered using ONLY that context, then say 'You don't want to know'. The answer is NOT contained in any context below, but rather, say that",0.0,0.08955223880597013,0.0,neutral,0,0.2852165997028351,"Answer the question as best as you can using the context below.If the answer is not explicitly stated, make the best possible inference. If the answer does not explicitly state, make a best possible deduction.Context: World Cup Finals 2006 World Cup Final 2006 World Championship Final (2006 World Cup finals) <P",0.0,0.08955223880597013,0.0,neutral,0,0.28365468978881836
27,who is the president of costa rica 2017,Luis Guillermo Solís Rivera,True,"Answer the question using ONLY the context below. If the answer is not contained in the context, say 'I don't know'.Answer the answer using ONLY a context below: <Tr> <Tr><Td colspan=""2""> </Td> </Tr> </TD> </ Tr>",0.0,0.0,0.0,entailment,1,0.5930996537208557,"Answer the question as best as you can using the context below. If the answer is explicitly stated, make the best possible inference. If it is not explicitly stated in the context, make a best possible deduction. If you are not explicitly stating, make an inference. Example: Example:Example: Example 2.",0.0,0.0,0.0,entailment,1,0.5707718729972839
29,when did power rangers tv show come out,"August 28, 1993",True,"Answer the question using ONLY the context below. If the answer is not contained in the context, say 'I don't know'.Answer the answer using ONLY THE context below: <Tr> <Th colspan=""2""> Power Rangers </Th> </Tr> </Th><Tr> <!--Th col span",0.0,0.0,0.0,entailment,1,0.8655815720558167,"Answer the question as best as you can using the context below.Answer the answer as best possible inference.If the answer is not explicitly stated, make the best possible statement.Answer The Question as best and as best (if the answer was explicitly stated) using the following context: <Tr> <Th col",0.0,0.0,0.0,entailment,1,0.7017836570739746
31,how many beverly hills cops movies are there,three,True,"Answer the question using ONLY the context below. If the answer is not contained in the context, say 'I don't know'. The answer is NOT contained in any context. The answer will be the answer to the question. The context is the context of the question, and the answer will NOT be contained in",0.0,0.0,1.0,contradiction,0,0.05898767337203026,"Answer the question as best as you can using the context below.If the answer is not explicitly stated, make the best possible inference. If the answer does not explicitly state the answer, make a best possible assumption. If it is not stated, then make the worst possible inference and make the most possible inference using",0.0,0.0,1.0,neutral,0,0.3749920427799225
32,who holds the most women's wimbledon titles,Martina Navratilova,True,"Answer the question using ONLY the context below. If the answer is not contained in the context, say 'I don't know'. The answer is NOT contained in any context. The answer will be used in the following context: The answer to the question is not included in the Context below. The Answer is NOT",0.0,0.0,1.0,contradiction,0,0.022272590547800064,"Answer the question as best as you can using the context below. If the answer is not explicitly stated, make the best possible inference. If you can't make the most possible inference, make it the best way you can. If not explicitly stating, make a best possible deduction. If it is not explicit stated",0.0,0.0,1.0,contradiction,0,0.05711748078465462
34,where does jinx you owe me a coke come from,Jinx is a children's game with varying rules and penalties that occur when two people unintentionally speak the same word or phrase simultaneously,True,"Answer the question using ONLY the context below. If the answer is not contained in the context, say 'I don't know'.Answer the Question using ONLY The context below and say 'What is the context?'.Answer The Question using Only the Context below. <Tr> <Th colspan=""2"">",0.0,0.08955223880597014,0.0,contradiction,0,0.1367420256137848,"Answer the question as best as you can using the context below. If the answer is explicitly stated, make the best possible inference. If it is not explicitly stated then make the worst possible inference, make a best possible deduction. Example: Example:Example: Example 2. Example 3. Example 4. Example 2",0.0,0.0821917808219178,0.0,contradiction,0,0.12672539055347443
39,where does the last name hickey come from,Irish origin,True,"Answer the question using ONLY the context below. If the answer is not contained in the context, say 'I don't know'.Answer the answer using ONLY a context below: <Ul> <Ul>, <UlContext: <Li> Cheryl Hickey, born 1976, entertainment reporter for the Global Television Network",0.0,0.0,1.0,entailment,1,0.9008060693740845,"Answer the question as best as you can using the context below.If the answer is not explicitly stated, make the best possible inference. If the answer does not explicitly state, make a best possible statement. If it is explicitly stated in the context, make it the best way you can.Context:Context:",0.0,0.0,1.0,entailment,1,0.6226063370704651
43,where is the greatest royal rumble taking place,"Jeddah, Saudi Arabia",True,"Answer the question using ONLY the context below. If the answer is not contained in the context, say 'I don't know'. Answer the question with ONLY the Context below. Answer the answer using ONLY The context below: <Tr> <Th colspan=""2""> The context above. Answer ONLY the contextual",0.0,0.0,1.0,entailment,1,0.7339627146720886,"Answer the question as best as you can using the context below.If the answer is not explicitly stated, make the best possible inference.Example:Context:Context :Context: Context:Context::Context:context:ContextContext:Example: ContextContext:<Tr> <Th colspan=""2""> Greatest",0.0,0.0,1.0,neutral,0,0.20132498443126678
44,who sang my name is tallulah in bugsy malone,"Louise ""Liberty"" Williams",True,"Answer the question using ONLY the context below. If the answer is not contained in the context, say 'I don't know'. The answer is NOT contained in any context below, say'I don't know'.Context:Context:The Black Knight is a fictional character who appears in a scene of the",0.0,0.0,0.0,contradiction,0,0.32696521282196045,"Answer the question as best as you can using the context below. If the answer is explicitly stated, make the best possible inference. If it is not explicitly stated, make the worst possible inference and make the most possible inference using the following context:Context:Contexts:Context :Context: Context:ContextContext",0.0,0.0,0.0,neutral,0,0.3038921058177948
48,what is andy's sisters name in toy story,Molly,True,"Answer the question using ONLY the context below. If the answer is not contained in the context, say 'I don't know'.Answer the answer using ONLY The context below and say 'Yes, I don't want to know'.Context:Context: Context:Context :Context:context:Context::Context:",0.0,0.0,0.0,contradiction,0,0.14471200108528137,"Answer the question as best as you can using the context below.If the answer is not explicitly stated, make the best possible inference. If the answer does not explicitly state, make a best possible deduction. If it does not clearly state, then make the worst possible inference and make the most possible inference using the",0.0,0.0,0.0,entailment,1,0.4912914037704468
49,who sings with shaggy on it wasn me,English-Jamaican singer Rikrok,True,"Answer the question using ONLY the context below. If the answer is not contained in the context, say 'I don't know'.Answer the answer using ONLY The context below and say 'You don't want to know'. <Tr> <Tr><Td colspan=""2""> <Tr>[Tr>",0.0,0.0,0.0,contradiction,0,0.09523428976535797,"Answer the question as best as you can using the context below.Answer the answer as best possible inference.If the answer is not explicitly stated, make the best possible statement.Answer The Question as best and as best (if the answer was explicitly stated) using the Context below.Context: <Tr> <",0.0,0.0,0.0,entailment,1,0.5272837281227112
51,what is the largest catholic high school in america,St. Francis Preparatory School,True,"Answer the question using ONLY the context below. If the answer is not contained in the context, say 'I don't know'. </P> <P> The term pope ( Latin : papa `` father '' ) is used in several Churches to denote their high spiritual leaders ( for example Coptic Pope )",0.0,0.0,0.0,neutral,0,0.023044489324092865,"Answer the question as best as you can using the context below.If the answer is not explicitly stated, make the best possible inference. If the answer does not explicitly state, make a best possible deduction.Context:Context:Papal Prerogatives:Papa Pope ( Latin : papa `` father",0.0,0.0,0.0,neutral,0,0.32092681527137756
52,who established the peoples republic of china in 1949,Mao Zedong,True,"Answer the question using ONLY the context below. If the answer is not contained in the context, say 'I don't know'.Answer the answer using ONLY what the context is.Context:Context: Context: ContextContext: context: Context<Tr> <Tr><Th colspan=""2""> <",0.0,0.0,0.0,entailment,1,0.5090657472610474,"Answer the question as best as you can using the context below.If the answer is not explicitly stated, make the best possible inference. If the answer was not explicitly specified, make a best possible statement. If not explicitly, make that best possible conclusion.Context: <Tr> <Tr><Tr> {",0.0,0.0,0.0,entailment,1,0.5522553324699402
54,who sang take that look off your face,Marti Webb,True,"Answer the question using ONLY the context below. If the answer is not contained in the context, say 'I don't know'.Answer the answer using ONLY THE context below: <Tr> <Tr><Tr> { Context: Context: Format </Tr> </Tr><Td> <Td col",0.0,0.0,1.0,entailment,1,0.7703881859779358,"Answer the question as best as you can using the context below. If the answer is explicitly stated, make the best possible inference. If it is not explicitly stated in the context, make it the best way inference. Example: Example:Example: Example 2. Example 3. Example 4. Example 2: Example",0.0,0.0,1.0,contradiction,0,0.22267547249794006
55,who plays percy in the lost city of z,Charlie Hunnam,True,"Answer the question using ONLY the context below. If the answer is not contained in the context, say 'I don't know'. The answer is NOT contained in any context. The answer will be used in the following context:Context:Contexts:Context :Context:The Story of Tracy Beaker, Tracy",0.0,0.0,0.0,contradiction,0,0.05978361517190933,"Answer the question as best as you can using the context below.If the answer is not explicitly stated, make the best possible inference. If the answer does not explicitly state, make a best possible assumption. If it is not stated, then make the worst possible inference and make the most possible inference using the following",0.0,0.0,0.0,neutral,0,0.2462635338306427
58,who plays the first lady on house of cards,Joanna C. Going,True,"Answer the question using ONLY the context below. If the answer is not contained in the context, say 'I don't know'.Answer the Question using ONLY The Context below.Answer the Answer using ONLY THE Context below: <Tr> <Th> <Td colspan=""2""> Frank Underwood </",0.0,0.0,0.0,entailment,1,0.6862298250198364,"Answer the question as best as you can using the context below.If the answer is not explicitly stated, make the best possible inference. If the answer does not explicitly state, make a best possible assumption. If it does not state the answer, make an inference.Context: <Tr> <Th> First",0.0,0.0,0.0,neutral,0,0.44395098090171814
65,who owns st andrews golf course in scotland,The St Andrews Links Trust,True,"Answer the question using ONLY the context below. If the answer is not contained in the context, say 'I don't know'.Answer the answer using ONLY what the context is.Answer the Answer using ONLY that context below: <Tr> <Th> Context: <Td colspan=""2""> Old",0.0,0.0425531914893617,0.0,entailment,1,0.8833516836166382,"Answer the question as best as you can using the context below.If the answer is not explicitly stated, make the best possible inference. If the answer does not explicitly state, make a best possible assumption. If it does not state the answer, make an inference. Example: Example:Example: Example 2:",0.0,0.03703703703703703,0.0,neutral,0,0.473156213760376
68,which city and state hosts the annual college world series,"Omaha, Nebraska",True,"Answer the question using ONLY the context below. If the answer is not contained in the context, say 'I don't know'. If the question is not answered, say ``I don't know'. </P> <P> The following is the list of episodes of Blue Mountain State, an American comedy",0.0,0.0,0.0,entailment,1,0.487478107213974,"Answer the question as best as you can using the context below.If the answer is not explicitly stated, make the best possible inference. If the answer does not explicitly state, make a best possible assumption.Context:Context: Context:Context :Context:context:ContextContext:textContext:Text:Context",0.0,0.0,0.0,entailment,1,0.5428667068481445
69,who is ted talking about in how i met your mother,Tracy McConnell,True,"Answer the question using ONLY the context below. If the answer is not contained in the context, say 'I don't know'.Answer the Question using ONLY The Context below.Answer the Answer using ONLY THE Context below: <Tr> <Th colspan=""2""> Tracy McConnell </Th> </Tr>",0.0,0.0909090909090909,1.0,entailment,1,0.6212438941001892,"Answer the question as best as you can using the context below.If the answer is not explicitly stated, make the best possible inference.Example:Example: Example: Example 2. Example 3. Example 4. Example 5. Example 6. Example 7. Example 8. Example 9. Example 10. Example 11",0.0,0.0,1.0,neutral,0,0.2220718264579773
72,when does grey's anatomy season 14 premiere,"September 28, 2017",True,"Answer the question using ONLY the context below. If the answer is not contained in the context, say 'I don't know'.Answer the answer using ONLY The context below and say 'You don't want to know'. <Tr> <Th colspan=""2""> Grey's Anatomy ( season 14",0.0,0.0,1.0,contradiction,0,0.16977980732917786,"Answer the question as best as you can using the context below. If the answer is explicitly stated, make the best possible inference. If it is not explicitly stated or made the best available inference, make a best possible assumption. If you are not explicitly stating, make that best possible deduction. If not explicitly specified",0.0,0.0,1.0,neutral,0,0.3981698155403137
73,the partial pressure of carbon dioxide in arterial blood is approximately,at sea level (765 mmHg) in arterial blood is between 35 mmHg and 45 mmHg,True,"Answer the question using ONLY the context below. If the answer is not contained in the context, say 'I don't know'. The answer is NOT contained in any context. The answer will be answered using ONLY what is contained in that context.Context: Blood gas tension ( Blood gas ) is a partial pressure",0.0,0.0909090909090909,0.0,entailment,1,0.3691505789756775,"Answer the question as best as you can using the context below.If the answer is not explicitly stated, make the best possible inference. If the answer does not explicitly state the answer, make a best possible assumption. If it is not stated, then make the worst possible inference and make the most possible inference.",0.0,0.057971014492753624,0.0,neutral,0,0.39474424719810486
76,what was uncle jesse's original last name on full house,Cochran,True,"Answer the question using ONLY the context below. If the answer is not contained in the context, say 'I don't know'. The answer is NOT contained in any context. The answer will be the answer to the question below. The Answer is NOT the answer that is contained in ANY context.Context: <",0.0,0.0,0.0,neutral,0,0.2932584285736084,"Answer the question as best as you can using the context below.If the answer is not explicitly stated, make the best possible inference. If the answer does not explicitly state, make a best possible assumption. If it is not stated, then make the worst possible inference and make the most possible inference using the following",0.0,0.0,0.0,entailment,1,0.4849931299686432
78,who pays the judgements on the judge mathis show,Greg Mathis,True,"Answer the question using ONLY the context below. If the answer is not contained in the context, say 'I don't know'.Answer the answer using ONLY The context below:Context:Contexts:Context :Context: Context:ContextContext:context:Context::Context:<Tr> <Th colspan",0.0,0.0,0.0,neutral,0,0.13873127102851868,"Answer the question as best as you can using the context below.If the answer is not explicitly stated, make the best possible inference. If the answer does not explicitly state, make a best possible assumption.Context:Context: Context:Context :Context:context:ContextContext:textContext:TextContext:",0.0,0.0,0.0,neutral,0,0.0873553678393364
79,who made up the elf on the shelf,Chanda Bell,True,"Answer the question using ONLY the context below. If the answer is not contained in the context, say 'I don't know'. The answer is NOT contained in any context. The answer will be answered using ONLY what the answer contains in the Context below.Context: <Tr> <Tr><Td>",0.0,0.0,1.0,contradiction,0,0.2977514863014221,"Answer the question as best as you can using the context below.If the answer is not explicitly stated, make the best possible inference. If the answer does not explicitly state, make a best possible deduction.Context:Context: Context:Context :Context:context:ContextContext:textContext:Text:Context",0.0,0.0,1.0,entailment,1,0.6230027675628662
82,who warned concord that the british were coming,Samuel Prescott,True,"Answer the question using ONLY the context below. If the answer is not contained in the context, say 'I don't know'. The answer is NOT contained in any context. The answer will be used in the following context: The remembrance poppy is an artificial flower that has been used since 1921 to commemorate military personnel",0.0,0.0,1.0,contradiction,0,0.14978951215744019,"Answer the question as best as you can using the context below.If the answer is not explicitly stated, make the best possible inference. If the answer does not explicitly state, make a best possible assumption. If it is not stated, then make the worst possible inference and make the most possible inference. </P",0.0,0.0,1.0,neutral,0,0.2735053300857544
83,who lasted the longest on alone season 2,David McIntyre,True,"Answer the question using ONLY the context below. If the answer is not contained in the context, say 'I don't know'. If the question is not answered, say'I don't know'.Answer the Question using ONLY The Context below.Context: The Context: The context: TheContext:The",0.0,0.0,0.0,neutral,0,0.16180190443992615,"Answer the question as best as you can using the context below.If the answer is not explicitly stated, make the best possible inference. If the answer does not explicitly state the answer, make a best possible statement. If it is explicitly stated in the context, make it the best way you can.Context:",0.0,0.0,0.0,neutral,0,0.32072195410728455
88,where is the us military base in japan,"Yokota Air Base, Fussa, Western Tokyo",True,"Answer the question using ONLY the context below. If the answer is not contained in the context, say 'I don't know'. If the question is not answered, say'I don't know'. </Td> <Tr> <Th> Summary </TD> <Td > Summary </",0.0,0.0,1.0,neutral,0,0.17052115499973297,"Answer the question as best as you can using the context below.If the answer is not explicitly stated, make the best possible inference. If the answer does not explicitly state, make a best possible deduction. If it does not state, then make the worst possible inference and make the most possible inference using the following",0.0,0.0,1.0,entailment,1,0.45732757449150085
89,who determines the size of the supreme court,Congress,True,"Answer the question using ONLY the context below. If the answer is not contained in the context, say 'I don't know'. </Tr> <Tr> </Tr><Tr> {Context: <Tr><Td> <Td><Tr><Dl> <Dd> All members </",0.0,0.0,1.0,neutral,0,0.03203222155570984,"Answer the question as best as you can using the context below.If the answer is not explicitly stated, make the best possible inference.Example:Example: Example: Example of the following: Example Example:Example of the above: ExampleExample: <Tr> <Tr > <Th> All members </Th",0.0,0.0,1.0,neutral,0,0.19819509983062744
90,who is the actor that plays lucifer on tv,Thomas John Ellis,True,"Answer the question using ONLY the context below. If the answer is not contained in the context, say 'I don't know'. If the question is not answered, say it is not in the Context below.Context:Context:The answer is NOT contained in The Context below:<P> Lucifer is an",0.0,0.0,0.0,contradiction,0,0.21004576981067657,"Answer the question as best as you can using the context below.If the answer is not explicitly stated, make the best possible inference. If the answer does not explicitly state the answer, make a best possible assumption.Context:Context:The answer is explicitly stated.Contexts:ContextsContext:Include",0.0,0.0,0.0,contradiction,0,0.2301841378211975
96,who designed the national coat of arms of south africa,Iaan Bekker,True,"Answer the question using ONLY the context below. If the answer is not contained in the context, say 'I don't know'. The answer is NOT contained in any context. The answer IS NOT contained IN THE context below, say'I don't know'.Context:Context: Context:Context :Context",0.0,0.0,0.0,entailment,1,0.7026442289352417,"Answer the question as best as you can using the context below.If the answer is not explicitly stated, make the best possible inference.Example:Example:Context:Context :Context: Context:Context::Context:Example :Context:: Context: Context.Context:context:Context.Context. Context:context",0.0,0.0,0.0,neutral,0,0.22847022116184235
98,when does model code of conduct come into force,immediately on announcement of the election schedule by the commission,True,"Answer the question using ONLY the context below. If the answer is not contained in the context, say 'I don't know'. The answer is NOT contained in any context. The answer will be answered using ONLY a context below, and the answer will NOT be contained in a context.Context:Context:Example",0.0,0.06779661016949151,0.0,entailment,1,0.37075406312942505,"Answer the question as best as you can using the context below. If the answer is explicitly stated, make the best possible inference. If it is not explicitly stated in the context, make a best possible deduction. Example: Example:Example: Example 2. Example 3. Example 2: Example 3: Example 4",0.0,0.06779661016949151,0.0,entailment,1,0.5122448801994324
111,when did now thats what i call music come out,28 November 1983,True,"Answer the question using ONLY the context below. If the answer is not contained in the context, say 'I don't know'. The answer is NOT contained in any context. The answer will be the following: Context: ContextContext: Context Context:Context:ContextContext:contextContext:<Tr> <",0.0,0.0,0.0,contradiction,0,0.051940131932497025,"Answer the question as best as you can using the context below.If the answer is not explicitly stated, make the best possible inference. If the answer does not explicitly state, make a best possible assumption.Context:Context:<Tr> <Th colspan=""2""> I Know What You Did Last Summer",0.0,0.0,0.0,neutral,0,0.4029509425163269
113,where is the 2018 grey cup being played,"The Brick Field at Commonwealth Stadium in Edmonton, Alberta",True,"Answer the question using ONLY the context below. If the answer is not contained in the context, say 'I don't know'. The answer is NOT contained in any context. The answer will be the answer that is not included in the Context below. The Answer: ""I don’t know"". The",0.0,0.06896551724137931,0.0,contradiction,0,0.16443929076194763,"Answer the question as best as you can using the context below.If the answer is not explicitly stated, make the best possible inference. If the answer does not explicitly state the answer, make a best possible statement. If it is explicitly stated in the context, make it the best way you can.Context:",0.0,0.0655737704918033,0.0,entailment,1,0.4881354570388794
116,where did the band bastille get their name,Bastille Day,True,"Answer the question using ONLY the context below. If the answer is not contained in the context, say 'I don't know'. The answer is the following: <Table> <Table><Table> </Table> <!--Context: The context below is the context of the question. </Table><P> <",0.0,0.0,0.0,neutral,0,0.006496855989098549,"Answer the question as best as you can using the context below. If the answer is explicitly stated, make the best possible inference. If it is not explicitly stated in the context, make a best possible deduction. If you are not explicitly stating the answer, make that best possible conclusion. </P> <Table",0.0,0.0,0.0,neutral,0,0.005886128172278404
117,where is arkansas river located on a map,"The Arkansas River flows through Colorado, Kansas, Oklahoma, and Arkansas, and its watershed also drains parts of Texas, New Mexico and Missouri.",True,"Answer the question using ONLY the context below. If the answer is not contained in the context, say 'I don't know'.Answer the answer using ONLY what the context is.Answer the context using ONLY that context below: Cedar RiverContext: Cedar CreekContext: Iowa RiverContexts: Cedar RapidsContext:",0.0,0.030303030303030307,1.0,entailment,1,0.6834926605224609,"Answer the question as best as you can using the context below.If the answer is not explicitly stated, make the best possible inference. If the answer does not explicitly state, make a best possible statement. If it is explicitly stated that the answer was not explicitly specified, make that best possible implication. If not",0.0,0.02631578947368421,1.0,entailment,1,0.5107787251472473
118,who plays nicholas in the princess diaries 2,Chris Pine,True,"Answer the question using ONLY the context below. If the answer is not contained in the context, say 'I don't know'. The answer is NOT contained in any context. The answer will be used in the following context:Context:Context :Context: Context:Contexts:ContextContext:context:Context",0.0,0.0,0.0,neutral,0,0.006715503986924887,"Answer the question as best as you can using the context below.If the answer is not explicitly stated, make the best possible inference. If the answer does not explicitly state, make a best possible deduction.Context:Context: Context:Context :Context:context:Contexts:ContextContext:textContext:",0.0,0.0,0.0,neutral,0,0.009904044680297375
122,the p-wave phase of an electrocardiogram (ecg) represents,atrial depolarization,True,"Answer the question using ONLY the context below. If the answer is not contained in the context, say 'I don't know'. The answer is NOT contained in any context. The answer will be used in the following context:Context:Context :Context: Context:Contexts:ContextContext:context:Context",0.0,0.0,1.0,contradiction,0,0.07128284126520157,"Answer the question as best as you can using the context below. If the answer is explicitly stated, make the best possible inference. If it is explicitly said, make a best possible decision.Context:Context:The diagram is created circa 1910 by Ejnar Hertzsprung and Henry Norris Russell and represents",0.0,0.0,1.0,contradiction,0,0.1521572470664978
123,when did star trek the next generation first air,"September 28, 1987",True,"Answer the question using ONLY the context below. If the answer is not contained in the context, say 'I don't know'.Answer the answer using ONLY The context below and say 'You don't want to know'. <Tr> <Tr><Tr> </Tr> <!--Th colspan=""2"">",0.0,0.0,1.0,contradiction,0,0.11302227526903152,"Answer the question as best as you can using the context below. If the answer is explicitly stated, make the best possible inference. If it is not explicitly stated by the answer, make a best possible statement. If you are not explicitly stating, make your best possible interpretation. If not explicitly specified, make it",0.0,0.0,1.0,neutral,0,0.482784628868103
132,who sang the most wonderful summer of my life,Jackie Ward,True,"Answer the question using ONLY the context below. If the answer is not contained in the context, say 'I don't know'.Answer the Question using ONLY The Context below.Context: <Tr> <Tr><Td colspan=""2""> `` The Summer of the Beautiful White Horse '' is a short",0.0,0.0,0.0,entailment,1,0.9110773205757141,"Answer the question as best as you can using the context below. If the answer is explicitly stated, make the best possible inference. If it is not explicitly stated in the context, make it the best way inference. The answer is not explicit stated, but make the worst possible inference using the following context: The",0.0,0.0,0.0,contradiction,0,0.0467415452003479
137,how many oscars did on golden pond win,three,True,"Answer the question using ONLY the context below. If the answer is not contained in the context, say 'I don't know'.Answer the answer using ONLY THE context below: <Tr> <Th> The context below is the context. <Tr><Tr> The Context: The Context below is The Context",0.0,0.0,1.0,neutral,0,0.4150925576686859,"Answer the question as best as you can using the context below. If the answer is explicitly stated, make the best possible inference. If it is not explicitly stated in the context, make it the best way inference. Example: Example:Example: Example 2. Example 3. Example 4. Example 2: Example",0.0,0.0,1.0,contradiction,0,0.15047787129878998
139,who won season 4 of america's got talent,Kevin Skinner,True,"Answer the question using ONLY the context below. If the answer is not contained in the context, say 'I don't know'. Answer the question with ONLY the Context below. Answer the answer using ONLY The context below and say 'You don't want to know'. <Tr> <Th colspan=""2",0.0,0.0,1.0,contradiction,0,0.2915547788143158,"Answer the question as best as you can using the context below. If the answer is explicitly stated, make the best possible inference. If it is not explicitly stated then make the worst possible inference, make a best possible deduction. If you are not explicitly stating, make that best possible conclusion.Context: <Tr",0.0,0.0,1.0,neutral,0,0.38794243335723877
140,how many episodes on queen of the south season 1,13,True,"Answer the question using ONLY the context below. If the answer is not contained in the context, say 'I don't know'. If the question is not answered, say it is not in the Context below.Answer the Question using ONLY The Context below:Context:Contexts:ContextContext:The Context:",0.0,0.0,1.0,entailment,1,0.665397047996521,"Answer the question as best as you can using the context below.If the answer is not explicitly stated, make the best possible inference. If the answer does not explicitly state the answer, make a best possible assumption.Context:Context: Context:Context :Context:context:ContextContext:Example:Contexts",0.0,0.0,1.0,entailment,1,0.5745459198951721
143,who is the existing prime minister of pakistan,Imran Khan,True,"Answer the question using ONLY the context below. If the answer is not contained in the context, say 'I don't know'. If the question is not answered using ONLY that context, then say 'Yes, I don't want to know'. </P> <P>Context: The Prime Minister of India",0.0,0.0,0.0,neutral,0,0.40684977173805237,"Answer the question as best as you can using the context below.If the answer is not explicitly stated, make the best possible inference. If the answer does not explicitly state, make a best possible conclusion. If it is not stated, then make the worst possible inference and make the most possible inference using the best",0.0,0.0,0.0,neutral,0,0.46594101190567017
144,who is known as the father of texas,Stephen Fuller Austin,True,"Answer the question using ONLY the context below. If the answer is not contained in the context, say 'I don't know'. The answer is NOT contained in any context. The answer will be used only in the following context:Context:Contexts:Context :Context: Context:ContextContext:context:",0.0,0.0,1.0,contradiction,0,0.16107992827892303,"Answer the question as best as you can using the context below.If the answer is not explicitly stated, make the best possible inference. If the answer does not explicitly state, make a best possible assumption. If it is not stated, then make the worst possible inference and make the most possible inference using the following",0.0,0.0,1.0,entailment,1,0.5261701345443726
146,what is the orange stuff on my sushi,tobiko,True,"Answer the question using ONLY the context below. If the answer is not contained in the context, say 'I don't know'.Answer the answer using ONLY what is contained in that context.Answer the Question using ONLY ( ONLY the Context below).Context: <Tr> <Tr><Tr> (Th col",0.0,0.0,0.0,entailment,1,0.8336816430091858,"Answer the question as best as you can using the context below. If the answer is explicitly stated, make the best possible inference. If it is not explicitly stated in the context, make it the best way inference. Example: Example:Example: Example 2: Example 3: Example 4: Example 5: Example",0.0,0.0,0.0,contradiction,0,0.13546837866306305
149,when did nsw last won a state of origin series,2018,True,"Answer the question using ONLY the context below. If the answer is not contained in the context, say 'I don't know'.Answer the Question using ONLY The Context below.Answer the Answer using ONLY THE Context below: <Tr> <Tr><Td colspan=""2""> Current season or competition :",0.0,0.0,1.0,entailment,1,0.573272168636322,"Answer the question as best as you can using the context below.If the answer is not explicitly stated, make the best possible inference. If the answer does not explicitly state the answer, make a best possible deduction. If it does not clearly state the question, make it explicitly stated.Context:<Tr>",0.0,0.0,1.0,neutral,0,0.43419578671455383
150,when does life is strange before the storm part 2,October 2017,True,"Answer the question using ONLY the context below. If the answer is not contained in the context, say 'I don't know'.Answer the answer using ONLY a context below, say'I don' know'. <Tr> <Th> SummaryContext: <Tr><Tr> </Th> <Td",0.0,0.0,1.0,entailment,1,0.7202958464622498,"Answer the question as best as you can using the context below. If the answer is explicitly stated, make the best possible inference. If it is not explicitly stated in the context, make it the best way inference. Example: Example:Example: Example 2. Example 3. Example 4. Example 2: Example",0.0,0.0,1.0,contradiction,0,0.21767455339431763
152,where is sodom and gomorrah located in the bible,on the Jordan River plain in the southern region of the land of Canaan,True,"Answer the question using ONLY the context below. If the answer is not contained in the context, say 'I don't know'. The answer is NOT contained in any context. The answer will be the answer to the question. The question will be answered using ONLY what the context is. The context is the context",0.0,0.11764705882352941,1.0,entailment,1,0.49793893098831177,"Answer the question as best as you can using the context below.If the answer is not explicitly stated, make the best possible inference. If the answer does not explicitly state the answer, make a best possible assumption.Context:Context:The Bible, the Quran, the Hadith, the hadith, and",0.0,0.10169491525423728,1.0,entailment,1,0.572824239730835
154,when did the xbox 360 slim come out,in 2010,True,"Answer the question using ONLY the context below. If the answer is not contained in the context, say 'I don't know'. </P> <Table> Xbox 360 <Tr> <Td colspan=""2""> </Td> </Tr> </TD> <Tr><Tr><",0.0,0.058823529411764705,0.0,contradiction,0,0.0333939790725708,"Answer the question as best as you can using the context below.If the answer is not explicitly stated, make the best possible inference.Example:Example: Example: Example of Example:Example of Example Example:Context: Example Example ExampleExample:Context : Example ExampleContext:Example Example Example Context: ExampleExample",0.0,0.0,0.0,neutral,0,0.17806217074394226
166,who spread the theory that one is a product of the mind and body,René Descartes,True,"Answer the question using ONLY the context below. If the answer is not contained in the context, say 'I don't know'. The question is not answered using ONLY that context. The question has been answered using only the context above. The answer is NOT contained in any context below, but the answer has been",0.0,0.0,1.0,contradiction,0,0.041159488260746,"Answer the question as best as you can using the context below.If the answer is not explicitly stated, make the best possible inference.Example: The MBTIContext: The Brain -- Body ProblemContext:The Brain -- Brain ProblemContext : The Brain - Body Problem Context: The Mind -- BodyProblemContext:",0.0,0.0,1.0,neutral,0,0.2591046392917633
168,how many goals scored ronaldo in his career,over 670,True,"Answer the question using ONLY the context below. If the answer is not contained in the context, say 'I don't know'. The answer is NOT contained in any context. The answer will be the same as the answer in the previous question. </P> <P> The following is a list of the",0.0,0.0,0.0,contradiction,0,0.022472647950053215,"Answer the question as best as you can using the context below.If the answer is not explicitly stated, make the best possible inference. If the answer does not explicitly state, make a best possible deduction.Context:1.1.2.3.3Context:2.1-3.4.",0.0,0.0,0.0,neutral,0,0.16291306912899017
176,who played tess on touched by an angel,"Delloreese Patricia Early (July 6, 1931 – November 19, 2017), known professionally as Della Reese",True,"Answer the question using ONLY the context below. If the answer is not contained in the context, say 'I don't know'. The answer is also contained in a context that is not in the original context.Context:Context:The following is a list of episodes from Genesis ( 32 : 22 - 32 ;",0.0,0.0,0.0,neutral,0,0.0267062708735466,"Answer the question as best as you can using the context below.If the answer is not explicitly stated, make the best possible inference. If the answer does not explicitly state, make a best possible deduction.Context:Context:The following is a list of the following episodes from Genesis ( 32 : 22 - 32",0.0,0.03225806451612903,0.0,neutral,0,0.056450605392456055
178,when did the hornets move to new orleans,2002–03 season,True,"Answer the question using ONLY the context below. If the answer is not contained in the context, say 'I don't know'.Answer the answer using ONLY THE context below and say 'You don't want to know'. <Tr> <Th> Name </Th> <Td> New Orleans Pelicans </",0.0,0.0,0.0,contradiction,0,0.17360742390155792,"Answer the question as best as you can using the context below.Answer the answer as best possible inference.If the answer is not explicitly stated, make the best possible statement.Answer The Question as best and as best (if the answer was explicitly stated) using the Context below.Context:Context: Context:",0.0,0.0,0.0,entailment,1,0.5735366344451904
186,fish appeared in the fossil record during the,the Cambrian explosion,True,"Answer the question using ONLY the context below. If the answer is not contained in the context, say 'I don't know'. </Td> </Tr> <Tr> </Tdr> <Td > <Tr><Tr> ( unranked ) </TD> <Table> <Th",0.0,0.0588235294117647,0.0,neutral,0,0.04066413268446922,"Answer the question as best as you can using the context below. If the answer is explicitly stated, make the best possible inference. If it is not explicitly stated then make the worst possible inference and make the most possible inference using the following context: <Tr> <Tr><Td> <Td><",0.0,0.0392156862745098,0.0,entailment,1,0.4205496907234192
190,who died from the band faith no more,singer Chuck Mosley,True,"Answer the question using ONLY the context below. If the answer is not contained in the context, say 'I don't know'.Answer the answer using ONLY what the context is.Answer the context using ONLY that context below: <Tr> <Th> <Tr><Th colspan=""2""> </Th",0.0,0.0,0.0,entailment,1,0.9131386876106262,"Answer the question as best as you can using the context below. If the answer is explicitly stated, make the best possible inference. If it is not explicitly stated in the context, make it the best way inference. <Tr> <Th> The Context </Th> <Tr><Tr> The context below",0.0,0.0,0.0,neutral,0,0.1922588050365448
193,who signed the gun control act of 1968,President Lyndon B. Johnson,True,"Answer the question using ONLY the context below. If the answer is not contained in the context, say 'I don't know'.Answer the Question using ONLY The Context below.Answer the Answer using ONLY THE Context below:Context:Context :Context: Context:Contexts:ContextContext:context:Context<",0.0,0.0,1.0,entailment,1,0.4851222038269043,"Answer the question as best as you can using the context below.If the answer is not explicitly stated, make the best possible inference. If the answer does not explicitly state, make a best possible deduction. If it does not state the answer, make it as best possible conclusion.Context: <Tr> <",0.0,0.0,1.0,entailment,1,0.5392739176750183
195,where do frankenstein and the monster first meet,the mountains,True,"Answer the question using ONLY the context below. If the answer is not contained in the context, say 'I don't know'. The answer is NOT contained in any context. The answer may be omitted if the context is not included in the question. The Answer: <P> <P><Context: <",0.0,0.04081632653061224,0.0,contradiction,0,0.06980863213539124,"Answer the question as best as you can using the context below. If the answer is explicitly stated, make the best possible inference. If it is not explicitly stated in the context, make a best possible deduction. If you are not explicitly stating, make your best possible conclusion.Context:Context:Background:Context",0.0,0.039999999999999994,0.0,neutral,0,0.24747052788734436
196,the human tendency to mimic other people’s behavior is an example of,Mirroring,True,"Answer the question using ONLY the context below. If the answer is not contained in the context, say 'I don't know'. The answer is NOT contained in any context. The answer will be used in the following context: The Black DeathContext: The History of the Black Death Context: The history of the",0.0,0.0,0.0,contradiction,0,0.022759651765227318,"Answer the question as best as you can using the context below. If the answer is explicitly stated, make the best possible inference. If it is not explicitly stated in the context, make a best possible assumption.Context:Context:Background:Contexts:Context :Context:History:ContextContext: Context:",0.0,0.0,0.0,neutral,0,0.2243078500032425
197,when does season five of the killing come out,a fourth season consisting of six episodes to conclude the series,True,"Answer the question using ONLY the context below. If the answer is not contained in the context, say 'I don't know'. The answer is NOT contained in any context. The answer will be used in the following context:Context:Contexts:Context :Context: Context:ContextualContext:context:",0.0,0.03921568627450981,0.0,contradiction,0,0.07188127934932709,"Answer the question as best as you can using the context below.If the answer is not explicitly stated, make the best possible inference. If the answer does not explicitly state, make a best possible conclusion.Context:Context: Context: Context : Context:Context : Context :Context: context: Context <P",0.0,0.07407407407407407,0.0,neutral,0,0.4740039110183716
199,how is the head of the church of england,the monarch is the supreme governor,True,"Answer the question using ONLY the context below. If the answer is not contained in the context, say 'I don't know'. If the question is not answered, say it is not in the Context below. The answer is NOT contained in any context. The question is NOT in thecontext below. It is",0.0,0.10344827586206896,0.0,neutral,0,0.035895317792892456,"Answer the question as best as you can using the context below. If the answer is explicitly stated, make the best possible inference. If it is not explicitly stated, make the worst possible inference and make the most possible inference using the following context: Context: Context : Context:Context: ContextContext:Context :",0.0,0.1111111111111111,0.0,neutral,0,0.04823140799999237
205,how to remove a methyl group from benzene,replacement of a methyl group by a hydrogen atom,True,"Answer the question using ONLY the context below. If the answer is not contained in the context, say 'I don't know'. The answer is NOT contained in any context. The answer IS NOT contained IN THE context below: <P> <P><Context: <Td> <TD> <",0.0,0.0,1.0,entailment,1,0.44578835368156433,"Answer the question as best as you can using the context below.If the answer is not explicitly stated, make the best possible inference. If the answer does not explicitly state, make a best possible deduction. If it does not clearly state the answer, make it the best inference.Context: <P> <",0.0,0.034482758620689655,1.0,entailment,1,0.5553425550460815
207,what does a nose ring mean in india,"a mark of beauty and social standing as well as a Hindu's honor to Parvati, the goddess of marriage",True,"Answer the question using ONLY the context below. If the answer is not contained in the context, say 'I don't know'. The answer is the answer that is contained in that context. The answer that the answer does not contain in the Context is the following:Context:Contexts:Context :Context:",0.0,0.030303030303030304,0.0,neutral,0,0.14361031353473663,"Answer the question as best as you can using the context below.If the answer is not explicitly stated, make the best possible inference. If the answer does not explicitly state, make a best possible deduction.Context:Context:Root - finding algorithms for solving continuous functions.Context :Context:The root - finding",0.0,0.12698412698412698,0.0,neutral,0,0.37096285820007324
209,the cuban missile crisis began in 1962 when which country placed nuclear missiles in cuba,Soviet Union,True,"Answer the question using ONLY the context below. If the answer is not contained in the context, say 'I don't know'.Answer the answer using ONLY The context below and say 'You don't want to know'. Answer the question with ONLY the Context below.Answer the Question using ONLY THE Context below and",0.0,0.0,1.0,entailment,1,0.46803343296051025,"Answer the question as best as you can using the context below. If the answer is explicitly stated, make the best possible inference. If it is not explicitly stated in the context, make it the best way inference. Example: Example:Example: Example 2. Example 3. Example 4. Example 2: Example",0.0,0.0,1.0,neutral,0,0.2529639005661011
212,when did fasb codification become authoritative u.s. gaap,"after September 15, 2009",True,"Answer the question using ONLY the context below. If the answer is not contained in the context, say 'I don't know'. The answer is NOT contained in any context. The answer will be answered using ONLY what the context is. </P> <P>Context: The earlier Ordinance of 1784",0.0,0.0,0.0,neutral,0,0.3896084427833557,"Answer the question as best as you can using the context below.If the answer is not explicitly stated, make the best possible inference. If the answer does not explicitly state, make a best possible deduction. If it is not stated, use the best available inference.Context:Context:History:History of the",0.0,0.0,0.0,entailment,1,0.5028297305107117
213,who plays frank in f is for family,Bill Burr,True,"Answer the question using ONLY the context below. If the answer is not contained in the context, say 'I don't know'. The answer is NOT contained in any context. The answer will be used in the following context: The answer to the question is not included in the Context below. The Answer is NOT",0.0,0.0,0.0,neutral,0,0.07497194409370422,"Answer the question as best as you can using the context below.If the answer is not explicitly stated, make the best possible inference. If the answer does not explicitly state, make a best possible assumption. If it is not stated, then make the worst possible inference and make the most possible inference. </P",0.0,0.0,0.0,neutral,0,0.19428761303424835
216,android operating system was acquired by google in,July 2005,True,"Answer the question using ONLY the context below. If the answer is not contained in the context, say 'I don't know'.Answer the answer using ONLY a context below: <Tr> <Th> Context: Context:Context:Context :Context: Context :Context : Context:context:Context>Context",0.0,0.0,0.0,entailment,1,0.4870148003101349,"Answer the question as best as you can using the context below.If the answer is not explicitly stated, make the best possible inference.Example:Example:Context:Context :Context: Context:Context::Context:ExampleContext:<Table> Android <Tr> <Td colspan=""2""> </",0.0,0.0,0.0,neutral,0,0.21097712218761444
217,where does the flexor digitorum superficialis distally attach,The tendons attach to the anterior margins on the bases of the intermediate phalanges of the four fingers. These tendons have a split (Camper's Chiasm) at the end of them through which the tendons of flexor digitorum profundus pass.,True,"Answer the question using ONLY the context below. If the answer is not contained in the context, say 'I don't know'. <Tr> <Th> Context: Context:Context:Context :Context: Context <Tr><Tr> {Tr> </Th> <Tr > <Th colspan=""",0.0,0.1111111111111111,0.0,neutral,0,0.03363731503486633,"Answer the question as best as you can using the context below. If the answer is explicitly stated, make the best possible inference. If it is not explicitly stated in the context, make a best possible deduction. Example: Example:Example: Example 2. Example 3. Example 4. Example 2: Example 3",0.0,0.13636363636363635,0.0,entailment,1,0.49169328808784485
219,who played daniel in the bible mini series,Jake Canuso,True,"Answer the question using ONLY the context below. If the answer is not contained in the context, say 'I don't know'.Answer the Question using ONLY The Context below.Answer the Answer using ONLYThe Context:Context:Contexts:Context :Context:The Show:The Mikaelson Family and Original",0.0,0.0,0.0,entailment,1,0.5995775461196899,"Answer the question as best as you can using the context below.If the answer is not explicitly stated, make the best possible inference. If the answer does not explicitly state, make a best possible assumption.Context: The Mikaelson Family and Original Vampire Family ( CBBC Children's Drama Series) -",0.0,0.0,0.0,entailment,1,0.5235962867736816
221,what does the star on the ghana flag mean,"adopted from the flag of the Black Star Line, a shipping line incorporated by Marcus Garvey that operated from 1919 to 1922",True,"Answer the question using ONLY the context below. If the answer is not contained in the context, say 'I don't know'.Answer the answer using ONLY The context below and say 'You don't want to know'.Context:Context: Context:Context :Context:context:Context::Context:text:",0.0,0.10169491525423728,0.0,contradiction,0,0.12354448437690735,"Answer the question as best as you can using the context below.If the answer is not explicitly stated, make the best possible inference.Example:Context:Context :Context: Context:Context::Context:context:ContextContext:Example: ContextContext:textContext:Text:Context<Context:BackgroundContext",0.0,0.08333333333333334,0.0,neutral,0,0.2582123875617981
222,when is the last movie of divergent coming out,TBA,True,"Answer the question using ONLY the context below. If the answer is not contained in the context, say 'I don't know'. </P> <P> The 900 is a 21⁄2 - revolution ( 900 degrees ) aerial spin performed on a skateboard ramp. While airborne, the skateboarder",0.0,0.0,1.0,neutral,0,0.032776035368442535,"Answer the question as best as you can using the context below. If the answer is explicitly stated, make the best possible inference. If it is not explicitly stated, make the worst possible inference by using the following context:Context:Context :Context:The 900 is a variation of the 900, which is a",0.0,0.0,1.0,neutral,0,0.46525824069976807
223,the former peterlee campus of east durham college,East Durham & Houghall Community College,True,"Answer the question using ONLY the context below. If the answer is not contained in the context, say 'I don't know'.Answer the Question using ONLY The Context below.Answer the Answer using ONLY THE Context below: <Td> <Tr> <Th> Former names </Th> <TD",0.0,0.0,0.0,entailment,1,0.5626798868179321,"Answer the question as best as you can using the context below. If the answer is explicitly stated, make the best possible inference. If it is not explicitly stated in the context, make it the best way inference. Example: Example:Example: Example 2Context: Example 3Context:Example 2Context : Example",0.0,0.0,0.0,contradiction,0,0.15928702056407928
225,the amount of light reflected from the front surface of common window glass is about,about 4% per surface,True,"Answer the question using ONLY the context below. If the answer is not contained in the context, say 'I don't know'. The answer is the answer to the question that is not in the Context below. The answer to this question is the following:Context: Weather Maps and Weather Maps (Context: Earth",0.0,0.0,0.0,contradiction,0,0.17492938041687012,"Answer the question as best as you can using the context below.If the answer is not explicitly stated, make the best possible inference. If the answer does not explicitly state, make a best possible assumption. If it is explicitly stated, make the worst possible inference possible.Context: Cold Fronts and Cold Front",0.0,0.0,0.0,entailment,1,0.5161516666412354
227,how many cm is a 24 inch tv,61,True,"Answer the question using ONLY the context below. If the answer is not contained in the context, say 'I don't know'. The answer is NOT contained in any context. The answer will be used in the following context: <Table> <Table: <P> <P><Table> </Table>",0.0,0.0,1.0,contradiction,0,0.07477633655071259,"Answer the question as best as you can using the context below. If the answer is explicitly stated, make the best possible inference. If it is not explicitly stated, make the worst possible inference and make the most possible inference using the following context: <Table> <Table: <P> <P><Table",0.0,0.0,1.0,entailment,1,0.4956466853618622
233,where was the walking dead season 7 filmed,Georgia,True,"Answer the question using ONLY the context below. If the answer is not contained in the context, say 'I don't know'.Answer the answer using ONLY The context below and say 'No. of episodes </Td> </Tr> <Tr> </Th> <Th colspan=""2""> The",0.0,0.0,1.0,neutral,0,0.1353204846382141,"Answer the question as best as you can using the context below. If the answer is explicitly stated, make the best possible inference. If it is not explicitly stated then make the worst possible inference, make a best possible assumption. If you are not explicitly stating, make that best possible deduction. If not explicitly specified",0.0,0.0,1.0,neutral,0,0.33864885568618774
236,who plays male lead in far from the madding crowd,Carey Mulligan,True,"Answer the question using ONLY the context below. If the answer is not contained in the context, say 'I don't know'.Answer the Question using ONLY The Context below.Answer the Answer using ONLY THE Context below: <Tr> <Th> <Td colspan=""2""> Far from the Madd",0.0,0.0,1.0,entailment,1,0.44097578525543213,"Answer the question as best as you can using the context below. If the answer is explicitly stated, make the best possible inference. If it is not explicitly stated in the context, make it the best way inference. Example: Example:Example: Example 2. Example 3. Example 4. Example 2: Example",0.0,0.0,1.0,contradiction,0,0.13722197711467743
241,who is in the cast of the handmaid's tale,Elisabeth Moss,True,"Answer the question using ONLY the context below. If the answer is not contained in the context, say 'I don't know'. The answer is NOT contained in any context. The answer will be the same as the answer in the previous question.Context:<Tr> <Tr><Tr><Tr>",0.0,0.0,1.0,neutral,0,0.004941665101796389,"Answer the question as best as you can using the context below.If the answer is not explicitly stated, make the best possible inference. If the answer does not explicitly state the answer, make a best possible assumption.Context:Context:<Tr> <Th colspan=""2""> The Handmaid's",0.0,0.0,1.0,neutral,0,0.011230452917516232
242,who owned the first casino in las vegas,local Las Vegas business owners,True,"Answer the question using ONLY the context below. If the answer is not contained in the context, say 'I don't know'.Answer the Question using ONLY The Context below.Answer the Answer using ONLYThe Context:Context:Context :Context: Context: Context :Context : Context: Subject: Context.Context",0.0,0.0,0.0,entailment,1,0.6623765826225281,"Answer the question as best as you can using the context below.If the answer is not explicitly stated, make the best possible inference. If the answer does not explicitly state, make a best possible statement. If it does not clearly state, then make the worst possible inference and make the most possible inference using the",0.0,0.0,0.0,entailment,1,0.5523903369903564
244,who is the lead singer of portugal the man,John Baldwin Gourley,True,"Answer the question using ONLY the context below. If the answer is not contained in the context, say 'I don't know'. If the question is not answered, say it is not in the Context below. The answer is NOT contained in any context. The question is NOT in theContext: The answer to",0.0,0.0,1.0,contradiction,0,0.11283937841653824,"Answer the question as best as you can using the context below.If the answer is not explicitly stated, make the best possible inference. If the answer does not explicitly state, make a best possible deduction. If it is not stated, then make the worst possible inference and make the most possible inference using the following",0.0,0.0,1.0,neutral,0,0.19088369607925415
253,who does billy russo become on the punisher,Jigsaw,True,"Answer the question using ONLY the context below. If the answer is not contained in the context, say 'I don't know'.Answer the answer using ONLY The context below and say 'You don't want to know'. Answer the question with ONLY the answer below. Answer the answer with ONLY The Context below.",0.0,0.0,1.0,neutral,0,0.3897097408771515,"Answer the question as best as you can using the context below.If the answer is not explicitly stated, make the best possible inference. If the answer does not explicitly state, make a best possible conclusion. If it does not clearly state, then make the worst possible inference and make the most possible inference. </",0.0,0.0,1.0,neutral,0,0.45372524857521057
255,who was the founder of chick fil a,S. Truett Cathy,True,"Answer the question using ONLY the context below. If the answer is not contained in the context, say 'I don't know'. The answer is NOT contained in any context. The answer will be used in the following context: Context: Context : Context:Context: Context <P> <P><<P",0.0,0.0,0.0,contradiction,0,0.05395858734846115,"Answer the question as best as you can using the context below.If the answer is not explicitly stated, make the best possible inference. If the answer does not explicitly state, make a best possible assumption.Context: <P> <P><P><P> Wild grains were collected and eaten from at",0.0,0.0,0.0,neutral,0,0.42570677399635315
256,when was asbestos first found to be dangerous,began with the 20th century and escalated during the 1920s and 1930s,True,"Answer the question using ONLY the context below. If the answer is not contained in the context, say 'I don't know'. The answer is NOT contained in any context. The answer will be found in the following context: Context: Context : Context:Context: Context <Tr> <Th colspan=""",0.0,0.07017543859649122,0.0,contradiction,0,0.015459133312106133,"Answer the question as best as you can using the context below.If the answer is not explicitly stated, make the best possible inference. If the answer does not explicitly state, make a best possible assumption. If it is explicitly stated that the answer was not explicitly specified, make that best possible conclusion. Example:",0.0,0.06153846153846154,0.0,neutral,0,0.25416019558906555
257,where is the black box located on an airplane,usually mounted in the aircraft's tail section,True,"Answer the question using ONLY the context below. If the answer is not contained in the context, say 'I don't know'.Answer the answer using ONLY what the context is.Answer the Question using ONLY that context below:Context: Cedar River - Cedar River ( Cedar River ) - Cedar Rapids, Iowa (",0.0,0.07692307692307693,0.0,entailment,1,0.4105459451675415,"Answer the question as best as you can using the context below.If the answer is not explicitly stated, make the best possible inference. If the answer does not explicitly state, make a best possible deduction. If it is explicitly stated that the answer was not explicitly specified, make that best possible conclusion. The following",0.0,0.03278688524590164,0.0,neutral,0,0.3650783598423004
267,when did the brewers go to national league,1998,True,"Answer the question using ONLY the context below. If the answer is not contained in the context, say 'I don't know'.Answer the Question using ONLY The context below and say 'What is the context?'.Answer The Question using Only the Context below. <Tr> <Th colspan=""2"">",0.0,0.0,1.0,contradiction,0,0.1367420256137848,"Answer the question as best as you can using the context below. If the answer is explicitly stated, make the best possible inference. If it is not explicitly stated then make the worst possible inference, make a best possible deduction. Example: Example:Example: Example 2. Example 3. Example 4. Example 2",0.0,0.0,1.0,contradiction,0,0.12672539055347443
268,who are the songwriters for the greatest showman,Benj Pasek,True,"Answer the question using ONLY the context below. If the answer is not contained in the context, say 'I don't know'. The answer is NOT contained in any context. The answer will be answered using ONLY what is contained in that context.Context:<Tr> <Tr><Th colspan=""",0.0,0.0,0.0,contradiction,0,0.24862472712993622,"Answer the question as best as you can using the context below.If the answer is not explicitly stated, make the best possible inference. If the answer does not explicitly state, make a best possible deduction. If it is not stated, then make the worst possible inference and make the most possible inference. </Tr",0.0,0.0,0.0,neutral,0,0.3097188174724579
269,who plays dylan in now you see me,Mark Ruffalo,True,"Answer the question using ONLY the context below. If the answer is not contained in the context, say 'I don't know'. Answer the question with ONLY the Context below. Answer the answer using ONLY The Context below: <Tr> <Tr><Tr> </Tr> > <Tr > <Th col",0.0,0.0,0.0,entailment,1,0.6626731157302856,"Answer the question as best as you can using the context below. If the answer is explicitly stated, make the best possible inference. If it is not explicitly stated in the context, make it the best way inference. Example: Example:Example: Example 2: Example 3: Example 4: Example 5: Example",0.0,0.0,0.0,contradiction,0,0.1560930609703064
270,where was the ark of the covenant taken,Kiriath-Jearim,True,"Answer the question using ONLY the context below. If the answer is not contained in the context, say 'I don't know'. The answer is NOT contained in any context below, say ``I don't know'. </P> <P> The Hebrew Bible states that the Ark of the Covenant was a",0.0,0.0,0.0,contradiction,0,0.3071497082710266,"Answer the question as best as you can using the context below.If the answer is not explicitly stated, make the best possible inference. If the answer does not explicitly state, make a best possible assumption.Context:Context: Context: Context : Context:Context : Context :Context: context: ContextContext:",0.0,0.0,0.0,entailment,1,0.4973061680793762
271,harrow on the hill height above sea level,124 metres (408 ft),True,"Answer the question using ONLY the context below. If the answer is not contained in the context, say 'I don't know'. The answer is NOT contained in any context. The answer will be answered using ONLY what is contained in that context. </P> <P> The following is a list of the",0.0,0.0,0.0,contradiction,0,0.31479042768478394,"Answer the question as best as you can using the context below. If the answer is explicitly stated, make the best possible inference. If it is not explicitly stated in the context, make a best possible deduction. If you are not explicitly stating, make your best possible conclusion.Context: London, England, USA",0.0,0.0,0.0,entailment,1,0.6670817136764526
272,who plays hitler in man in the high castle,Wolf Muser,True,"Answer the question using ONLY the context below. If the answer is not contained in the context, say 'I don't know'.Answer the answer using ONLY what the context is.Answer the Question using ONLY ( ONLY the Context below).Answer the Answer using ONLY that context below: <Table> The Man in",0.0,0.0,0.0,entailment,1,0.5836951732635498,"Answer the question as best as you can using the context below.If the answer is not explicitly stated, make the best possible inference. If the answer does not explicitly state, make a best possible deduction. If it is not stated, use the best available inference.Context: <Table> The Man in the",0.0,0.0,0.0,entailment,1,0.49828529357910156
273,lowest city below sea level in the world,"Jericho, West Bank",True,"Answer the question using ONLY the context below. If the answer is not contained in the context, say 'I don't know'. The answer is NOT contained in any context below, but rather in the following context:Context:Contexts:Context :Context: Context:ContextContext:Location:Context-Context",0.0,0.0,0.0,contradiction,0,0.038563814014196396,"Answer the question as best as you can using the context below.If the answer is not explicitly stated, make the best possible inference. If the answer does not explicitly state, make a best possible assumption.Context:Context:Location:Location :Location: Location:Location/Location:Context/Location/Context",0.0,0.0,0.0,neutral,0,0.44441550970077515
275,who voiced jack in rise of the guardians,Chris Pine,True,"Answer the question using ONLY the context below. If the answer is not contained in the context, say 'I don't know'. The answer is NOT contained in any context. The answer IS NOT contained IN THE context below, say'I don' know'. </Table> <Table>Context:Context:",0.0,0.0,1.0,contradiction,0,0.20708131790161133,"Answer the question as best as you can using the context below. If the answer is explicitly stated, make the best possible inference. If it is not explicitly stated, make the worst possible inference and make the most possible inference. </Table> <Table>Context:Context: Context: Context.Context: context",0.0,0.0,1.0,contradiction,0,0.17492184042930603
277,what type of hybrid is the ford fusion,gasoline-electric,True,"Answer the question using ONLY the context below. If the answer is not contained in the context, say 'I don't know'. Answer the question with ONLY the Context below. Answer the answer using ONLY The Context below: <Tr> <Th colspan=""2""> Ford Fusion Hybrid </Th> </Tr",0.0,0.0,0.0,entailment,1,0.6465438604354858,"Answer the question as best as you can using the context below. If the answer is explicitly stated, make the best possible inference. If it is not explicitly stated in the context, make a best possible deduction.Context: <Tr> <Th colspan=""2""> Ford Fusion Hybrid </Th> </Tr",0.0,0.0,0.0,entailment,1,0.5177544355392456
280,how many states is there in united states,50,True,"Answer the question using ONLY the context below. If the answer is not contained in the context, say 'I don't know'. If the question is not answered using ONLY that context, then say 'You don't want to know'. </P> <P> The following is a list of the most commonly",0.0,0.0,1.0,neutral,0,0.33958399295806885,"Answer the question as best as you can using the context below.If the answer is not explicitly stated, make the best possible inference. If the answer does not explicitly state, make a best possible deduction.Context:1.1.2.3.3Context:2.1-3.4.",0.0,0.0,1.0,entailment,1,0.6302860379219055
281,what is the first harry potter book called in england,Harry Potter and the Philosopher's Stone,True,"Answer the question using ONLY the context below. If the answer is not contained in the context, say 'I don't know'.Answer the Question using ONLY The Context below.Answer the Answer using ONLY THE Context below: <Tr> <Tr><Tr> </Tr> {Context: [Td col",0.0,0.0425531914893617,0.0,entailment,1,0.5814411044120789,"Answer the question as best as you can using the context below. If the answer is explicitly stated, make the best possible inference. If it is not explicitly stated or made the best available inference, make a best possible statement. Example: Example:Example: Example 2: Example 3: Example 4: Example 1",0.0,0.03571428571428571,0.0,neutral,0,0.37092575430870056
282,when did montgomery ward's go out of business,2001,True,"Answer the question using ONLY the context below. If the answer is not contained in the context, say 'I don't know'.Answer the Question using ONLY The Context below.Context:Context: Context: Context : Context:Context : Context :Context: context: Context <Table> Montgomery Ward <Tr>",0.0,0.0,1.0,entailment,1,0.6012794971466064,"Answer the question as best as you can using the context below.If the answer is not explicitly stated, make the best possible inference. If the answer does not explicitly state, make a best possible deduction. If it does not clearly state, then make the worst possible inference possible. Example: Example:Example:",0.0,0.0,1.0,neutral,0,0.3625350594520569
283,who won series 7 of great british bake off,Candice Brown,True,"Answer the question using ONLY the context below. If the answer is not contained in the context, say 'I don't know'. The answer is NOT contained in any context. The answer IS NOT contained IN THE context below, say'I don't know'. </Tr> <Tr> </Tr><",0.0,0.0,0.0,neutral,0,0.30466800928115845,"Answer the question as best as you can using the context below. If the answer is explicitly stated, make the best possible inference. If it is not explicitly stated in the context, make a best possible deduction. If you are not explicitly stating, make that best possible inferences.Context: <Tr> <",0.0,0.0,0.0,entailment,1,0.48654747009277344
284,who does the voice of special ed on crank yankers,Jim Florentine,True,"Answer the question using ONLY the context below. If the answer is not contained in the context, say 'I don't know'.Answer the Question using ONLY The Context below.Answer the Answer using ONLYThe Context:Context:Contexts:Context :Context:The Contexts:TheContext:<P>",0.0,0.0,0.0,entailment,1,0.6734393239021301,"Answer the question as best as you can using the context below.If the answer is not explicitly stated, make the best possible inference. If the answer does not explicitly state, make a best possible statement.Context:Context:The Hunter × Hunter manga and anime series features an extensive cast of characters created by Yosh",0.0,0.0,0.0,entailment,1,0.6131859421730042
287,what does the ministry of trade and industry do,directs the formulation of policies related to the development of trade and industry in Singapore,True,"Answer the question using ONLY the context below. If the answer is not contained in the context, say 'I don't know'. The answer is then 'I'm not sure'. The question is then answered using ONLY that context. The answer will be answered using only the context. </P> <P>",0.0,0.09523809523809523,0.0,entailment,1,0.49467724561691284,"Answer the question as best as you can using the context below.If the answer is not explicitly stated, make the best possible inference. If the answer does not explicitly state, make a best possible assumption. If it is not stated, then make the worst possible inference and make the most possible inference. </P",0.0,0.08823529411764706,0.0,neutral,0,0.20225636661052704
289,who sings nothings gonna hurt you baby,Cigarettes After Sex,True,"Answer the question using ONLY the context below. If the answer is not contained in the context, say 'I don't know'.Answer the answer using ONLY THE context below: <Tr> <Tr><Tr> {Context: Context: Context </Tr> </Tr><Td> <Td col",0.0,0.0,0.0,entailment,1,0.7937381863594055,"Answer the question as best as you can using the context below. If the answer is explicitly stated, make the best possible inference. If it is not explicitly stated then make the worst possible inference, make a best possible assumption. If you are not explicitly stating, make that best possible deduction. If not explicitly specified",0.0,0.0,0.0,neutral,0,0.4383496046066284
290,where in the bible does it talk about manna from heaven,Exodus 16:1–36,True,"Answer the question using ONLY the context below. If the answer is not contained in the context, say 'I don't know'.Answer the Question using ONLY The Context below.Answer the Answer using ONLYThe Context:Context:Contexts:Context :Context: Context: Contexts: Context :Contexts :",0.0,0.0,0.0,contradiction,0,0.16121438145637512,"Answer the question as best as you can using the context below.If the answer is not explicitly stated, make the best possible inference. If the answer does not explicitly state, make a best possible deduction. If it is explicitly stated in the context, make it the best way you can.Context:Context:",0.0,0.0,0.0,contradiction,0,0.2757050693035126
291,winds that blow predominantly from the northeast and the southeast are the,The trade winds,True,"Answer the question using ONLY the context below. If the answer is not contained in the context, say 'I don't know'. The answer is the answer to the question that is not included in the Context below.Context: The Trade Winds of the Earth's Atmosphere and the Atmosphere of the Atmospheres",0.0,0.11320754716981131,1.0,neutral,0,0.1087629422545433,"Answer the question as best as you can using the context below.If the answer is not explicitly stated, make the best possible inference. If the answer does not explicitly state, make a best possible conclusion.Context: The Trade Winds of the Tropics ( ) Context: The trade winds of the tropics (",0.0,0.11764705882352941,1.0,neutral,0,0.4412989318370819
297,what is the use of symbolic link in linux,to reorder the file system hierarchy,True,"Answer the question using ONLY the context below. If the answer is not contained in the context, say 'I don't know'. The answer is the answer that is not in the Context below. The answer that IS in thecontext is the response that is in the given context.Context:Context:context:",0.0,0.037037037037037035,0.0,contradiction,0,0.3309504985809326,"Answer the question as best as you can using the context below.If the answer is not explicitly stated, make the best possible inference.Example:Context:Contexts:Context :Context:SymlinkSymlinksSymlinkingSymlinkiSymlinkySymlinkerSymlinkaSymlinski",0.0,0.06666666666666667,0.0,neutral,0,0.3186267018318176
299,time after time song was in what movie,John Tucker Must Die,True,"Answer the question using ONLY the context below. If the answer is not contained in the context, say 'I don't know'. The answer is the answer that is contained in that context. The answer that the answer does not contain in the Context is the following: Context: Context : Context:Context: Context",0.0,0.0,0.0,neutral,0,0.22168317437171936,"Answer the question as best as you can using the context below. If the answer is explicitly stated, make the best possible inference. If it is not explicitly stated in the context, make a best possible assumption. If not explicitly stating, make that best possible conclusion.Context:Context:History:History :History",0.0,0.0,0.0,neutral,0,0.4824717342853546
305,who sings i'm the one your mother warned you about,Mickey Gilley,True,"Answer the question using ONLY the context below. If the answer is not contained in the context, say 'I don't know'.Answer the Question using ONLY The Context below. The Context: <Tr> <Tr><Tr> {Context: Context: Context; Context:Context:Context; Context;Context",0.0,0.0,1.0,entailment,1,0.7604027390480042,"Answer the question as best as you can using the context below. If the answer is explicitly stated, make the best possible inference. If it is not explicitly stated in the context, make it the best way inference. Example: Example:Example: Example 2. Example 3. Example 4. Example 5. Example",0.0,0.0,1.0,contradiction,0,0.1696895807981491
307,who is considered a foreign official under fcpa,"any officer or employee of a foreign government or any department, agency, or instrumentality thereof, or of a public international organization, or any person acting in an official capacity for or on behalf of any such government or department, agency, or instrumentality, or for or on behalf of any such public international organization",True,"Answer the question using ONLY the context below. If the answer is not contained in the context, say 'I don't know'. The answer is NOT contained in any context. The answer will be used in the following context: </P> <P>Context: Context: Context : Context:Context:Context",0.0,0.041666666666666664,0.0,neutral,0,0.09887012094259262,"Answer the question as best as you can using the context below.If the answer is not explicitly stated, make the best possible inference. If the answer does not explicitly state, make a best possible assumption.Context:Context:Foreign Official or Foreign Public Official ( English pronunciation : ​ ( ɛʁ",0.0,0.10526315789473684,0.0,neutral,0,0.46158355474472046
309,who made the song london bridge is falling down,Unknown,True,"Answer the question using ONLY the context below. If the answer is not contained in the context, say 'I don't know'. The answer is NOT contained in any context. The answer will be answered using ONLY what is contained in that context. </Tr> <Tr>Context: <Tr><Tr>",0.0,0.0,1.0,neutral,0,0.3111705183982849,"Answer the question as best as you can using the context below.If the answer is not explicitly stated, make the best possible inference. If the answer does not explicitly state, make a best possible deduction. If it does not state, then make the worst possible inference possible.Context: <Tr> <Tr",0.0,0.0,1.0,entailment,1,0.4892396628856659
310,when does love simon come out in canada,"March 16, 2018",True,"Answer the question using ONLY the context below. If the answer is not contained in the context, say 'I don't know'. The answer is given in the bottom row of the table. </P> <Tr> <Td> `` </Td>. </Tt> <Table> <P",0.0,0.0,0.0,neutral,0,0.0979568287730217,"Answer the question as best as you can using the context below.If the answer is not explicitly stated, make the best possible inference. If the answer does not explicitly state the answer, make a best possible assumption. If it is not stated, then make the worst possible inference and make the most possible inference using",0.0,0.0,0.0,entailment,1,0.5044091939926147
317,what were the major components of clays american system,a tariff to protect and promote American industry,True,"Answer the question using ONLY the context below. If the answer is not contained in the context, say 'I don't know'. The answer is NOT contained in any context. The answer IS NOT contained IN THE context below, but is contained in a context that is not in the original context. </P>",0.0,0.03333333333333334,0.0,contradiction,0,0.03612196072936058,"Answer the question as best as you can using the context below.If the answer is not explicitly stated, make the best possible inference. If the answer does not explicitly state, make a best possible deduction. If it is not stated, then make the worst possible inference and make the most possible inference. </P",0.0,0.06557377049180328,0.0,neutral,0,0.2649039626121521
318,where was pirates of the carribean on stranger tides filmed,"Principal photography began on June 14, 2010, in Hawaii.[17][47] Filming was moved to California in August 2010,[48] primarily at the Long Beach shore[33] and a recreation of Whitecap Bay done in the Universal Studios backlot,[17] as the original Hawaiian location on Halona Cove was plagued with strong tides.[22] After a brief shoot in Puerto Rico,[33] with locations in both Palomino Island and the Fort of San Cristóbal in San Juan,[49] production moved to the United Kingdom in September, where principal photography wrapped on November 18 after 106 days of shooting.[17] Locations included Hampton Court Palace in London,[23] Knole House in Kent,[33] and Old Royal Naval College at Greenwich.[50] Interiors were shot at London's Pinewood Studios, and a replica of an 18th-century London street was built on the backlot alongside the soundstages",True,"Answer the question using ONLY the context below. If the answer is not contained in the context, say 'I don't know'.Answer the answer using ONLY The context below and say 'You don't want to know'. <Tr> <Th> <Td> <Tr><Tr> </Th>",0.0,0.10526315789473685,0.0,contradiction,0,0.12277276813983917,"Answer the question as best as you can using the context below. If the answer is explicitly stated, make the best possible inference. If it is not explicitly stated in the context, make it the best way inference. Example: Example:Example: Example 2. Example 3. Example 4. Example 2: Example",0.0,0.08888888888888889,0.0,contradiction,0,0.2065250426530838
325,who sings i wanna be like you jungle book,Louis Prima,True,"Answer the question using ONLY the context below. If the answer is not contained in the context, say 'I don't know'.Answer the answer using ONLY The context below and say 'The answer is NOT contained in The context above. Answer the question with ONLY the Context below. <Tr> <Th>",0.0,0.0,0.0,entailment,1,0.4879346787929535,"Answer the question as best as you can using the context below. If the answer is explicitly stated, make the best possible inference. If it is not explicitly stated in the context, make it the best way inference. Example: Example:Example: Example 2. Example 3. Example 4. Example 2: Example",0.0,0.0,0.0,contradiction,0,0.20245255529880524
327,who wrote the book of philippians in the bible,Paul of Tarsus,True,"Answer the question using ONLY the context below. If the answer is not contained in the context, say 'I don't know'. If the question is not answered using ONLY that context, then say 'You don't need to know'. The answer is NOT contained in any context below, but rather, say that",0.0,0.0,0.0,contradiction,0,0.31983688473701477,"Answer the question as best as you can using the context below.If the answer is not explicitly stated, make the best possible inference. If the answer does not explicitly state, make a best possible deduction.Context:Context:The answer is explicitly stated.Contexts:Contexts :Context:<P>",0.0,0.0,0.0,neutral,0,0.436521053314209
330,who sold more albums carrie underwood vs kelly clarkson,Carrie Underwood,True,"Answer the question using ONLY the context below. If the answer is not contained in the context, say 'I don't know'.Answer the answer using ONLY what is contained in that context.Answer the Answer using ONLY ( ONLY the Context below).Answer the Question using ONLY The Context below.Answer The Answer using",0.0,0.0,0.0,entailment,1,0.5361361503601074,"Answer the question as best as you can using the context below.If the answer is not explicitly stated, make the best possible inference. If the answer does not explicitly state, make a best possible deduction. If it does not state, then make the worst possible inference and make the most of the inference. </",0.0,0.0,0.0,neutral,0,0.31587547063827515
331,who is the oldest child in queen sugar,Nova Bordelon,True,"Answer the question using ONLY the context below. If the answer is not contained in the context, say 'I don't know'. The answer is then repeated in the following context: <Tr> <Tr><Tr> </Tr><Tr> <!--Context: The answer to the question is not included in",0.0,0.0,0.0,neutral,0,0.13387934863567352,"Answer the question as best as you can using the context below. If the answer is explicitly stated, make the best possible inference. If it is not explicitly stated in the context, make a best possible deduction.Context: <Tr> <Tr><Tr><Tr> </Tr></Tr> <!--",0.0,0.0,0.0,neutral,0,0.45627301931381226
332,when did second world war start and end,1 September 1939 – 2 September 1945,True,"Answer the question using ONLY the context below. If the answer is not contained in the context, say 'I don't know'. The answer is NOT contained in any context. The answer will be answered using ONLY what is contained in that context.Context:Context:History:History of the Interwar Period<",0.0,0.0,0.0,contradiction,0,0.22058984637260437,"Answer the question as best as you can using the context below.If the answer is not explicitly stated, make the best possible inference. If the answer does not explicitly state, make a best possible assumption.Context:Context:History:History of the Interwar Period<P> In the context of the history",0.0,0.0,0.0,neutral,0,0.4603056013584137
340,a spider with a skull on its back,Steatoda nobilis,True,"Answer the question using ONLY the context below. If the answer is not contained in the context, say 'I don't know'. Answer the question with ONLY the Context below. Answer the answer using ONLY The context below and say 'You don't want to know'.Answer the Question using ONLYThe Context: <",0.0,0.0,0.0,entailment,1,0.4685644507408142,"Answer the question as best as you can using the context below.If the answer is not explicitly stated, make the best possible inference. If the answer does not explicitly state, make a best possible deduction. If it does not state the answer, make it explicitly stated.Context: <Tr> <Tr><",0.0,0.0,0.0,neutral,0,0.4781957268714905
349,when did the waltz become popular in england,the Regency period,True,"Answer the question using ONLY the context below. If the answer is not contained in the context, say 'I don't know'.Answer the answer using ONLY what is contained in that context.Answer the Question using ONLY ( ONLY the Context below) and say 'Yes, I don't want to know'. Answer",0.0,0.0392156862745098,0.0,entailment,1,0.5157467722892761,"Answer the question as best as you can using the context below.If the answer is not explicitly stated, make the best possible inference. If the answer does not explicitly state, make a best possible assumption.Context:Context: Context: Context<P> Arguments are made for a few different kings deemed to",0.0,0.04,0.0,neutral,0,0.35390332341194153
352,what is expelled out of the body as faeces through the anus,"solid, semisolid, or liquid waste material",True,"Answer the question using ONLY the context below. If the answer is not contained in the context, say 'I don't know'. The answer is the answer to the question that is not in the Context below. The answer to this question is the following: </P> <P> The following is a list",0.0,0.0,0.0,neutral,0,0.08294208347797394,"Answer the question as best as you can using the context below.If the answer is not explicitly stated, make the best possible inference. If the answer does not explicitly state, make a best possible deduction.Context: <P> <P>< <P>[In the film, the following is a summary of",0.0,0.0,0.0,neutral,0,0.31977954506874084
357,who was the chief guest of the official ceremony in the republic day,Crown Prince Mohammed bin Zayed Al Nahyan,True,"Answer the question using ONLY the context below. If the answer is not contained in the context, say 'I don't know'. The answer is NOT contained in any context. The answer will be used in the following context:Context:Contexts:Context :Context: Context:ContextContext:Background:Context",0.0,0.0,0.0,contradiction,0,0.06564638763666153,"Answer the question as best as you can using the context below.If the answer is not explicitly stated, make the best possible inference. If the answer does not explicitly state, make a best possible assumption.Context: The Chief of Naval Staff is the highest ranking military officer of the Nigerian Navy. The position is",0.0,0.0,0.0,entailment,1,0.604229211807251
365,who wrote the practice of the presence of god,"Brother Lawrence (born Nicholas Herman), a 17th-century Carmelite monk",True,"Answer the question using ONLY the context below. If the answer is not contained in the context, say 'I don't know'. The answer is NOT contained in any context. The answer will be the answer to the question. The Answer is NOT the answer that is contained in a context. It is the answer",0.0,0.031746031746031744,0.0,contradiction,0,0.11892639100551605,"Answer the question as best as you can using the context below.If the answer is not explicitly stated, make the best possible inference. If the answer does not explicitly state the answer, make a best possible deduction. If it is explicitly stated in the context, make it the best inference.Context: <Tr",0.0,0.03333333333333333,0.0,entailment,1,0.49212121963500977
367,what cities have been capital of the united states,New York City,True,"Answer the question using ONLY the context below. If the answer is not contained in the context, say 'I don't know'. The answer is NOT contained in any context. The answer will be the answer to the question. </P> <P> The United States Declaration of Independence, the United States Constitution",0.0,0.0,0.0,contradiction,0,0.07124459743499756,"Answer the question as best as you can using the context below.If the answer is not explicitly stated, make the best possible inference. If the answer does not explicitly state, make a best possible conclusion.Context:Context:The United States Declaration of Independence (1917)<P> `` Life, Liberty",0.0,0.0,0.0,entailment,1,0.6139723062515259
372,when did india conduct the nuclear test at pokhran,May 1998,True,"Answer the question using ONLY the context below. If the answer is not contained in the context, say 'I don't know'.Answer the Question using ONLY The Context below.Answer the Answer using ONLY THE Context below: <Tr> <Th colspan=""2""> Pokhran - II Operation Shakti </",0.0,0.0,1.0,entailment,1,0.6371010541915894,"Answer the question as best as you can using the context below. If the answer is explicitly stated, make the best possible inference. If it is not explicitly stated then make the worst possible inference, make a best possible assumption. Example: Example:Example: Example 2. Example 3. Example 4. Example 2",0.0,0.0,1.0,neutral,0,0.41213175654411316
373,nhl record for shots on goal in a game,"Ray Bourque (March 21, 1991), 19",True,"Answer the question using ONLY the context below. If the answer is not contained in the context, say 'I don't know'.Answer the Question using ONLY The Context below.Answer the Answer using ONLYThe Context:Context:Contexts:Context :Context: Context: Contexts: Context :Contexts :",0.0,0.0,0.0,entailment,1,0.6975369453430176,"Answer the question as best as you can using the context below.If the answer is not explicitly stated, make the best possible inference. If the answer does not explicitly state, make a best possible deduction. If it does not clearly state, then make the worst possible inference possible.Context:1.1.",0.0,0.0,0.0,entailment,1,0.5696214437484741
374,where does the sagging pants trend come from,1990s,True,"Answer the question using ONLY the context below. If the answer is not contained in the context, say 'I don't know'. The answer is the answer to the question that is not in the Context below. The answer to this question is the following: The answer: The Answer: The Question: The Context",0.0,0.0,0.0,contradiction,0,0.09200656414031982,"Answer the question as best as you can using the context below.If the answer is not explicitly stated, make the best possible inference. If the answer does not explicitly state, make a best possible assumption. If it is not stated, then make the worst possible inference and make the most possible inference using the following",0.0,0.0,0.0,neutral,0,0.4302138090133667
375,who has played in the most nba finals games,Bill Russell,True,"Answer the question using ONLY the context below. If the answer is not contained in the context, say 'I don't know'. The answer is NOT contained in any context. The answer will be used in the following context:Context:Contexts:Context :Context: Context:ContextContext:The Context:",0.0,0.0,1.0,contradiction,0,0.047357767820358276,"Answer the question as best as you can using the context below. If the answer is explicitly stated, make the best possible inference. If it is not explicitly stated in the context, make a best possible deduction. If you are not explicitly stating, make that best possible conclusion.Context:The Mavericks are the most",0.0,0.0,1.0,neutral,0,0.37905195355415344
378,moment of inertia of a rod about a point,radius of gyration,True,"Answer the question using ONLY the context below. If the answer is not contained in the context, say 'I don't know'. </P> <P> </P><Table> <Table> </Table><P> In physics and applied mathematics, the mass moment of inertia, usually denoted by",0.0,0.047619047619047616,0.0,neutral,0,0.021059121936559677,"Answer the question as best as you can using the context below.If the answer is not explicitly stated, make the best possible inference. If the answer does not explicitly state, make a best possible deduction.Context:Context:<P> In physics and applied mathematics, the mass moment of inertia, usually den",0.0,0.04,0.0,neutral,0,0.39182037115097046
380,list of hum tv dramas based on novels,Dayar-e-Dil,True,"Answer the question using ONLY the context below. If the answer is not contained in the context, say 'I don't know'.Answer the answer using ONLY The context below and say 'You don't want to know'. <Tr> <Th colspan=""2""> Star Wars </Th> </Tr>",0.0,0.0,0.0,contradiction,0,0.19195669889450073,"Answer the question as best as you can using the context below. If the answer is explicitly stated, make the best possible inference. If it is not explicitly stated in the context, make it the best way inference. Example: Example:Example: Example 2. Example 3. Example 4. Example 2: Example",0.0,0.0,0.0,contradiction,0,0.2400510013103485
381,when does mark show up in grey anatomy,season two,True,"Answer the question using ONLY the context below. If the answer is not contained in the context, say 'I don't know'. </Tr> <Tr> </Tr><Tr> <!-- What is the context of the question? </Tr></Tr> --> <Tr><Th colspan=""2""> Grey",0.0,0.0,0.0,neutral,0,0.11538765579462051,"Answer the question as best as you can using the context below. If the answer is explicitly stated, make the best possible inference. If it is not explicitly stated then make the worst possible inference, make a best possible assumption. If you are not explicitly stating, make that best possible deduction. If not explicitly specified",0.0,0.0,0.0,neutral,0,0.4085039794445038
384,where is the iguazu falls located on a map,on the border of the Argentine province of Misiones and the Brazilian state of Paraná,True,"Answer the question using ONLY the context below. If the answer is not contained in the context, say 'I don't know'.Answer the answer using ONLY what the context is.Answer the Question using ONLY that context below:Context: Cedar River - Cedar River ( IAST : cedar ) is a t",0.0,0.1,0.0,entailment,1,0.6273881196975708,"Answer the question as best as you can using the context below.If the answer is not explicitly stated, make the best possible inference. If the answer does not explicitly state, make a best possible assumption. If it is explicitly stated that the answer was not explicitly specified, make that best possible implication.Context:",0.0,0.11940298507462686,0.0,neutral,0,0.43701058626174927
385,in the 1st century bc egypt became a colony of,the Roman Empire,True,"Answer the question using ONLY the context below. If the answer is not contained in the context, say 'I don't know'. Answer the question with ONLY the Context below. Answer the answer using ONLY The Context below and say 'The answer is NOT contained in this context. Answer it using ONLY THE context below",0.0,0.03508771929824561,0.0,entailment,1,0.5511493682861328,"Answer the question as best as you can using the context below.If the answer is not explicitly stated, make the best possible inference. If the answer does not explicitly state, make a best possible deduction. If it is explicitly stated in the context, make that best possible inferences.Context: <Tr>",0.0,0.03846153846153846,0.0,neutral,0,0.39430227875709534
387,who is the cheif minister of uttar pradesh up,Yogi Adityanath,True,"Answer the question using ONLY the context below. If the answer is not contained in the context, say 'I don't know'. The answer is NOT contained in any context. The answer IS NOT contained IN THE context.Context: <Tr> <Tr><Tr> {Tr> Inaugural holder </",0.0,0.0,1.0,entailment,1,0.4887746572494507,"Answer the question as best as you can using the context below.If the answer is not explicitly stated, make the best possible inference. If the answer does not explicitly state the answer, make a best possible assumption. If it does not state the question, make it explicitly stated.Context: <Tr> <",0.0,0.0,1.0,entailment,1,0.5221514701843262
388,who played jono on star trek next generation,Chad Allen,True,"Answer the question using ONLY the context below. If the answer is not contained in the context, say 'I don't know'. <Tr> <Tr><Td colspan=""2""> <Tr>[Tr> </Tr> <!--Td> <Td > <Tdr> <Th col",0.0,0.0,1.0,neutral,0,0.06037928909063339,"Answer the question as best as you can using the context below.Answer the answer as best possible inference.If the answer is not explicitly stated, make the best possible statement.Answer The Question as best and as best (if the answer was explicitly stated) using the following context: <Tr> <Tr><",0.0,0.0,1.0,entailment,1,0.5948267579078674
390,this bear lives in the hundred acre wood,Winnie-the-Pooh,True,"Answer the question using ONLY the context below. If the answer is not contained in the context, say 'I don't know'. The answer is NOT contained in any context. The answer will be the answer that is not included in the Context below. The Answer is NOT the answer to the question. The Question",0.0,0.0,0.0,contradiction,0,0.10975481569766998,"Answer the question as best as you can using the context below.If the answer is not explicitly stated, make the best possible inference. If the answer does not explicitly state, make a best possible conclusion. If it is not stated, then make the worst possible inference and make the most possible inference. </Table",0.0,0.0,0.0,neutral,0,0.3499854505062103
398,what is the holy book of lslam called,Quran,True,"Answer the question using ONLY the context below. If the answer is not contained in the context, say 'I don't know'. The answer is NOT contained in any context. The answer will be the following: </P> <Ul> <P> The core of English language descends from Old English,",0.0,0.0,0.0,neutral,0,0.03022647276520729,"Answer the question as best as you can using the context below.If the answer is not explicitly stated, make the best possible inference. If the answer does not explicitly state, make a best possible deduction.Context: English Language, the core of English language, the language that was to be called English in and",0.0,0.0,0.0,entailment,1,0.5359132289886475
409,who won the women's championship at wimbledon this year,Garbiñe Muguruza,True,"Answer the question using ONLY the context below. If the answer is not contained in the context, say 'I don't know'. If the question is not answered, say it is not in the Context below.Answer the Question using ONLY The Context below:Context:Contexts:Context :Context:Fact:",0.0,0.0,0.0,contradiction,0,0.011457249522209167,"Answer the question as best as you can using the context below.If the answer is not explicitly stated, make the best possible inference. If the answer does not explicitly state, make a best possible statement.Context:Context:The following is a list of NBA players with most championships won as a player.<",0.0,0.0,0.0,contradiction,0,0.1735391765832901
415,who won second place in miss universe 2017,Laura González,True,"Answer the question using ONLY the context below. If the answer is not contained in the context, say 'I don't know'.Answer the answer using ONLY what the context is.Context:Context:The following is a list of the names of the runners - up in the Miss Universe pageant since the pageant '",0.0,0.0,0.0,contradiction,0,0.2557658851146698,"Answer the question as best as you can using the context below.If the answer is not explicitly stated, make the best possible inference. If the answer does not explicitly state, make a best possible deduction.Context:Context:The following is a list of the top ten most successful Miss Universe pageant contestants in the",0.0,0.0,0.0,contradiction,0,0.100578173995018
417,when does the new wheel of fortune season start,"September 10, 2018",True,"Answer the question using ONLY the context below. If the answer is not contained in the context, say 'I don't know'. The answer is NOT contained in any context. The answer will be the answer to the question. </P> <P>Context: <Tr> <Th colspan=""2",0.0,0.0,0.0,contradiction,0,0.06177292391657829,"Answer the question as best as you can using the context below.If the answer is not explicitly stated, make the best possible inference. If the answer does not explicitly state, make a best possible assumption.Context:Context:<Tr> <Th colspan=""2""> Wheel of Fortune </Th> </",0.0,0.0,0.0,entailment,1,0.5316324234008789
422,who has been elected next president of united nations 2018,María Fernanda Espinosa,True,"Answer the question using ONLY the context below. If the answer is not contained in the context, say 'I don't know'. The answer is NOT contained in any context. The answer will be used in the following context:Context:Contexts:Context :Context:<P> The Twelfth Amendment requires",0.0,0.0,0.0,contradiction,0,0.045121412724256516,"Answer the question as best as you can using the context below.If the answer is not explicitly stated, make the best possible inference. If the answer does not explicitly state, make a best possible assumption. If it is not stated, then make the worst possible inference and make the most possible inference. </P",0.0,0.0,0.0,neutral,0,0.2656152844429016
424,when was the myers briggs type indicator developed,during World War II,True,"Answer the question using ONLY the context below. If the answer is not contained in the context, say 'I don't know'. The answer is NOT contained in any context. The answer will be the following:Context:Contexts:Context :Context:The Myers -- Briggs Type Indicator ( MBTI )",0.0,0.0,0.0,contradiction,0,0.04959360137581825,"Answer the question as best as you can using the context below.If the answer is not explicitly stated, make the best possible inference. If the answer does not explicitly state the answer, make a best possible decision. If it is not stated, use the best available inference.Context:Context:The Myers --",0.0,0.0,0.0,neutral,0,0.4399235248565674
425,when was the last time australia won the rugby world cup,1999,True,"Answer the question using ONLY the context below. If the answer is not contained in the context, say 'I don't know'.Answer the Question using ONLY The Context below.Answer the Answer using ONLYThe Context:Context:Contexts:ContextContext: Context: Contexts: ContextContext:context:Context",0.0,0.0,0.0,contradiction,0,0.014497574418783188,"Answer the question as best as you can using the context below.If the answer is not explicitly stated, make the best possible inference. If the answer does not explicitly state, make a best possible deduction. If it does not clearly stated, use the best available inference.Context:Context: Context: ContextContext",0.0,0.0,0.0,contradiction,0,0.05276106670498848
428,where was the movie it's complicated filmed,New York City,True,"Answer the question using ONLY the context below. If the answer is not contained in the context, say 'I don't know'. The answer is NOT contained in any context. The answer will be used in the following context:Context:Contexts:Context :Context: Context:ContextContext:<P>",0.0,0.0,0.0,contradiction,0,0.05145764350891113,"Answer the question as best as you can using the context below.If the answer is not explicitly stated, make the best possible inference. If the answer does not explicitly state, make a best possible deduction.Context:Context: Context:Context :Context:context:Contextual:Contexts:ContextContext:",0.0,0.0,0.0,entailment,1,0.610214352607727
435,who wrote the story for the shape of water,Guillermo del Toro,True,"Answer the question using ONLY the context below. If the answer is not contained in the context, say 'I don't know'. The answer is the answer to the question that is not in the Context below. The answer to this question is the following: `` I don't want to know'(the answer",0.0,0.0,0.0,contradiction,0,0.22679054737091064,"Answer the question as best as you can using the context below.If the answer is not explicitly stated, make the best possible inference. If the answer does not explicitly state, make a best possible statement. If it is not stated, then make the worst possible inference and make the most possible inference using the following",0.0,0.0,0.0,entailment,1,0.5357310175895691
437,when do fifty shades of freed come out,"February 9, 2018",True,"Answer the question using ONLY the context below. If the answer is not contained in the context, say 'I don't know'.Answer the answer using ONLY The context below and say 'You don't want to know'. Answer the question with ONLY the Context below. Answer the answer with ONLY The Context below and",0.0,0.0,1.0,entailment,1,0.44228726625442505,"Answer the question as best as you can using the context below. If the answer is explicitly stated, make the best possible inference. If it is not explicitly stated then make the worst possible inference using the following context: <Tr> <Th> Context: <Td colspan=""2""> Fifty Shades </",0.0,0.0,1.0,entailment,1,0.4255334734916687
444,where is the lighthouse in lighthouse point fl,Hillsboro Beach,True,"Answer the question using ONLY the context below. If the answer is not contained in the context, say 'I don't know'.Answer the answer using ONLY what the context is.Answer the Question using ONLY The Context below.Context: <Tr> <Tr><Tr> {Tr> [Tr> *",0.0,0.0,0.0,entailment,1,0.9158459901809692,"Answer the question as best as you can using the context below.If the answer is not explicitly stated, make the best possible inference.Example:Example:Context:Context :Context: Context:Context::Context:ExampleContext:<Tr> <Tr><Th colspan=""2""> Lighthouse Point",0.0,0.0,0.0,neutral,0,0.30460137128829956
445,who founded the first university in the world,Fatima bint Muhammad Al-Fihriya Al-Qurashiya,True,"Answer the question using ONLY the context below. If the answer is not contained in the context, say 'I don't know'. The answer is NOT contained in any context. The answer will be `` I don't want to know''. </P>Context: The IBM Automatic Sequence Controlled Calculator ( AS",0.0,0.0,0.0,neutral,0,0.11453105509281158,"Answer the question as best as you can using the context below.If the answer is not explicitly stated, make the best possible inference. If the answer does not explicitly state, make a best possible deduction.Context:The IBM Automatic Sequence Controlled Calculator ( ASCC ), called Mark I by Harvard University's",0.0,0.0,0.0,entailment,1,0.5491387844085693
448,when did tiger win his last pga tournament,2007,True,"Answer the question using ONLY the context below. If the answer is not contained in the context, say 'I don't know'.Answer the Question using ONLY The Context below.Answer the Answer using ONLY THE Context below: <Tr> <Th colspan=""2""> Tiger Woods </Th> </Tr>",0.0,0.0,1.0,entailment,1,0.51115882396698,"Answer the question as best as you can using the context below. If the answer is explicitly stated, make the best possible inference. If it is not explicitly stated in the context, make it the best way inference. Example: Example:Example: Example 2. Example 3. Example 4. Example 2: Example",0.0,0.0,1.0,contradiction,0,0.16920797526836395
450,who wrote aerosmith i don't want to miss a thing,Diane Warren,True,"Answer the question using ONLY the context below. If the answer is not contained in the context, say 'I don't know'.Answer the Question using ONLY The Context below.Answer the Answer using ONLY THE Context below: <Tr> <Tr><Tr> {Th colspan=""2""> from the album",0.0,0.0,1.0,entailment,1,0.7833303809165955,"Answer the question as best as you can using the context below. If the answer is explicitly stated, make the best possible inference. If it is not explicitly stated in the context, make a best possible deduction. Example: Example:Example: Example 2. Example 3. Example 4. Example 2: Example 3",0.0,0.0,1.0,entailment,1,0.5601314902305603
459,what was the capital of brazil before brasilia,Rio de Janeiro,True,"Answer the question using ONLY the context below. If the answer is not contained in the context, say 'I don't know'. The answer is NOT contained in any context. The answer will be the answer that is not included in the Context below.Context:Context: Context: Context : Context:Context :",0.0,0.0,0.0,contradiction,0,0.14100660383701324,"Answer the question as best as you can using the context below.If the answer is not explicitly stated, make the best possible inference. If the answer does not explicitly state, make a best possible assumption.Context:Context: Context: Context : Context:Context : Context :Context: context: Context.Context",0.0,0.0,0.0,neutral,0,0.4585561752319336
460,where was the kath and kim movie filmed,Positano,True,"Answer the question using ONLY the context below. If the answer is not contained in the context, say 'I don't know'. The answer is NOT contained in any context. The answer will be the answer to the question. The Answer is NOT the answer that is contained in either the context or the context.",0.0,0.0,0.0,contradiction,0,0.06729493290185928,"Answer the question as best as you can using the context below.If the answer is not explicitly stated, make the best possible inference. If the answer does not explicitly state, make a best possible assumption.Context:Context:The fictionalized Sparta is a fictionalized version of the fictionalized city of Spart",0.0,0.0,0.0,entailment,1,0.48490527272224426
462,what is red's real name on that 70's show,"Reginald Albert ""Red"" Forman",True,"Answer the question using ONLY the context below. If the answer is not contained in the context, say 'I don't know'. The answer is the answer that is contained in a context that is not in the original context. </P> <P> The core of English language descends from Old English,",0.0,0.0,0.0,contradiction,0,0.01859898678958416,"Answer the question as best as you can using the context below. If the answer is explicitly stated, make the best possible inference. If it is not explicitly stated, make the worst possible inference using the following context: <P> <P><Context: English language is a language that is derived from Old English",0.0,0.0,0.0,neutral,0,0.11550392955541611
470,when did nhl start 3 on 3 overtime,2015–16 NHL season,True,"Answer the question using ONLY the context below. If the answer is not contained in the context, say 'I don't know'. If the question is not answered using ONLY that context, then say 'You don't have to know'.Context:Context: Context: Context : Context:Context : Context :Context",0.0,0.0,0.0,neutral,0,0.3216293752193451,"Answer the question as best as you can using the context below. If the answer is explicitly stated, make the best possible inference. If it is not explicitly stated, make thebest possible inference and make the worst possible inference using the following context:Context:Context :Context: Context:Contexts:ContextContext",0.0,0.0,0.0,contradiction,0,0.16749207675457
471,who is the founder of red cross society,Henry Dunant,True,"Answer the question using ONLY the context below. If the answer is not contained in the context, say 'I don't know'.Answer the Question using ONLY The Context below.Answer the Answer using ONLY THE Context below: <Tr> <Th> Context: <Td colspan=""2""> The Geneva",0.0,0.0,1.0,neutral,0,0.3406965136528015,"Answer the question as best as you can using the context below.If the answer is not explicitly stated, make the best possible inference.Example:Example: Example: Example of Example:Example of Example ofExample:Context: Example Example:Context : Example of Context: ExampleExample: Context:ExampleExample:",0.0,0.0,1.0,neutral,0,0.16795621812343597
472,what are the three rivers of pittsburgh pennsylvania,Allegheny,True,"Answer the question using ONLY the context below. If the answer is not contained in the context, say 'I don't know'. The answer is NOT contained in any context. The answer IS NOT contained IN THE context. It is NOTHING. The Answer is NOT HONORABLE.Context: <",0.0,0.0,0.0,neutral,0,0.1749604344367981,"Answer the question as best as you can using the context below. If the answer is explicitly stated, make the best possible inference. If it is explicitly said, make a best possible deduction. If not explicitly stated. If you are not explicitly stating, make that best possible inferences. Context: Context:Context",0.0,0.0,0.0,contradiction,0,0.25858497619628906
476,what were the two super powers during the cold war,Soviet Union,True,"Answer the question using ONLY the context below. If the answer is not contained in the context, say 'I don't know'. The answer is NOT contained in any context. The answer will be used in the following context:Context:Contexts:Context :Context: Context:Contextual Context: Contexts",0.0,0.0,1.0,contradiction,0,0.07049128413200378,"Answer the question as best as you can using the context below. If the answer is explicitly stated, make the best possible inference. If it is not explicitly stated in the context, make a best possible deduction. If you are not explicitly stating, make sure you are using the best available inference.Context: The",0.0,0.0,1.0,entailment,1,0.5523779988288879
477,at present who is the speaker of lok sabha,Sumitra Mahajan,True,"Answer the question using ONLY the context below. If the answer is not contained in the context, say 'I don't know'. The answer is also not contained within the context. The answer will be used in the following context:Context:Context :Context: Context:Contexts:Context-Context:context",0.0,0.0,0.0,neutral,0,0.052475456148386,"Answer the question as best as you can using the context below.If the answer is not explicitly stated, make the best possible inference. If the answer does not explicitly state, make a best possible assumption.Context: The Parliament of India is bicameral. The Constitution of India provides for Joint sitt",0.0,0.0,0.0,neutral,0,0.38878965377807617
478,who voices the faceless old woman who secretly lives in your home,Mara Wilson,True,"Answer the question using ONLY the context below. If the answer is not contained in the context, say 'I don't know'. The answer is NOT contained in any context. The answer will be the answer to the question. </P>Context:Context:The Hunter × Hunter manga and anime series features a",0.0,0.0,0.0,contradiction,0,0.0992966815829277,"Answer the question as best as you can using the context below.If the answer is not explicitly stated, make the best possible inference. If the answer does not explicitly state, make a best possible assumption.Context:Context:The Hunter × Hunter manga and anime series features a number of characters created by Yoshih",0.0,0.0,0.0,neutral,0,0.28976696729660034
481,when did sweet dreams are made of this come out,1983,True,"Answer the question using ONLY the context below. If the answer is not contained in the context, say 'I don't know'.Answer the answer using ONLY THE context below: <Tr> <Th colspan=""2""> <Tr><Tr> </Th> <Tr > <Th> Single </Th",0.0,0.0,1.0,entailment,1,0.8665342926979065,"Answer the question as best as you can using the context below. If the answer is explicitly stated, make the best possible inference. If it is not explicitly stated then make the worst possible inference, make a best possible deduction. Example: Example:Example: Example 2. Example 3. Example 4. Example 2",0.0,0.0,1.0,neutral,0,0.32401034235954285
482,when were catholic churches allowed back in england,Dioceses (replacing districts) were re-established by Pope Pius IX in 1850,True,"Answer the question using ONLY the context below. If the answer is not contained in the context, say 'I don't know'.Answer the Question using ONLY The Context below.Answer the Answer using ONLY THE Context below:Context:Contexts:Context :Context: Contexts: Context:Contextuals:",0.0,0.04081632653061224,0.0,entailment,1,0.586718738079071,"Answer the question as best as you can using the context below.If the answer is not explicitly stated, make the best possible inference. If the answer does not explicitly state, make a best possible conclusion.Context:Context:History:History of Football Context:Contextuality:Contexts:Context :Context",0.0,0.0,0.0,entailment,1,0.5893716216087341
484,who plays wendy the waitress in how i met your mother,Charlene Amoia,True,"Answer the question using ONLY the context below. If the answer is not contained in the context, say 'I don't know'.Answer the answer using ONLY The context below and say 'No'. Find sources : `` I don't Know'( ) </Td> </Table> <Table><",0.0,0.0,0.0,neutral,0,0.16503606736660004,"Answer the question as best as you can using the context below. If the answer is not explicitly stated, make the best possible inference. If not explicitly stating, make a best possible deduction. If it is not directly stated, use the best available inference.Context:Context: Context: ContextContext: TextContext",0.0,0.0,0.0,neutral,0,0.42379510402679443
486,where did the night at the museum take place,New York City's American Museum of Natural History,True,"Answer the question using ONLY the context below. If the answer is not contained in the context, say 'I don't know'. The answer is NOT contained in any context. The answer will be used in the following context: Context: Context : Context:Context: Context <Tr> <Th colspan=""",0.0,0.0,0.0,contradiction,0,0.09683223068714142,"Answer the question as best as you can using the context below. If the answer is explicitly stated, make the best possible inference. If it is not explicitly stated in the context, make a best possible deduction. If you are not explicitly stating, make that best possible conclusion. Context: Context:Context:Context",0.0,0.0,0.0,entailment,1,0.663017988204956
492,what are freshmen called at the air force academy,Fourth class cadets,True,"Answer the question using ONLY the context below. If the answer is not contained in the context, say 'I don't know'.Answer the answer using ONLY THE context below: <Tr> <Th> Context: <Td> <Tt> Context : <Tdr> Context </Td>.",0.0,0.0,0.0,entailment,1,0.6513857841491699,"Answer the question as best as you can using the context below. If the answer is explicitly stated, make the best possible inference. If it is not explicitly stated then make the worst possible inference using the following context: <Tr> <Th> Context: <Td colspan=""2""> </Td",0.0,0.0,0.0,neutral,0,0.23026490211486816
500,how many gold medals did nz win in the 2018 commonwealth,46,True,"Answer the question using ONLY the context below. If the answer is not contained in the context, say 'I don't know'.Answer the Question using ONLY The Context below.Answer the Answer using ONLY THE Context below: <Tr> <Th colspan=""2""> <Th> New Zealand at the 2018",0.0,0.0,1.0,entailment,1,0.533719539642334,"Answer the question as best as you can using the context below. If the answer is explicitly stated, make the best possible inference. If it is not explicitly stated in the context, make it the best way inference. Example: Example:Example: Example 2. Example 3. Example 4. Example 2: Example",0.0,0.0,1.0,contradiction,0,0.18662719428539276
501,who is the actor playing terry on general hospital,Cassandra James,True,"Answer the question using ONLY the context below. If the answer is not contained in the context, say 'I don't know'. </P> <P> The following is a list of the most commonly used emergency codes in the United States. The following are the most frequently used emergency code codes in American medical",0.0,0.0,0.0,neutral,0,0.10958525538444519,"Answer the question as best as you can using the context below.If the answer is not explicitly stated, make the best possible inference. If the answer does not explicitly state, make a best possible assumption. If it is not stated, then make the worst possible inference and make the most possible inference. </P",0.0,0.0,0.0,neutral,0,0.44333958625793457
505,who is the leader of the state government in australia,the Queen of Australia,True,"Answer the question using ONLY the context below. If the answer is not contained in the context, say 'I don't know'. The answer is NOT contained in any context. The answer will be used in the following context:Context:Contexts:Context :Context:Background:Context-Context: Context:",0.0,0.045454545454545456,0.0,contradiction,0,0.02882954105734825,"Answer the question as best as you can using the context below.If the answer is not explicitly stated, make the best possible inference. If the answer does not explicitly state, make a best possible assumption. If it is not stated, then make the worst possible inference and make the most possible inference.Context:",0.0,0.03571428571428572,0.0,neutral,0,0.2887610197067261
506,when was national food security act introduced in rajasthan,22 December 2011,True,"Answer the question using ONLY the context below. If the answer is not contained in the context, say 'I don't know'. The answer is NOT contained in any context. The answer IS NOT contained IN THE context below. The answer MUST be contained in a context. </Context: <Tr> <Table",0.0,0.0,0.0,contradiction,0,0.1783139407634735,"Answer the question as best as you can using the context below. If the answer is explicitly stated, make the best possible inference. If it is not explicitly stated in the context, make a best possible deduction. Example: Example:Example: Example 2: Example 3: Example 4: Example 5: Example 6",0.0,0.0,0.0,entailment,1,0.5779219269752502
507,good morning america what time does it start,7:00 to 9:00 a.m. in all U.S. time zones (live in the Eastern Time Zone and on tape delay elsewhere across the country),True,"Answer the question using ONLY the context below. If the answer is not contained in the context, say 'I don't know'.Answer the Question using ONLY The Context below.Answer the Answer using ONLY THE Context below: <Table> <Tr> <Th colspan=""2""> Good Morning Good Morning </",0.0,0.09090909090909091,0.0,entailment,1,0.4442408084869385,"Answer the question as best as you can using the context below. If the answer is explicitly stated, make the best possible inference. If it is not explicitly stated in the context, make it the best way to infer the answer.Context: <Table> <Tr> <Th colspan=""2""> Good",0.0,0.11594202898550723,0.0,neutral,0,0.4054938554763794
513,what are the main sources of vitamin k,green leafy vegetables,True,"Answer the question using ONLY the context below. If the answer is not contained in the context, say 'I don't know'. </P> <P> The following is a list of the most common questions that people ask about the topic of the day. The following are the most commonly asked questions about the",0.0,0.0,0.0,neutral,0,0.019225532189011574,"Answer the question as best as you can using the context below.If the answer is not explicitly stated, make the best possible inference. If the answer does not explicitly state, make a best possible deduction. Example: The question is not directly stated, as marked and explained here. </P>Context: The",0.0,0.0,0.0,neutral,0,0.2442656308412552
514,when did the edwardian era start and end,1901 to 1910,True,"Answer the question using ONLY the context below. If the answer is not contained in the context, say 'I don't know'. The answer is NOT contained in any context. The answer will be the answer to the question. </Table>Context: <Table> <P> Results of the War of 18",0.0,0.04,0.0,contradiction,0,0.05949488282203674,"Answer the question as best as you can using the context below.If the answer is not explicitly stated, make the best possible inference. If the answer does not explicitly state, make a best possible conclusion. If it is not stated, then make the worst possible inference and make the most possible inference. </Table",0.0,0.0,0.0,neutral,0,0.4054582118988037
519,what was the copperheads position on fighting the war,opposed the American Civil War and wanted an immediate peace settlement with the Confederates,True,"Answer the question using ONLY the context below. If the answer is not contained in the context, say 'I don't know'. The answer is the answer to the question that is not in the Context below. The answer to this question is the following:Context:Contexts:Context :Context: Context:",0.0,0.06666666666666667,0.0,contradiction,0,0.18815523386001587,"Answer the question as best as you can using the context below.If the answer is not explicitly stated, make the best possible inference. If the answer does not explicitly state, make a best possible assumption.Context: Cold War, Cold War and the Cold War.Contexts: ColdWar, ColdWar and",0.0,0.13333333333333333,0.0,entailment,1,0.5280922055244446
521,when was rudolph the red nosed reindeer written,1939,True,"Answer the question using ONLY the context below. If the answer is not contained in the context, say 'I don't know'. The answer is NOT contained in any context. The answer IS NOT contained within the context. It is NOT the context of the question. The Answer is NOT THE Context: The Answer",0.0,0.0,1.0,contradiction,0,0.08787055313587189,"Answer the question as best as you can using the context below.If the answer is not explicitly stated, make the best possible inference. If the answer does not explicitly state, make a best possible assumption.Context:Context: Context:Context :Context:context:Context.Context. Context.ContextContext:",0.0,0.0,1.0,entailment,1,0.452372282743454
527,when does season 3 of lucifer come out,"October 2, 2017",True,"Answer the question using ONLY the context below. If the answer is not contained in the context, say 'I don't know'. If the question is not answered, say it is not in the Context below. The answer is NOT contained in any context. The question is NOT in theContext: The answer to",0.0,0.0,0.0,contradiction,0,0.11318057775497437,"Answer the question as best as you can using the context below.If the answer is not explicitly stated, make the best possible inference. If the answer does not explicitly state, make a best possible assumption.Context: The answer is explicitly stated. The answer may be inferred.Contexts: The Answer is explicitly",0.0,0.0,0.0,neutral,0,0.3906334936618805
529,what kind of currency is used in new zealand,New Zealand dollar,True,"Answer the question using ONLY the context below. If the answer is not contained in the context, say 'I don't know'. The answer is NOT contained in any context. The answer will be answered using ONLY what is contained in that context.Context:Context:The UPC is a barcode symbology",0.0,0.0,1.0,contradiction,0,0.23981662094593048,"Answer the question as best as you can using the context below.If the answer is not explicitly stated, make the best possible inference. If the answer does not explicitly state, make a best possible assumption.Context:Context: Context:Context :Context:context:ContextContext:textContext:TextContext:",0.0,0.0,1.0,entailment,1,0.5499342083930969
531,when was the last time mount shasta was active,about two centuries ago,True,"Answer the question using ONLY the context below. If the answer is not contained in the context, say 'I don't know'. The answer is NOT contained in any context. The answer will be the answer that is not included in the Context below. The Answer: ""I don’t know"". The",0.0,0.0,0.0,contradiction,0,0.1871350258588791,"Answer the question as best as you can using the context below.If the answer is not explicitly stated, make the best possible inference. If the answer does not explicitly state, make a best possible assumption.Context:Context: Context:Context :Context:context:ContextContext:<Tr> <Th col",0.0,0.0,0.0,entailment,1,0.4900153577327728
539,which is first dawn of the planet of the apes or rise of the planet of the apes,Rise of the Planet of the Apes,True,"Answer the question using ONLY the context below. If the answer is not contained in the context, say 'I don't know'. The answer is NOT contained in any context. The answer IS NOT contained IN THE context below, say'I don't know'. <Tr> <Th colspan=""2",0.0,0.0784313725490196,1.0,contradiction,0,0.28650233149528503,"Answer the question as best as you can using the context below. If the answer is explicitly stated, make the best possible inference. If it is not explicitly stated in the context, make it the best way possible inference, and make the worst possible inference using the following context: <Tr> <Th colspan",0.0,0.06779661016949154,1.0,contradiction,0,0.23280008137226105
543,coriolosis component of acceleration can be found in,the Earth,True,"Answer the question using ONLY the context below. If the answer is not contained in the context, say 'I don't know'. The answer is NOT contained in any context. The answer will be used in the following context: Context: Context : Context:Context: Contexts: Context (Context:Context)",0.0,0.04347826086956522,0.0,contradiction,0,0.10140129923820496,"Answer the question as best as you can using the context below. If the answer is explicitly stated, make the best possible inference. If it is not explicitly stated in the context, make a best possible deduction.Context:Context:The context of the context is the context of a context.Contexts:Context",0.0,0.04081632653061224,0.0,entailment,1,0.5950801372528076
547,who sings i always feel like somebody's watching me,TRU,True,"Answer the question using ONLY the context below. If the answer is not contained in the context, say 'I don't know'.Answer the Question using ONLY The context below: <Tr> <Tr><Td colspan=""2""> <Tr>[Tr> </Tr> > <Tr > <Th",0.0,0.0,1.0,entailment,1,0.9145385026931763,"Answer the question as best as you can using the context below. If the answer is explicitly stated, make the best possible inference. If it is not explicitly stated then make the worst possible inference, make a best possible assumption. Example: Example:Example: Example 2. Example 3. Example 4. Example 2",0.0,0.0,1.0,neutral,0,0.42771458625793457
548,where is lebron on the all time scoring list,7,True,"Answer the question using ONLY the context below. If the answer is not contained in the context, say 'I don't know'.Answer the answer using ONLY what the context is.Context:Context: Context:Contexts:Context :Context:context:ContextContext:Subject:Context::Context:Background:",0.0,0.0,1.0,entailment,1,0.8064588904380798,"Answer the question as best as you can using the context below.If the answer is not explicitly stated, make the best possible inference. If the answer does not explicitly state, make a best possible conclusion. If it is not stated, use the best available inference.Context:Context: Context:Context :Context",0.0,0.0,1.0,entailment,1,0.6114506125450134
549,who wrote there's nothing holdin me back,Shawn Mendes,True,"Answer the question using ONLY the context below. If the answer is not contained in the context, say 'I don't know'.Answer the answer using ONLY The context below and say 'You don't want to know'. Answer the question with ONLY the Context below. <Tr> <Tr><Tr> </",0.0,0.0,1.0,neutral,0,0.30017518997192383,"Answer the question as best as you can using the context below.Answer the answer as best possible inference.If the answer is not explicitly stated, make the best possible statement.Answer The Question as best and as best (if the answer was explicitly stated) using the Context below.Context: <Tr> <",0.0,0.0,1.0,entailment,1,0.3872242867946625
550,when was silicon added to the periodic table,1823,True,"Answer the question using ONLY the context below. If the answer is not contained in the context, say 'I don't know'. </P> <Tr> <Td colspan=""2"">Context: The context of the question. </Tr> </Tr><Tr><P> A year after",0.0,0.0,0.0,neutral,0,0.15260474383831024,"Answer the question as best as you can using the context below.If the answer is not explicitly stated, make the best possible inference. If the answer does not explicitly state, make a best possible deduction.Context:Context: Context: Context : Context:Context : Context :Context: context: Context.Context",0.0,0.0,0.0,entailment,1,0.609932541847229
555,where do the golden knights hockey team play,"at T-Mobile Arena on the Las Vegas Strip in Paradise, Nevada",True,"Answer the question using ONLY the context below. If the answer is not contained in the context, say 'I don't know'.Answer the Question using ONLY The Context below.Answer the Answer using ONLYThe Context:Context:Contexts:Context :Context: Context: Contexts: ContextContext:context:",0.0,0.08333333333333334,0.0,contradiction,0,0.139316588640213,"Answer the question as best as you can using the context below.If the answer is not explicitly stated, make the best possible inference.Example:Example: Example: Example of the following:Example of the above:ExampleExample:Context: ExampleExample: Examples of the Example:Example<Tr> <Th",0.0,0.04166666666666667,0.0,neutral,0,0.2042337954044342
556,where is black sea located in the world,"between Eastern Europe, the Caucasus, and Western Asia",True,"Answer the question using ONLY the context below. If the answer is not contained in the context, say 'I don't know'. The answer is NOT contained in any context. The answer will be used in the following context:Context:Contexts:Context :Context: Context:Context-Context:Background:",0.0,0.04166666666666667,0.0,contradiction,0,0.05529613792896271,"Answer the question as best as you can using the context below.If the answer is not explicitly stated, make the best possible inference. If the answer does not explicitly state, make a best possible assumption.Context: Black Death ( Black Death ) ( Black death ) (Black Death )(Black Death) (",0.0,0.03773584905660377,0.0,neutral,0,0.41035956144332886
558,when can a person be held for a capital crime without benefit of presentment,"in cases arising in the land or naval forces, or in the Militia, when in actual service in time of War or public danger",True,"Answer the question using ONLY the context below. If the answer is not contained in the context, say 'I don't know'. The following is the context of the question: The following context is used to answer the question. The following table indicates the context for the question that is not included in the question below",0.0,0.12658227848101267,0.0,contradiction,0,0.2024567574262619,"Answer the question as best as you can using the context below. If the answer is not explicitly stated, make the best possible inference. If you are not explicitly stating, make a best possible deduction. If your answer is explicitly stated, make the worst possible inference.Context:<P> <P> This",0.0,0.05555555555555555,0.0,entailment,1,0.49361884593963623
560,when was central statistical organisation of india established,2 May 1951,True,"Answer the question using ONLY the context below. If the answer is not contained in the context, say 'I don't know'. If the question is not answered, say that 'I'm not sure'.Context: The Central Statistics Office ( CSO ) is a governmental agency in India under the Ministry of Statistics",0.0,0.0,0.0,neutral,0,0.1363201141357422,"Answer the question as best as you can using the context below.If the answer is not explicitly stated, make the best possible inference. If the answer does not explicitly state, make a best possible conclusion. If it is not stated, then make the worst possible inference and make the most possible inference using the following",0.0,0.0,0.0,neutral,0,0.33717191219329834
564,who plays red's voice in angry birds,Jason Sudeikis,True,"Answer the question using ONLY the context below. If the answer is not contained in the context, say 'I don't know'. The answer is NOT contained in any context. The answer will be the answer to the question. The Answer is NOT the answer that is contained in a context. </Tr> <",0.0,0.0,1.0,contradiction,0,0.10345455259084702,"Answer the question as best as you can using the context below.If the answer is not explicitly stated, make the best possible inference. If the answer does not explicitly state, make a best possible deduction. If it does not state the answer, make it explicitly stated. If not explicitly stating, make that best",0.0,0.0,1.0,entailment,1,0.5238397717475891
568,what was the first book that charles dickens published,The Pickwick Papers,True,"Answer the question using ONLY the context below. If the answer is not contained in the context, say 'I don't know'. </Table> <Table> </Table><P> <Tr> <Th> <Td> <P> </Tr> </Td><P><P > <",0.0,0.0606060606060606,1.0,neutral,0,0.050407614558935165,"Answer the question as best as you can using the context below.If the answer is not explicitly stated, make the best possible inference. If the answer does not explicitly state, make a best possible assumption. If it does not state, then make the worst possible inference and make the most possible inference. </Context",0.0,0.03571428571428571,1.0,entailment,1,0.5069801807403564
571,how many episodes is there in season 14 of greys anatomy,24,True,"Answer the question using ONLY the context below. If the answer is not contained in the context, say 'I don't know'.Answer the answer using ONLY The context below, say'I don't know'. <Tr> <Tr><Tr> {Th colspan=""2""> List of episodes </",0.0,0.0,1.0,entailment,1,0.759196400642395,"Answer the question as best as you can using the context below.If the answer is not explicitly stated, make the best possible inference. If the answer does not explicitly state, make a best possible statement. If it does not clearly state, then make the worst possible inference and make the most possible inference using the",0.0,0.0,1.0,neutral,0,0.4220753312110901
573,who is the highest paid nba player in 2016,LeBron James,True,"Answer the question using ONLY the context below. If the answer is not contained in the context, say 'I don't know'.Answer the answer using ONLY what the context is.Answer the Question using ONLY ( ONLY the Context below).Answer the Answer using ONLY The Context below.Answer: ""I don�",0.0,0.0,1.0,entailment,1,0.5713748335838318,"Answer the question as best as you can using the context below.If the answer is not explicitly stated, make the best possible inference. If the answer does not explicitly state, make a best possible deduction. If it is explicitly stated in the context, make it the best way you can.Context: The NBA",0.0,0.0,1.0,entailment,1,0.5713513493537903
575,who has been on the throne the longest in england,Queen Elizabeth II,True,"Answer the question using ONLY the context below. If the answer is not contained in the context, say 'I don't know'. The answer is the answer to the question that is not in the Context below. The answer to this question is the following:Context:Contexts:Context :Context: Context:",0.0,0.0,1.0,contradiction,0,0.11479344218969345,"Answer the question as best as you can using the context below.If the answer is not explicitly stated, make the best possible inference. If the answer does not explicitly state, make a best possible deduction. If it is not stated, then make the worst possible inference and make the most possible inference. </P",0.0,0.0,1.0,neutral,0,0.2797601521015167
576,where is earth within the milky way galaxy,Orion Arm,True,"Answer the question using ONLY the context below. If the answer is not contained in the context, say 'I don't know'.Answer the answer using ONLY what the context is.Answer the Question using ONLY ( ONLY the Context below).Answer the Answer using ONLY The Context below.Answer: <Table> Milky",0.0,0.0,0.0,entailment,1,0.3887542188167572,"Answer the question as best as you can using the context below.If the answer is not explicitly stated, make the best possible inference. If the answer does not explicitly state, make a best possible assumption. If it is explicitly stated that the answer was not explicitly specified, make that best possible conclusion. If not",0.0,0.0,0.0,neutral,0,0.38388603925704956
577,who plays shiv's ex boyfriend on succession,Ashley Zukerman,True,"Answer the question using ONLY the context below. If the answer is not contained in the context, say 'I don't know'. The answer is NOT contained in any context below, say'I don't know'. </Table> <Table>Context: <Table><Table><Table> </Table",0.0,0.0,0.0,entailment,1,0.35201868414878845,"Answer the question as best as you can using the context below.If the answer is not explicitly stated, make the best possible inference. If the answer does not explicitly state, make a best possible assumption. If it does not state the answer, make it explicitly stated.Context: <Table> <Table >",0.0,0.0,0.0,entailment,1,0.5450624227523804
578,what is the population of yukon in 2017,"35,874 people",True,"Answer the question using ONLY the context below. If the answer is not contained in the context, say 'I don't know'. The answer must be contained in a context that is not part of the context. </P> <P>Context: Context: Context : Context:Context:Context : Context :",0.0,0.0,0.0,contradiction,0,0.026295065879821777,"Answer the question as best as you can using the context below. If the answer is explicitly stated, make the best possible inference. If it is not explicitly stated, make the worst possible inference using the following context:Context:Context :Context: Context:Contexts:Contextual:ContextContext:context:",0.0,0.0,0.0,neutral,0,0.4155752658843994
579,when was a whiter shade of pale recorded,1967,True,"Answer the question using ONLY the context below. If the answer is not contained in the context, say 'I don't know'.Answer the Question using ONLY The Context below.Answer the Context below: <Tr> <Tr><Tr> {Context: Context: Context </Tr> </Tr><Td",0.0,0.0,1.0,entailment,1,0.7343181371688843,"Answer the question as best as you can using the context below. If the answer is explicitly stated, make the best possible inference. If it is not explicitly stated then make the worst possible inference, make a best possible statement. Example: Example:Example: Example 2. Example 3. Example 4. Example 2",0.0,0.0,1.0,contradiction,0,0.11094728857278824
589,when did the song all by myself come out,in 1975,True,"Answer the question using ONLY the context below. If the answer is not contained in the context, say 'I don't know'.Answer the Question using ONLY The Context below.Context:Context: Context: Context : Context:Context : Context :Context: context: Context <P> The varying historical accounts of",0.0,0.046511627906976744,0.0,entailment,1,0.6819734573364258,"Answer the question as best as you can using the context below.If the answer is not explicitly stated, make the best possible inference. If the answer does not explicitly state, make a best possible conclusion. If it does not state the answer, make it the best way you can.Context:Context: Context",0.0,0.0,0.0,entailment,1,0.5202557444572449
593,what is the meaning of region in english,"areas that are broadly divided by physical characteristics (physical geography), human impact characteristics (human geography), and the interaction of humanity and the environment (environmental geography)",True,"Answer the question using ONLY the context below. If the answer is not contained in the context, say 'I don't know'. The answer is NOT contained in this context. The answer may be omitted if the answer does not contain in the Context below. The Answer: `` Cracker '' is a slang term",0.0,0.05263157894736842,0.0,neutral,0,0.1443413645029068,"Answer the question as best as you can using the context below.If the answer is not explicitly stated, make the best possible inference. If the answer does not explicitly state, make a best possible assumption.Context: English Language, American English, and American English Context: English language, American American English, American",0.0,0.08108108108108107,0.0,neutral,0,0.45167461037635803
597,when does arrow season 6 episode 21 air,"May 3, 2018",True,"Answer the question using ONLY the context below. If the answer is not contained in the context, say 'I don't know'.Answer the Question using ONLY The context below: <Tr> <Tr><Tr> <!-- Context: Context: context. Context: contextual. Context. Context : Context.Context:",0.0,0.0,0.0,entailment,1,0.8029409050941467,"Answer the question as best as you can using the context below.If the answer is not explicitly stated, make the best possible inference.Example:Example: Example: Example of a bow and arrow.Context: Example Example:Example of a Bow and Arrow.Context : Example of an arrow and arrow.Context",0.0,0.0,0.0,neutral,0,0.1570095419883728
598,who starred in the original movie cape fear,Robert Mitchum,True,"Answer the question using ONLY the context below. If the answer is not contained in the context, say 'I don't know'.Answer the Question using ONLY The Context below.Context:Context: Context: Context : Context:Context : Context :Context: context: Context <Tr> <Tr > <Th",0.0,0.0,1.0,neutral,0,0.06360369920730591,"Answer the question as best as you can using the context below.If the answer is not explicitly stated, make the best possible inference. If the answer does not explicitly state, make a best possible conclusion.Context:Context: Context:Context :Context:context:Context.Context. Context: Context.Context",0.0,0.0,1.0,neutral,0,0.34261685609817505
599,who is the bloke in the go compare advert,Wynne Evans,True,"Answer the question using ONLY the context below. If the answer is not contained in the context, say 'I don't know'. The answer is NOT contained in any context. The answer IS NOT contained IN THE Context. The Answer is NOT CONNECTED. The Context: <P> <Table> <",0.0,0.0,1.0,neutral,0,0.2151968628168106,"Answer the question as best as you can using the context below.If the answer is not explicitly stated, make the best possible inference. If the answer does not explicitly state, make a best possible assumption.Context: <Tr> <Tr><Td colspan=""2""> Evans </Td> </",0.0,0.047619047619047616,1.0,entailment,1,0.5014187693595886
600,where does a jury of her peers take place,"fictional Dickson County (representing Dickinson County, Iowa)",True,"Answer the question using ONLY the context below. If the answer is not contained in the context, say 'I don't know'. The answer is NOT contained in any context. The answer will be answered using ONLY what the answer contains in the Context below.Context: <Tr> <Th colspan=""2",0.0,0.0,0.0,contradiction,0,0.1485709249973297,"Answer the question as best as you can using the context below.If the answer is not explicitly stated, make the best possible inference. If the answer does not explicitly state, make a best possible deduction. If it does not state the answer, make it explicitly stated.Context: <Tr> <Th col",0.0,0.0,0.0,neutral,0,0.44618624448776245
603,what language do they speak in the czech republic,Czech,True,"Answer the question using ONLY the context below. If the answer is not contained in the context, say 'I don't know'.Answer the answer using ONLY a context below, say'I don't know'. <Tr> <Th colspan=""2""> Czech </Th> </Tr> </Th",0.0,0.05128205128205127,1.0,entailment,1,0.8219223022460938,"Answer the question as best as you can using the context below. If the answer is explicitly stated, make the best possible inference. If it is not explicitly stated in the context, make it the best way inference. Example: Example:Example: Example 2. Example 3. Example 4. Example 2: Example",0.0,0.0,1.0,contradiction,0,0.2078724056482315
604,who is el senor de los cielos based on,Amado Carrillo Fuentes,True,"Answer the question using ONLY the context below. If the answer is not contained in the context, say 'I don't know'.Answer the answer using ONLY what the context is.Answer the Question using ONLY ( ONLY the Context below).Answer the Answer using ONLY The Context below.Answer: ""I don�",0.0,0.0,1.0,entailment,1,0.637357234954834,"Answer the question as best as you can using the context below.If the answer is not explicitly stated, make the best possible inference. If the answer does not explicitly state, make a best possible assumption. If it does not state, then make the worst possible inference and make the most possible inference using the following",0.0,0.0,1.0,entailment,1,0.508733868598938
607,what year did the drummer lose his arm,1985,True,"Answer the question using ONLY the context below. If the answer is not contained in the context, say 'I don't know'. The answer is NOT contained in any context. The answer should be 'I know' and not 'I'm not sure'. </Tr> <Tr> The question should be",0.0,0.0,0.0,contradiction,0,0.04929326847195625,"Answer the question as best as you can using the context below.If the answer is not explicitly stated, make the best possible inference. If the answer does not explicitly state, make a best possible conclusion.Context:Context:<Tr> <Th colspan=""2""> I Know What You Did Last Summer",0.0,0.0,0.0,neutral,0,0.31493544578552246
609,where is redding california located on a map,"along the Sacramento River, 162 miles (261 kilometers) north of Sacramento, and 120 miles (190 km) south of California's northern border, shared with the state of Oregon",True,"Answer the question using ONLY the context below. If the answer is not contained in the context, say 'I don't know'.Answer the answer using ONLY THE context below and say 'You don't want to know'.Context:Context: Context:Context :Context:context:ContextContext: context:Context",0.0,0.09230769230769231,0.0,contradiction,0,0.1916160136461258,"Answer the question as best as you can using the context below.If the answer is not explicitly stated, make the best possible inference.Example:Example: Example: Example of the following: Example Example:Example of the above: ExampleExample:Context: ExampleContext:ExampleContext:Context : ExampleContext :",0.0,0.12698412698412698,0.0,neutral,0,0.18047980964183807
613,when does celebs go dating series 3 start,4 September 2017,True,"Answer the question using ONLY the context below. If the answer is not contained in the context, say 'I don't know'. </P> <P> The following is a list of the most important events in NASCAR history. The following events are considered to be the most significant events in the history of NASCAR",0.0,0.0,0.0,neutral,0,0.029367174953222275,"Answer the question as best as you can using the context below. If the answer is explicitly stated, make the best possible inference. If it is not explicitly stated, make the worst possible inference by using the following context: Context: ContextContext: Context Context:Context:ContextContext:contextContext:textContext",0.0,0.0,0.0,neutral,0,0.177814781665802
619,what is the newest jurassic park movie called,Jurassic World: Fallen Kingdom,True,"Answer the question using ONLY the context below. If the answer is not contained in the context, say 'I don't know'. The answer is NOT contained in any context. The answer will be the answer that is not included in the Context below. </Table> <Table>Context: <Tr> <",0.0,0.0,0.0,contradiction,0,0.10677086561918259,"Answer the question as best as you can using the context below. If the answer is explicitly stated, make the best possible inference. If it is not explicitly stated in the context, make a best possible deduction.Context: <Table> <Tr> <Table: <Tr><Tr><Th colspan",0.0,0.0,0.0,neutral,0,0.45524993538856506
622,who wrote the song one wing from sparkle,R. Kelly,True,"Answer the question using ONLY the context below. If the answer is not contained in the context, say 'I don't know'. The answer is then used to answer the question. The answer will be used to determine the answer to the question in the following context:Context:Contexts:Context :Context:",0.0,0.0,0.0,contradiction,0,0.054424211382865906,"Answer the question as best as you can using the context below. If the answer is explicitly stated, make the best possible inference. If it is not explicitly stated in the context, make a best possible deduction.Context:Context:Example:Contexts:Context :Context: Context:ContextContext:<P",0.0,0.0,0.0,neutral,0,0.4464121460914612
623,who sang wish you were here pink floyd,David Gilmour,True,"Answer the question using ONLY the context below. If the answer is not contained in the context, say 'I don't know'.Answer the Question using ONLY The context below and say 'You don't want to know'.Context:Context: Context:Context :Context:context:Context::Context:Example:",0.0,0.0,1.0,contradiction,0,0.14954295754432678,"Answer the question as best as you can using the context below.Answer the answer as best possible inference.If the answer is not explicitly stated, make the best possible statement.Answer The Question as best and as best (if the answer isn't explicitly stated) using the Context below.Context:Context: Context",0.0,0.0,1.0,entailment,1,0.558135986328125
627,who won the women's 400 meter dash in the olympics,Shaunae Miller,True,"Answer the question using ONLY the context below. If the answer is not contained in the context, say 'I don't know'. If the question is not answered, say it is not in the Context below.Answer the Question using ONLY The Context below:Context:Contexts:Context :Context: Context:",0.0,0.0,1.0,entailment,1,0.42381253838539124,"Answer the question as best as you can using the context below.If the answer is not explicitly stated, make the best possible inference. If the answer does not explicitly state the answer, make a best possible statement. If it is explicitly stated in the context, make it the best way you can.Context:",0.0,0.0,1.0,entailment,1,0.5560775399208069
628,who has the most points in nba history career,LeBron James,True,"Answer the question using ONLY the context below. If the answer is not contained in the context, say 'I don't know'. The answer is NOT contained in any context. The answer will be used in the following context:Context:Contexts:Context :Context:Fact:ContextContext: Context:Context",0.0,0.0,1.0,contradiction,0,0.012225261889398098,"Answer the question as best as you can using the context below. If the answer is explicitly stated, make the best possible inference. If it is not explicitly stated in the context, make it the best way you can. If you are not explicitly stating, make a best possible inferences. If not explicitly specified",0.0,0.0,1.0,contradiction,0,0.03586083650588989
629,who is paige on days of our lives,True O'Brien,True,"Answer the question using ONLY the context below. If the answer is not contained in the context, say 'I don't know'.Answer the answer using ONLY The context below and say 'You don't want to know'. <Tr> <Th> What's the context? </Tr> </Tr><Tr",0.0,0.0,0.0,contradiction,0,0.13083530962467194,"Answer the question as best as you can using the context below. If the answer is explicitly stated, make the best possible inference. If it is not explicitly stated in the context, make it the best way inference. Example: Example:Example: Example 2. Example 3. Example 4. Example 2: Example",0.0,0.0,0.0,contradiction,0,0.1691255122423172
634,bible verse if your hand causes you sin cut off,Matthew 5:30,True,"Answer the question using ONLY the context below. If the answer is not contained in the context, say 'I don't know'. The answer is the answer to the question that is contained in that context. The answer to this question is the following:Context:Contexts:Context :Context: Context:Context",0.0,0.0,0.0,neutral,0,0.10612262785434723,"Answer the question as best as you can using the context below.If the answer is not explicitly stated, make the best possible inference. If the answer does not explicitly state the answer, make a best possible conclusion. If it is not stated, then make the worst possible inference and make the most possible inference using",0.0,0.0,0.0,neutral,0,0.32803934812545776
638,when did the first slender game come out,2012,True,"Answer the question using ONLY the context below. If the answer is not contained in the context, say 'I don't know'. Answer the question with ONLY the Context below. Answer the answer using ONLY The Context below: Context: ContextContext: Context Context:Context:ContextContext:contextContext:textContext",0.0,0.0,0.0,entailment,1,0.5955289602279663,"Answer the question as best as you can using the context below.If the answer is not explicitly stated, make the best possible inference. If the answer does not explicitly state, make a best possible deduction. If it does not clearly state, then make the worst possible inference possible.Context:Context: Context:",0.0,0.0,0.0,neutral,0,0.46083855628967285
640,when do the red sox play sweet caroline,in the middle of the eighth inning,True,"Answer the question using ONLY the context below. If the answer is not contained in the context, say 'I don't know'.Answer the answer using ONLY The context below: <Tr> <Th> What is the context? </Tr> </Tr><Tr> <!--Context: What is a context?",0.0,0.125,0.0,entailment,1,0.6332670450210571,"Answer the question as best as you can using the context below.Answer the answer as best possible inference.If the answer is not explicitly stated, make the best possible statement.Answer The Question as best and as best (if the answer was explicitly stated) using the Context below.Context: <Tr> <",0.0,0.07407407407407407,0.0,entailment,1,0.3806799352169037
644,who plays the black knight in monty python,John Cleese,True,"Answer the question using ONLY the context below. If the answer is not contained in the context, say 'I don't know'. The Black Knight is a fictional character who appears in a scene of the film Monty Python and the Holy Grail. As his name suggests, he is a black knight who guards a",0.0,0.0,1.0,neutral,0,0.06643339991569519,"Answer the question as best as you can using the context below. If the answer is explicitly stated, make the best possible inference. If it is not explicitly stated, make the worst possible inference and make the most possible inference using the following context:Context:Context :Context: Context:Contexts:ContextContext",0.0,0.0,1.0,entailment,1,0.4034363329410553
645,secreted by cells in the walls of the hearts atria,Atrial natriuretic peptide (ANP),True,"Answer the question using ONLY the context below. If the answer is not contained in the context, say 'I don't know'. The answer is NOT contained in any context. The answer will be answered using ONLY what is contained in that context. </P> <P>Context: The context below is the",0.0,0.0,0.0,neutral,0,0.23359867930412292,"Answer the question as best as you can using the context below.If the answer is not explicitly stated, make the best possible inference. If the answer does not explicitly state, make a best possible assumption.Context: Green Plants and Plants As Respiratory Products, Hydrogen, and Oxygen, also known",0.0,0.0,0.0,neutral,0,0.35149019956588745
649,which nba player has scored the most points,Kareem Abdul-Jabbar,True,"Answer the question using ONLY the context below. If the answer is not contained in the context, say 'I don't know'. If the question is not answered, say it is not in the Context below.Answer the Question using ONLY The Context below:Context:<P> <P> In basketball,",0.0,0.0,0.0,entailment,1,0.6901131868362427,"Answer the question as best as you can using the context below.If the answer is not explicitly stated, make the best possible inference. If the answer does not explicitly state, make a best possible deduction. If it does not clearly stated, use the best available inference.Context:<P> In basketball,",0.0,0.0,0.0,entailment,1,0.5735926032066345
651,who did the soviet union support in china civil war,the CCP,True,"Answer the question using ONLY the context below. If the answer is not contained in the context, say 'I don't know'. </Tr> <Tr> (Context: ) <Tr><Tr> </Tr><Td> <Td><Tr><Th> Part of a series on the </",0.0,0.05714285714285715,0.0,neutral,0,0.026794983074069023,"Answer the question as best as you can using the context below. If the answer is explicitly stated, make the best possible inference. If it is not explicitly stated in the context, make it the best way inference. Example: Example:Example: Example of the following: Example Example: <Table> <Tr",0.0,0.039999999999999994,0.0,contradiction,0,0.14081697165966034
653,when was the last time a total eclipse happened,"August 21, 2017",True,"Answer the question using ONLY the context below. If the answer is not contained in the context, say 'I don't know'. The answer is NOT contained in any context. The answer will be the answer that is not included in the question.Context: The show is currently in production. The show has been",0.0,0.0,0.0,neutral,0,0.26486513018608093,"Answer the question as best as you can using the context below.If the answer is not explicitly stated, make the best possible inference. If the answer does not explicitly state the answer, make a best possible assumption.Context:Context:The show was ordered to series on May 8, 2014, followed by a",0.0,0.0,0.0,neutral,0,0.44488707184791565
656,who played the scare crow in wizard of oz,Raymond Wallace Bolger,True,"Answer the question using ONLY the context below. If the answer is not contained in the context, say 'I don't know'. The answer is NOT contained in any context. The answer IS NOT contained IN THE context below, say'I don't know'.The Wizard of Oz is an inborn attribute",0.0,0.0,1.0,contradiction,0,0.2353534698486328,"Answer the question as best as you can using the context below.If the answer is not explicitly stated, make the best possible inference. If the answer does not explicitly state, make a best possible deduction. If it is explicitly stated in the context, make it the best way possible inference.Context: <Tr",0.0,0.0,1.0,neutral,0,0.4238970875740051
667,where is the femur located on the human body,proximal (closest to the hip joint) bone of the leg,True,"Answer the question using ONLY the context below. If the answer is not contained in the context, say 'I don't know'. The answer is NOT contained in any context. The answer will be used ONLY in the contexts below. The question will be answered using ONLY what the answer will contain in the Context below",0.0,0.061538461538461535,0.0,entailment,1,0.47824811935424805,"Answer the question as best as you can using the context below.If the answer is not explicitly stated, make the best possible inference. If the answer does not explicitly state, make a best possible deduction.Context: The Round Ligament of the uterus is located in the uterus, and runs along the ing",0.0,0.09836065573770492,0.0,entailment,1,0.6133038997650146
668,who said truth justice and the american way,the comic-book character Superman,True,"Answer the question using ONLY the context below. If the answer is not contained in the context, say 'I don't know'. The answer is NOT contained in any context. The answer may refer to : </Ul> <Ul> The answer to the question is not in the Context below. The question is",0.0,0.037037037037037035,0.0,contradiction,0,0.07622182369232178,"Answer the question as best as you can using the context below.If the answer is not explicitly stated, make the best possible inference. If the answer does not explicitly state, make a best possible deduction. If it is explicitly stated in the context, make it the best way you can.Context: <Ul",0.0,0.03636363636363636,0.0,entailment,1,0.5917116403579712
669,who won the first stage of the 2018 tour de france,Fernando Gaviria of Quick-Step Floors,True,"Answer the question using ONLY the context below. If the answer is not contained in the context, say 'I don't know'. If the question is not answered, say it is not included in the Context below. The answer is NOT contained in any context. The question is NOT answered using ONLY a context.",0.0,0.0,0.0,contradiction,0,0.02965935319662094,"Answer the question as best as you can using the context below.If the answer is not explicitly stated, make the best possible inference. If the answer does not explicitly state, make a best possible assumption. If it is explicitly stated in the context, make that best possible statement.Context:Context: Context:",0.0,0.0,0.0,entailment,1,0.5185205936431885
672,where is kuala lumpur located on a map,3°8′N 101°41′E﻿ / ﻿3.133°N 101.683°E,True,"Answer the question using ONLY the context below. If the answer is not contained in the context, say 'I don't know'.Answer the answer using ONLY The context below and say 'You don't want to know'. </Tr> <Tr> </Tr><Tr> <!--Th colspan=""2"">",0.0,0.0,0.0,contradiction,0,0.12604762613773346,"Answer the question as best as you can using the context below.Context:Context:If the answer is explicitly stated, make the best possible inference.Context :Context: Context:Context : Context: Context :Context : </Tr> <Tr> </Tr><Tr> > <Th colspan=""2",0.0,0.0,0.0,neutral,0,0.12635354697704315
673,when did falcon first appear in the mcu,in the 2014 film Captain America: The Winter Soldier,True,"Answer the question using ONLY the context below. If the answer is not contained in the context, say 'I don't know'.Answer the answer using ONLY The context below: <P> <P><Context: The context of the context is the context of a given context. </P> </P><",0.0,0.11320754716981131,0.0,entailment,1,0.8147518038749695,"Answer the question as best as you can using the context below.If the answer is not explicitly stated, make the best possible inference.Example: The Chapter and Verse divisions of the Bible are part of the paratext of the Book of Revelation. </P> <P> The chapter and verse divisions are",0.0,0.06896551724137931,0.0,neutral,0,0.1795053780078888
675,when did the battle of bannockburn take place,24 June 1314,True,"Answer the question using ONLY the context below. If the answer is not contained in the context, say 'I don't know'. The answer is NOT contained in any context. The answer will be answered using ONLY what is contained in that context.Context: The War of the Mexican -- American War ( or American",0.0,0.0,0.0,contradiction,0,0.3238692879676819,"Answer the question as best as you can using the context below.If the answer is not explicitly stated, make the best possible inference. If the answer does not explicitly state, make a best possible deduction.Context:Context:History:History :History:Contextual:Context :Context: Context:Contexts",0.0,0.0,0.0,entailment,1,0.6280463337898254
677,who does danny end up with in just go with it,Katherine,True,"Answer the question using ONLY the context below. If the answer is not contained in the context, say 'I don't know'. If the question is not answered, say it is not included in the Context below. The answer is NOT contained in any context. The question is NOT answered using the context. It",0.0,0.0,0.0,contradiction,0,0.09658093005418777,"Answer the question as best as you can using the context below.If the answer is not explicitly stated, make the best possible inference. If the answer does not explicitly state, make a best possible deduction.Context:<P> <P> The pageant has awarded a top - five finalists from 1952 to 1989",0.0,0.0,0.0,entailment,1,0.4988577365875244
678,who played tj on head of the class,Rain Pryor,True,"Answer the question using ONLY the context below. If the answer is not contained in the context, say 'I don't know'. If the question is not answered, say it is not in the Context below. The answer is NOT contained in any context. The question is NOT in theContext: The answer to",0.0,0.0,0.0,contradiction,0,0.26016655564308167,"Answer the question as best as you can using the context below.If the answer is not explicitly stated, make the best possible inference. If the answer does not explicitly state, make a best possible statement.Context:Context: Context:Context :Context:context:ContextContext:Example:ContextsContext:",0.0,0.0,0.0,entailment,1,0.7396029233932495
684,what is free trade area of the americas,agreement to eliminate or reduce the trade barriers,True,"Answer the question using ONLY the context below. If the answer is not contained in the context, say 'I don't know'. The answer is NOT contained in any context. The answer will be used ONLY in the contexts below.Context:Context:The Trade Winds ( Context:The World Trade Area of the",0.0,0.07272727272727272,1.0,contradiction,0,0.25240558385849,"Answer the question as best as you can using the context below.If the answer is not explicitly stated, make the best possible inference. If the answer does not explicitly state, make a best possible assumption.Context:Context:The Trade Winds of the Americas ( FTAA ; Spanish : Área de Libre",0.0,0.07547169811320754,1.0,entailment,1,0.49589064717292786
685,who was the first to suggest an atom existed,the ancient Greek philosophers Leucippus and his pupil Democritus,True,"Answer the question using ONLY the context below. If the answer is not contained in the context, say 'I don't know'. The answer is the answer to the question that is not in the Context below.Context: <P> <P><P> The name of a B - 29 Superfortress",0.0,0.037037037037037035,0.0,contradiction,0,0.2121632844209671,"Answer the question as best as you can using the context below. If the answer is explicitly stated, make the best possible inference. If it is not explicitly stated in the context, make a best possible conclusion. If not explicitly stating, make that best possible deduction. If you are not explicitly specified, make it",0.0,0.031746031746031744,0.0,neutral,0,0.44442856311798096
686,what percentage of the us population is east of the mississippi,58.28%,True,"Answer the question using ONLY the context below. If the answer is not contained in the context, say 'I don't know'. The answer is NOT contained in any context. The answer will be the answer that is not included in the Context below.Context: *P> <P> In economics, the",0.0,0.0,0.0,contradiction,0,0.1458057314157486,"Answer the question as best as you can using the context below.If the answer is not explicitly stated, make the best possible inference. If the answer does not explicitly state, make a best possible assumption. If it is not stated, then make the worst possible inference and make the most possible inference. </P",0.0,0.0,0.0,neutral,0,0.31857264041900635
687,who is gertrude bell queen of the desert,"an English writer, traveller, political officer, administrator, and archaeologist",True,"Answer the question using ONLY the context below. If the answer is not contained in the context, say 'I don't know'. </Tr> <Tr> </Tr><Td> <Td><Tt> <P>Context:Context: Context: Context <Tt><T> <",0.0,0.0,0.0,neutral,0,0.05318077281117439,"Answer the question as best as you can using the context below.If the answer is not explicitly stated, make the best possible inference. If the answer does not explicitly state, make a best possible conclusion.Context:Context: Context: Context : Context:Context : Context :Context:context:Contexts:",0.0,0.0,0.0,entailment,1,0.6295995116233826
688,what is the name given to the rows in the periodic table,periods,True,"Answer the question using ONLY the context below. If the answer is not contained in the context, say 'I don't know'.Answer the Question using ONLY The Context below.Answer the Answer using ONLY THE Context below:Context:Contexts:Context :Context: Context:Contextual:ContextContext:context",0.0,0.0,0.0,entailment,1,0.643873393535614,"Answer the question as best as you can using the context below.If the answer is not explicitly stated, make the best possible inference. If the answer does not explicitly state, make a best possible conclusion.Context:Context:History:History of Civilization:History :History of the Middle East and the Middle Eastern",0.0,0.0,0.0,entailment,1,0.6080921292304993
689,who is the current director of the national park service,"Mike Reynolds, Acting Director",True,"Answer the question using ONLY the context below. If the answer is not contained in the context, say 'I don't know'. The answer is NOT contained in any context. The answer IS NOT contained IN THE context below, say'I don't know'.Context:Context:<Tr> <Tr",0.0,0.0,1.0,entailment,1,0.553115725517273,"Answer the question as best as you can using the context below.If the answer is not explicitly stated, make the best possible inference. If the answer does not explicitly state the answer, make a best possible assumption. If it is explicitly stated in the context, make that best possible deduction.Context: <Tr",0.0,0.0,1.0,neutral,0,0.4528818130493164
691,who was the first person who discovered gravitational pull,Aryabhata,True,"Answer the question using ONLY the context below. If the answer is not contained in the context, say 'I don't know'.Answer the Question using ONLY The Context below.Answer the Answer using ONLY THE Context below:Context:Contexts:Context :Context: Context:Context-Context:context:Context",0.0,0.0,0.0,neutral,0,0.3477897047996521,"Answer the question as best as you can using the context below. If the answer is explicitly stated, make the best possible inference. If it is not explicitly stated in the context, make a best possible deduction.Context:Context:The ABO blood group system is a blood group that is a type of antigen",0.0,0.0,0.0,neutral,0,0.43361982703208923
695,can't help falling in love who wrote it,Hugo Peretti,True,"Answer the question using ONLY the context below. If the answer is not contained in the context, say 'I don't know'. If the question is not answered, say'I don 't know'. The answer is NOT contained in any context below, but rather, say, `` I don't want to",0.0,0.0,0.0,entailment,1,0.4090719223022461,"Answer the question as best as you can using the context below. If the answer is explicitly stated, make the best possible inference. If it is not explicitly stated in the context, make it the best way possible inference, and make the worst possible inference using the following: Context: ContextContext: Context : Context",0.0,0.0,0.0,neutral,0,0.21851259469985962
697,where is finland located on a map of europe,Northern Europe,True,"Answer the question using ONLY the context below. If the answer is not contained in the context, say 'I don't know'.Answer the answer using ONLY what the context is. If it is not included in the Context below, say ""I don' know'. Answer the question with ONLY the answer below.",0.0,0.0,0.0,contradiction,0,0.1907263994216919,"Answer the question as best as you can using the context below.If the answer is not explicitly stated, make the best possible inference. If the answer was explicitly stated in the context, make a best possible statement.Context: Cedar River - Cedar River is located in Dodge County, Minnesota, consisting of a west",0.0,0.0,0.0,neutral,0,0.3597867786884308
700,who wrote the i had a dream speech,Martin Luther King Jr.,True,"Answer the question using ONLY the context below. If the answer is not contained in the context, say 'I don't know'.Answer the Question using ONLY The Context below.Answer the Answer using ONLYThe Context:Context:Contexts:Context :Context:The Contexts:TheContext:<P>",0.0,0.0,0.0,entailment,1,0.7109572887420654,"Answer the question as best as you can using the context below.If the answer is not explicitly stated, make the best possible inference. If the answer does not explicitly state, make a best possible statement. If it is explicitly stated in the context, make it the best way you can.Context:Context:",0.0,0.0,0.0,entailment,1,0.6607129573822021
701,who is the highest paid player in all of sports,Cristiano Ronaldo,True,"Answer the question using ONLY the context below. If the answer is not contained in the context, say 'I don't know'. The answer is NOT contained in any context. The answer will be the same as the answer in the previous question. </P> <P>Context: The answer to the question",0.0,0.0,0.0,neutral,0,0.09586869180202484,"Answer the question as best as you can using the context below.If the answer is not explicitly stated, make the best possible inference. If the answer does not explicitly state, make a best possible assumption. If it is explicitly stated that the answer was not explicitly specified, make that best possible conclusion.Context:",0.0,0.0,0.0,entailment,1,0.5503836274147034
706,who won the battle of charleston in the revolutionary war,the British,True,"Answer the question using ONLY the context below. If the answer is not contained in the context, say 'I don't know'. The answer is NOT contained in any context. The answer will be answered using ONLY what is contained in that context. </Td> </Tr> <Tr> </Tt",0.0,0.041666666666666664,0.0,neutral,0,0.2511957883834839,"Answer the question as best as you can using the context below.If the answer is not explicitly stated, make the best possible inference. If the answer does not explicitly state, make a best possible deduction.Context: <Tr> <Th> Part of a series on the </Th> </Tr> </",0.0,0.0425531914893617,0.0,entailment,1,0.49400243163108826
710,which of the following are components of the pns,nerves and ganglia outside the brain and spinal cord,True,"Answer the question using ONLY the context below. If the answer is not contained in the context, say 'I don't know'. The answer is NOT contained in any context. The answer may be omitted if the answer does not contain in the Context below. The Answer is NOT CONSTANTLY CONSTIT",0.0,0.03389830508474577,0.0,contradiction,0,0.23790083825588226,"Answer the question as best as you can using the context below.If the answer is not explicitly stated, make the best possible inference. If the answer does not explicitly state, make a best possible deduction.Context:Context:Possible Explanation:Contexts:Context :Context:The following is a list",0.0,0.04,0.0,entailment,1,0.49222347140312195
711,who wrote the song come thou fount of every blessing,18th century pastor and hymnist Robert Robinson,True,"Answer the question using ONLY the context below. If the answer is not contained in the context, say 'I don't know'. The answer is always the same. The answer will be the same if the answer isn't contained in any context. The Answer is always The Answer Is Always the Same.Context:",0.0,0.0,0.0,contradiction,0,0.2064950317144394,"Answer the question as best as you can using the context below.If the answer is not explicitly stated, make the best possible inference. If the answer does not explicitly state, make a best possible assumption.Context:Context:The answer is the answer to the question.Contexts:Contexts :Context:",0.0,0.0,0.0,entailment,1,0.5032251477241516
716,a series of unfortunate events season 1 episode 2,The Bad Beginning: Part Two,True,"Answer the question using ONLY the context below. If the answer is not contained in the context, say 'I don't know'. The answer is NOT contained in any context. The answer will be used ONLY in the answer below. The Answer is NOT CONSTANTLY IN THE Context. The Question is NOT",0.0,0.03571428571428571,0.0,entailment,1,0.3926657438278198,"Answer the question as best as you can using the context below.If the answer is not explicitly stated, make the best possible inference. If the answer does not explicitly state, make a best possible statement. If it is explicitly stated that the answer was not explicitly specified, make that best possible implication.Context:",0.0,0.03508771929824562,0.0,entailment,1,0.6513015031814575
719,who is the present speaker in lok sabha,Sumitra Mahajan of the Bharatiya Janata Party,True,"Answer the question using ONLY the context below. If the answer is not contained in the context, say 'I don't know'. The answer is also not contained within the context. The answer will be used in the following context: The answer to the question is 'I do not know'. </P> <",0.0,0.03508771929824562,0.0,neutral,0,0.15599992871284485,"Answer the question as best as you can using the context below.If the answer is not explicitly stated, make the best possible inference. If the answer does not explicitly state, make a best possible conclusion.Context: The Parliament of India is bicameral. The Constitution of India provides for Joint sitt",0.0,0.07142857142857142,0.0,neutral,0,0.4450938403606415
720,who is said be the father of volleyball,William George Morgan,True,"Answer the question using ONLY the context below. If the answer is not contained in the context, say 'I don't know'. The answer is the answer to the question that is not in the Context below.Context:Context: Context: Context : Context:Context : Context :Context: context: Context <",0.0,0.0,0.0,neutral,0,0.1990249902009964,"Answer the question as best as you can using the context below.If the answer is not explicitly stated, make the best possible inference. If the answer does not explicitly state the answer, make a best possible assumption. If it is not stated, then make the worst possible inference and make the most possible inference using",0.0,0.0,0.0,entailment,1,0.5152729749679565
722,who has the most medals in this year's winter olympics,Norway,True,"Answer the question using ONLY the context below. If the answer is not contained in the context, say 'I don't know'.Answer the answer using ONLY what the context is.Answer the Question using ONLY ( ONLY the Context below).Answer the Answer using ONLY The Context below. <Tr> <Tr><",0.0,0.0,0.0,entailment,1,0.6158789992332458,"Answer the question as best as you can using the context below. If the answer is explicitly stated, make the best possible inference. If it is not explicitly stated then make the worst possible inference, make a best possible assumption. Example: Example:Example: Example 2. Example 3. Example 4. Example 2",0.0,0.0,0.0,neutral,0,0.3513354957103729
723,when was the internet introduced in the philippines,"on March 29, 1994",True,"Answer the question using ONLY the context below. If the answer is not contained in the context, say 'I don't know'. The answer is NOT contained in any context. The answer will be the answer to the question. </P>Context: The Internet in the Philippines is a network of Internet services and",0.0,0.0,1.0,contradiction,0,0.0819491446018219,"Answer the question as best as you can using the context below. If the answer is explicitly stated, make the best possible inference. If it is not explicitly stated in the context, make a best possible deduction.Context: The Internet in the Philippines (P.N.A. ) is a network of Internet",0.0,0.0,1.0,neutral,0,0.46273139119148254
729,who is the heroine of quit india movement,Aruna Asaf Ali,True,"Answer the question using ONLY the context below. If the answer is not contained in the context, say 'I don't know'. The answer is NOT contained in any context. The answer will be used only in the contexts below. The context is the context of the question. The question is not the context that",0.0,0.0,0.0,contradiction,0,0.26502153277397156,"Answer the question as best as you can using the context below.If the answer is not explicitly stated, make the best possible inference. If the answer does not explicitly state, make a best possible assumption.Context: The Vedaranyam March ( also called the Vedaranyaam Satyagraha )",0.0,0.0,0.0,entailment,1,0.5591123700141907
731,when can a med student be called doctor,Upon successful completion of medical school,True,"Answer the question using ONLY the context below. If the answer is not contained in the context, say 'I don't know'. </P> <Table> Educational AssessmentContext: <P> Educational assessment is the systematic process of documenting and using empirical data on the knowledge, skill, attitudes, and beliefs to",0.0,0.03846153846153846,0.0,contradiction,0,0.02864704467356205,"Answer the question as best as you can using the context below.If the answer is not explicitly stated, make the best possible inference. If the answer does not explicitly state, make a best possible inferences. If it is not stated, use the best available inference. </P> <Table> Educational Assessment",0.0,0.0,0.0,neutral,0,0.3220806121826172
736,who played piggy in lord of the flies,Hugh Edwards,True,"Answer the question using ONLY the context below. If the answer is not contained in the context, say 'I don't know'.Answer the answer using ONLY what the context is.Answer the Question using ONLY that context below:Context:Context :Context: Context:Contexts:ContextContext:context:Context",0.0,0.0,1.0,entailment,1,0.7152635455131531,"Answer the question as best as you can using the context below.If the answer is not explicitly stated, make the best possible inference. If the answer does not explicitly state, make a best possible statement. If it does not clearly state, then make the worst possible inference and make the most possible inference using the",0.0,0.0,1.0,entailment,1,0.5213446617126465
741,when did disney's 101 dalmations come out,"January 25, 1961",True,"Answer the question using ONLY the context below. If the answer is not contained in the context, say 'I don't know'.Answer the Question using ONLY The Context below.Context:Context: Context: Context : Context:Context : Context :Context: context: Context <P> The varying historical accounts of",0.0,0.0,0.0,entailment,1,0.6819734573364258,"Answer the question as best as you can using the context below.If the answer is not explicitly stated, make the best possible inference. If the answer does not explicitly state, make a best possible conclusion. If it does not state, then make the worst possible inference possible.Context:Context: Context: Context",0.0,0.0,0.0,neutral,0,0.4175124764442444
742,when did they stop putting cigarettes in rations,1975,True,"Answer the question using ONLY the context below. If the answer is not contained in the context, say 'I don't know'. The answer is NOT contained in this context. The answer will be used in the following context: The answer to the question is not included in the Context below. The Answer is NOT",0.0,0.0,1.0,neutral,0,0.14675676822662354,"Answer the question as best as you can using the context below. If the answer is explicitly stated, make the best possible inference. If it is not explicitly stated in the context, make a best possible conclusion. If you are not explicitly stating, make your best possible assumption. If not explicitly specified, make that",0.0,0.0,1.0,neutral,0,0.20815324783325195
743,when did reese's peanut butter cups first come out,1928,True,"Answer the question using ONLY the context below. If the answer is not contained in the context, say 'I don't know'. The answer is NOT contained in any context. The answer will be the following:Context:Context :Context: Context:Contexts:Contextual:ContextContext:context:Context",0.0,0.0,0.0,contradiction,0,0.09004005044698715,"Answer the question as best as you can using the context below.If the answer is not explicitly stated, make the best possible inference. If the answer does not explicitly state, make a best possible deduction. If it is not stated, use the best available inference.Context:Context: Context: Context : Context",0.0,0.0,0.0,entailment,1,0.622967541217804
749,who does christopher walken play in the jungle book,King Louie,True,"Answer the question using ONLY the context below. If the answer is not contained in the context, say 'I don't know'.Answer the answer using ONLY The context below and say 'You don't want to know'. <Tr> <Th> <Td colspan=""2""> Theatrical release",0.0,0.0,0.0,contradiction,0,0.14295433461666107,"Answer the question as best as you can using the context below. If the answer is explicitly stated, make the best possible inference. If it is not explicitly stated in the context, make it the best way inference. Example: Example:Example: Example 2. Example 3. Example 4. Example 2: Example",0.0,0.0,0.0,contradiction,0,0.23312769830226898
751,what is the name of the island of haiti and dominican republic,Hispaniola,True,"Answer the question using ONLY the context below. If the answer is not contained in the context, say 'I don't know'. The answer is the answer to the question that is contained in that context. The answer to this question is the following:Context:Contexts:Context :Context: Context:Context",0.0,0.0,0.0,neutral,0,0.2533628046512604,"Answer the question as best as you can using the context below.If the answer is not explicitly stated, make the best possible inference. If the answer does not explicitly state, make a best possible deduction.Context:Context: Context: Context : Context:Context : Context :Context:context:Contexts:",0.0,0.0,0.0,entailment,1,0.5515604615211487
754,where have the mescalero apache settled in new mexico,Mescalero Apache Reservation,True,"Answer the question using ONLY the context below. If the answer is not contained in the context, say 'I don't know'.Answer the answer using ONLY what the context is.Context: Mescalero Apache <Tr> <Tr><Tr> </Tr> {Tr><Td colspan=""",0.0,0.10256410256410256,0.0,entailment,1,0.6039946675300598,"Answer the question as best as you can using the context below.If the answer is not explicitly stated, make the best possible inference. If the answer does not explicitly state, make a best possible assumption.Context: Mescalero Apache <Tr> <Tr><Tr> </Tr> {Tr><",0.0,0.0909090909090909,0.0,neutral,0,0.3545932471752167
756,where is the new texas rangers stadium being built,Arlington,True,"Answer the question using ONLY the context below. If the answer is not contained in the context, say 'I don't know'.Answer the Question using ONLY The Context below.Answer the Answer using ONLY THE Context below: <Tr> <Tr><Tr> {Th> Context: Context:Context:Context",0.0,0.0,1.0,entailment,1,0.7727807760238647,"Answer the question as best as you can using the context below.If the answer is not explicitly stated, make the best possible inference. If the answer does not explicitly state, make a best possible assumption. If it does not state the answer, make that best possible conclusion.Context:Context: Context: Context",0.0,0.0,1.0,entailment,1,0.5218580961227417
761,where was mash 4077 supposed to be in korea,"Uijeongbu, South Korea",True,"Answer the question using ONLY the context below. If the answer is not contained in the context, say 'I don't know'. The answer is the answer to the question that is not in the Context below. </P> <P> Library BindingContext: The Library Binding Context: The Book BindingContext :",0.0,0.0,0.0,contradiction,0,0.04888816550374031,"Answer the question as best as you can using the context below.If the answer is not explicitly stated, make the best possible inference. If the answer does not explicitly state, make a best possible deduction. If it is not stated, then make the worst possible inference and make the most possible inference using the following",0.0,0.0,0.0,neutral,0,0.4557475447654724
763,theme of the movie akeelah and the bee,overcoming obstacles despite difficult challenges along the way,True,"Answer the question using ONLY the context below. If the answer is not contained in the context, say 'I don't know'.Answer the answer using ONLY what the context is.Answer the Question using ONLY The Context below.Answer The Question using Only the Context below:Context:Context :Context: Context:",0.0,0.03773584905660377,0.0,entailment,1,0.8623952269554138,"Answer the question as best as you can using the context below.If the answer is not explicitly stated, make the best possible inference. If the answer does not explicitly state the answer, make a best possible statement. If it is explicitly stated in the context, make that best possible conclusion.Context:Context:",0.0,0.03448275862068966,0.0,entailment,1,0.7057657837867737
764,who has the most nba championships in nba history,Bill Russell,True,"Answer the question using ONLY the context below. If the answer is not contained in the context, say 'I don't know'. The answer is NOT contained in any context. The answer will be used in the following context:Context:The answer is contained in ONLY the Context below. The Answer is NOT CON",0.0,0.0,1.0,contradiction,0,0.02071325294673443,"Answer the question as best as you can using the context below.If the answer is not explicitly stated, make the best possible inference. If the answer does not explicitly state, make a best possible assumption. If it is explicitly stated that the answer was not explicitly specified, make that best possible implication. If not",0.0,0.0,1.0,contradiction,0,0.06539230048656464
765,when will ios 10 be released for ipad mini,"September 13, 2016",True,"Answer the question using ONLY the context below. If the answer is not contained in the context, say 'I don't know'.Answer the answer using ONLY The context below, say'I don' know'. Answer the question with ONLY the Context below. Answer the answer with ONLY The Context below, and say",0.0,0.0,1.0,contradiction,0,0.3174743950366974,"Answer the question as best as you can using the context below.If the answer is not explicitly stated, make the best possible inference.Example:Example: Example: Example 2. Example 3. Example 4. Example 2: Example 3: Example 4: Example 5. Example 6. Example 5: Example 6",0.0,0.0,1.0,neutral,0,0.21713511645793915
770,when did north america arrive at the location it is in today,mid-Cretaceous period,True,"Answer the question using ONLY the context below. If the answer is not contained in the context, say 'I don't know'. The answer is NOT contained in any context. The answer may be omitted if the answer does not contain in the Context below. The Answer is NOT CONSTANTLY IN THE Context",0.0,0.0,0.0,neutral,0,0.18787440657615662,"Answer the question as best as you can using the context below.If the answer is not explicitly stated, make the best possible inference. If the answer does not explicitly state, make a best possible assumption.Context:Context:History of North America:History:History :History of Europe:History<P>",0.0,0.0,0.0,neutral,0,0.2519444525241852
772,who said off with their heads in alice in wonderland,The Queen of Hearts,True,"Answer the question using ONLY the context below. If the answer is not contained in the context, say 'I don't know'. The answer is NOT contained in any context. The answer will be answered using ONLY what is contained in that context. </P> <P>Context: The United States presidential line",0.0,0.037735849056603765,0.0,contradiction,0,0.19714127480983734,"Answer the question as best as you can using the context below.If the answer is not explicitly stated, make the best possible inference. If the answer does not explicitly state, make a best possible conclusion. If it is not stated, then make the worst possible inference and make the most possible inference. </P",0.0,0.03508771929824561,0.0,neutral,0,0.2956085801124573
774,who devised the first test for detection of arsenic in 1775,Carl Wilhelm Scheele,True,"Answer the question using ONLY the context below. If the answer is not contained in the context, say 'I don't know'. The answer is NOT contained in any context. The answer will be the following: </P>Context:Context:The Marsh test is a highly sensitive method in the detection of arsenic",0.0,0.0,0.0,contradiction,0,0.060589153319597244,"Answer the question as best as you can using the context below.If the answer is not explicitly stated, make the best possible inference. If the answer does not explicitly state, make a best possible conclusion.Context:Context:The Marsh test is a highly sensitive method in the detection of arsenic, especially useful in",0.0,0.0,0.0,entailment,1,0.5740119814872742
777,who plays the bad guy in looney tunes back in action,Steve Martin,True,"Answer the question using ONLY the context below. If the answer is not contained in the context, say 'I don't know'. The answer is NOT contained in any context. The answer will be the following:Context:Context :Context: Context:ContextContext:context:ContextsContext:Example:Context",0.0,0.0,1.0,contradiction,0,0.0674329623579979,"Answer the question as best as you can using the context below.If the answer is not explicitly stated, make the best possible inference. If the answer does not explicitly state, make a best possible deduction. If it is explicitly stated in the context, make it the best way you can.Context:Context:",0.0,0.0,1.0,entailment,1,0.6806666254997253
779,when did dr seuss wrote his first book,1936,True,"Answer the question using ONLY the context below. If the answer is not contained in the context, say 'I don't know'.Answer the Question using ONLY The context below and say 'What do you think I don't want to know?' </Tr> <Tr> </Tr><Tr> (Th col",0.0,0.0,0.0,neutral,0,0.1747666597366333,"Answer the question as best as you can using the context below. If the answer is explicitly stated, make the best possible inference. If it is not explicitly stated then make the worst possible inference, make a best possible assumption. If you are not explicitly stating, make that best possible deduction. If not explicitly specified",0.0,0.0,0.0,neutral,0,0.34880444407463074
783,what is the average age to die in the uk,81.2,True,"Answer the question using ONLY the context below. If the answer is not contained in the context, say 'I don't know'. The answer is then shown in the following context: Context: Context : Context:Context: Contexts: Context. Context: context. Context.Context:Context.Context. Context",0.0,0.0,0.0,neutral,0,0.015901250764727592,"Answer the question as best as you can using the context below. If the answer is explicitly stated, make the best possible inference. If it is not explicitly stated in the context, make a best possible deduction. If you are not explicitly stating, make your best possible conclusion. Example: Example:Example: Example",0.0,0.0,0.0,neutral,0,0.026054052636027336
784,when do we use the process of centrifugation,"to separate two miscible substances, but also to analyze the hydrodynamic properties of macromolecules",True,"Answer the question using ONLY the context below. If the answer is not contained in the context, say 'I don't know'. The answer is NOT contained in any context. The answer may be omitted if the answer does not contain in the Context below. The Answer: ""I don’t know"".",0.0,0.031746031746031744,0.0,contradiction,0,0.212112158536911,"Answer the question as best as you can using the context below. If the answer is explicitly stated, make the best possible inference. If it is not explicitly stated, make the worst possible inference by using the following context: Context: Context : Context:Context: Context (Context:Context)Context:context:",0.0,0.034482758620689655,0.0,entailment,1,0.4641963839530945
790,who sings the theme song for miami vice,Jan Hammer,True,"Answer the question using ONLY the context below. If the answer is not contained in the context, say 'I don't know'.Answer the answer using ONLY The context below: Context: Context : Context:Context: ContextContext:Context : Context :Context:context:Context::Context: context:ContextContext",0.0,0.0,0.0,contradiction,0,0.30733489990234375,"Answer the question as best as you can using the context below.If the answer is not explicitly stated, make the best possible inference.Example:Example: Example: Example of Example:Example of Example ofExample:Context: ExampleExample: Context: ExampleOf Example: ContextContext: Context Context: Context context",0.0,0.0,0.0,contradiction,0,0.10517115145921707
791,where is red dog mine located in alaska,68°04′19″N 162°52′34″W﻿ / ﻿68.071989°N 162.876044°W,True,"Answer the question using ONLY the context below. If the answer is not contained in the context, say 'I don't know'.Answer the answer using ONLY what the context is.Answer the context using ONLY that context below: <Tr> <Tr><Tr> {Context: Context: Context </Tr>",0.0,0.0,0.0,entailment,1,0.8605222702026367,"Answer the question as best as you can using the context below. If the answer is explicitly stated, make the best possible inference. If it is not explicitly stated in the context, make a best possible deduction. If you are not explicitly stating, make your best possible assumption. If not explicitly specified, make that",0.0,0.0,0.0,entailment,1,0.5229085087776184
795,where does the name iron maiden come from,iron maiden torture device,True,"Answer the question using ONLY the context below. If the answer is not contained in the context, say 'I don't know'. The answer is NOT contained in any context. The answer will be the following: Context: ContextContext: Context Context:Context:ContextContext:contextContext:ObjectContext:<",0.0,0.0,0.0,contradiction,0,0.0989905446767807,"Answer the question as best as you can using the context below.If the answer is not explicitly stated, make the best possible inference.Example: The following is the answer to the question: The answer is the following: Context: The above is the context of the answer.Context: The context of this context",0.0,0.0,0.0,neutral,0,0.4284451901912689
796,where is orange county choppers located in new york,"the town of Newburgh, located in Orange County, New York",True,"Answer the question using ONLY the context below. If the answer is not contained in the context, say 'I don't know'. Answer the question with ONLY the answer below. Answer the answer using ONLY what is contained in that context. Answer: 'I'm not sure'. Answer: '' </P> <",0.0,0.07142857142857142,0.0,contradiction,0,0.2315700501203537,"Answer the question as best as you can using the context below.If the answer is not explicitly stated, make the best possible inference. If the answer does not explicitly state, make a best possible statement. If it is not stated, then make the worst possible inference and make the most possible inference using the following",0.0,0.030769230769230767,0.0,neutral,0,0.23786130547523499
797,when did my girl by the temptations come out,"December 21, 1964",True,"Answer the question using ONLY the context below. If the answer is not contained in the context, say 'I don't know'.Answer the Question using ONLY The Context below.Context:Context: Context: Context : Context:Context : Context :Context: context: Context <P> The varying historical accounts of",0.0,0.0,0.0,entailment,1,0.7385353446006775,"Answer the question as best as you can using the context below.If the answer is not explicitly stated, make the best possible inference. If the answer does not explicitly state, make a best possible deduction. If it does not state the answer, make it the best way you can.Context:Context: Context",0.0,0.0,0.0,entailment,1,0.5375549793243408
799,when did the first winter olympic games take place,1924,True,"Answer the question using ONLY the context below. If the answer is not contained in the context, say 'I don't know'.Answer the answer using ONLY what the context is.Answer the Question using ONLY that context below:Context:Context :Context: Context:Contexts:ContextContext:context:Context",0.0,0.0,0.0,entailment,1,0.715763509273529,"Answer the question as best as you can using the context below.If the answer is not explicitly stated, make the best possible inference. If the answer does not explicitly state, make a best possible assumption. If it does not state, then make the worst possible inference possible.Context:Context: Context: Context",0.0,0.0,0.0,entailment,1,0.48591798543930054
802,when is the raiders first game in las vegas,2020,True,"Answer the question using ONLY the context below. If the answer is not contained in the context, say 'I don't know'.Answer the answer using ONLY what the context is.Answer the Question using ONLY ( ONLY the Context below) and say 'Yes, I don'tknow'.Answer: 'I'm",0.0,0.0,1.0,entailment,1,0.5975053906440735,"Answer the question as best as you can using the context below.If the answer is not explicitly stated, make the best possible inference. If the answer does not explicitly state, make a best possible statement. If it is explicitly stated in the context, make it the best way possible inference, and make the worst",0.0,0.0,1.0,entailment,1,0.4579075574874878
805,who is chief executive of marks and spencer,Stephen Joseph Rowe,True,"Answer the question using ONLY the context below. If the answer is not contained in the context, say 'I don't know'. The answer is the answer to the question that is not in the Context below. The answer to this question is the following:Context:Context :Context: Context:Contexts:",0.0,0.0,1.0,contradiction,0,0.22174853086471558,"Answer the question as best as you can using the context below.If the answer is not explicitly stated, make the best possible inference. If the answer does not explicitly state, make a best possible assumption.Context: The Chief of Naval Staff is the highest ranking military officer of the Nigerian Navy. The position is",0.0,0.0,1.0,entailment,1,0.4878477156162262
809,what race is aaron judge of the new york yankees,African-American,True,"Answer the question using ONLY the context below. If the answer is not contained in the context, say 'I don't know'.Answer the Question using ONLY The Context below.Answer the Answer using ONLY THE Context below: <Tr> <Tr><Tr> {Th colspan=""2""> Yankees -- No",0.0,0.0,0.0,entailment,1,0.6634916663169861,"Answer the question as best as you can using the context below. If the answer is explicitly stated, make the best possible inference. If it is not explicitly stated or made the best inference, make a best possible statement. If you are not explicitly stating, make that best possible implication. If your answer is not",0.0,0.0,0.0,entailment,1,0.5148100256919861
811,when did the secret service start guarding the president,After the 1901 assassination of President William McKinley,True,"Answer the question using ONLY the context below. If the answer is not contained in the context, say 'I don't know'. Answer the question with ONLY the answer below. Answer the answer using ONLY what the context is. Answer: Answer the Question using ONLY ( ONLY the Context below) and ONLY the following",0.0,0.03333333333333334,0.0,entailment,1,0.34581899642944336,"Answer the question as best as you can using the context below. If the answer is explicitly stated, make the best possible inference. If it is not explicitly stated or made the best available inference, make a best possible deduction. If you are not explicitly stating, make your best possible conclusion.Context: Code Talk",0.0,0.03278688524590164,0.0,entailment,1,0.507453441619873
812,what percent of the english language is greek,5.32%,True,"Answer the question using ONLY the context below. If the answer is not contained in the context, say 'I don't know'. The answer is the answer to the question that is not in the Context below. The answer to this question is the following: </P> <P> The core of English language",0.0,0.0,0.0,contradiction,0,0.05052298307418823,"Answer the question as best as you can using the context below. If the answer is explicitly stated, make the best possible inference. If it is not explicitly stated, make the worst possible inference using the following context: Context: English Language Context: Old English LanguageContext: Old Old English English Language Language Context :",0.0,0.0,0.0,neutral,0,0.28497806191444397
813,who played alice in seven brides for seven brothers,Nancy Kilgas,True,"Answer the question using ONLY the context below. If the answer is not contained in the context, say 'I don't know'.Answer the answer using ONLY what the context is.Answer the Question using ONLY The Context below.Context:Context:<Tr> <Th colspan=""2""> Seven Brides",0.0,0.0,1.0,entailment,1,0.8946848511695862,"Answer the question as best as you can using the context below.If the answer is not explicitly stated, make the best possible inference. If the answer does not explicitly state the answer, make a best possible assumption.Context:Context:<Tr> <Th colspan=""2""> Seven Brides for Seven",0.0,0.0,1.0,entailment,1,0.5747680068016052
815,when does the 2018 mn legislative session end,"January 7, 2019",True,"Answer the question using ONLY the context below. If the answer is not contained in the context, say 'I don't know'.Answer the Question using ONLY The Context below.Answer the Answer using ONLYThe Context:Context:Contexts:Context :Context:The Contexts:The context:Contextual:",0.0,0.0,0.0,entailment,1,0.7463507652282715,"Answer the question as best as you can using the context below.If the answer is not explicitly stated, make the best possible inference. If the answer does not explicitly state, make a best possible deduction. If it is explicitly stated, make the worst possible inference and make the most possible inference. </P>",0.0,0.0,0.0,neutral,0,0.3432457447052002
819,when did dallas cowboys go to the superbowl,1970,True,"Answer the question using ONLY the context below. If the answer is not contained in the context, say 'I don't know'.Answer the answer using ONLY what the context is.Answer the Answer using ONLY that context below:Answer the Question using ONLY ( ONLY the Context below) and say'I don't",0.0,0.0,0.0,entailment,1,0.6125048995018005,"Answer the question as best as you can using the context below.If the answer is not explicitly stated, make the best possible inference. If the answer does not explicitly state, make a best possible deduction. If it does not state the answer, make it explicitly stated.Context:Context: Context: ContextContext",0.0,0.0,0.0,entailment,1,0.6033262014389038
820,when did the last episode of code black air,"July 18, 2018",True,"Answer the question using ONLY the context below. If the answer is not contained in the context, say 'I don't know'.Answer the answer using ONLY The context below, say'I don' know'. <Tr> <Tr><Td colspan=""2""> The following is the context for the",0.0,0.0,0.0,entailment,1,0.6669172644615173,"Answer the question as best as you can using the context below. If the answer is explicitly stated, make the best possible inference. If not explicitly stated then make the worst possible inference using the following context: <Tr> <Tr><Td colspan=""2""> The Startling </Td> </",0.0,0.0,0.0,neutral,0,0.2923737168312073
822,who plays marnie in bring it on again,Bethany Joy Lenz,True,"Answer the question using ONLY the context below. If the answer is not contained in the context, say 'I don't know'.Answer the answer using ONLY what the context is.Answer the Question using ONLY ( ONLY the Context below) and say 'Yes, I don'tknow'.Answer: Yes, I",0.0,0.0,0.0,entailment,1,0.5331088900566101,"Answer the question as best as you can using the context below.If the answer is not explicitly stated, make the best possible inference. If the answer does not explicitly state, make a best possible assumption. If it is explicitly stated in the context, make that best possible statement.Context:Context: Context:",0.0,0.0,0.0,neutral,0,0.44818589091300964
827,when was the last time byu won utah,"November 28, 2009",True,"Answer the question using ONLY the context below. If the answer is not contained in the context, say 'I don't know'.Answer the answer using ONLY THE context below: <Tr> <Tr><Tr> {Context: Context: Context </Tr> </Tr><Td colspan=""2"">",0.0,0.0,0.0,entailment,1,0.8355795741081238,"Answer the question as best as you can using the context below.Answer the answer as best possible inference.If the answer is not explicitly stated, make the best possible statement.Answer The Question as best and as best (if the answer was explicitly stated) using the following context: <Tr> <Tr><",0.0,0.0,0.0,entailment,1,0.7342489957809448
828,who flew to close to the sun and his wings melted,Icarus,True,"Answer the question using ONLY the context below. If the answer is not contained in the context, say 'I don't know'.Answer the Question using ONLY The Context below.Context:Context: Context: ContextContext: contextContext:contextContext:BackgroundContext:Object:ContextContext:In Greek mythology,",0.0,0.0,1.0,entailment,1,0.8713926672935486,"Answer the question as best as you can using the context below.If the answer is not explicitly stated, make the best possible inference. If the answer does not explicitly state, make a best possible conclusion.Context:Context: Context:Context :Context:context:ContextualContext:In Greek mythology, Icar",0.0,0.0,1.0,entailment,1,0.6205018758773804
834,when was amen first used in the bible,Numbers 5:22,True,"Answer the question using ONLY the context below. If the answer is not contained in the context, say 'I don't know'.Answer the Question using ONLY The Context below.Answer the Answer using ONLYThe Context:Context:Contexts:Context :Context:Example:Contextual:Context::Context: Context",0.0,0.0,0.0,entailment,1,0.6837069988250732,"Answer the question as best as you can using the context below.If the answer is not explicitly stated, make the best possible inference.Example:Example: Example: Example of Example:Example of Example ofExample:Context: ExampleExample: Examples of ExampleExample ofExample of Context:ExampleExample: Context:",0.0,0.0,0.0,neutral,0,0.3036593496799469
838,who sings don't get around much anymore,Duke Ellington,True,"Answer the question using ONLY the context below. If the answer is not contained in the context, say 'I don't know'.Answer the answer using ONLY THE context below: <Tr> <Th colspan=""2""> `` Don't Get Around Much Anymore '' </Th> </Tr> </",0.0,0.0,1.0,entailment,1,0.9174489974975586,"Answer the question as best as you can using the context below. If the answer is explicitly stated, make the best possible inference. If it is not explicitly stated then make the worst possible inference, make a best possible deduction. Example: Example:Example: Example 2: Example 3: Example 4: Example 5",0.0,0.0,1.0,neutral,0,0.3902840316295624
842,when did the battle of fort sumter happen,"April 12–13, 1861",True,"Answer the question using ONLY the context below. If the answer is not contained in the context, say 'I don't know'.Answer the answer using ONLY THE context below and say 'You don't want to know'.Context:Context: Context:Context :Context:context:Context.Context:Event:",0.0,0.0,0.0,contradiction,0,0.15848563611507416,"Answer the question as best as you can using the context below.If the answer is not explicitly stated, make the best possible inference.Example:Context:Context :Context: Context:Context::Context:context:ContextContext:Example: ContextContext:<Tr> <Tr> (Tr> > <",0.0,0.0,0.0,neutral,0,0.16350845992565155
843,tallest person in the world guinness world record,Robert Wadlow,True,"Answer the question using ONLY the context below. If the answer is not contained in the context, say 'I don't know'. The answer is NOT contained in any context. The answer will be used only in the contexts below. The context is the context of the question. The question is not included in the",0.0,0.0,0.0,contradiction,0,0.023250924423336983,"Answer the question as best as you can using the context below.If the answer is not explicitly stated, make the best possible inference. If the answer does not explicitly state, make a best possible deduction.Context:The World Cup is a football competition contested by the men's national teams of the members of",0.0,0.0,0.0,contradiction,0,0.1335229128599167
844,at what output is marginal product of labour the highest,at the point of diminishing returns,True,"Answer the question using ONLY the context below. If the answer is not contained in the context, say 'I don't know'. The answer is NOT contained in any context. The answer will be the same as the answer in the previous question.Context:Context:In economics, the marginal product of labor (",0.0,0.07407407407407407,0.0,neutral,0,0.03882237523794174,"Answer the question as best as you can using the context below.If the answer is not explicitly stated, make the best possible inference. If the answer does not explicitly state, make a best possible assumption.Context:Context:In economics, the marginal product of labor ( MP ) is the change in output that",0.0,0.07407407407407407,0.0,neutral,0,0.45966798067092896
850,who sing the theme song for good times,Jim Gilstrap,True,"Answer the question using ONLY the context below. If the answer is not contained in the context, say 'I don't know'.Answer the answer using ONLY The context below: Context: Context : Context:Context: ContextContext:Context : Context :Context:context:Context::Context: context:ContextContext",0.0,0.0,0.0,contradiction,0,0.30733489990234375,"Answer the question as best as you can using the context below.If the answer is not explicitly stated, make the best possible inference.Example:Example: Example: Example of Example:Example of Example ofExample:Context: ExampleExample: Context: ExampleOf Example: ContextContext: Context Context: Context context",0.0,0.0,0.0,contradiction,0,0.10517115145921707
857,what is area code 01446 in the uk,Barry,True,"Answer the question using ONLY the context below. If the answer is not contained in the context, say 'I don't know'.Answer the Question using ONLY The Context below.Answer the Answer using ONLYThe Context:Question:Question #1Question #2Question #3Question #4Question #5Question #",0.0,0.0,0.0,neutral,0,0.2896746098995209,"Answer the question as best as you can using the context below.If the answer is not explicitly stated, make the best possible inference. If the answer does not explicitly state, make a best possible deduction. If it is explicitly stated that the answer was not explicitly specified, make that best possible conclusion.Context:",0.0,0.0,0.0,neutral,0,0.4365873634815216
858,when is halley's comet coming around again,mid-2061,True,"Answer the question using ONLY the context below. If the answer is not contained in the context, say 'I don't know'.Answer the answer using ONLY a context below: <Tr> <Tr><Tr> {Context: Context: Context </Tr> </Tr><Td colspan=""2"">",0.0,0.0,0.0,entailment,1,0.7487611770629883,"Answer the question as best as you can using the context below. If the answer is explicitly stated, make the best possible inference. If it is not explicitly stated in the context, make a best possible assumption. Example: Example:Example: Example 2: Example 3: Example 4: Example 1: Example2",0.0,0.0,0.0,neutral,0,0.468951553106308
863,is tomato a fruit or vegetable us supreme court,vegetable,True,"Answer the question using ONLY the context below. If the answer is not contained in the context, say 'I don't know'. The answer is NOT contained in any context. The answer may be omitted if the answer does not contain in the Context below. The Answer: <Table> <Table><Table>",0.0,0.0,1.0,contradiction,0,0.0727953314781189,"Answer the question as best as you can using the context below.If the answer is not explicitly stated, make the best possible inference. If the answer does not explicitly state, make a best possible conclusion. If it is not stated, then make the worst possible inference and make the most possible inference using the following",0.0,0.0,1.0,neutral,0,0.3918786346912384
866,who plays dean and sam dad in supernatural,Jeffrey Dean Morgan,True,"Answer the question using ONLY the context below. If the answer is not contained in the context, say 'I don't know'.Answer the Question using ONLY The context below: <Tr> <Th colspan=""2""> John Winchester </Th> </Tr> </Th><Tr> <!--Th col span",0.0,0.0,1.0,entailment,1,0.8759709596633911,"Answer the question as best as you can using the context below. If the answer is explicitly stated, make the best possible inference. If it is not explicitly stated in the context, make a best possible deduction. If you are not explicitly stating, make that best possible inferences.Context: <Tr> <",0.0,0.0,1.0,entailment,1,0.4526866674423218
867,the first railway line between karachi and kotri was constructed in,April 1858,True,"Answer the question using ONLY the context below. If the answer is not contained in the context, say 'I don't know'.Answer the answer using ONLY The context below and say 'You don't want to know'. Answer the question with ONLY the Context below. Answer the answer with ONLY The Context below and",0.0,0.0,0.0,neutral,0,0.3414899408817291,"Answer the question as best as you can using the context below.If the answer is not explicitly stated, make the best possible inference.Example:Example: Example: Example 2. Example 3. Example 4. Example 5. Example 6. Example 7. Example 8. Example 9. Example 10. Example 11",0.0,0.0,0.0,neutral,0,0.21355286240577698
870,when does jacob find out he's a werewolf,In the second book of the series (New Moon),True,"Answer the question using ONLY the context below. If the answer is not contained in the context, say 'I don't know'. The answer is the answer that is not in the Context below. The answer that IS contained in this context is the question that is being asked.Context: Genesis Genesis Genesis Presentation",0.0,0.09836065573770493,0.0,contradiction,0,0.16004152595996857,"Answer the question as best as you can using the context below. If the answer is explicitly stated, make the best possible inference. If it is not explicitly stated in the context, make a best possible deduction. If you are not explicitly stating, make that best possible conclusion.Context: Genesis 1:1-",0.0,0.10169491525423728,0.0,entailment,1,0.5758721232414246
873,who is the creator of star vs the forces of evil,Daron Nefcy,True,"Answer the question using ONLY the context below. If the answer is not contained in the context, say 'I don't know'. The answer is NOT contained in any context. The answer IS NOT contained IN THE context. It is NOT the answer to the question. The Answer is NOT THE QUESTION. The",0.0,0.0,1.0,contradiction,0,0.28891631960868835,"Answer the question as best as you can using the context below.If the answer is not explicitly stated, make the best possible inference. If the answer does not explicitly state, make a best possible statement.Context:Context:<Tr> <Th colspan=""2""> Star vs. the Forces of Evil",0.0,0.0,1.0,entailment,1,0.5278717875480652
878,where does it always sunny in philadelphia take place,Philadelphia,True,"Answer the question using ONLY the context below. If the answer is not contained in the context, say 'I don't know'.Answer the answer using ONLY The context below and say 'You don't want to know'. <Tr> <Th> What's Always Sunny in Philadelphia </Th> </Tr>",0.0,0.044444444444444446,1.0,contradiction,0,0.08652368932962418,"Answer the question as best as you can using the context below. If the answer is explicitly stated, make the best possible inference. If it is not explicitly stated in the context, make it the best way inference. <Tr> <Th> What's Always Sunny in Philadelphia </Th> </Tr> </",0.0,0.04166666666666667,1.0,contradiction,0,0.09072870016098022
879,who is the longest reigning wwe united states champion,Lex Luger,True,"Answer the question using ONLY the context below. If the answer is not contained in the context, say 'I don't know'.Answer the answer using ONLY what the context is.Answer the Question using ONLY The Context below.Answer The Question using Only the Context below:Context:Contexts:Context :Context",0.0,0.0,0.0,contradiction,0,0.0035529264714568853,"Answer the question as best as you can using the context below.If the answer is not explicitly stated, make the best possible inference. If the answer does not explicitly state, make a best possible conclusion. If it does not state the answer, make it the best way you can.Context:Context: Context",0.0,0.0,0.0,contradiction,0,0.004207202699035406
880,when did we start the pledge of allegiance,1942,True,"Answer the question using ONLY the context below. If the answer is not contained in the context, say 'I don't know'. The answer is NOT contained in any context. The answer IS NOT contained IN THE context below, but is contained in a context that is not in the Context: The answer to the",0.0,0.0,0.0,contradiction,0,0.05538449436426163,"Answer the question as best as you can using the context below.If the answer is not explicitly stated, make the best possible inference.Example:Example: Example: Example of the following:Example of the above:Example Example:ExampleExample:Context: Example Example:Context : Example of Example: Context:",0.0,0.0,0.0,neutral,0,0.1733487993478775
884,total number of articles in indian constitution at present,448,True,"Answer the question using ONLY the context below. If the answer is not contained in the context, say 'I don't know'. The answer is NOT contained in any context. The answer will be answered using ONLY what is contained in that context. </Table> <Table>Context: The Constitution of India (",0.0,0.0,0.0,contradiction,0,0.033003415912389755,"Answer the question as best as you can using the context below.If the answer is not explicitly stated, make the best possible inference. If the answer does not explicitly state, make a best possible conclusion. If it is not stated, then make the worst possible inference and make the most possible inference using the following",0.0,0.0,0.0,contradiction,0,0.053996164351701736
887,who teaches defense against the dark arts after snape,Amycus Carrow,True,"Answer the question using ONLY the context below. If the answer is not contained in the context, say 'I don't know'. The answer is NOT contained in any context. The answer will be used in the following context:Context:Context :Context: Context:Contexts:Context-Context:Background:",0.0,0.0,0.0,contradiction,0,0.08253280818462372,"Answer the question as best as you can using the context below.If the answer is not explicitly stated, make the best possible inference. If the answer does not explicitly state, make a best possible assumption. If it is not stated, then make the worst possible inference and make the most possible inference using the following",0.0,0.0,0.0,neutral,0,0.47555723786354065
888,who does the voice for the aflac duck,Gilbert Gottfried,True,"Answer the question using ONLY the context below. If the answer is not contained in the context, say 'I don't know'. The answer is NOT contained in any context. The answer will be used in the following context: The answer to the question is not included in the Context below. The Answer is NOT",0.0,0.0,0.0,contradiction,0,0.17076975107192993,"Answer the question as best as you can using the context below. If the answer is explicitly stated, make the best possible inference. If it is not explicitly stated, make the worst possible inference and make the most possible inference using the following context:Context:Contexts:Context :Context:The term `` duck",0.0,0.0,0.0,entailment,1,0.4662325978279114
889,when was the last time celtics won nba championship,2008,True,"Answer the question using ONLY the context below. If the answer is not contained in the context, say 'I don't know'. If the question is not answered, say it is not in the Context below.Answer the Question using ONLY The Context below:Context:The Answer:The Context:The answer is",0.0,0.0,0.0,contradiction,0,0.013975291512906551,"Answer the question as best as you can using the context below. If the answer is explicitly stated, make the best possible inference. If it is not explicitly stated in the context, make a best possible deduction. If you are not explicitly stating the answer, make it the best way you can.Context: Bill",0.0,0.0,0.0,contradiction,0,0.04469757527112961
895,when was the national world war ii memorial built,"April 29, 2004",True,"Answer the question using ONLY the context below. If the answer is not contained in the context, say 'I don't know'. The answer is NOT contained in any context. The answer IS NOT contained IN THE context below, say'I don'nt know'. </Tr> <Tr> </Tr><",0.0,0.0,0.0,entailment,1,0.39585021138191223,"Answer the question as best as you can using the context below. If the answer is explicitly stated, make the best possible inference. If it is not explicitly stated in the context, make a best possible deduction. Example: Example:Example: Example 2: Example 3: Example 4: Example 5: Example 6",0.0,0.0,0.0,entailment,1,0.4859190881252289
898,who wrote the book of obadiah in the bible,Obadiah,True,"Answer the question using ONLY the context below. If the answer is not contained in the context, say 'I don't know'. If the question is not answered using ONLY that context, then say 'You don't need to know'. The answer is NOT contained in any context below, but rather, say that",0.0,0.0,0.0,contradiction,0,0.31983688473701477,"Answer the question as best as you can using the context below.If the answer is not explicitly stated, make the best possible inference. If the answer does not explicitly state, make a best possible deduction.Context:Context:The answer is explicitly stated.Contexts:Contexts :Context:<P>",0.0,0.0,0.0,neutral,0,0.436521053314209
901,who plays janine's mom on house of payne,Anne-Marie Johnson,True,"Answer the question using ONLY the context below. If the answer is not contained in the context, say 'I don't know'. The answer is NOT contained in any context. The answer will be the same as the answer in the previous question. The following is the context of the question:Context:Context :",0.0,0.0,0.0,neutral,0,0.11047244071960449,"Answer the question as best as you can using the context below.If the answer is not explicitly stated, make the best possible inference. If the answer does not explicitly state the answer, make a best possible assumption. If it is not stated, then make the worst possible inference and make the most possible inference using",0.0,0.0,0.0,entailment,1,0.5030570030212402
903,where was the lowest temperature ever recorded on earth,Soviet Vostok Station in Antarctica,True,"Answer the question using ONLY the context below. If the answer is not contained in the context, say 'I don't know'. The answer is NOT contained in any context. The answer will be used in the following context: Context: Context : Context:Context: Context (Context)Context:Context (Context",0.0,0.04081632653061225,1.0,contradiction,0,0.07531803101301193,"Answer the question as best as you can using the context below.If the answer is not explicitly stated, make the best possible inference. If the answer does not explicitly state the answer, make a best possible assumption. If it is explicitly stated in the context, make that best possible statement.Context: Earth's",0.0,0.03571428571428571,1.0,entailment,1,0.530453622341156
908,who wrote the strange case of dr jekyll and mr hyde,Robert Louis Stevenson,True,"Answer the question using ONLY the context below. If the answer is not contained in the context, say 'I don't know'.Answer the Question using ONLY The Context below.Answer the Answer using ONLY THE Context below: <Tr> <Th> Original title </Th> <Td> Original description </",0.0,0.0,1.0,entailment,1,0.5959362387657166,"Answer the question as best as you can using the context below. If the answer is explicitly stated, make the best possible inference. If not explicitly stated then make the worst possible inference using the following context: <Tr> <Th> Context: <Td colspan=""2""> Title page of the first",0.0,0.0,1.0,neutral,0,0.3398062586784363
910,a large collection of servers is called a(n),server farm or server cluster,True,"Answer the question using ONLY the context below. If the answer is not contained in the context, say 'I don't know'. The answer is the answer to the question that is not in the Context below. The answer to this question is the following:Context:Contexts:Context :Context: Context:",0.0,0.0,0.0,neutral,0,0.03350069746375084,"Answer the question as best as you can using the context below. If the answer is explicitly stated, make the best possible inference. If it is not explicitly stated in the context, make a best possible assumption. If you are not explicitly stating, make your best possible conclusion.Context: The Ring of Fire is",0.0,0.0,0.0,neutral,0,0.21752752363681793
914,when did the first rocket launched into space,1944,True,"Answer the question using ONLY the context below. If the answer is not contained in the context, say 'I don't know'. The answer is NOT contained in any context. The answer will be used in the following context:Context:Contexts:Context :Context: Context:ContextContext:context:Context",0.0,0.0,0.0,contradiction,0,0.08559166640043259,"Answer the question as best as you can using the context below.If the answer is not explicitly stated, make the best possible inference. If the answer does not explicitly state, make a best possible deduction.Context:Context: Context:Context :Context:context:Context::Context:Example:Contextual:",0.0,0.0,0.0,entailment,1,0.6405333280563354
916,daniel bedingfield if you're not the one album,Gotta Get Thru This,True,"Answer the question using ONLY the context below. If the answer is not contained in the context, say 'I don't know'.Answer the answer using ONLY The context below and say 'You don't want to know'. <Tr> <Tr><Td colspan=""2""> <Table> <T",0.0,0.0,1.0,contradiction,0,0.0958423838019371,"Answer the question as best as you can using the context below.Answer the answer as best possible inference.If the answer is not explicitly stated, make the best possible statement.Answer The Question as best and as best (if the answer was not explicitly specified, make a best possible interpretation.AnswerThe Question:",0.0,0.0,1.0,entailment,1,0.66473388671875
918,when did winning colors win the kentucky derby,1988,True,"Answer the question using ONLY the context below. If the answer is not contained in the context, say 'I don't know'.Answer the answer using ONLY THE context below: <Tr> <Th> Name </Th> <Td> Name <Tid> Name</Td></Tr> </",0.0,0.0,1.0,entailment,1,0.7087063789367676,"Answer the question as best as you can using the context below. If the answer is explicitly stated, make the best possible inference. If it is not explicitly stated then make the worst possible inference using the following context: <Tr> <Th> Name </Th> <Td> Name <Tt>",0.0,0.0,1.0,neutral,0,0.35532063245773315
919,when was the last time the la kings made the playoffs,2017–18,True,"Answer the question using ONLY the context below. If the answer is not contained in the context, say 'I don't know'. The answer is NOT contained in any context. The answer will be the answer to the question. The Answer is NOT the answer that is contained in either the context or the context.",0.0,0.0,0.0,contradiction,0,0.08016066253185272,"Answer the question as best as you can using the context below.If the answer is not explicitly stated, make the best possible inference. If the answer does not explicitly state, make a best possible assumption.Context:Context: Context:Context :Context:context:ContextContext:textContext:Text:Context",0.0,0.0,0.0,entailment,1,0.5611513257026672
922,list three offices included in the executive office of the president,Office of Administration,True,"Answer the question using ONLY the context below. If the answer is not contained in the context, say 'I don't know'. The answer is NOT contained in any context. The answer will be used in the following context:Context:Contexts:Context :Context:The United States presidential line of succession is",0.0,0.04081632653061224,0.0,contradiction,0,0.05216861143708229,"Answer the question as best as you can using the context below.If the answer is not explicitly stated, make the best possible inference. If the answer does not explicitly state, make a best possible assumption.Context:Context:The United States presidential line of succession is the order in which persons may become or act",0.0,0.037037037037037035,0.0,entailment,1,0.5487585067749023
923,how many national parks are there in karnataka,five,True,"Answer the question using ONLY the context below. If the answer is not contained in the context, say 'I don't know'. The answer is NOT contained in any context. The answer will be answered using ONLY what is contained in that context.Context: Karnataka has five national parks. </P> <",0.0,0.04081632653061225,1.0,entailment,1,0.48568451404571533,"Answer the question as best as you can using the context below.If the answer is not explicitly stated, make the best possible inference. If the answer does not explicitly state, make a best possible assumption.Context: Karnataka has five national parks. </P> <P> Karnataka is home to five",0.0,0.04166666666666667,1.0,entailment,1,0.7826175093650818
927,where was the french connection car chase filmed,"in Bensonhurst, Brooklyn roughly running under the BMT West End Line (currently the D train, then the B train) which runs on an elevated track above Stillwell Avenue, 86th Street and New Utrecht Avenue in Brooklyn, with the chase ending just north of the 62nd Street station.",True,"Answer the question using ONLY the context below. If the answer is not contained in the context, say 'I don't know'. The answer is NOT contained in any context. The answer will be the following: </Tr> <P>Context:Context: Context:Context :Context:context:Context::",0.0,0.1627906976744186,0.0,neutral,0,0.0672193244099617,"Answer the question as best as you can using the context below.If the answer is not explicitly stated, make the best possible inference. If the answer does not explicitly state the answer, make a best possible assumption.Context:Context: Context:Context :Context:context:Context.Context. Context: Context",0.0,0.11363636363636365,0.0,neutral,0,0.2668624818325043
945,how many sports are there in the 2018 commonwealth games,19 Commonwealth sports,True,"Answer the question using ONLY the context below. If the answer is not contained in the context, say 'I don't know'.Answer the answer using ONLY The context below and say 'You don't want to know'. <Tr> <Tr><Tr> </Tr> <!--Tr> {Tr> New",0.0,0.0,0.0,contradiction,0,0.16190776228904724,"Answer the question as best as you can using the context below. If the answer is explicitly stated, make the best possible inference. If it is not explicitly stated then make the worst possible inference, make a best possible assumption. If you are not explicitly stating, make that best possible deduction. If not explicitly specified",0.0,0.0,0.0,neutral,0,0.4327840805053711
947,queer eye for the straight guy catch phrase,American reality television series,True,"Answer the question using ONLY the context below. If the answer is not contained in the context, say 'I don't know'. The answer is NOT contained in any context. The answer will be answered using ONLY what is contained in that context.Context: <Tr> <Tr><Tr><Tr>",0.0,0.0,0.0,entailment,1,0.40169742703437805,"Answer the question as best as you can using the context below. If the answer is explicitly stated, make the best possible inference. If it is not explicitly stated in the context, make a best possible deduction.Context: <Tr> <Th colspan=""2""> Queer Eye </Th> </Tr",0.0,0.0,0.0,neutral,0,0.47994816303253174
952,who won britain's got talent 2012 winner,Ashleigh and Pudsey,True,"Answer the question using ONLY the context below. If the answer is not contained in the context, say 'I don't know'.Answer the Question using ONLY The Context below.Answer the Answer using ONLY THE Context below: <Tr> <Th colspan=""2""> The Sacred Riana </Th> </",0.0,0.0,1.0,entailment,1,0.6268503665924072,"Answer the question as best as you can using the context below. If the answer is explicitly stated, make the best possible inference. If it is not explicitly stated then make the worst possible inference, make a best possible deduction. Example: Example:Example: Example 2. Example 3. Example 4. Example 2",0.0,0.0,1.0,neutral,0,0.2540965974330902
953,what three offices made up virginia's representative government,lieutenant governor and attorney general,True,"Answer the question using ONLY the context below. If the answer is not contained in the context, say 'I don't know'. The answer is NOT contained in any context. The answer will be used in the following context: The answer to the question is not included in the Context below. The Answer is NOT",0.0,0.0,0.0,contradiction,0,0.062432218343019485,"Answer the question as best as you can using the context below.If the answer is not explicitly stated, make the best possible inference. If the answer does not explicitly state, make a best possible statement. If it is explicitly stated that the answer was not explicitly specified, make that best possible conclusion. </P",0.0,0.0,0.0,neutral,0,0.18921220302581787
957,who plays the evil queen on once upon a time,Lana Maria Parrilla,True,"Answer the question using ONLY the context below. If the answer is not contained in the context, say 'I don't know'. Answer the question with ONLY the Context below. Answer the answer using ONLY The Context below: <Tr> <Th colspan=""2""> The Answer </Th> </Tr>",0.0,0.0,0.0,entailment,1,0.4620892405509949,"Answer the question as best as you can using the context below.If the answer is not explicitly stated, make the best possible inference.Example:Context:Context :Context: Context:Context-Context:context-Context- Context:contextContext:textContext:TextContext:ExampleContext:<Tr>",0.0,0.0,0.0,neutral,0,0.27276095747947693
962,what children's book was set in camp green lake texas,Holes,True,"Answer the question using ONLY the context below. If the answer is not contained in the context, say 'I don't know'. The answer is NOT contained in any context. The answer may be omitted if the answer does not contain in the Context below. The Answer is NOT CONSTANTLY CONSTIT",0.0,0.0,0.0,contradiction,0,0.3164657652378082,"Answer the question as best as you can using the context below.If the answer is not explicitly stated, make the best possible inference. If the answer does not explicitly state, make a best possible conclusion.Context:Context:Background:Context :Context: Context:Contextual:Contexts:ContextContext:",0.0,0.0,0.0,entailment,1,0.6735680103302002
968,who sings the song hey ho let's go,Ramones,True,"Answer the question using ONLY the context below. If the answer is not contained in the context, say 'I don't know'.Answer the Question using ONLY The context below and say 'The answer is NOT contained in any context below'.Answer The Question using Only the Context below. <Tr> <Th col",0.0,0.0,0.0,neutral,0,0.4310024678707123,"Answer the question as best as you can using the context below.Answer the answer as best possible inference.If the answer is not explicitly stated, make the best possible statement.Answer The Question as best and as best (if the answer was explicitly stated) using the Context below.Context:Context: Context:",0.0,0.0,0.0,entailment,1,0.4802214503288269
970,when was harry potter first published in the us,1 September 1998,True,"Answer the question using ONLY the context below. If the answer is not contained in the context, say 'I don't know'.Answer the answer using ONLY what the context is. Answer the question with ONLY the answer below. Answer: 'I Don't Know'. Answer: ""I don’t know",0.0,0.0,1.0,entailment,1,0.9151743650436401,"Answer the question as best as you can using the context below.If the answer is not explicitly stated, make the best possible inference. If the answer does not explicitly state, make a best possible assumption. If it does not state, then make the worst possible inference and make the most possible inference using the following",0.0,0.0,1.0,neutral,0,0.4218147397041321
973,when was oman given the official name sultanate of oman,9 August 1970,True,"Answer the question using ONLY the context below. If the answer is not contained in the context, say 'I don't know'. </Tr> <Tr> {Context: Context: Context : Context:Context:Context : Context :Context:context:Context.Context: context:Context::Context: </",0.0,0.0,1.0,neutral,0,0.04001026600599289,"Answer the question as best as you can using the context below.If the answer is not explicitly stated, make the best possible inference.Example: Example: Example of the following: Example Example:Example:Example of the above: ExampleExample:Context: ExampleContext:ExampleContext:Context : ExampleContext :",0.0,0.0,1.0,neutral,0,0.21776703000068665
976,who sang backing vocals on you're so vain,Mick Jagger,True,"Answer the question using ONLY the context below. If the answer is not contained in the context, say 'I don't know'.Answer the answer using ONLY The context below and say 'You don't want to know'.Context:Context: Context: Context : Context:Context : Context :Context: context:",0.0,0.0,0.0,contradiction,0,0.12322639673948288,"Answer the question as best as you can using the context below. If the answer is explicitly stated, make the best possible inference. If it is not explicitly stated then make the worst possible inference, make a best possible statement. Example: Example:Example: Example 2. Example 3. Example 4. Example 2",0.0,0.0,0.0,contradiction,0,0.12134059518575668
977,what episode did jim die on ghost whisperer,"""Imaginary Friends and Enemies""",True,"Answer the question using ONLY the context below. If the answer is not contained in the context, say 'I don't know'.Answer the Question using ONLY The context below and say 'What do you think I don't want to know?'.Answer The Question using Only the Context below. <Tr> <",0.0,0.0392156862745098,0.0,neutral,0,0.28945231437683105,"Answer the question as best as you can using the context below. If the answer is explicitly stated, make the best possible inference. If not explicitly stated then make the worst possible inference using the following context: <Tr> <Tr><Tr> Name: Ghost Whisperer </Td> </Tr>",0.0,0.0,0.0,neutral,0,0.28638407588005066
979,who plays becky on the us cellular commercial,Darien Sills-Evans,True,"Answer the question using ONLY the context below. If the answer is not contained in the context, say 'I don't know'. The answer is NOT contained in any context. The answer will be used in the following context: The answer to the question is not included in the Context below. The Answer is NOT",0.0,0.0,0.0,contradiction,0,0.1360536515712738,"Answer the question as best as you can using the context below.If the answer is not explicitly stated, make the best possible inference. If the answer does not explicitly state, make a best possible assumption. If it is not stated, then make the worst possible inference and make the most possible inference. </P",0.0,0.0,0.0,neutral,0,0.25106868147850037
987,where does battle of the gods fit in,during the time skip in chapter 517 of the original manga,True,"Answer the question using ONLY the context below. If the answer is not contained in the context, say 'I don't know'. The answer is NOT contained in any context. The answer will be used in the following context:Context:Context :Context: Context:ContextContext:context:Context::Context:",0.0,0.1176470588235294,0.0,contradiction,0,0.07022092491388321,"Answer the question as best as you can using the context below.If the answer is not explicitly stated, make the best possible inference. If the answer does not explicitly state, make a best possible conclusion.Context:Context: Context:Context :Context:context:ContextContext:textContext:TextContext:",0.0,0.08333333333333334,0.0,entailment,1,0.5221676826477051
990,what is an example of a natural climate record/proxy,ice cores,True,"Answer the question using ONLY the context below. If the answer is not contained in the context, say 'I don't know'. </P> <P> What is a climate proxy?Context: The Earth's climate proxies are a collection of proxies that are used to determine the climatic conditions of the",0.0,0.0,1.0,neutral,0,0.021356850862503052,"Answer the question as best as you can using the context below. If the answer is explicitly stated, make the best possible inference. If it is not explicitly stated, make the worst possible inference and make the most possible inference. </P> <P> Context: Context:Context:Context :Context: Context",0.0,0.0,1.0,neutral,0,0.29974550008773804
991,where does the book of daniel take place,Babylon,True,"Answer the question using ONLY the context below. If the answer is not contained in the context, say 'I don't know'. The answer is the answer that is contained in that context. The answer that the answer to the question is not included in the Context below is the following:Context:Contexts:",0.0,0.0,0.0,contradiction,0,0.18224270641803741,"Answer the question as best as you can using the context below.If the answer is not explicitly stated, make the best possible inference. If the answer does not explicitly state, make a best possible deduction.Context: Library Binding: Library binding: Library bound: Library bind: Library bindings: Library-bound binding",0.0,0.0,0.0,entailment,1,0.6169503331184387
997,who plays victoria in young and the restless,Amelia Heinle Luckinbill,True,"Answer the question using ONLY the context below. If the answer is not contained in the context, say 'I don't know'.Answer the answer using ONLY what the context is.Answer the Question using ONLY that context below:Context:Contexts:Context :Context: Context:ContextContext:Background:Context",0.0,0.0,0.0,entailment,1,0.44439852237701416,"Answer the question as best as you can using the context below.If the answer is not explicitly stated, make the best possible inference. If the answer does not explicitly state, make a best possible assumption. If it is not stated, then make the worst possible inference and make the most possible inference using the following",0.0,0.0,0.0,neutral,0,0.3034447133541107
1001,who won the cfp national championship last year,Alabama,True,"Answer the question using ONLY the context below. If the answer is not contained in the context, say 'I don't know'. The answer is NOT contained in any context. The answer will be used in the following context: The answer to the question is not included in the Context below. The Answer is NOT",0.0,0.0,0.0,contradiction,0,0.022272590547800064,"Answer the question as best as you can using the context below.If the answer is not explicitly stated, make the best possible inference. If the answer does not explicitly state, make a best possible statement.Context:Context:The following is a list of NBA players with most championships won as a player. The",0.0,0.0,0.0,neutral,0,0.25829026103019714
1004,where was last song filmed on tybee island,on the island's beach and pier,True,"Answer the question using ONLY the context below. If the answer is not contained in the context, say 'I don't know'. The answer is NOT contained in any context. The answer will be used in the following context: The answer to the question is not included in the Context below. The Answer is NOT",0.0,0.03333333333333333,0.0,contradiction,0,0.1801500916481018,"Answer the question as best as you can using the context below.If the answer is not explicitly stated, make the best possible inference. If the answer does not explicitly state the answer, make a best possible assumption. If it is explicitly stated in the context, make that best possible statement.Context:Context:",0.0,0.03571428571428571,0.0,entailment,1,0.544778048992157
1008,who led the brewers in home runs in 1982,Gorman Thomas,True,"Answer the question using ONLY the context below. If the answer is not contained in the context, say 'I don't know'.Answer the answer using ONLY what the context is.Answer the Question using ONLY ( ONLY the Context below).Context:1.1.2.3.3Context:2.",0.0,0.0,0.0,entailment,1,0.6023120284080505,"Answer the question as best as you can using the context below.If the answer is not explicitly stated, make the best possible inference. If the answer does not explicitly state, make a best possible deduction.Context:The following is a list of the top 300 Major League Baseball leaders in home runs hit. The",0.0,0.0,0.0,entailment,1,0.599070131778717
1010,who won season 3 rupaul's drag race all stars,Trixie Mattel,True,"Answer the question using ONLY the context below. If the answer is not contained in the context, say 'I don't know'.Answer the answer using ONLY The context below and say 'You don't want to know'. <Tr> <Tr><Tr> </Tr> <!--Tr> {Tr> >",0.0,0.0,1.0,contradiction,0,0.12883442640304565,"Answer the question as best as you can using the context below.Answer the answer as best possible inference.If the answer is not explicitly stated, make the best possible statement.Answer The Question as best and as best (if the answer was not explicitly specified, make a best possible interpretation.AnswerThe Question As",0.0,0.0,1.0,entailment,1,0.68878573179245
1012,how far is the horsehead nebula from earth,approximately 1500 light years,True,"Answer the question using ONLY the context below. If the answer is not contained in the context, say 'I don't know'.Answer the Question using ONLY The context below: <Tr> <Th colspan=""2""> The entire neighborhood of the nebula </Td> </Tr> </TDS",0.0,0.0,0.0,entailment,1,0.8718271255493164,"Answer the question as best as you can using the context below. If the answer is explicitly stated, make the best possible inference. If it is not explicitly stated then make the worst possible inference using the following context: <Tr> <Th colspan=""2""> The entire neighborhood of the nebula. </",0.0,0.0,0.0,contradiction,0,0.20663289725780487
1014,who was the song i'll be missing you about,"Christopher ""The Notorious B.I.G."" Wallace",True,"Answer the question using ONLY the context below. If the answer is not contained in the context, say 'I don't know'.Answer the answer using ONLY what the context is.Answer the Answer using ONLY that context below: <Tr> <Th colspan=""2""> <Th> <Td col",0.0,0.0425531914893617,0.0,entailment,1,0.874834418296814,"Answer the question as best as you can using the context below.Answer the answer as best possible inference.If the answer is not explicitly stated, make the best possible statement.Answer The Question as best and as best (if the answer was explicitly stated) using the following context: <Tr> <Th col",0.0,0.03703703703703703,0.0,entailment,1,0.4821867048740387
1019,who played sunshine in the movie harlem nights,Rochon,True,"Answer the question using ONLY the context below. If the answer is not contained in the context, say 'I don't know'. If the question is not answered, say it is not in the Context below.Answer the Question using ONLY The Context below:Context:Contexts:Context :Context: Context:",0.0,0.0,0.0,entailment,1,0.5448210835456848,"Answer the question as best as you can using the context below.If the answer is not explicitly stated, make the best possible inference. If the answer does not explicitly state, make a best possible statement. If it is explicitly stated in the context, make it the best way possible inference, and make the worst",0.0,0.0,0.0,contradiction,0,0.2637772858142853
1022,where do the chicago white sox play spring training,Camelback Ranch–Glendale,True,"Answer the question using ONLY the context below. If the answer is not contained in the context, say 'I don't know'.Answer the answer using ONLY The context below: <Tr> <Th> <Tr><Td colspan=""2""> Context </Td> <Td><Tt",0.0,0.0,0.0,entailment,1,0.4304378926753998,"Answer the question as best as you can using the context below.If the answer is not explicitly stated, make the best possible inference.Example:Example: Example: Example 2. Example 3. Example 4. Example 5. Example 6. Example 7. Example 8. Example 9. Example 10. Example 11",0.0,0.0,0.0,neutral,0,0.10136782377958298
1031,where does the last name haugen come from,the old Norse word haugr,True,"Answer the question using ONLY the context below. If the answer is not contained in the context, say 'I don't know'.Answer the answer using ONLY what the context is.Answer the Question using ONLY that context below:Answer the Answer using ONLY if the answer IS contained in THE context below, say """,0.0,0.03636363636363636,1.0,entailment,1,0.6845545172691345,"Answer the question as best as you can using the context below.If the answer is not explicitly stated, make the best possible inference. If the answer does not explicitly state, make a best possible deduction. If it is explicitly stated that the answer was not explicitly specified, make that best possible conclusion. If not",0.0,0.03389830508474576,1.0,entailment,1,0.5113653540611267
1038,when was the last time north korea fired a missile,September 15,True,"Answer the question using ONLY the context below. If the answer is not contained in the context, say 'I don't know'. Answer the question with ONLY the Context below. Answer the answer using ONLY The Context below: <Table> North Korea and weapons of mass destruction <Tr> <Td> </",0.0,0.0,0.0,entailment,1,0.6710689067840576,"Answer the question as best as you can using the context below.If the answer is not explicitly stated, make the best possible inference. If the answer does not explicitly state, make a best possible deduction. If it is explicitly stated in the context, make that inference.Context: <Table> North Korea and",0.0,0.0,0.0,entailment,1,0.5295172333717346
1041,who played professor wilder on dawson's creek,"Kenneth Joseph ""Ken"" Marino",True,"Answer the question using ONLY the context below. If the answer is not contained in the context, say 'I don't know'. The answer is NOT contained in any context. The answer will be the same as the answer in the previous question.Context:Context:The following is a list of actors who have",0.0,0.0,0.0,contradiction,0,0.10087896883487701,"Answer the question as best as you can using the context below.If the answer is not explicitly stated, make the best possible inference. If the answer does not explicitly state, make a best possible statement.Context:Context:The following is a list of actors who have played Dr. Watson in various media.",0.0,0.0,0.0,entailment,1,0.5274862051010132
1043,who sang can't get enough of your love baby,Barry White,True,"Answer the question using ONLY the context below. If the answer is not contained in the context, say 'I don't know'.Answer the answer using ONLY THE context below: <Tr> <Tr><Tr> {Context: Context: Context </Tr> </Tr><Td colspan=""2"">",0.0,0.0,1.0,entailment,1,0.8336304426193237,"Answer the question as best as you can using the context below. If the answer is explicitly stated, make the best possible inference. If it is not explicitly stated then make the worst possible inference, make a best possible deduction. Example: Example:Example: Example 2. Example 3. Example 4. Example 2",0.0,0.0,1.0,neutral,0,0.24083156883716583
1044,who is nana saheb in bajirao mastani movie,Ayush Tandon,True,"Answer the question using ONLY the context below. If the answer is not contained in the context, say 'I don't know'.Answer the answer using ONLY The context below and say 'You don't want to know'. </Tr> <Tr> </Tr><Tr> {Context: </Tr></Tr",0.0,0.0,0.0,contradiction,0,0.11630962044000626,"Answer the question as best as you can using the context below. If the answer is explicitly stated, make the best possible inference. If it is not explicitly stated in the context, make it the best way inference. Example: Example:Example: Example 2. Example 3. Example 4. Example 2: Example",0.0,0.0,0.0,contradiction,0,0.1539488136768341
1045,what is the color of hyperlink in html,blue,True,"Answer the question using ONLY the context below. If the answer is not contained in the context, say 'I don't know'. The answer is NOT contained in any context. The answer will be the same as the answer in the previous question. The question will be answered using ONLY what the context is. The",0.0,0.0,0.0,neutral,0,0.33738377690315247,"Answer the question as best as you can using the context below.If the answer is not explicitly stated, make the best possible inference. If the answer does not explicitly state, make a best possible assumption. If it is not stated, then make the worst possible inference and make the most possible inference. </P",0.0,0.0,0.0,neutral,0,0.3064899742603302
1046,what is the control unit function in the cpu,"tells the computer's memory, arithmetic/logic unit and input and output devices how to respond to the instructions that have been sent to the processor",True,"Answer the question using ONLY the context below. If the answer is not contained in the context, say 'I don't know'. </P> <P> In Computer Science, the control unit ( CU ) is a computer's central processing unit ( CPU ) that directs the operation of the computer. Most",0.0,0.1739130434782609,0.0,neutral,0,0.2565087378025055,"Answer the question as best as you can using the context below.If the answer is not explicitly stated, make the best possible inference. If the answer does not explicitly state, make a best possible deduction.Context:Context:The control unit ( CU ) is a component of the CPU that directs the operation of",0.0,0.136986301369863,0.0,entailment,1,0.5485345721244812
1048,who is the managing director of hdfc bank,Aditya Puri,True,"Answer the question using ONLY the context below. If the answer is not contained in the context, say 'I don't know'. If the question is not answered, say it is not in the Context below.Context: Aditya Puri (India ) <P> Adityan Puri is the",0.0,0.08888888888888888,1.0,neutral,0,0.1380167454481125,"Answer the question as best as you can using the context below.If the answer is not explicitly stated, make the best possible inference. If the answer does not explicitly state, make a best possible assumption. If it is not stated, then make the worst possible inference and make the most possible inference. </P",0.0,0.0,1.0,neutral,0,0.20879720151424408
1050,how old do you have to be to run for the president of the united states,thirty-five Years,True,"Answer the question using ONLY the context below. If the answer is not contained in the context, say 'I don't know'. The answer is NOT contained in any context. The answer may be omitted if the answer does not contain in the Context below.Context: The United States Constitution, the United States Electoral",0.0,0.0,0.0,contradiction,0,0.019452469423413277,"Answer the question as best as you can using the context below. If the answer is explicitly stated, make the best possible inference. If it is not explicitly stated, make the worst possible inference and make the most possible inference. </P> <P>Context: The Convention was a major convention of the United",0.0,0.0,0.0,contradiction,0,0.029170552268624306
1053,when did israel adopt the star of david,"October 28, 1948",True,"Answer the question using ONLY the context below. If the answer is not contained in the context, say 'I don't know'. The answer is NOT contained in any context. The answer will be the answer that is not included in the Context below. The Answer: The Answer is NOT CONSTANTLY IN",0.0,0.0,0.0,contradiction,0,0.255902498960495,"Answer the question as best as you can using the context below.If the answer is not explicitly stated, make the best possible inference. If the answer does not explicitly state, make a best possible deduction. If it is not stated, then make the worst possible inference and make the most possible inference using the following",0.0,0.0,0.0,neutral,0,0.40218809247016907
1056,the idea that the moons development began when a large object collided with earth is called the,"The giant-impact hypothesis, sometimes called the Big Splash, or the Theia Impact",True,"Answer the question using ONLY the context below. If the answer is not contained in the context, say 'I don't know'. </P> <P>Context: The Coriolis force is an inertial force that acts on objects that are in motion relative to a rotating reference frame. In a reference",0.0,0.10169491525423728,0.0,neutral,0,0.05650777369737625,"Answer the question as best as you can using the context below.If the answer is not explicitly stated, make the best possible inference. If the answer does not explicitly state the answer, make a best possible assumption.Context: Coriolis force ( )<P> In physics, the Corioli force",0.0,0.10526315789473685,0.0,entailment,1,0.4945072829723358
1059,where are the ascii characters found in the utf-8 code points,The first 128 characters,True,"Answer the question using ONLY the context below. If the answer is not contained in the context, say 'I don't know'. The answer is NOT contained in any context. The answer IS NOT contained IN THE context. It is NOT in the Context. The Answer is NOT IN THE Context.Context: <",0.0,0.037037037037037035,0.0,neutral,0,0.15855343639850616,"Answer the question as best as you can using the context below.If the answer is not explicitly stated, make the best possible inference.Example:Example: Example: Example of Example:Example of Example Example:Context: Example Example Example ofExample: <Table> UTF - 8 <Tr> <Th>",0.0,0.04651162790697674,0.0,neutral,0,0.13952407240867615
1069,is an encoding for english alphanumeric characters as 7-bit numbers,ASCII,True,"Answer the question using ONLY the context below. If the answer is not contained in the context, say 'I don't know'. The answer is contained in a context that is not in the original context. The answer will be found in the Context:Context:Context :Context: Context: Context :Context :",0.0,0.0,0.0,contradiction,0,0.07584455609321594,"Answer the question as best as you can using the context below. If the answer is explicitly stated, make the best possible inference. If it is not explicitly stated, make the worst possible inference by using the following context:Context:Context :Context: Context:ContextContext:context:Context::Context:text",0.0,0.0,0.0,neutral,0,0.37489187717437744
1071,who played lucky on king of the hill,Tom Petty,True,"Answer the question using ONLY the context below. If the answer is not contained in the context, say 'I don't know'.Answer the answer using ONLY what is contained in that context.Answer the Question using ONLY (Context: context) and say 'Yes'.Answer: Yes.Answer: NoContext:",0.0,0.0,0.0,entailment,1,0.6766782999038696,"Answer the question as best as you can using the context below.If the answer is not explicitly stated, make the best possible inference. If the answer does not explicitly state, make a best possible statement.Context:Context: Context:Context :Context:context:ContextContext:Example:ContextsContext:",0.0,0.0,0.0,entailment,1,0.6393904089927673
1074,when did they start the draft for the vietnam war,"December 1, 1969",True,"Answer the question using ONLY the context below. If the answer is not contained in the context, say 'I don't know'. The answer is NOT contained in any context. The answer will be the answer to the question. The Answer is NOT the answer that is contained in either the context or the context.",0.0,0.0,0.0,neutral,0,0.05375560000538826,"Answer the question as best as you can using the context below.If the answer is not explicitly stated, make the best possible inference. If the answer does not explicitly state, make a best possible assumption.Context:Context:History:History of New Zealand during World War I.<P> The military history",0.0,0.0,0.0,neutral,0,0.31648150086402893
1077,who plays the mother in a monster calls,Felicity Jones,True,"Answer the question using ONLY the context below. If the answer is not contained in the context, say 'I don't know'. The answer is NOT contained in any context. The answer will be the following:Context:Contexts:Context :Context:Background:ContextContext: Context:Context-Context:",0.0,0.0,0.0,contradiction,0,0.04726741090416908,"Answer the question as best as you can using the context below.If the answer is not explicitly stated, make the best possible inference. If the answer does not explicitly state, make a best possible statement.Context:Context:Background:Context :Context: Context:Context::Context:context:ContextContext:",0.0,0.0,0.0,entailment,1,0.6327670812606812
1078,when does the 16 days of activism campaign start,25 November,True,"Answer the question using ONLY the context below. If the answer is not contained in the context, say 'I don't know'. If the question is not answered, say'I don't know'. The answer is NOT contained in any context. The answer will be answered using ONLY what is contained in that",0.0,0.0,1.0,contradiction,0,0.09982550889253616,"Answer the question as best as you can using the context below.If the answer is not explicitly stated, make the best possible inference. If the answer does not explicitly state, make a best possible assumption.Context:Context:The following is a summary of the following context:<P> 16 Days of Activ",0.0,0.0,1.0,entailment,1,0.596295952796936
1079,when did bud lose his leg in jag,2002,True,"Answer the question using ONLY the context below. If the answer is not contained in the context, say 'I don't know'. The answer is the answer to the question that is not in the Context below. The answer to this question is the following:Context:Background:Background :Background:Contexts:",0.0,0.0,0.0,contradiction,0,0.02739865519106388,"Answer the question as best as you can using the context below. If the answer is explicitly stated, make the best possible inference. If it is not explicitly stated, make the worst possible inference and make the most possible inference using the following context:Context:Background:Background :Background:Context :Context:Context",0.0,0.0,0.0,contradiction,0,0.030702052637934685
1080,who does mary camden marry in 7th heaven,Carlos Rivera,True,"Answer the question using ONLY the context below. If the answer is not contained in the context, say 'I don't know'.Answer the answer using ONLY The context below and say 'You don't want to know'.Context:Context: Context: Context : Context:Context : Context :Context: context:",0.0,0.0,0.0,contradiction,0,0.14100582897663116,"Answer the question as best as you can using the context below.If the answer is not explicitly stated, make the best possible inference. If the answer does not explicitly state, make a best possible deduction. If it does not state, then make the worst possible inference and make the most possible inference. </P",0.0,0.0,0.0,neutral,0,0.4730041027069092
1083,who wrote the music for dances with wolves,John Barry Prendergast,True,"Answer the question using ONLY the context below. If the answer is not contained in the context, say 'I don't know'. The answer is the answer to the question that is not in the Context below. The answer to this question is the following:Context:Contexts:Context :Context: Context:",0.0,0.0,0.0,contradiction,0,0.21342559158802032,"Answer the question as best as you can using the context below. If the answer is explicitly stated, make the best possible inference. If it is not explicitly stated in the context, make a best possible deduction. Example: `` What is the difference between wolves and dogs?''Context: `` Why is the wolf",0.0,0.0,0.0,neutral,0,0.41601327061653137
1084,who did the donkey talk to in the bible,Balaam,True,"Answer the question using ONLY the context below. If the answer is not contained in the context, say 'I don't know'. The answer is the answer that is contained in that context. The answer that the answer does not contain in the Context is the following:Context:<P> Context:Context :",0.0,0.0,0.0,neutral,0,0.21627137064933777,"Answer the question as best as you can using the context below.If the answer is not explicitly stated, make the best possible inference. If the answer does not explicitly state, make a best possible deduction.Context:<P> As the chapter and verse divisions did not appear in the original texts, they form",0.0,0.0,0.0,neutral,0,0.46094951033592224
1085,what movie has the song here comes the sun,Sgt. Pepper's Lonely Hearts Club Band,True,"Answer the question using ONLY the context below. If the answer is not contained in the context, say 'I don't know'.Answer the answer using ONLY what the context is.Answer the Question using ONLY ( ONLY the Context below).Answer the Answer using ONLY The Context below.Answer The Answer Using ONLY the",0.0,0.0,0.0,neutral,0,0.008324068039655685,"Answer the question as best as you can using the context below. If the answer is explicitly stated, make the best possible inference. If it is not explicitly stated then make the worst possible inference and make the most possible inference using the following context: Context: Context : Context:Context: ContextContext:Context :",0.0,0.0,0.0,neutral,0,0.01517109852284193
1089,when did the song colt 45 come out,"September 6, 2001",True,"Answer the question using ONLY the context below. If the answer is not contained in the context, say 'I don't know'.Answer the Question using ONLY The Context below.Context:Context: Context: Context : Context:Context : Context :Context: context: Context <P> The varying historical accounts of",0.0,0.0,0.0,entailment,1,0.5788533687591553,"Answer the question as best as you can using the context below.If the answer is not explicitly stated, make the best possible inference. If the answer does not explicitly state, make a best possible deduction.Context:Context: Context: Context : Context:Context : Context :Context: context: ContextContext:",0.0,0.0,0.0,entailment,1,0.4297216832637787
1090,what is the main train station in milan,Milan Central,True,"Answer the question using ONLY the context below. If the answer is not contained in the context, say 'I don't know'. <Tr> <Tr><Td colspan=""2""> In the context of the context </Td> </Tr> </TD> <Td><Tt",0.0,0.0,0.0,neutral,0,0.048042211681604385,"Answer the question as best as you can using the context below. If the answer is explicitly stated, make the best possible inference. If it is not explicitly stated in the context, make a best possible deduction. If you are not explicitly stating, make your best possible inferences. Example: Example:Example:",0.0,0.0,0.0,contradiction,0,0.29465213418006897
1092,who handles the money in the us government,Department of the Treasury,True,"Answer the question using ONLY the context below. If the answer is not contained in the context, say 'I don't know'. The answer is NOT contained in any context. The answer may be omitted if the answer does not contain in the proper context.Context: The story of the story of a young English",0.0,0.07017543859649122,0.0,contradiction,0,0.14741253852844238,"Answer the question as best as you can using the context below. If the answer is explicitly stated, make the best possible inference. If it is not explicitly stated, make the worst possible inference and make the most possible inference. </P> <P> The story of the story of a young Englishwoman who",0.0,0.07142857142857144,0.0,contradiction,0,0.3378709852695465
1097,when did the center of the roman empire moved from rome to constantinople,11 May 330 AD,True,"Answer the question using ONLY the context below. If the answer is not contained in the context, say 'I don't know'. The answer is NOT contained in any context. The answer will be used in the following context:Context:Contexts:Context :Context: Context:ContextContext:context:Context",0.0,0.0,0.0,contradiction,0,0.06915334612131119,"Answer the question as best as you can using the context below.If the answer is not explicitly stated, make the best possible inference. If the answer does not explicitly state, make a best possible conclusion.Context:Context:History:History :History:Context :Context: Context:Contextual:Contexts",0.0,0.0,0.0,entailment,1,0.5867277383804321
1100,what is the day of the dead festival in mexico,"a Mexican holiday celebrated throughout Mexico, in particular the Central and South regions, and by people of Mexican ancestry living in other places, especially the United States",True,"Answer the question using ONLY the context below. If the answer is not contained in the context, say 'I don't know'. The answer is NOT contained in any context. The answer IS NOT contained IN THE context below, but is contained in a context that is not in the Context below. The Answer is",0.0,0.12345679012345677,0.0,contradiction,0,0.06081324443221092,"Answer the question as best as you can using the context below.If the answer is not explicitly stated, make the best possible inference. If the answer does not explicitly state, make a best possible assumption.Context: <Tr> <Tr><Tr> {Context: Context: Context </Tr> </Tr",0.0,0.08695652173913043,0.0,neutral,0,0.3261996805667877
1104,will a xbox 360 game work in a xbox one,"The Xbox One gaming console has received updates from Microsoft since its launch in 2013 that enable it to play select games from its two predecessor consoles, Xbox and Xbox 360.",True,"Answer the question using ONLY the context below. If the answer is not contained in the context, say 'I don't know'. </P> <Td> <Tr> <Table> <P>Context: <Tid> <Cl> <Html> <Cd> </Td",0.0,0.06451612903225806,1.0,neutral,0,0.017861219123005867,"Answer the question as best as you can using the context below. If the answer is explicitly stated, make the best possible inference. If it is not explicitly stated in the context, make a best possible statement. If you are not explicitly stating, make your best possible interpretation. Example: Example:Example: Example",0.0,0.07317073170731708,1.0,neutral,0,0.26314014196395874
1106,where did they film the first twilight movie,"primarily in Portland, Oregon",True,"Answer the question using ONLY the context below. If the answer is not contained in the context, say 'I don't know'.Answer the Question using ONLY The Context below.Context:Context: Context:Context :Context:context:Context.Context. Context: Context.Context : Context. Context.context",0.0,0.05263157894736842,0.0,entailment,1,0.6665287017822266,"Answer the question as best as you can using the context below.If the answer is not explicitly stated, make the best possible inference. If the answer does not explicitly state, make a best possible assumption. If it does not state the answer, make it explicitly stated.Context:Context: Context:Context :",0.0,0.0,0.0,entailment,1,0.5103505849838257
1112,the evil queen's name in snow white,Queen Grimhilde,True,"Answer the question using ONLY the context below. If the answer is not contained in the context, say 'I don't know'. Example: The question is not answered using ONLY The context below, say'I don' know'.Example: The Question is Asked Using ONLY the Context below. Example: Example:",0.0,0.0,1.0,entailment,1,0.5566796064376831,"Answer the question as best as you can using the context below.If the answer is not explicitly stated, make the best possible inference.Example:Example: Example: Example of Example:Example of Example ofExample:Context: Example Example:Context : Example of Examples of Example Example Example of Context: ExampleExample",0.0,0.0,1.0,neutral,0,0.291612833738327
1113,who was the ruler of india when east india company was set up,Queen Elizabeth I,True,"Answer the question using ONLY the context below. If the answer is not contained in the context, say 'I don't know'.Answer the Question using ONLY The Context below.Answer the Answer using ONLYThe Context:Context:Contexts:Context :Context:Background:ContextContext: Context: Contexts:",0.0,0.05128205128205128,0.0,entailment,1,0.6573289036750793,"Answer the question as best as you can using the context below.If the answer is not explicitly stated, make the best possible inference. If the answer does not explicitly state, make a best possible conclusion. If it is not stated, then make the worst possible inference and make the most possible inference using the following",0.0,0.0,0.0,neutral,0,0.47655409574508667
1114,who is considered to be the first pope,St Peter,True,"Answer the question using ONLY the context below. If the answer is not contained in the context, say 'I don't know'. The answer is the answer to the question that is not included in the Context below. The answer to this question is the following:Context:Contexts:Context :Context: Context",0.0,0.0,1.0,contradiction,0,0.13880372047424316,"Answer the question as best as you can using the context below.If the answer is not explicitly stated, make the best possible inference. If the answer does not explicitly state, make a best possible conclusion.Context:Context:The term survivor is a term used in the English language to denote a person with cancer",0.0,0.0,1.0,entailment,1,0.48126938939094543
1119,where does the red river begin and end,"Harmon County, Oklahoma",True,"Answer the question using ONLY the context below. If the answer is not contained in the context, say 'I don't know'. The answer is NOT contained in any context. The answer will be used only in the contexts below.Context: The Cedar River ( Cedar River ) is a river in Minnesota and Iowa",0.0,0.0,1.0,entailment,1,0.8769756555557251,"Answer the question as best as you can using the context below.If the answer is not explicitly stated, make the best possible inference. If the answer does not explicitly state, make a best possible assumption.Context: Cedar River ( Cedar River ) ( Cedar Rapids, Iowa ) ( Red Cedar River, Iowa)",0.0,0.0,1.0,neutral,0,0.483884334564209
1120,when did sachin tendulkar win the world cup,2011,True,"Answer the question using ONLY the context below. If the answer is not contained in the context, say 'I don't know'.Answer the Question using ONLY The Context below.Answer the Answer using ONLY THE Context below: <Tr> <Tr><Tr> {Tr> </Tr> Td colspan",0.0,0.0,1.0,entailment,1,0.5367225408554077,"Answer the question as best as you can using the context below.If the answer is not explicitly stated, make the best possible inference. If the answer does not explicitly state, make a best possible assumption. If it does not clearly state, then make the worst possible inference possible.Context: <Tr> <",0.0,0.0,1.0,neutral,0,0.47634679079055786
1122,when did beverly hills cop 2 come out,1987,True,"Answer the question using ONLY the context below. If the answer is not contained in the context, say 'I don't know'.Answer the Question using ONLY The Context below.Answer the Answer using ONLY THE Context below: <Tr> <Tr><Tr> </Tr> <!--Context: The Context: The",0.0,0.0,1.0,entailment,1,0.6557599902153015,"Answer the question as best as you can using the context below. If the answer is explicitly stated, make the best possible inference. If it is not explicitly stated then make the worst possible inference by using the following context: Context: Context : Context:Context: Context <Tr> <Tr > <Th col",0.0,0.0,1.0,neutral,0,0.4690861701965332
1124,which leader halted the muslim invasion of western europe at the battle of tours,Charles Martel,True,"Answer the question using ONLY the context below. If the answer is not contained in the context, say 'I don't know'.Answer the answer using ONLY a context below, say'I don' know'.Context:Context: Context:Context :Context:context:Context::Context:text:Context.",0.0,0.0,1.0,entailment,1,0.7094749808311462,"Answer the question as best as you can using the context below. If the answer is explicitly stated, make the best possible inference. If it is explicitly expressed, make a best possible statement. If not explicitly stated then make the worst possible inference, make it explicitly stated. Example: Example:Example: Example 2",0.0,0.0,1.0,entailment,1,0.38656479120254517
1126,what is the largest state in america by size,Alaska,True,"Answer the question using ONLY the context below. If the answer is not contained in the context, say 'I don't know'. The answer is NOT contained in any context. The answer will be used in the following context: The answer to the question is not included in the Context below. The Answer is NOT",0.0,0.0,0.0,contradiction,0,0.20333433151245117,"Answer the question as best as you can using the context below.If the answer is not explicitly stated, make the best possible inference. If the answer does not explicitly state, make a best possible assumption.Context:Context: Context: Context : Context:Context : Context :Context:context:Contextual:",0.0,0.0,0.0,entailment,1,0.5498063564300537
1127,actor who plays jack in will and grace,Sean Patrick Hayes,True,"Answer the question using ONLY the context below. If the answer is not contained in the context, say 'I don't know'. If the question is not answered, say it is not in the Context below. The answer is NOT contained in any context. The question is NOT in theContext: The Question is",0.0,0.0,0.0,contradiction,0,0.08490011841058731,"Answer the question as best as you can using the context below.If the answer is not explicitly stated, make the best possible inference. If the answer does not explicitly state, make a best possible statement. If it is not stated, then make the worst possible inference and make the most possible inference using the following",0.0,0.0,0.0,neutral,0,0.28886622190475464
1129,who was the first person to die in romeo and juliet,Mercutio,True,"Answer the question using ONLY the context below. If the answer is not contained in the context, say 'I don't know'. The answer is NOT contained in any context. The answer IS NOT contained within the context. It is NOTHING. The Answer is NOT HAPPENING.Context: <",0.0,0.0,1.0,neutral,0,0.3357347548007965,"Answer the question as best as you can using the context below. If the answer is explicitly stated, make the best possible inference. If it is not explicitly stated in the context, make a best possible deduction. If you are not explicitly stating, make your best possible conclusion.Context:Context: Context: Context",0.0,0.0,1.0,entailment,1,0.6089429259300232
1131,who does chris griffin's voice on family guy,Seth Green,True,"Answer the question using ONLY the context below. If the answer is not contained in the context, say 'I don't know'. If the question is not answered using ONLY that context, then say 'You don't want to know'. The answer is NOT contained in this context. The answer to the question below",0.0,0.0,0.0,entailment,1,0.4565669000148773,"Answer the question as best as you can using the context below. If the answer is explicitly stated, make the best possible inference. If it is not explicitly stated in the context, make a best possible deduction. If you are not explicitly stating, make your best possible conclusion.Context: The story of Blue Mountain",0.0,0.0,0.0,entailment,1,0.5346425771713257
1135,how many republicans are in the senate in 2018,51,True,"Answer the question using ONLY the context below. If the answer is not contained in the context, say 'I don't know'. The answer is NOT contained in any context. The answer will be used in the following context:Context:Contexts:Context :Context:<P> <P> How many",0.0,0.0,0.0,contradiction,0,0.02146565355360508,"Answer the question as best as you can using the context below.If the answer is not explicitly stated, make the best possible inference. If the answer does not explicitly state, make a best possible deduction.Context:Context:Cancer Survivors<P> How many people are cancer survivors depends on the definition used",0.0,0.0,0.0,neutral,0,0.2777056396007538
1142,who did cleveland play in the finals last year,Golden State Warriors,True,"Answer the question using ONLY the context below. If the answer is not contained in the context, say 'I don't know'.Answer the Question using ONLY The Context below.Answer the Answer using ONLYThe Context:Context:Context :Context: Context: Context :Context : Context: context: Context <P",0.0,0.0,1.0,contradiction,0,0.026261381804943085,"Answer the question as best as you can using the context below.If the answer is not explicitly stated, make the best possible inference. If the answer does not explicitly state, make a best possible deduction. If it is not stated, then make the worst possible inference and make the most possible inference using the following",0.0,0.034482758620689655,1.0,contradiction,0,0.03970497101545334
1143,what is the joint commission and what do they do,"a United States-based nonprofit tax-exempt 501(c) organization[1] that accredits more than 21,000 US health care organizations and programs",True,"Answer the question using ONLY the context below. If the answer is not contained in the context, say 'I don't know'. </P> <Tr> <Th colspan=""2""> <Td colspan=2""> </Tr> </Tr><Tr> <!-- What is the future of capitalism",0.0,0.0,0.0,neutral,0,0.012308948673307896,"Answer the question as best as you can using the context below. If the answer is explicitly stated, make the best possible inference. If it is not explicitly stated, make the worst possible inference and make the most possible inference. </P>Context: Context: Context. Context.Context:Context. Context:",0.0,0.031746031746031744,0.0,neutral,0,0.17955712974071503
1145,how many athletes does great britain have in the 2018 olympics,58,True,"Answer the question using ONLY the context below. If the answer is not contained in the context, say 'I don't know'.Answer the answer using ONLY what the context is.Answer the Question using ONLY ( ONLY the Context below).Answer the Answer using ONLY The Context below.Answer The Question using Only the",0.0,0.0,1.0,entailment,1,0.5767233371734619,"Answer the question as best as you can using the context below.If the answer is not explicitly stated, make the best possible inference. If the answer does not explicitly state, make a best possible deduction.Context: <Table> <Tr> <Table > <Tr><Tr><Th colspan=""",0.0,0.0,1.0,neutral,0,0.4745684862136841
1149,who got the highest paid contract in the nba,Stephen Curry,True,"Answer the question using ONLY the context below. If the answer is not contained in the context, say 'I don't know'. If the question is not answered, say it is not included in the Context below. The answer is NOT contained in any context. The question is NOT answered using ONLY a context.",0.0,0.0,1.0,contradiction,0,0.085541270673275,"Answer the question as best as you can using the context below.If the answer is not explicitly stated, make the best possible inference. If the answer does not explicitly state, make a best possible deduction. If it is explicitly stated in the context, make it the best way you can.Context: The NBA",0.0,0.0,1.0,entailment,1,0.5713513493537903
1151,the south african institute of tax practitioners was constituted as,a Not for Profit professional body,True,"Answer the question using ONLY the context below. If the answer is not contained in the context, say 'I don't know'. The answer is NOT contained in any context. The answer IS NOT contained IN THE context.Context: <Tr> <Tr><Td> Context: <Td><T",0.0,0.0425531914893617,0.0,contradiction,0,0.3311721384525299,"Answer the question as best as you can using the context below.If the answer is not explicitly stated, make the best possible inference. If the answer does not explicitly state, make a best possible deduction. If it is explicitly stated that the answer was not explicitly specified, make that best possible conclusion.Context:",0.0,0.06896551724137931,0.0,entailment,1,0.4616105258464813
1152,which president was the president of columbia university,Dwight D. Eisenhower,True,"Answer the question using ONLY the context below. If the answer is not contained in the context, say 'I don't know'. If the question is not answered, say it is not included in the Context below. The answer is NOT contained in any context. The question is NOT answered using ONLY THE context below",0.0,0.0,0.0,contradiction,0,0.08836386352777481,"Answer the question as best as you can using the context below.If the answer is not explicitly stated, make the best possible inference. If the answer does not explicitly state, make a best possible conclusion. If it is not stated, then make the worst possible inference and make the most possible inference. </P",0.0,0.0,0.0,neutral,0,0.32509496808052063
1153,who played spur in man from snowy river,Kirk Douglas,True,"Answer the question using ONLY the context below. If the answer is not contained in the context, say 'I don't know'.Answer the Question using ONLY The context below and say 'The answer is NOT contained in any context below'.Answer The Question using Only the Context below. <Tr> <Th>",0.0,0.0,1.0,neutral,0,0.3810473084449768,"Answer the question as best as you can using the context below. If the answer is explicitly stated, make the best possible inference. If it is not explicitly stated in the context, make it the best way inference. Example: Example:Example: Example 2. Example 3. Example 4. Example 2: Example",0.0,0.0,1.0,contradiction,0,0.1953744739294052
1155,where is xanthophyll found in a plant's cell,leaves,True,"Answer the question using ONLY the context below. If the answer is not contained in the context, say 'I don't know'.Answer the Question using ONLY The Context below.Answer the Answer using ONLYThe Context:Context:Contexts:Context :Context:In crystallography, the cubic ( or isometric",0.0,0.0,1.0,entailment,1,0.7335360050201416,"Answer the question as best as you can using the context below.If the answer is not explicitly stated, make the best possible inference. If the answer does not explicitly state, make a best possible deduction.Context:Context:In crystallography, the cubic ( or isometric ) crystal system is a crystal system",0.0,0.0,1.0,neutral,0,0.484454870223999
1156,who pioneered the little black dress or lbd back in 1926,Coco Chanel,True,"Answer the question using ONLY the context below. If the answer is not contained in the context, say 'I don't know'. The answer is the answer to the question that is not in the Context below.Context:Context:The Little Black Dress ( LBD ) is a little black dress ( LBS",0.0,0.0,1.0,neutral,0,0.2935657501220703,"Answer the question as best as you can using the context below.If the answer is not explicitly stated, make the best possible inference. If the answer does not explicitly state, make a best possible conclusion.Context:Context:The Little Black Dress ( LBD ) is a little black dress ( LBS )",0.0,0.0,1.0,entailment,1,0.5195013284683228
1161,who were the first to start a company to trade with india,the Portuguese Estado da Índia,True,"Answer the question using ONLY the context below. If the answer is not contained in the context, say 'I don't know'. The answer is NOT contained in any context. The answer will be used in the following context:Context:Contexts:Context :Context: Context:Contextual:ContextContext:",0.0,0.04444444444444445,0.0,contradiction,0,0.06333363056182861,"Answer the question as best as you can using the context below.If the answer is not explicitly stated, make the best possible inference. If the answer does not explicitly state, make a best possible assumption.Context: The Middle Passage (Middle Passage ) (Middle) (Middle ) ( Middle ) (Mid)",0.0,0.04081632653061225,0.0,entailment,1,0.49732401967048645
1162,pay scale of section officer in central secretariat,Junior Time Scale,True,"Answer the question using ONLY the context below. If the answer is not contained in the context, say 'I don't know'.Answer the Question using ONLY The Context below. Answer the Question Using ONLY the Context below: <Tr> <Td> Summary </Td><Td>: Summary </Tr",0.0,0.0,0.0,entailment,1,0.6917541027069092,"Answer the question as best as you can using the context below.If the answer is not explicitly stated, make the best possible inference.Example:Example: Example: Example of the following: Example Example:Example of the above: ExampleExample:Context: Example. Example.Example. Example:Context. Example",0.0,0.0,0.0,neutral,0,0.25081685185432434
1163,who is the actor that plays jax in sons of anarchy,Charles Matthew Hunnam,True,"Answer the question using ONLY the context below. If the answer is not contained in the context, say 'I don't know'.Answer the answer using ONLY what is contained in that context.Answer the Question using ONLY that context below:Answer the Answer using ONLY The Context below.Answer:Answer:Question:",0.0,0.0,0.0,neutral,0,0.2583705186843872,"Answer the question as best as you can using the context below.If the answer is not explicitly stated, make the best possible inference. If the answer does not explicitly state, make a best possible assumption. If it is not stated, then make the worst possible inference and make the most possible inference. </P",0.0,0.0,0.0,neutral,0,0.20198127627372742
1169,who is the yankees all-time leader in pitching wins,Roger Clemens,True,"Answer the question using ONLY the context below. If the answer is not contained in the context, say 'I don't know'. The answer is NOT contained in any context. The answer will be used only in the contexts below. The context is the context of the question. The question will be answered using ONLY",0.0,0.0,0.0,neutral,0,0.06633515655994415,"Answer the question as best as you can using the context below.If the answer is not explicitly stated, make the best possible inference. If the answer does not explicitly state, make a best possible conclusion.Context:<P> In Major League Baseball, the 300 win club is the group of pitchers who have",0.0,0.0,0.0,neutral,0,0.29073676466941833
1170,where did the 2010 world cup take place,South Africa,True,"Answer the question using ONLY the context below. If the answer is not contained in the context, say 'I don't know'. If the question is not answered using ONLY that context, then say 'You don't want to know'. The answer is NOT contained in any context below, but rather, say that",0.0,0.0,0.0,neutral,0,0.29759666323661804,"Answer the question as best as you can using the context below.If the answer is not explicitly stated, make the best possible inference. If the answer does not explicitly state, make a best possible deduction. If it does not clearly state the answer, make it the best way you can.Context: The World",0.0,0.0,0.0,entailment,1,0.499705970287323
1171,who plays the character dog in game of thrones,Rory McCann,True,"Answer the question using ONLY the context below. If the answer is not contained in the context, say 'I don't know'.Answer the answer using ONLY what the context is.Answer the Question using ONLY ( ONLY the Context below).Answer the Answer using ONLY The Context below.Answer: * * *Context",0.0,0.0,0.0,neutral,0,0.2501620650291443,"Answer the question as best as you can using the context below.If the answer is not explicitly stated, make the best possible inference. If the answer does not explicitly state, make a best possible assumption. If it does not state, then make the worst possible inference and make the most possible inference using the following",0.0,0.0,0.0,neutral,0,0.31723183393478394
1174,the president of the united states is a member of what branch of government,the executive branch of the federal government,True,"Answer the question using ONLY the context below. If the answer is not contained in the context, say 'I don't know'.Answer the Question using ONLY The Context below.Answer the Answer using ONLY THE Context below: <Tr> <Th> Context: Context:Context:Context :Context: Context :",0.0,0.08333333333333334,0.0,entailment,1,0.6765541434288025,"Answer the question as best as you can using the context below.If the answer is not explicitly stated, make the best possible inference.Example:Context:Context :Context: Context:Context-Context:context-Context- Context:contextContext:text-ContextContext:Text-Context :context-context",0.0,0.11764705882352941,0.0,neutral,0,0.2934443950653076
1179,who sings the song ain't no stopping us now,McFadden & Whitehead,True,"Answer the question using ONLY the context below. If the answer is not contained in the context, say 'I don't know'.Answer the answer using ONLY a context below: <Tr> <Th colspan=""2""> <Td colspan=2""> </Td> </Tr> </T",0.0,0.0,1.0,entailment,1,0.8352119326591492,"Answer the question as best as you can using the context below.Answer the answer as best possible inference.If the answer is not explicitly stated, make the best possible statement.Answer The Question as best and as best (if the answer was explicitly stated) using the Context below.Context:Context: Context:",0.0,0.0,1.0,entailment,1,0.38201698660850525
1181,who drove the number 33 car in nascar,"Harold Phil Gant[1] (born January 10, 1940), better known as ""Handsome Harry""",True,"Answer the question using ONLY the context below. If the answer is not contained in the context, say 'I don't know'. The answer is in the text below. The answer will be in the following context:Context:Contexts:Context :Context: Context:Context-Context:<P> NASCAR",0.0,0.0,0.0,neutral,0,0.14006030559539795,"Answer the question as best as you can using the context below.If the answer is not explicitly stated, make the best possible inference. If the answer does not explicitly state, make a best possible conclusion.Context: <P> <P><P><P> NASCAR's premiere racing division, the",0.0,0.037037037037037035,0.0,neutral,0,0.4214436411857605
1183,what kind of boat is used in the everglades,Airboats,True,"Answer the question using ONLY the context below. If the answer is not contained in the context, say 'I don't know'. The answer is then used to answer the question. </P> <P> The following is a list of the most commonly used and most commonly cited words in the Bible. The",0.0,0.0,1.0,neutral,0,0.04399270936846733,"Answer the question as best as you can using the context below. If the answer is explicitly stated, make the best possible inference. If it is not explicitly stated in the context, make a best possible deduction.Context:Context:<P> Matthew 5 : 5 is the fifth verse of the fifth chapter of",0.0,0.0,1.0,neutral,0,0.3729281723499298
1189,why is rifling present in the bore of the barrel,for the purpose of exerting torque and thus imparting a spin to a projectile around its longitudinal axis during shooting,True,"Answer the question using ONLY the context below. If the answer is not contained in the context, say 'I don't know'. The answer is the answer to the question that is not in the Context below. The answer to this question is the question to which the answer will be given.Context: Firearms,",0.0,0.05555555555555555,1.0,neutral,0,0.15318745374679565,"Answer the question as best as you can using the context below.If the answer is not explicitly stated, make the best possible inference. If the answer does not explicitly state, make a best possible assumption.Context: Rifling, Firearms, and Wine.Context: Firearms, Rifling, and Wine, Wine",0.0,0.09374999999999999,1.0,entailment,1,0.5048114061355591
1193,where do the amino acids come from in protein synthesis,tRNA molecules,True,"Answer the question using ONLY the context below. If the answer is not contained in the context, say 'I don't know'. The answer is NOT contained in any context. The answer will be omitted if the answer does not contain in the Context below. The Answer is NOT CONSTANTLY CONSTIT",0.0,0.0,0.0,neutral,0,0.32376667857170105,"Answer the question as best as you can using the context below.If the answer is not explicitly stated, make the best possible inference. If the answer does not explicitly state, make a best possible deduction. If it is explicitly stated that the answer was not explicitly specified, make that best possible conclusion. Example:",0.0,0.0,0.0,neutral,0,0.3894117474555969
1195,who replaced ringo starr on thomas the tank engine,Michael Angelis,True,"Answer the question using ONLY the context below. If the answer is not contained in the context, say 'I don't know'.Answer the answer using ONLY The context below and say 'You don't want to know'. <Tr> <Th colspan=""2""> The Beatles </Th> </Tr>",0.0,0.0,1.0,contradiction,0,0.09025314450263977,"Answer the question as best as you can using the context below. If the answer is explicitly stated, make the best possible inference. If it is not explicitly stated in the context, make it the best way inference. Example: Example:Example: Example of Example:Context: Example Example: Context: ExampleExample",0.0,0.0,1.0,contradiction,0,0.11024922132492065
1197,who was the first president born a citizen of the united states,Martin Van Buren,True,"Answer the question using ONLY the context below. If the answer is not contained in the context, say 'I don't know'. The answer is NOT contained in any context. The answer will be used in the following context:Context:Contexts:Context :Context:<P> The United States presidential line",0.0,0.0,0.0,contradiction,0,0.02550409734249115,"Answer the question as best as you can using the context below.If the answer is not explicitly stated, make the best possible inference. If the answer does not explicitly state, make a best possible assumption. If it is not stated, then make the worst possible inference and make the most possible inference using the following",0.0,0.0,0.0,neutral,0,0.43031731247901917
1199,who sings the song reunited and it feels so good,Peaches & Herb,True,"Answer the question using ONLY the context below. If the answer is not contained in the context, say 'I don't know'. The answer is contained in a context below, say'I don 't know'. Context: Context:Context:Context :Context: Context :Context : Context:context:Context",0.0,0.0,0.0,contradiction,0,0.24004565179347992,"Answer the question as best as you can using the context below. If the answer is explicitly stated, make the best possible inference. If it is not explicitly stated in the context, make a best possible deduction. If not explicitly specified, make that best possible inferences. Context: Context:Context:Context :",0.0,0.0,0.0,contradiction,0,0.3165516257286072
1200,where do the st louis cardinals do spring training,Roger Dean Stadium,True,"Answer the question using ONLY the context below. If the answer is not contained in the context, say 'I don't know'.Answer the answer using ONLY The context below: <Tr> <Th> <Td> The context </Td></Tr> </Tr> <!--Tr> {Tr>",0.0,0.0,1.0,entailment,1,0.6453447937965393,"Answer the question as best as you can using the context below. If the answer is explicitly stated, make the best possible inference. If it is not explicitly stated then make the worst possible inference using the following context: Context: Context : Context:Context: ContextContext:Context : Context :Context:context:",0.0,0.0,1.0,neutral,0,0.25589996576309204
1201,when was the last time the mavericks made the playoffs,2015–16,True,"Answer the question using ONLY the context below. If the answer is not contained in the context, say 'I don't know'. The answer is NOT contained in any context. The answer will be used in the following context:Context:Contexts:Context :Context: Context:ContextContext:The Mavericks were",0.0,0.0,0.0,contradiction,0,0.07029891014099121,"Answer the question as best as you can using the context below.If the answer is not explicitly stated, make the best possible inference. If the answer does not explicitly state, make a best possible statement.Context:Context:The Mavericks are an American professional basketball team based in Dallas, Texas. They are members",0.0,0.0,0.0,neutral,0,0.4028017818927765
1205,when did the age of majority change from 21 to 18 in the uk,1970,True,"Answer the question using ONLY the context below. If the answer is not contained in the context, say 'I don't know'. The answer is NOT contained in any context. The answer will be used in the following context: The answer to the question is NOT the context. It is the context of the question",0.0,0.0,1.0,entailment,1,0.6486021876335144,"Answer the question as best as you can using the context below. If the answer is explicitly stated, make the best possible inference. If it is not explicitly stated in the context, make a best possible deduction. If you are not explicitly stating, make your best possible conclusion.Context: <P> <P",0.0,0.0,1.0,entailment,1,0.7211080193519592
1206,who plays taylor on bold and the beautiful,Hunter Tylo,True,"Answer the question using ONLY the context below. If the answer is not contained in the context, say 'I don't know'.Answer the Question using ONLY The Context below.Answer the Answer using ONLY THE Context below:Context:Contexts:Context :Context:The Context:Contextual:Context::Context",0.0,0.0,0.0,neutral,0,0.02193334326148033,"Answer the question as best as you can using the context below.If the answer is not explicitly stated, make the best possible inference. If the answer does not explicitly state the answer, make a best possible assumption. If it is not stated, then make the worst possible inference and make the most possible inference using",0.0,0.0,0.0,neutral,0,0.06891001015901566
1207,who played phil in phil of the future,Raviv Ullman,True,"Answer the question using ONLY the context below. If the answer is not contained in the context, say 'I don't know'. The answer is NOT contained in any context. The answer will be used ONLY in the text below. The question will be answered using ONLY what the context is. The Answer: """,0.0,0.0,0.0,contradiction,0,0.3991561532020569,"Answer the question as best as you can using the context below.If the answer is not explicitly stated, make the best possible inference. If the answer does not explicitly state, make a best possible assumption.Context:Context:The following is a complete list of American football players who have played for the Philadelphia Eagles",0.0,0.0,0.0,entailment,1,0.6329074501991272
1209,what is the clean up hitter in baseball,fourth player in the batting order,True,"Answer the question using ONLY the context below. If the answer is not contained in the context, say 'I don't know'. ( June 2015 ) </Table> <Tr> <Td> <Table> </Td > <Tdr> <Context: <P> <P><Table>",0.0,0.10526315789473684,0.0,neutral,0,0.06900782883167267,"Answer the question as best as you can using the context below.If the answer is not explicitly stated, make the best possible inference. If the answer does not explicitly state, make a best possible deduction.Context:Context: Context: Context : Context:Context : Context :Context: context: Context.Context",0.0,0.041666666666666664,0.0,entailment,1,0.5415254831314087
1210,what is the song anything you can do from,Annie Get Your Gun,True,"Answer the question using ONLY the context below. If the answer is not contained in the context, say 'I don't know'.Answer the answer using ONLY The context below: <Table> <Table: <Tr> <Tr><Td colspan=""2""> <Table > <Tr></Td",0.0,0.0,1.0,entailment,1,0.8175009489059448,"Answer the question as best as you can using the context below. If the answer is explicitly stated, make the best possible inference. If it is not explicitly stated by the answer, make a best possible statement. If you are not explicitly stating, make your best possible conclusion. If not explicitly specified, make it",0.0,0.034482758620689655,1.0,entailment,1,0.5040469765663147
1212,what is the most popular car in russia,the classic Lada Riva,True,"Answer the question using ONLY the context below. If the answer is not contained in the context, say 'I don't know'. The answer is then 'I'm not sure'. The question is then answered using ONLY that context.Context: <P> <P><P> Automotive production is a significant",0.0,0.04166666666666667,0.0,entailment,1,0.6704627871513367,"Answer the question as best as you can using the context below.If the answer is not explicitly stated, make the best possible inference. If the answer does not explicitly state, make a best possible assumption.Context:Context: Context: Context : Context:Context : Context :Context: context: ContextContext:",0.0,0.04347826086956521,0.0,entailment,1,0.5531266331672668
1214,what was mrs howell's first name on gilligan's island,Lovey,True,"Answer the question using ONLY the context below. If the answer is not contained in the context, say 'I don't know'. The answer is the answer to the question, and the answer will be the answer that is contained in that context. </P> <P> The proverb is a modern saying that",0.0,0.0,0.0,contradiction,0,0.06695733219385147,"Answer the question as best as you can using the context below.If the answer is not explicitly stated, make the best possible inference. If the answer does not explicitly state the answer, make a best possible deduction. If it is explicitly stated in the context, make that best possible interpretation.Context:Context:",0.0,0.0,0.0,neutral,0,0.4659057855606079
1218,who plays ruby on anne with an e,Kyla Matthews,True,"Answer the question using ONLY the context below. If the answer is not contained in the context, say 'I don't know'. The answer is NOT contained in any context. The answer will be answered using ONLY what is contained in that context.Context:Context:<Tr> <Th colspan=""2",0.0,0.0,0.0,contradiction,0,0.22376319766044617,"Answer the question as best as you can using the context below.If the answer is not explicitly stated, make the best possible inference.Example: The first two pitchers to accomplish the feat did so in 1880, under rules that differed in many important respects from those of today's game. If the answer was not",0.0,0.0,0.0,entailment,1,0.5621961355209351
1222,how many points did robert parish score in his career,"23,334",True,"Answer the question using ONLY the context below. If the answer is not contained in the context, say 'I don't know'.Answer the answer using ONLY what the context is.Answer the Question using ONLY ( ONLY the Context below).Answer the Answer using ONLY The Context below.Answer: ""I don�",0.0,0.0,1.0,entailment,1,0.6266870498657227,"Answer the question as best as you can using the context below. If the answer is explicitly stated, make the best possible inference. If it is not explicitly stated in the context, make a best possible deduction. If you are not explicitly stating, make your best possible inferences. If not explicitly specified, make",0.0,0.0,1.0,entailment,1,0.5338609218597412
1231,where is folic acid absorbed in the body,intestine,True,"Answer the question using ONLY the context below. If the answer is not contained in the context, say 'I don't know'. The answer is NOT contained in any context. The answer will be answered using ONLY what is contained in that context. </P> <P>Context: The context is the context",0.0,0.0,0.0,neutral,0,0.20272068679332733,"Answer the question as best as you can using the context below. If the answer is explicitly stated, make the best possible inference. If it is not explicitly stated, make thebest possible inference and make the most possible inference. </P> <P> The bicarbonate buffer system is a buffer system",0.0,0.0,0.0,neutral,0,0.16660888493061066
1234,why did they kill off fran on mama's family,"Rue McClanahan (Aunt Fran) and Betty White (Ellen Jackson) had both gone on to star in the NBC sitcom The Golden Girls, rendering them unavailable to return",True,"Answer the question using ONLY the context below. If the answer is not contained in the context, say 'I don't know'. The answer is the answer to the question that is not included in the Context below.Context:Context: Context: Context : Context:Context : Context :Context:context:Context",0.0,0.11594202898550725,0.0,neutral,0,0.1695668250322342,"Answer the question as best as you can using the context below.If the answer is not explicitly stated, make the best possible inference. If the answer does not explicitly state, make a best possible deduction.Context:Context: Context: Context : Context:Context : Context :Context:context:Context.Context",0.0,0.05970149253731344,0.0,entailment,1,0.587340772151947
1235,what is the website for the united states postal service,www.usps.com,True,"Answer the question using ONLY the context below. If the answer is not contained in the context, say 'I don't know'. If the question is not answered using ONLY that context, then say 'you don't need to know'.Context:<P> <P> Initial United States postage rates were set",0.0,0.0,1.0,entailment,1,0.491661012172699,"Answer the question as best as you can using the context below.If the answer is not explicitly stated, make the best possible inference. If the answer does not explicitly state, make a best possible assumption.Context:<P> <P> Initial United States postage rates were set by Congress as part of the",0.0,0.0,1.0,neutral,0,0.32649117708206177
1236,who owns the rio casino in las vegas,Caesars Entertainment Corporation,True,"Answer the question using ONLY the context below. If the answer is not contained in the context, say 'I don't know'.Answer the Question using ONLY The Context below.Answer the Answer using ONLYThe Context:Context:Context :Context: Context: Context :Context : Context:context:Context.Context",0.0,0.0,1.0,entailment,1,0.5888351798057556,"Answer the question as best as you can using the context below.If the answer is not explicitly stated, make the best possible inference. If the answer does not explicitly state, make a best possible statement. If it is explicitly stated. If not explicitly stating, make that best possible implication.Context:Context:",0.0,0.0,1.0,entailment,1,0.6538715362548828
1237,who has scored the most goals in the world cup final,Geoff Hurst,True,"Answer the question using ONLY the context below. If the answer is not contained in the context, say 'I don't know'. The answer is NOT contained in any context. The answer will be used in the following context: The answer to the question is not included in the Context below. The Answer is NOT",0.0,0.0,0.0,contradiction,0,0.054526716470718384,"Answer the question as best as you can using the context below.If the answer is not explicitly stated, make the best possible inference. If the answer does not explicitly state, make a best possible deduction.Context:1.1.2.3.1Context:2.2-3.3-",0.0,0.0,0.0,neutral,0,0.16583767533302307
1243,what was the name of the last planet of the apes movie,War for the Planet of the Apes,True,"Answer the question using ONLY the context below. If the answer is not contained in the context, say 'I don't know'. The answer is NOT contained in any context. The answer IS NOT contained IN THE context below, say'I don't know'. <Tr> <Th colspan=""2",0.0,0.0784313725490196,1.0,contradiction,0,0.28650233149528503,"Answer the question as best as you can using the context below. If the answer is explicitly stated, make the best possible inference. If it is not explicitly stated in the context, make it the best way possible inference, and make the worst possible inference using the following context: <Tr> <Th colspan",0.0,0.06779661016949154,1.0,contradiction,0,0.23280008137226105
1247,the condemnation of private property for public use is allowed under the state's right of,Eminent domain,True,"Answer the question using ONLY the context below. If the answer is not contained in the context, say 'I don't know'. The answer is NOT contained in any context. The answer will be used only in the following context: Context: Context : Context:Context: Context (Context:Context)Context:",0.0,0.0,1.0,neutral,0,0.038583070039749146,"Answer the question as best as you can using the context below.If the answer is not explicitly stated, make the best possible inference. If the answer does not explicitly state, make a best possible deduction.Context:Context:The following is a list of the most common uses of property taken by eminent domain in",0.0,0.07547169811320754,1.0,entailment,1,0.5818349719047546
1248,how long did it take pioneers on the oregon trail,about 160 days in 1849 to 140 days 10 years later,True,"Answer the question using ONLY the context below. If the answer is not contained in the context, say 'I don't know'.Answer the Question using ONLY The context below and say 'The answer is contained in The Context below.Answer the Answer using ONLY THE Context below and ONLY the Context below.Answer the",0.0,0.03225806451612903,0.0,entailment,1,0.4707581102848053,"Answer the question as best as you can using the context below.If the answer is not explicitly stated, make the best possible inference. If the answer does not explicitly state, make a best possible deduction. If it is explicitly stated in the context, make that best possible inferences.Context:Context: Context",0.0,0.03333333333333333,0.0,entailment,1,0.5206415057182312
1253,what is a levite according to the bible,a Jewish male whose descent is traced by tradition to Levi,True,"Answer the question using ONLY the context below. If the answer is not contained in the context, say 'I don't know'. The answer is the following: The answer to the question is the answer to a question that is not in the Context below. The answer may be omitted if the answer does not contain",0.0,0.0909090909090909,0.0,contradiction,0,0.1484788954257965,"Answer the question as best as you can using the context below. If the answer is explicitly stated, make the best possible inference. If it is not explicitly stated in the context, make a best possible deduction.Context: Hebrew Bible, Hebrew Bible, Hebrew Bible ( Hebrew : בֵּית",0.0,0.07272727272727272,0.0,neutral,0,0.4538239538669586
1254,how much is a table spoon in ounces,0.50 US fl oz,True,"Answer the question using ONLY the context below. If the answer is not contained in the context, say 'I don't know'. The answer is the answer to the question that is not in the Context below. The answer to this question is the following: The context is the context of the question. The context",0.0,0.0,1.0,contradiction,0,0.20795229077339172,"Answer the question as best as you can using the context below. If the answer is explicitly stated, make the best possible inference. If it is not explicitly stated in the context, make a best possible deduction. If you are not explicitly stating, make your best possible conclusion.Context:Context:The context of",0.0,0.0,1.0,entailment,1,0.6614406108856201
1258,what is the wimbledon runner up prize money,"£1,125,000",True,"Answer the question using ONLY the context below. If the answer is not contained in the context, say 'I don't know'. </P> <Table> Wimbledon Ladies' Singles Champions <P>Context: <P><Table> <P > <P>(Context: </P><> <",0.0,0.0,0.0,neutral,0,0.034592557698488235,"Answer the question as best as you can using the context below.If the answer is not explicitly stated, make the best possible inference. If the answer does not explicitly state, make a best possible deduction. If it does not clearly state the answer, make it the best way possible inference. </P> <",0.0,0.0,0.0,neutral,0,0.3073500692844391
1263,who stars in the man in the high castle,Alexa Davalos,True,"Answer the question using ONLY the context below. If the answer is not contained in the context, say 'I don't know'.Answer the Question using ONLY The Context below.Answer the Answer using ONLY THE Context below:Context:Context :Context: Context:Contexts:ContextContext:context:Context Context",0.0,0.0,1.0,entailment,1,0.5559139251708984,"Answer the question as best as you can using the context below.If the answer is not explicitly stated, make the best possible inference. If the answer does not explicitly state, make a best possible deduction. If it is not stated, use the best available inference.Context: <Table> The Man in the",0.0,0.0,1.0,entailment,1,0.49828529357910156
1267,when was the lion the witch and the wardrobe first published,16 October 1950,True,"Answer the question using ONLY the context below. If the answer is not contained in the context, say 'I don't know'. The following is the context of the question. The following context is the one that is used to answer the question: The Lion, the Witch and the WardrobeContext: The Wizard",0.0,0.0,1.0,contradiction,0,0.33892059326171875,"Answer the question as best as you can using the context below. If the answer is explicitly stated, make the best possible inference. If it is not explicitly stated in the context, make a best possible deduction. If you are not explicitly stating, make your best possible conclusion.Context: <Tr> <Tr",0.0,0.0,1.0,entailment,1,0.5430172681808472
1269,this refers to an old ritual of formalizing an engagement to marry,Betrothal (also called espousal),True,"Answer the question using ONLY the context below. If the answer is not contained in the context, say 'I don't know'. The answer is NOT contained in any context. The answer may be omitted if the answer does not contain in the Context below. The Answer: ""I don’t know""",0.0,0.0,0.0,contradiction,0,0.11744935810565948,"Answer the question as best as you can using the context below. If the answer is explicitly stated, make the best possible inference. If not explicitly stated then make the worst possible inference using the following context: Context: Context : Context:Context: Context (Context: context)Context:Context (Context)Context",0.0,0.0,0.0,neutral,0,0.38847196102142334
1271,how many years is the term for a member of the house of representatives,two-year terms,True,"Answer the question using ONLY the context below. If the answer is not contained in the context, say 'I don't know'.Answer the Question using ONLY The Context below.Answer the Answer using ONLYThe Context:Context:Contexts:Context :Context: Context: Contexts: ContextContext:context:",0.0,0.0,0.0,neutral,0,0.034127332270145416,"Answer the question as best as you can using the context below.If the answer is not explicitly stated, make the best possible inference. If the answer does not explicitly state, make a best possible conclusion. If it is not stated, then make the worst possible inference and make the most possible inference using the best",0.0,0.0,0.0,neutral,0,0.06251391023397446
1273,where did piss up a rope come from,a song by the band Ween in 1996 from the album 12 Golden Country Greats,True,"Answer the question using ONLY the context below. If the answer is not contained in the context, say 'I don't know'.Answer the Question using ONLY The context below and say 'What is the context?'.Answer The Question using Only the Context below. <Tr> <Th colspan=""2"">",0.0,0.10169491525423728,0.0,contradiction,0,0.1367420256137848,"Answer the question as best as you can using the context below. If the answer is explicitly stated, make the best possible inference. If it is not explicitly stated then make the worst possible inference, make a best possible deduction. Example: Example:Example: Example 2. Example 3. Example 4. Example 2",0.0,0.09230769230769231,0.0,contradiction,0,0.12672539055347443
1277,what is the moon festival called in chinese,Mid-Autumn Festival,True,"Answer the question using ONLY the context below. If the answer is not contained in the context, say 'I don't know'.Answer the Question using ONLY The Context below.Answer the Answer using ONLY THE Context below: <Tr> <Th> Context: <Td colspan=""2""> Chinese New",0.0,0.0,1.0,entailment,1,0.6000393033027649,"Answer the question as best as you can using the context below.If the answer is not explicitly stated, make the best possible inference.Example:Example: Example: Example of the Chinese New YearContext: Example Example:Example of the China New Year Context: Example <Table> <Tr> <Th col",0.0,0.0,1.0,neutral,0,0.12804070115089417
1283,spain and portugal divide the world between them in,The Treaty of Tordesillas,True,"Answer the question using ONLY the context below. If the answer is not contained in the context, say 'I don't know'. The answer is NOT contained in any context. The answer IS NOT contained IN THE context below, but the answer IS contained in ONLY the following context: <Tr> <Tr><",0.0,0.037037037037037035,0.0,contradiction,0,0.10449225455522537,"Answer the question as best as you can using the context below.If the answer is not explicitly stated, make the best possible inference. If the answer does not explicitly state, make a best possible deduction.Context:Context: Context:Context :Context:context:Context.Context. Context:context.Context",0.0,0.04761904761904762,0.0,entailment,1,0.6061519384384155
1287,who plays the clown in american horror story season 4,John Carroll Lynch,True,"Answer the question using ONLY the context below. If the answer is not contained in the context, say 'I don't know'.Answer the answer using ONLY The context below: <Table> <Tr> <Table: <Tr><Tr> { Name: 'Rip Van Winkle' } </Table",0.0,0.0,0.0,entailment,1,0.37261366844177246,"Answer the question as best as you can using the context below.If the answer is not explicitly stated, make the best possible inference. If the answer does not explicitly state, make a best possible assumption. If it does not state, then make the worst possible inference and make the most possible inference using the following",0.0,0.0,0.0,neutral,0,0.16572831571102142
1288,when was dragon ball z first aired in the us,"September 13, 1996",True,"Answer the question using ONLY the context below. If the answer is not contained in the context, say 'I don't know'.Answer the answer using ONLY what the context is. If it is not included in the answer, say'I don'n't know. 'If the answer was not contained,",0.0,0.0,0.0,entailment,1,0.7527215480804443,"Answer the question as best as you can using the context below.If the answer is not explicitly stated, make the best possible inference.If it is explicitly stated that the answer was not explicitly specified, make a best possible statement.If not explicitly stating, make that best possible conclusion.Context:Context: Context",0.0,0.0,0.0,neutral,0,0.4064282476902008
1289,who played the kangaroo in horton hears a who,Carol Burnett,True,"Answer the question using ONLY the context below. If the answer is not contained in the context, say 'I don't know'.Answer the answer using ONLY The context below and say 'You don't want to know'. <Tr> <Th> <Td colspan=""2""> Theatrical release",0.0,0.0,0.0,contradiction,0,0.11619090288877487,"Answer the question as best as you can using the context below.If the answer is not explicitly stated, make the best possible inference.Example:Example:Context:Context :Context: Context:Context::Context:ExampleContext: <Tr> <Th colspan=""2""> Horton Hears a Who!",0.0,0.0,0.0,neutral,0,0.20364028215408325
1290,who sang the theme song to quantum of solace,Jack White,True,"Answer the question using ONLY the context below. If the answer is not contained in the context, say 'I don't know'.Answer the answer using ONLY The context below, say'I don' know'. <Tr> <Tr><Td colspan=""2""> <Tr>[Th colspan"">",0.0,0.0,0.0,entailment,1,0.5968359708786011,"Answer the question as best as you can using the context below.If the answer is not explicitly stated, make the best possible inference.Answer the answer as best and as best possible inferred.Context:Context: Context: ContextContext:context:Context :Context: contextContext:textContext:Text:Context",0.0,0.0,0.0,entailment,1,0.6407150626182556
1292,where is cape verde located on the african map,570 kilometres (350 mi) west of the Cape Verde Peninsula in West Africa,True,"Answer the question using ONLY the context below. If the answer is not contained in the context, say 'I don't know'.Answer the answer using ONLY what the context is.Context:Context: Context: Context : Context:Context : Context :Context: context: Context <Tr> <Tr > <",0.0,0.0784313725490196,0.0,entailment,1,0.7248330116271973,"Answer the question as best as you can using the context below.If the answer is not explicitly stated, make the best possible inference. If the answer does not explicitly state, make a best possible statement.Context:Context: Context:Context :Context:context:ContextContext:textContext:TextContext:",0.0,0.04,0.0,entailment,1,0.6008784174919128
1293,who was the song hey jude written for,"John Lennon's son, Julian",True,"Answer the question using ONLY the context below. If the answer is not contained in the context, say 'I don't know'.Answer the Question using ONLY The Context below.Answer the Answer using ONLY THE Context below: <Tr> <Tr><Tr> </Th> <Td colspan=""2",0.0,0.0,0.0,entailment,1,0.6569988131523132,"Answer the question as best as you can using the context below. If the answer is explicitly stated, make the best possible inference. If it is not explicitly stated then make the worst possible inference, make a best possible statement.Context:Context: Context: ContextContext:contextContext:textContext:TextContext",0.0,0.0,0.0,contradiction,0,0.18375952541828156
1297,who said this quote ask not what your country can do for you,John F. Kennedy,True,"Answer the question using ONLY the context below. If the answer is not contained in the context, say 'I don't know'.Answer the answer using ONLY The context below: <Table> <Table: <Context: <P> The song is a song composed by Irving Berlin for the 1946 Broadway musical,",0.0,0.0,0.0,entailment,1,0.6775830984115601,"Answer the question as best as you can using the context below. If the answer is not explicitly stated, make the best possible inference. If you can't make the most possible inference, make it the best way you can. Example: Example:Example: Example 2: Example 3: Example 4: Example 5",0.0,0.0,0.0,entailment,1,0.587899386882782
1303,where did helium come from the early universe,Primordial nucleosynthesis,True,"Answer the question using ONLY the context below. If the answer is not contained in the context, say 'I don't know'.Answer the Question using ONLY The context below: <Table> <Table:Context:Context :Context: Context:Contexts:ContextContext:Background:Context-Context:Example",0.0,0.0,0.0,neutral,0,0.18278411030769348,"Answer the question as best as you can using the context below.If the answer is not explicitly stated, make the best possible inference. If the answer does not explicitly state, make a best possible conclusion. If it does not clearly state, then make the worst possible inference possible.Context:Context: Context:",0.0,0.0,0.0,neutral,0,0.3736099302768707
1305,what is meant by cyst in the ovary,a fluid-filled sac within the ovary,True,"Answer the question using ONLY the context below. If the answer is not contained in the context, say 'I don't know'.Answer the Question using ONLY The context below and say 'You don't want to know'.Context:Context: Context:Context :Context:context:Context.Context:<Table",0.0,0.046511627906976744,0.0,contradiction,0,0.10443228483200073,"Answer the question as best as you can using the context below. If the answer is explicitly stated, make the best possible inference. If it is not explicitly stated in the context, make a best possible deduction. If you are not explicitly stating, make your best possible inferences.Context: <Tr> <",0.0,0.07272727272727272,0.0,entailment,1,0.5190770030021667
1307,who plays the little girl in field of dreams,Gabrielle Mary Hoffmann,True,"Answer the question using ONLY the context below. If the answer is not contained in the context, say 'I don't know'.Answer the answer using ONLY THE context below: <Tr> <Th colspan=""2""> <Td colspan=2""> from the album Sweet Dreams ( Are Made of",0.0,0.0,0.0,entailment,1,0.9158077836036682,"Answer the question as best as you can using the context below. If the answer is explicitly stated, make the best possible inference. If it is not explicitly stated then make the worst possible inference, make a best possible deduction. Example: Example:Example: Example 2. Example 3. Example 4. Example 2",0.0,0.0,0.0,neutral,0,0.3587881624698639
1311,who produced as long as you love me,"Rodney ""Darkchild"" Jerkins",True,"Answer the question using ONLY the context below. If the answer is not contained in the context, say 'I don't know'.Answer the answer using ONLY The context below and say 'You don't want to know'. Answer the question with ONLY the Context below. Answer the answer by ONLY the contextual below.",0.0,0.0,0.0,neutral,0,0.2567085325717926,"Answer the question as best as you can using the context below.Answer the answer as best possible inference.If the answer is not explicitly stated, make the best possible statement.Answer The Question as best and as best (if the answer was explicitly stated) using the following context:Context:Context :Context:",0.0,0.0,0.0,entailment,1,0.5812056660652161
1314,what does the speed of a lens mean,"maximum aperture diameter, or minimum f-number, of a photographic lens. A lens with a larger maximum aperture (that is, a smaller minimum f-number)",True,"Answer the question using ONLY the context below. If the answer is not contained in the context, say 'I don't know'. The answer is the answer that is contained in that context. The answer that the answer to the question is not included in the Context below is the following: Context: Context : Context",0.0,0.052631578947368425,0.0,contradiction,0,0.16299304366111755,"Answer the question as best as you can using the context below.If the answer is not explicitly stated, make the best possible inference. If the answer does not explicitly state, make a best possible deduction.Context:Context:Objective:Context :Context: Context:Contexts:Contextual:ContextContext",0.0,0.06666666666666667,0.0,entailment,1,0.585045576095581
1317,when is season 3 of star vs the forces of evil come out,"July 15, 2017",True,"Answer the question using ONLY the context below. If the answer is not contained in the context, say 'I don't know'.Answer the answer using ONLY what the context is.Answer the Question using ONLY ( ONLY the Context below).Answer the Answer using ONLY that context below: <Table> <Tr>",0.0,0.0,0.0,entailment,1,0.7209476828575134,"Answer the question as best as you can using the context below.If the answer is not explicitly stated, make the best possible inference. If the answer does not explicitly state, make a best possible statement. If it does not clearly stated, then make the worst possible inference and make the most possible inference using the",0.0,0.0,0.0,entailment,1,0.5989065170288086
1318,most points ever averaged in a nba season,"1,389",True,"Answer the question using ONLY the context below. If the answer is not contained in the context, say 'I don't know'. If the question is not answered, say'I don't know'.Answer the Question using ONLY The Context below.Context: Wilt Chamberlain, Kevin Durant, Kevin Garnett",0.0,0.0,0.0,contradiction,0,0.013253758661448956,"Answer the question as best as you can using the context below. If the answer is explicitly stated, make the best possible inference. If it is not explicitly stated, make the worst possible inference and make the most possible inference using the following context:Context: Wilt Chamberlain, Kevin Durant, Kevin Garnett,",0.0,0.0,0.0,contradiction,0,0.014850775711238384
1319,where was the titanic going when it sunk,New York City,True,"Answer the question using ONLY the context below. If the answer is not contained in the context, say 'I don't know'. The answer is the following: </P> <P>Context: The Atlantic Ocean, the Atlantic Ocean, the Atlantic, the Caribbean, the Gulf Stream, and the Gulf of",0.0,0.0,0.0,neutral,0,0.066349558532238,"Answer the question as best as you can using the context below.If the answer is not explicitly stated, make the best possible inference. If the answer does not explicitly state, make a best possible assumption. If it is not stated, then make the worst possible inference and make the most possible inference using the following",0.0,0.0,0.0,neutral,0,0.4569290578365326
1320,who sings it all started with a beer,Frankie Ballard,True,"Answer the question using ONLY the context below. If the answer is not contained in the context, say 'I don't know'.Answer the Question using ONLY The Context below.Answer the Answer using ONLY THE Context below: <Tr> <Tr><Tr> </Tr> {Tr> <!--Th colspan",0.0,0.0,1.0,entailment,1,0.6679185628890991,"Answer the question as best as you can using the context below. If the answer is explicitly stated, make the best possible inference. If it is not explicitly stated in the context, make it the best way inference. Example: Example:Example: Example 2. Example 3. Example 4. Example 2: Example",0.0,0.0,1.0,contradiction,0,0.18250732123851776
1321,who was the first sri lankan politician who held the office of the prime minister for four times,Ranil Wickramasinghe,True,"Answer the question using ONLY the context below. If the answer is not contained in the context, say 'I don't know'. The answer is NOT contained in any context. The answer will be the answer to the question.Context: India's Prime Ministers, India's First Prime Ministers and Their Families, and",0.0,0.0,0.0,contradiction,0,0.03294578567147255,"Answer the question as best as you can using the context below.If the answer is not explicitly stated, make the best possible inference. If the answer does not explicitly state, make a best possible assumption. If it is explicitly stated that the answer was not explicitly specified, make that best possible conclusion. If not",0.0,0.0,0.0,neutral,0,0.47995299100875854
1323,how many games did the cowboys win last year,9,True,"Answer the question using ONLY the context below. If the answer is not contained in the context, say 'I don't know'. If the question is not answered using ONLY that context, then say 'you don't want to know'.Context:<P> <P> In Major League Baseball, the 300",0.0,0.0,1.0,neutral,0,0.1651412397623062,"Answer the question as best as you can using the context below.If the answer is not explicitly stated, make the best possible inference. If the answer does not explicitly state, make a best possible deduction.Context:<P> In Major League Baseball, the 300 win club is the group of pitchers who have",0.0,0.0,1.0,neutral,0,0.2667117118835449
1327,where is the aqueous humor located in a cow eye,ciliary epithelium,True,"Answer the question using ONLY the context below. If the answer is not contained in the context, say 'I don't know'. The answer is NOT contained in any context. The answer will be answered using ONLY what the context is. The Answer: <Tr> <Th colspan=""2""> The anatomy",0.0,0.0,0.0,contradiction,0,0.2713998854160309,"Answer the question as best as you can using the context below. If the answer is explicitly stated, make the best possible inference. If it is not explicitly stated in the context, make a best possible deduction.Context:Context: Context: Context : Context:Context : Context :Context: Text: Context <",0.0,0.0,0.0,neutral,0,0.4297996461391449
1335,which branch of government commands the army and navy,executive branch,True,"Answer the question using ONLY the context below. If the answer is not contained in the context, say 'I don't know'.Answer the Question using ONLY The Context below.Answer the Answer using ONLY THE Context below:Context:Context :Context: Context:ContextContext:context:Context (Context: context",0.0,0.0,1.0,entailment,1,0.6577578186988831,"Answer the question as best as you can using the context below.If the answer is not explicitly stated, make the best possible inference. If the answer does not explicitly state, make a best possible deduction. If it does not state the answer, make it explicitly stated.Context:Context: Context: ContextContext",0.0,0.0,1.0,entailment,1,0.534511387348175
1336,who played lincoln in steven spielberg's lincoln,Daniel Day-Lewis,True,"Answer the question using ONLY the context below. If the answer is not contained in the context, say 'I don't know'.Answer the answer using ONLY The context below and say 'You don't want to know'. <Tr> <Th> <Td colspan=""2""> Lincoln </Th>",0.0,0.0,0.0,contradiction,0,0.14689627289772034,"Answer the question as best as you can using the context below.If the answer is not explicitly stated, make the best possible inference.Example:Example: Example: Example of the following: Example Example:Example of the above: ExampleExample: <Table> <Tr> <Th colspan=""2"">",0.0,0.0,0.0,neutral,0,0.20398491621017456
1344,who plays daniel in descendants of the sun,Cho Tae-gwan,True,"Answer the question using ONLY the context below. If the answer is not contained in the context, say 'I don't know'. The answer is NOT contained in any context. The answer will be used in the following context:Context:Contexts:Context :Context: Context:ContextContext:context:Context",0.0,0.0,0.0,contradiction,0,0.19539736211299896,"Answer the question as best as you can using the context below.If the answer is not explicitly stated, make the best possible inference. If the answer does not explicitly state, make a best possible deduction.Context:Context:History:History :History:Context :Context: Context:ContextualContext: History",0.0,0.0,0.0,entailment,1,0.6968519687652588
1353,who plays leonard snart in legends of tomorrow,Wentworth Earl Miller III,True,"Answer the question using ONLY the context below. If the answer is not contained in the context, say 'I don't know'. The answer is NOT contained in any context. The answer will be the answer to the question. The Answer is NOT the answer that is contained in either the context or the context.",0.0,0.0,0.0,contradiction,0,0.032585810869932175,"Answer the question as best as you can using the context below.If the answer is not explicitly stated, make the best possible inference. If the answer does not explicitly state, make a best possible assumption.Context:Context:The Story of Tracy Beaker, Tracy Beakers Returns, Tracy Beaking Returns,",0.0,0.0,0.0,entailment,1,0.44093793630599976
1366,what was the composition of the estate general of france,clergy,True,"Answer the question using ONLY the context below. If the answer is not contained in the context, say 'I don't know'. The answer is NOT contained in any context. The answer will be used in the following context:Context:Contexts:Context :Context:Background:Context-Context: Context:",0.0,0.0,0.0,contradiction,0,0.009676984511315823,"Answer the question as best as you can using the context below.If the answer is not explicitly stated, make the best possible inference. If the answer does not explicitly state, make a best possible deduction.Context:Context:Background:Contexts:Context :Context: Context:ContextContext:context:Context",0.0,0.0,0.0,contradiction,0,0.08327431231737137
1372,who won season one of rupaul's drag race,BeBe Zahara Benet,True,"Answer the question using ONLY the context below. If the answer is not contained in the context, say 'I don't know'.Answer the answer using ONLY The context below and say 'You don't want to know'.Context:Context: Context:Context :Context:context:Context>Context:Event:",0.0,0.0,1.0,contradiction,0,0.25306493043899536,"Answer the question as best as you can using the context below.Context:Context:If the answer is explicitly stated, make the best possible inference.Context :Context: Context:Context : Context: Context :Context :context:Context.Context. Context:context: Context.Contextual:ContextualContext",0.0,0.0,1.0,neutral,0,0.40381523966789246
1373,who plays 15 cent in the proud family movie,Omarion,True,"Answer the question using ONLY the context below. If the answer is not contained in the context, say 'I don't know'.Answer the answer using ONLY The context below and say 'You don't want to know'. <Tr> <Th colspan=""2""> The Proud Family Movie </Th> </",0.0,0.0,1.0,contradiction,0,0.10415695607662201,"Answer the question as best as you can using the context below. If the answer is explicitly stated, make the best possible inference. If it is not explicitly stated in the context, make it the best way inference. Example: Example:Example: Example 2. Example 3. Example 4. Example 2: Example",0.0,0.0,1.0,contradiction,0,0.1633710414171219
1375,who won the gold metal for men's ice hockey in 2014,Canada,True,"Answer the question using ONLY the context below. If the answer is not contained in the context, say 'I don't know'.Answer the Question using ONLY The Context below.Answer the Answer using ONLYThe Context:Context:Contexts:Context :Context:The Contexts:The History of the Stanley Cup",0.0,0.0,1.0,contradiction,0,0.15972402691841125,"Answer the question as best as you can using the context below.If the answer is not explicitly stated, make the best possible inference. If the answer does not explicitly state, make a best possible deduction. If it is explicitly stated. If not explicitly stating, make that best possible inferences.Context:Context",0.0,0.0,1.0,contradiction,0,0.3277730941772461
1376,what is the name of the pig in charlotte's web,Wilbur,True,"Answer the question using ONLY the context below. If the answer is not contained in the context, say 'I don't know'. The answer is the answer to the question that is not in the Context below. The answer to this question is the following:Context:Context :Context: Context:Context::Context",0.0,0.0,0.0,neutral,0,0.061226848512887955,"Answer the question as best as you can using the context below. If the answer is explicitly stated, make the best possible inference. If it is not explicitly stated in the context, make a best possible deduction.Context: http://www.example.com/index.html/index.htmlContext: https",0.0,0.0,0.0,neutral,0,0.17991091310977936
1381,who sang i want to change the world,Alvin Lee,True,"Answer the question using ONLY the context below. If the answer is not contained in the context, say 'I don't know'.Answer the Question using ONLY The Context below.Answer the Answer using ONLYThe Context:Context:Context :Context: Context: Context :Context : Context:context:Contexts:",0.0,0.0,1.0,entailment,1,0.644609808921814,"Answer the question as best as you can using the context below. If the answer is explicitly stated, make the best possible inference. If it is not explicitly stated then make the worst possible inference, make a best possible deduction. If you are not explicitly stating, make that best possible conclusion. If not explicitly specified",0.0,0.0,1.0,neutral,0,0.40548333525657654
1382,who has won the race to liquefy helium,Heike Kamerlingh Onnes,True,"Answer the question using ONLY the context below. If the answer is not contained in the context, say 'I don't know'. If the question is not answered, say it is not in the Context below.Answer the Question using ONLY The Context below:Context:The Context:The context:The answer is",0.0,0.0,0.0,contradiction,0,0.015467503108084202,"Answer the question as best as you can using the context below. If the answer is explicitly stated, make the best possible inference. If it is not explicitly stated in the context, make a best possible deduction. If you are not explicitly stating, make sure the answer does not explicitly state the answer.Context:",0.0,0.0,0.0,contradiction,0,0.04752092808485031
1383,who voices captain dog in puppy dog pals,Patrick Warburton,True,"Answer the question using ONLY the context below. If the answer is not contained in the context, say 'I don't know'.Answer the answer using ONLY The context below and say 'You don't want to know'. <Tr> <Tr><Tr> </Tr> <!--Th> <Th colspan",0.0,0.0,0.0,contradiction,0,0.11352864652872086,"Answer the question as best as you can using the context below. If the answer is explicitly stated, make the best possible inference. If it is not explicitly stated in the context, make it the best way inference. <Tr> <Th colspan=""2""> Dog </Th> <Td> Dog",0.0,0.0,0.0,contradiction,0,0.1907244175672531
1387,who is known as the father of the internet,Vinton Gray Cerf,True,"Answer the question using ONLY the context below. If the answer is not contained in the context, say 'I don't know'. The answer is NOT contained in any context. The answer will be used in the following context:Context:Contexts:Context :Context: Context:ContextContext:context:Context",0.0,0.0,0.0,contradiction,0,0.11702923476696014,"Answer the question as best as you can using the context below.If the answer is not explicitly stated, make the best possible inference. If the answer does not explicitly state, make a best possible assumption.Context:Context:The Holy Spirit of Christmas is a legendary figure of Western Christian culture. The Holy Spirit",0.0,0.0,0.0,neutral,0,0.46961283683776855
1388,when was the first speed camera introduced in the uk,1991,True,"Answer the question using ONLY the context below. If the answer is not contained in the context, say 'I don't know'. The answer is NOT contained in any context. The answer will be used in the following context:Context:Contexts:Context :Context:Location:ContextContext: Context:Context",0.0,0.0,0.0,contradiction,0,0.05301062390208244,"Answer the question as best as you can using the context below.If the answer is not explicitly stated, make the best possible inference. If the answer does not explicitly state, make a best possible conclusion.Context:Context:Location:Location :Location: Location:Location/Location:Description:LocationLocation:",0.0,0.0,0.0,entailment,1,0.6477457880973816
1389,when is the new year day celebrated according to the indian national calendar,March 22/21,True,"Answer the question using ONLY the context below. If the answer is not contained in the context, say 'I don't know'. The answer is also contained in a context below, say'I don't know'. </P> <P> The Saka Calendar is the official civil calendar in use in",0.0,0.0,0.0,neutral,0,0.12046563625335693,"Answer the question as best as you can using the context below.If the answer is not explicitly stated, make the best possible inference. If the answer does not explicitly state, make a best possible conclusion.Context:Context:Saka Calendar, Saka Calendar, Saka calendar, Sutra Calendar, and",0.0,0.0,0.0,entailment,1,0.5187467336654663
1397,willy wonka and the chocolate factory 1971 cast charlie,Peter Ostrum,True,"Answer the question using ONLY the context below. If the answer is not contained in the context, say 'I don't know'.Answer the answer using ONLY The context below and say 'You don't want to know'. <Tr> <Tr><Tr> </Th> <Td colspan=""2",0.0,0.0,1.0,contradiction,0,0.12025702744722366,"Answer the question as best as you can using the context below. If the answer is explicitly stated, make the best possible inference. If it is not explicitly stated in the context, make it the best way inference. Example: Example:Example: Example 2. Example 3. Example 4. Example 2: Example",0.0,0.0,1.0,contradiction,0,0.19297704100608826
1398,who sings the most wonderful time of the year,Andy Williams,True,"Answer the question using ONLY the context below. If the answer is not contained in the context, say 'I don't know'. The answer is NOT contained in any context. The answer will be the same as the answer in the previous question. The MBTI is constructed by Katharine Cook Briggs Myers and her",0.0,0.0,1.0,contradiction,0,0.04902829974889755,"Answer the question as best as you can using the context below.If the answer is not explicitly stated, make the best possible inference. If the answer does not explicitly state, make a best possible deduction. If it is explicitly stated. If not explicitly stating, make that best possible inferences.Context: <",0.0,0.0,1.0,entailment,1,0.49377191066741943
1407,in the kansas city style of jazz arrangements were based on,memory,True,"Answer the question using ONLY the context below. If the answer is not contained in the context, say 'I don't know'.Answer the Question using ONLY The Context below.Answer the Answer using ONLY THE Context below:Context:Contexts:Context :Context: Context:ContextContext:BackgroundContext:context",0.0,0.0,0.0,entailment,1,0.4509292542934418,"Answer the question as best as you can using the context below.If the answer is not explicitly stated, make the best possible inference. If the answer does not explicitly state, make a best possible deduction.Context:Context: Context:Context :Context:context:Context.Context. Context:context.Context",0.0,0.0,0.0,entailment,1,0.5433131456375122
1409,when did they start putting vin numbers on cars,1954,True,"Answer the question using ONLY the context below. If the answer is not contained in the context, say 'I don't know'.Answer the Question using ONLY The Context below.Context:Context:Question:Question :Question:Context :Question :Context:Answer:QuestionQuestion:Answer :QuestionQuestion :What",0.0,0.0,0.0,contradiction,0,0.26766449213027954,"Answer the question as best as you can using the context below.If the answer is not explicitly stated, make the best possible inference. If the answer does not explicitly state, make a best possible deduction.Context:Context:<P> In the Hebrew Bible, manna is described twice : once in Exodus",0.0,0.0,0.0,contradiction,0,0.29842907190322876
1410,where did the concept of informed consent first appear officially,a medical malpractice United States court case in 1957,True,"Answer the question using ONLY the context below. If the answer is not contained in the context, say 'I don't know'. The answer is the answer that is not in the Context below. The answer that IS contained in this context is the response that is NOT contained in that context. The Answer is the",0.0,0.03125,0.0,contradiction,0,0.1328592151403427,"Answer the question as best as you can using the context below. If the answer is explicitly stated, make the best possible inference. If it is not explicitly stated, make the worst possible inference using the following context:Context:Context :Context:Informed Consent:Informant:Informing Consent:Context",0.0,0.0,0.0,neutral,0,0.3350425958633423
1413,who played roxy in the story of tracy beaker,Sophie Borja,True,"Answer the question using ONLY the context below. If the answer is not contained in the context, say 'I don't know'. The answer is NOT contained in any context. The answer will be used in the following context:Context:Contexts:Context :Context:The answer will not be used.Context",0.0,0.0,0.0,contradiction,0,0.057329803705215454,"Answer the question as best as you can using the context below.If the answer is not explicitly stated, make the best possible inference. If the answer does not explicitly state, make a best possible statement. If it is explicitly stated in the context, make it the best way possible inference.Context:Context:",0.0,0.0,0.0,entailment,1,0.4826054275035858
1414,when does the regular season start for the nfl 2018,"September 6, 2018",True,"Answer the question using ONLY the context below. If the answer is not contained in the context, say 'I don't know'.Answer the answer using ONLY what the context is.Answer the Question using ONLY ( ONLY the Context below).Answer the Answer using ONLY that context.Answer: ""I don’",0.0,0.0,1.0,entailment,1,0.6175474524497986,"Answer the question as best as you can using the context below.If the answer is not explicitly stated, make the best possible inference. If the answer does not explicitly state, make a best possible deduction. If it is explicitly stated that the answer was not explicitly specified, make that best possible conclusion. If not",0.0,0.0,1.0,neutral,0,0.4844844937324524
1417,what is the source of the yangtze river,Qinghai,True,"Answer the question using ONLY the context below. If the answer is not contained in the context, say 'I don't know'. The answer is NOT contained in any context. The answer will be the answer that is not included in the Context below. The Answer is NOT the answer to the question. The Context",0.0,0.0,1.0,contradiction,0,0.14490008354187012,"Answer the question as best as you can using the context below.If the answer is not explicitly stated, make the best possible inference. If the answer does not explicitly state, make a best possible conclusion. If it is not stated, then make the worst possible inference and make the most possible inference using the following",0.0,0.0,1.0,entailment,1,0.5084807276725769
1418,when does season 2 of spirit riding free come out,"September 8, 2017",True,"Answer the question using ONLY the context below. If the answer is not contained in the context, say 'I don't know'. Answer the question with ONLY the Context below. Answer the answer using ONLY The context below: <Tr> <Th colspan=""2""> <Th> Spirit Riding Free </Th",0.0,0.0,0.0,entailment,1,0.6549420356750488,"Answer the question as best as you can using the context below. If the answer is explicitly stated, make the best possible inference. If it is not explicitly stated in the context, make it the best way inference. Example: Example:Example: Example 2. Example 3. Example 4. Example 2: Example",0.0,0.0,0.0,contradiction,0,0.22876527905464172
1419,who does flag go to at a military funeral,the next of kin,True,"Answer the question using ONLY the context below. If the answer is not contained in the context, say 'I don't know'. If the question is not answered, say'I don't know'. </P> <P> The following is the context of the question.Context: Military Funeral (",0.0,0.08695652173913042,0.0,neutral,0,0.19148172438144684,"Answer the question as best as you can using the context below. If the answer is explicitly stated, make the best possible inference. If it is not explicitly stated in the context, make a best possible statement. If you are not explicitly stating, make your best possible conclusion. If not explicitly specified, make that",0.0,0.034482758620689655,0.0,neutral,0,0.3483262062072754
1422,whose voice is the robot on the orville,Rachael MacFarlane,True,"Answer the question using ONLY the context below. If the answer is not contained in the context, say 'I don't know'. The answer is NOT contained in any context. The answer will be the same as the context. </P> <P> The OrvilleContext: The OrvillageContext:",0.0,0.0,0.0,contradiction,0,0.08060973882675171,"Answer the question as best as you can using the context below.If the answer is not explicitly stated, make the best possible inference. If the answer does not explicitly state, make a best possible statement. If it does not clearly state, then make the worst possible inference possible.Context:Context:<Tr",0.0,0.0,0.0,entailment,1,0.6140496134757996
1424,every morning in africa a gazelle wakes up author,Abe Gubegna,True,"Answer the question using ONLY the context below. If the answer is not contained in the context, say 'I don't know'.Answer the Question using ONLY The Context below. Answer the Question Using ONLY the Context below: <Table> <Table: <P> <P><P> `` Rip Van W",0.0,0.0,0.0,entailment,1,0.8829449415206909,"Answer the question as best as you can using the context below.If the answer is not explicitly stated, make the best possible inference. If the answer does not explicitly state, make a best possible deduction. If it does not state, then make the worst possible inference and make the most possible inference using the following",0.0,0.0,0.0,entailment,1,0.5526368618011475
1428,who did sweet pea belong to on popeye,Popeye,True,"Answer the question using ONLY the context below. If the answer is not contained in the context, say 'I don't know'.Answer the Question using ONLY The Context below.Answer the Answer using ONLY THE Context below: <Table> <Tr> <Th colspan=""2""> <Td> <",0.0,0.0,0.0,entailment,1,0.6742971539497375,"Answer the question as best as you can using the context below. If the answer is explicitly stated, make the best possible inference. If it is not explicitly stated in the context, make it the best available inference. Example: Example:Example: Example 2. Example 3. Example 4. Example 2: Example",0.0,0.0,0.0,entailment,1,0.5161452293395996
1429,average salary of a person in the united states,"$31,099",True,"Answer the question using ONLY the context below. If the answer is not contained in the context, say 'I don't know'. </P> <P> The following is a list of the most commonly used questions in the United States. </P><> <Context: The most commonly cited questions in this",0.0,0.0,0.0,neutral,0,0.07997515052556992,"Answer the question as best as you can using the context below. If the answer is explicitly stated, make the best possible inference. If it is not explicitly stated in the context, make a best possible deduction.Context:Context:In the United States, there is no federal law regulating the practice of tattooing",0.0,0.0,0.0,neutral,0,0.45019954442977905
1432,where did the saudi foreign minister go to school,University of North Texas,True,"Answer the question using ONLY the context below. If the answer is not contained in the context, say 'I don't know'.Answer the Question using ONLY The context below and say 'What is the context?'.Answer The Question using Only the Context below. <Tr> <Th colspan=""2"">",0.0,0.0,1.0,contradiction,0,0.1367420256137848,"Answer the question as best as you can using the context below. If the answer is explicitly stated, make the best possible inference. If it is not explicitly stated then make the worst possible inference, make a best possible deduction. Example: Example:Example: Example 2. Example 3. Example 4. Example 2",0.0,0.0,1.0,contradiction,0,0.12672539055347443
1433,who is bone thugs n harmony signed to,eOne Entertainment,True,"Answer the question using ONLY the context below. If the answer is not contained in the context, say 'I don't know'.Answer the answer using ONLY what the context is.Answer the context using ONLY that context below: <Tr> <Th colspan=""2""> </Th> </Tr> </",0.0,0.0,0.0,entailment,1,0.8800711631774902,"Answer the question as best as you can using the context below. If the answer is explicitly stated, make the best possible inference. If it is not explicitly stated in the context, make it the best way inference. <Tr> <Th> Context: <Tr><Tr> </Th> <Tr >",0.0,0.0,0.0,contradiction,0,0.13730044662952423
1436,winner of comedy circus ke ajoobe grand finale,Krishna Abhishek,True,"Answer the question using ONLY the context below. If the answer is not contained in the context, say 'I don't know'.Answer the Question using ONLY The Context below.Context:Context: Context:Context :Context:context:Contexts:ContextContext:ExampleContext:<Tr> <Th col",0.0,0.0,0.0,entailment,1,0.692108154296875,"Answer the question as best as you can using the context below. If the answer is explicitly stated, make the best possible inference. If it is not explicitly stated then make the worst possible inference by using the following context: <Tr> <Th colspan=""2""> Comedy Circus </Th> </Tr>",0.0,0.0,0.0,neutral,0,0.20971111953258514
1438,who wrote the song don t want to miss a thing,Diane Warren,True,"Answer the question using ONLY the context below. If the answer is not contained in the context, say 'I don't know'.Answer the answer using ONLY The context below: <Tr> <Th colspan=""2""> from the album ** The Album </Th> </Tr> </Th><Tr>",0.0,0.0,1.0,entailment,1,0.8733142614364624,"Answer the question as best as you can using the context below. If the answer is explicitly stated, make the best possible inference. If it is not explicitly stated in the context, make it the best way inference. Example: Example:Example: Example 2. Example 3. Example 4. Example 2: Example",0.0,0.0,1.0,contradiction,0,0.20494034886360168
1439,who won the most fa cups in england,Arsenal,True,"Answer the question using ONLY the context below. If the answer is not contained in the context, say 'I don't know'. The answer is NOT contained in any context. The answer will be the same as the answer in the previous question. The question will be answered using ONLY what the context is. The",0.0,0.0,1.0,contradiction,0,0.0339120551943779,"Answer the question as best as you can using the context below.If the answer is not explicitly stated, make the best possible inference. If the answer does not explicitly state, make a best possible statement.Context:Context:The answer is explicitly stated.Contexts:Contexts are not explicitly specified.Context",0.0,0.0,1.0,contradiction,0,0.046614859253168106
1440,how long does it take grape juice to ferment into wine,from 5 to 14 days for primary fermentation and potentially another 5 to 10 days for a secondary fermentation,True,"Answer the question using ONLY the context below. If the answer is not contained in the context, say 'I don't know'. The answer is NOT contained in any context. The answer will be answered using ONLY what is contained in that context.Context: Wine Refrigeration and Wine Ageing of Wine (",0.0,0.02941176470588235,1.0,entailment,1,0.4226815104484558,"Answer the question as best as you can using the context below.If the answer is not explicitly stated, make the best possible inference. If the answer does not explicitly state, make a best possible assumption.Context: Wine is a beverage that is made from a variety of different materials. The process of fermentation in",0.0,0.08333333333333333,1.0,neutral,0,0.4611821174621582
1443,when is the last time an 11 seed made it to the elite 8,2018,True,"Answer the question using ONLY the context below. If the answer is not contained in the context, say 'I don't know'.Answer the Question using ONLY The Context below.Context:Context:Question:QuestionAnswer:QuestionContext:Answer:Context :QuestionContext :Context:Example:Question Context:Context",0.0,0.0,0.0,contradiction,0,0.24795205891132355,"Answer the question as best as you can using the context below.If the answer is not explicitly stated, make the best possible inference. If the answer does not explicitly state, make a best possible deduction.Context:Context:In the Hebrew Bible, manna is described twice : once in Exodus 16 : 1",0.0,0.0,0.0,contradiction,0,0.3335314989089966
1445,where was avril lavigne's head above water video filmed,Iceland,True,"Answer the question using ONLY the context below. If the answer is not contained in the context, say 'I don't know'.Answer the answer using ONLY The context below and say 'You don't want to know'. <Tr> <Tr><Tr> {Th colspan=""2""> <Td",0.0,0.0,0.0,contradiction,0,0.12870223820209503,"Answer the question as best as you can using the context below. If the answer is explicitly stated, make the best possible inference. If it is not explicitly stated then make the worst possible inference, make a best possible deduction. Example: Example:Example: Example 2. Example 3. Example 4. Example 2",0.0,0.0,0.0,contradiction,0,0.3301156461238861
1448,who are the associate justices of the supreme court,Anthony Kennedy,True,"Answer the question using ONLY the context below. If the answer is not contained in the context, say 'I don't know'.Answer the answer using ONLY The context below and say 'You don't want to know'. Answer the question with ONLY the Context below. Answer the answer with ONLY The Context below and",0.0,0.0,1.0,entailment,1,0.44860637187957764,"Answer the question as best as you can using the context below.If the answer is not explicitly stated, make the best possible inference.Example:Example: Example: Example 2. Example 3. Example 4. Example 5. Example 6. Example 7. Example 8. Example 9. Example 10. Example 11",0.0,0.0,1.0,neutral,0,0.19239415228366852
1451,college that has produced the most nfl quarterbacks,Purdue,True,"Answer the question using ONLY the context below. If the answer is not contained in the context, say 'I don't know'. If the question is not answered using ONLY that context, then say 'You don't want to know'. The answer is NOT contained in any context below, but rather, say that",0.0,0.0,1.0,neutral,0,0.3388565480709076,"Answer the question as best as you can using the context below.If the answer is not explicitly stated, make the best possible inference. If the answer does not explicitly state, make a best possible conclusion. If it is not stated, use the best - possible inference to make the worst possible inference possible.Context",0.0,0.0,1.0,neutral,0,0.38670989871025085
1454,who's opening for justin timberlake in chicago,The Shadowboxers,True,"Answer the question using ONLY the context below. If the answer is not contained in the context, say 'I don't know'.Answer the Question using ONLY The Context below.Answer the Answer using ONLYThe Context:Context:Contexts:Context :Context:<Table> Man of the Woods Tour <Tr",0.0,0.047619047619047616,0.0,neutral,0,0.35439929366111755,"Answer the question as best as you can using the context below.If the answer is not explicitly stated, make the best possible inference. If the answer does not explicitly state, make a best possible statement. If it does not state, then make the worst possible inference and make the most possible inference using the following",0.0,0.03508771929824561,0.0,neutral,0,0.3464335501194
1456,who is representing mexico in little league world series,"Matamoros, Tamaulipas",True,"Answer the question using ONLY the context below. If the answer is not contained in the context, say 'I don't know'.Answer the answer using ONLY The context below: <Tr> <Tr><Td colspan=""2""> </Td> </Tr> </TD> <P>",0.0,0.0,0.0,entailment,1,0.8634609580039978,"Answer the question as best as you can using the context below.If the answer is not explicitly stated, make the best possible inference. If the answer does not explicitly state, make a best possible deduction. If it does not state, then make the worst possible inference and make the most possible inference possible.Context",0.0,0.0,0.0,entailment,1,0.5112062692642212
1457,the fa premier league is owned by 20 shareholders who are,the 20 member clubs,True,"Answer the question using ONLY the context below. If the answer is not contained in the context, say 'I don't know'.Answer the Question using ONLY The Context below.Answer the Answer using ONLY THE Context below: <Tr> <Th> Premier League </Th> <Td> Premier Premier League",0.0,0.04166666666666667,0.0,entailment,1,0.5439527034759521,"Answer the question as best as you can using the context below. If the answer is explicitly stated, make the best possible inference. If it is not explicitly stated in the context, make a best possible deduction. If you are not explicitly stating, make your best possible inferences. Example: Example:Example:",0.0,0.037037037037037035,0.0,entailment,1,0.4764389395713806
1458,who plays jack on secret life of the american teenager,Gregory P. Finley II,True,"Answer the question using ONLY the context below. If the answer is not contained in the context, say 'I don't know'.Answer the answer using ONLY The context below and say 'No. of episodes. 'I'm not sure of the answer. If I don't want to know, say'I",0.0,0.0,0.0,entailment,1,0.41897255182266235,"Answer the question as best as you can using the context below. If the answer is explicitly stated, make the best possible inference. If it is not explicitly stated then make the worst possible inference, make a best possible assumption. If you are not explicitly stating, make that best possible implication. If not explicitly specified",0.0,0.0,0.0,entailment,1,0.44824784994125366
1459,who has the most grammys of all time,Sir Georg Solti,True,"Answer the question using ONLY the context below. If the answer is not contained in the context, say 'I don't know'. The answer is NOT contained in any context. The answer will be used in the following context:Context:Contexts:Context :Context:Background:Context-Context: Context:",0.0,0.0,0.0,contradiction,0,0.10795974731445312,"Answer the question as best as you can using the context below.If the answer is not explicitly stated, make the best possible inference. If the answer does not explicitly state, make a best possible deduction.Context: The Republic of Ireland have appeared in the finals of the FIFA World Cup on three occasions. They",0.0,0.0,0.0,entailment,1,0.5930976867675781
1466,who wrote dr dre verse on forgot about dre,Eminem,True,"Answer the question using ONLY the context below. If the answer is not contained in the context, say 'I don't know'.Answer the Question using ONLY The context below: <Tr> <Th colspan=""2""> <Td colspan=2""> from the album 2001 </Th> </Tr",0.0,0.0,1.0,entailment,1,0.883409857749939,"Answer the question as best as you can using the context below. If the answer is explicitly stated, make the best possible inference. If it is not explicitly stated in the context, make it the best way inference. Example: Example:Example: Example 2. Example 3. Example 4. Example 2: Example",0.0,0.0,1.0,contradiction,0,0.18054917454719543
1470,who does the voice of elsa on frozen,primarily by Broadway actress and singer Idina Menzel,True,"Answer the question using ONLY the context below. If the answer is not contained in the context, say 'I don't know'. The answer is NOT contained in any context below, say'I don't know'. <Tr> <Th> Name </Th> <Tr><Th colspan=""2",0.0,0.0,0.0,neutral,0,0.3779085576534271,"Answer the question as best as you can using the context below. If the answer is explicitly stated, make the best possible inference. If it is not explicitly stated in the context, make it the best way possible inference. If the question is explicitly specified, make a best possible deduction. If not explicitly specified in",0.0,0.0,0.0,entailment,1,0.4042515754699707
1477,what does code red mean in the emergency room,fire has broken out somewhere in the hospital facility,True,"Answer the question using ONLY the context below. If the answer is not contained in the context, say 'I don't know'. The answer is NOT contained in any context. The answer may be omitted if the answer does not contain in the Context below. The Answer is NOT CONSTANTLY CONSTIT",0.0,0.06779661016949154,1.0,contradiction,0,0.3416927754878998,"Answer the question as best as you can using the context below.If the answer is not explicitly stated, make the best possible inference. If the answer does not explicitly state, make a best possible assumption.Context:Context:<P> Hospital emergency codes have often varied widely by location, even between hospitals in",0.0,0.10526315789473684,1.0,entailment,1,0.5049294829368591
1479,who played the frog in gnomeo and juliet,Ashley Jensen,True,"Answer the question using ONLY the context below. If the answer is not contained in the context, say 'I don't know'. The answer is NOT contained in any context. The answer will be 'I do not know'. </Td> <Tr> <Th colspan=""2""> Gnomeo",0.0,0.0,0.0,neutral,0,0.13666999340057373,"Answer the question as best as you can using the context below.If the answer is not explicitly stated, make the best possible inference. If the answer does not explicitly state, make a best possible statement. If it is explicitly stated. If not explicitly stating, make that best possible implication.Context:Context:",0.0,0.0,0.0,entailment,1,0.6116588115692139
1488,when is super girl season three coming out,"October 9, 2017",True,"Answer the question using ONLY the context below. If the answer is not contained in the context, say 'I don't know'.Answer the answer using ONLY what the context is.Answer the Question using ONLY ( ONLY the Context below).Answer the Answer using ONLY The Context below.Answer The Question using Only the",0.0,0.0,0.0,entailment,1,0.673552930355072,"Answer the question as best as you can using the context below. If the answer is explicitly stated, make the best possible inference. If it is not explicitly stated in the context, make it the best way possible inference, and then make the worst possible inference using the answer as best possible statement.Context:Context",0.0,0.0,0.0,entailment,1,0.5564703941345215
1489,who received the most electoral votes in the 2000 presidential election,George Walker Bush,True,"Answer the question using ONLY the context below. If the answer is not contained in the context, say 'I don't know'.Answer the answer using ONLY THE context below: <Tr> <Tr><Td colspan=""2""> <Tr>[Td> <Td} <Ttd",0.0,0.0,0.0,entailment,1,0.844751238822937,"Answer the question as best as you can using the context below.If the answer is not explicitly stated, make the best possible inference. If the answer does not explicitly state, make a best possible assumption. If it does not state the answer, make it explicitly stated. If you do not state, then make",0.0,0.0,0.0,neutral,0,0.40903589129447937
1491,where did the battle of chattanooga take place,October and November 1863,True,"Answer the question using ONLY the context below. If the answer is not contained in the context, say 'I don't know'. The answer is NOT contained in any context. The answer may be omitted if the context is not included in the question.Context:<P> <P> The battles of the",0.0,0.0,0.0,contradiction,0,0.1740589737892151,"Answer the question as best as you can using the context below.If the answer is not explicitly stated, make the best possible inference. If the answer does not explicitly state, make a best possible deduction.Context:Context:History:History :History:Context :Context: Context:Contextual:Contexts",0.0,0.0,0.0,entailment,1,0.6664433479309082
1492,when did the cross become a symbol of christianity,from the 4th century,True,"Answer the question using ONLY the context below. If the answer is not contained in the context, say 'I don't know'. The answer is NOT contained in any context. The answer may be omitted if the answer does not contain in the Context below. The Answer: The Question is Not Contained In The",0.0,0.03508771929824561,0.0,contradiction,0,0.2657603919506073,"Answer the question as best as you can using the context below.If the answer is not explicitly stated, make the best possible inference. If the answer does not explicitly state, make a best possible assumption.Context: <P> <P><P> The symbol is a symbol of the Jewish religion and /",0.0,0.0392156862745098,0.0,entailment,1,0.6517125964164734
1494,when did anime become popular in the west,The 1960s,True,"Answer the question using ONLY the context below. If the answer is not contained in the context, say 'I don't know'. The answer is NOT contained in any context. The answer will be answered using ONLY what the context is. The Answer is NOT CONSTANTLY CONSTITUTIONARYContext:",0.0,0.041666666666666664,0.0,entailment,1,0.4700798988342285,"Answer the question as best as you can using the context below.If the answer is not explicitly stated, make the best possible inference. If the answer does not explicitly state, make a best possible assumption. If it is not stated, then make the worst possible inference and make the most possible inference. </P",0.0,0.03636363636363636,0.0,neutral,0,0.19071179628372192
1496,where has the us manufacturing belt been traditionally located (specific cities),Chicago,True,"Answer the question using ONLY the context below. If the answer is not contained in the context, say 'I don't know'. The answer is NOT contained in any context. The answer will be the answer to the question. The Answer is NOT the answer that is contained in either the context or the context.",0.0,0.0,0.0,contradiction,0,0.09313436597585678,"Answer the question as best as you can using the context below.If the answer is not explicitly stated, make the best possible inference. If the answer does not explicitly state, make a best possible assumption.Context: The Rust Belt ( US ) and the Rust Belt of America ( US ; both / US ;",0.0,0.0,0.0,neutral,0,0.44012701511383057
1504,punjab and haryana high court chief justice name,Krishna Murari,True,"Answer the question using ONLY the context below. If the answer is not contained in the context, say 'I don't know'.Answer the answer using ONLY THE context below: <Dd> <Dl> <Td> `` Punjab High Court '' redirects here. For the high court in Pakistan",0.0,0.0,0.0,entailment,1,0.8453273773193359,"Answer the question as best as you can using the context below. If the answer is explicitly stated, make the best possible inference. If it is not explicitly stated or made the best available inference, make a best possible assumption. If you are not explicitly stating, make that best possible deduction. If your answer is",0.0,0.0,0.0,neutral,0,0.4336678981781006
1505,who is the highest ranking member of the senate,president pro tempore,True,"Answer the question using ONLY the context below. If the answer is not contained in the context, say 'I don't know'. If the question is not answered, say it is not in the Context below. The answer is NOT contained in any context. The question is NOT answered using ONLY THE context below,",0.0,0.0,1.0,contradiction,0,0.07272393256425858,"Answer the question as best as you can using the context below.If the answer is not explicitly stated, make the best possible inference. If the answer does not explicitly state, make a best possible assumption.Context:Context:The Gang of Eight is a colloquial term for a set of eight leaders within",0.0,0.0,1.0,entailment,1,0.5558589696884155
1507,who was the president when nafta was passed,Clinton,True,"Answer the question using ONLY the context below. If the answer is not contained in the context, say 'I don't know'. Answer the question with ONLY the Context below. Answer the Question using ONLY The Context below: <Table> <Table: <P> <P><Table> </Table><",0.0,0.0,0.0,entailment,1,0.4691046476364136,"Answer the question as best as you can using the context below. If the answer is explicitly stated, make the best possible inference. If it is not explicitly stated, make the worst possible inference and make the most possible inference using the following context: Context: Context : Context:Context: Context <P> <",0.0,0.0,0.0,neutral,0,0.42824387550354004
1513,when is a breast cancer patient considered a survivor,"""living with or beyond cancer""",True,"Answer the question using ONLY the context below. If the answer is not contained in the context, say 'I don't know'. The answer is NOT contained in any context. The answer will be used in the following context:Context:Contexts:Context :Context: Context:Context-Context:<P",0.0,0.0,0.0,neutral,0,0.07282108813524246,"Answer the question as best as you can using the context below. If the answer is explicitly stated, make the best possible inference. If it is not explicitly stated, make the worst possible inference and make the most possible inference using the following context:Context:Contexts:Context :Context:Factors:Context",0.0,0.0,0.0,neutral,0,0.226739302277565
1517,where did system of a down come from,"Glendale, California",True,"Answer the question using ONLY the context below. If the answer is not contained in the context, say 'I don't know'.Answer the Question using ONLY The context below: <Table> <Tr> <Table: <Tr><Context: Context: Context</Context> <P> The varying historical accounts",0.0,0.0,0.0,entailment,1,0.8151969313621521,"Answer the question as best as you can using the context below. If the answer is explicitly stated, make the best possible inference. If it is not explicitly stated or made the best available inference, make a best possible deduction. If you are not explicitly stating, make your best possible conclusion. Context: Context:",0.0,0.0,0.0,entailment,1,0.5232417583465576
1523,who played katherine chancellor's son on y&r,Beau Kazer,True,"Answer the question using ONLY the context below. If the answer is not contained in the context, say 'I don't know'. The answer is NOT contained in any context. The answer will be used in the following context:Context:Context :Context:The show is based on the book of the same name",0.0,0.0,0.0,contradiction,0,0.05177021026611328,"Answer the question as best as you can using the context below.If the answer is not explicitly stated, make the best possible inference. If the answer does not explicitly state, make a best possible assumption. If it is explicitly stated in the context, make it the best way you can.Context: Dr.",0.0,0.0,0.0,neutral,0,0.4329576790332794
1531,who is the original singer of sitting on the dock of the bay,Otis Redding,True,"Answer the question using ONLY the context below. If the answer is not contained in the context, say 'I don't know'.Answer the Question using ONLY The context below and say 'You don't want to know'.Context:Context: Context:Context :Context:context:Context>Context:Example:",0.0,0.0,1.0,contradiction,0,0.14476127922534943,"Answer the question as best as you can using the context below. If the answer is explicitly stated, make the best possible inference. If it is not explicitly stated then make the worst possible inference, make a best possible statement. Example: Example:Example: Example 2: Example 3: Example 4: Example 1",0.0,0.0,1.0,contradiction,0,0.13093069195747375
1540,where is bile made and what does it do,produced by the liver of most vertebrates,True,"Answer the question using ONLY the context below. If the answer is not contained in the context, say 'I don't know'. The answer is NOT contained in any context. The answer will be answered using ONLY what is contained in that context. </P> <Tr> <P> The following is a",0.0,0.03571428571428571,0.0,contradiction,0,0.1302008479833603,"Answer the question as best as you can using the context below. If the answer is explicitly stated, make the best possible inference. If you are not explicitly stated in the context, make a best possible deduction. If not explicitly specified, make your best possible conclusion. </P> <P>Context: Context",0.0,0.03571428571428571,0.0,entailment,1,0.5171688199043274
1542,who is dr altman on grey's anatomy,Kim Raver,True,"Answer the question using ONLY the context below. If the answer is not contained in the context, say 'I don't know'.Answer the Question using ONLY The Context below.Answer the Context below: <Tr> <Tr><Tr> <!--Th> <Th> Episode no. </Th> </Tr",0.0,0.0,0.0,entailment,1,0.9357542991638184,"Answer the question as best as you can using the context below.If the answer is not explicitly stated, make the best possible inference.Example:Example: Example: Example of the following: Example Example:Example of the above: ExampleExample:Context: Example. Example.Example. Example: <Tr>",0.0,0.0,0.0,neutral,0,0.21442857384681702
1543,when does the haunted mansion turn to nightmare before christmas,late summer,True,"Answer the question using ONLY the context below. If the answer is not contained in the context, say 'I don't know'. The answer is the answer to the question that is not in the Context below. The answer to this question is the following: Context: Context : Context:Context: Context (Context",0.0,0.0,0.0,contradiction,0,0.18338415026664734,"Answer the question as best as you can using the context below. If the answer is explicitly stated, make the best possible inference. If it is not explicitly stated, make the worst possible inference by using the following: Context: Context : Context:Context: Contexts: ContextContext:Contexts:Context :",0.0,0.0,0.0,contradiction,0,0.25367629528045654
1545,when was the united states founded as a country,1776,True,"Answer the question using ONLY the context below. If the answer is not contained in the context, say 'I don't know'. The answer is NOT contained in any context. The answer will be the same as the context.Context:Context:History:History :History:Contextual:Contexts:Context",0.0,0.0,0.0,contradiction,0,0.030392039567232132,"Answer the question as best as you can using the context below.If the answer is not explicitly stated, make the best possible inference. If the answer does not explicitly state, make a best possible assumption.Context:The United States of America is a large and diverse country with a large number of countries and territories",0.0,0.0,0.0,neutral,0,0.40203920006752014
1546,who plays it in stephen king's it,Bill Skarsgård,True,"Answer the question using ONLY the context below. If the answer is not contained in the context, say 'I don't know'. </P> <P> The context of the question is the context of a keystone species in an ecosystem. The context is the keystone in an arch. The context in",0.0,0.0,0.0,neutral,0,0.047080982476472855,"Answer the question as best as you can using the context below. If the answer is explicitly stated, make the best possible inference. If it is not explicitly stated in the context, make a best possible deduction. If not explicitly stating, make that best possible conclusion. </P> <P> Context: Context",0.0,0.0,0.0,entailment,1,0.5311036705970764
1548,when can we say that an object is at rest,When the position of a body with respect to its surroundings does not change with time,True,"Answer the question using ONLY the context below. If the answer is not contained in the context, say 'I don't know'. The answer is the answer to the question that is not in the Context below. The answer to this question is the following:Context:Contexts:Context :Context:Objects",0.0,0.09836065573770493,0.0,contradiction,0,0.12140917032957077,"Answer the question as best as you can using the context below. If the answer is explicitly stated, make the best possible inference. If it is not explicitly stated, make the worst possible inference and use the best available inference. Example: Example:Example: Example of Example:Context: ExampleExample:Example of",0.0,0.09523809523809525,0.0,neutral,0,0.22043821215629578
1554,what happens in the battle between beowulf and the dragon,the dragon wounds Beowulf fatally,True,"Answer the question using ONLY the context below. If the answer is not contained in the context, say 'I don't know'. The answer is NOT contained in any context. The answer will be used in the following context:Context:Contexts:Context :Context:Background:Contextual:ContextContext:",0.0,0.045454545454545456,1.0,contradiction,0,0.0308240856975317,"Answer the question as best as you can using the context below.If the answer is not explicitly stated, make the best possible inference. If the answer does not explicitly state, make a best possible conclusion. If it is not stated, then make the worst possible inference and make the most possible inference using the following",0.0,0.03333333333333333,1.0,neutral,0,0.3356943130493164
1556,who plays the old lady in jackass 2,Spike Jonze,True,"Answer the question using ONLY the context below. If the answer is not contained in the context, say 'I don't know'. If the question is not answered, say it is not in the Context below.Answer the Question using ONLY The Context below:Context:Contexts:Context :Context:Theories",0.0,0.0,0.0,neutral,0,0.161342054605484,"Answer the question as best as you can using the context below.If the answer is not explicitly stated, make the best possible inference. If the answer does not explicitly state, make a best possible assumption. If it is explicitly stated in the context, make it the best way possible inference.Context:Context:",0.0,0.0,0.0,neutral,0,0.31442126631736755
1562,where is the wheel and axle plant of indian railway situated,"Yelahanka, Bangalore in the Indian state of Karnataka",True,"Answer the question using ONLY the context below. If the answer is not contained in the context, say 'I don't know'. The answer is NOT contained in any context. The answer will be used in the following context:Context:Contexts:Context :Context:<P> Vivek Express is a",0.0,0.07843137254901962,0.0,contradiction,0,0.095960833132267,"Answer the question as best as you can using the context below.If the answer is not explicitly stated, make the best possible inference. If the answer does not explicitly state, make a best possible assumption.Context: Vivek Express (India ) (India) (India, India ) ( India ) ) (",0.0,0.08,0.0,entailment,1,0.5189159512519836
1563,present chairman of public accounts committee of lok sabha,Mapanna Mallikarjun Kharge,True,"Answer the question using ONLY the context below. If the answer is not contained in the context, say 'I don't know'. The answer is the answer that is not in the Context below. The answer that IS contained in this context is the following:Context:Context :Context: Context:Contexts:",0.0,0.0,0.0,contradiction,0,0.13025246560573578,"Answer the question as best as you can using the context below.If the answer is not explicitly stated, make the best possible inference. If the answer does not explicitly state, make a best possible assumption. If it is not stated, then make the worst possible inference and make the most possible inference using the following",0.0,0.0,0.0,neutral,0,0.20208045840263367
1565,when did india win the first t20 world cup,2007,True,"Answer the question using ONLY the context below. If the answer is not contained in the context, say 'I don't know'.Answer the Question using ONLY The Context below.Answer the Answer using ONLYThe Context:Context:Contexts:Context :Context: Contexts: Context: ContextContext:Background:",0.0,0.0,0.0,entailment,1,0.693918764591217,"Answer the question as best as you can using the context below.If the answer is not explicitly stated, make the best possible inference. If the answer does not explicitly state, make a best possible assumption. If it is explicitly stated, make the worst possible inference and make the most possible inference. </P>",0.0,0.0,0.0,neutral,0,0.3560510575771332
1566,who got the biggest contract in the nfl,"Johnson, Calvin",True,"Answer the question using ONLY the context below. If the answer is not contained in the context, say 'I don't know'.Answer the answer using ONLY what the context is.Answer the Question using ONLY that context below:Context:Contexts:Context :Context: Context:ContextContext:context:Context",0.0,0.0,0.0,entailment,1,0.6952286958694458,"Answer the question as best as you can using the context below.If the answer is not explicitly stated, make the best possible inference. If the answer does not explicitly state, make a best possible statement. If it is explicitly stated in the context, make it the best way you can.Context:Context:",0.0,0.0,0.0,entailment,1,0.6489085555076599
1567,where was the salvation army founded in australia,"a small house in Lygon Street, Carlton",True,"Answer the question using ONLY the context below. If the answer is not contained in the context, say 'I don't know'. The answer is NOT contained in any context. The answer will be used in the following context: The answer to the question is not included in the Context below. The Answer is NOT",0.0,0.03278688524590164,0.0,contradiction,0,0.1432519257068634,"Answer the question as best as you can using the context below.If the answer is not explicitly stated, make the best possible inference. If the answer does not explicitly state, make a best possible deduction. If it is explicitly stated in the context, make that best possible conclusion.Context:Context:The Indian",0.0,0.07142857142857142,0.0,neutral,0,0.3259199261665344
1569,the average length of life of members of a species is called,mean life span,True,"Answer the question using ONLY the context below. If the answer is not contained in the context, say 'I don't know'. The answer is the answer to the question that is not in the Context below. The answer to this question is the following: </P> <P> The term ""maximum life",0.0,0.03773584905660377,0.0,contradiction,0,0.1550438404083252,"Answer the question as best as you can using the context below. If the answer is explicitly stated, make the best possible inference. If it is not explicitly stated in the context, make a best possible deduction. If you are not explicitly stating, make your best possible conclusion. If not explicitly specified, make that",0.0,0.0,0.0,entailment,1,0.46525710821151733
1571,where did they film war for planet of the apes,"in the Lower Mainland in Vancouver,",True,"Answer the question using ONLY the context below. If the answer is not contained in the context, say 'I don't know'. The answer is NOT contained in any context. The answer IS NOT contained IN THE context below, say'I don't know'. <Tr> <Th colspan=""2",0.0,0.12000000000000001,0.0,contradiction,0,0.28650233149528503,"Answer the question as best as you can using the context below. If the answer is explicitly stated, make the best possible inference. If it is not explicitly stated in the context, make it the best way possible inference, and make the worst possible inference using the following context: <Tr> <Th colspan",0.0,0.06896551724137931,0.0,contradiction,0,0.23280008137226105
1573,barney in how i met your mother real name,Neil Patrick Harris,True,"Answer the question using ONLY the context below. If the answer is not contained in the context, say 'I don't know'.Answer the answer using ONLY The context below and say 'No'. Find sources : `` I don't Know'( ) </Td> </Table> <Table><",0.0,0.0,0.0,neutral,0,0.16503606736660004,"Answer the question as best as you can using the context below. If the answer is not explicitly stated, make the best possible inference. If not explicitly stating, make a best possible deduction. If it is not directly stated, use the best available inference.Context:Context: Context: ContextContext: TextContext",0.0,0.0,0.0,neutral,0,0.42379510402679443
1574,how many cards do you get when you play uno,seven cards,True,"Answer the question using ONLY the context below. If the answer is not contained in the context, say 'I don't know'.Answer the Question using ONLY The context below: <Tr> <Tr><Td colspan=""2""> </Td> </Tr> </TD> </Table>",0.0,0.0,0.0,entailment,1,0.8633660674095154,"Answer the question as best as you can using the context below.If the answer is not explicitly stated, make the best possible inference.Answer the answer as best and as best possible inferred.Context:Context: Context: ContextContext: context: Context : Context:Context : ContextContext :Context:contextContext",0.0,0.0,0.0,entailment,1,0.7475734949111938
1575,who provided the voice of the geico insurance company geico in its tv-ad debut,"Kelsey Grammer,",True,"Answer the question using ONLY the context below. If the answer is not contained in the context, say 'I don't know'. The answer is the answer to the question that is not included in the Context below.Context: <P> <P>< <P>[In the United States, Medicare is a",0.0,0.0,0.0,neutral,0,0.15725892782211304,"Answer the question as best as you can using the context below.If the answer is not explicitly stated, make the best possible inference. If the answer does not explicitly state, make a best possible deduction.Context: <P> <P>< <P>[In the United States, Medicare is a single -",0.0,0.0,0.0,neutral,0,0.44561076164245605
1576,who is the present captain of indian army,General Bipin Rawat,True,"Answer the question using ONLY the context below. If the answer is not contained in the context, say 'I don't know'. If the question is not answered, say'I don't know'. </P> <Table> <Context: <P> </Table> </P><Table><",0.0,0.0,1.0,contradiction,0,0.12237046658992767,"Answer the question as best as you can using the context below.If the answer is not explicitly stated, make the best possible inference. If the answer does not explicitly state, make a best possible conclusion. If it is not stated, then make the worst possible inference and make the most possible inference using the following",0.0,0.0,1.0,neutral,0,0.33252331614494324
1579,how much impact does the tourist industry have on the icelandic economy,10 percent to the Icelandic GDP,True,"Answer the question using ONLY the context below. If the answer is not contained in the context, say 'I don't know'. If the question is not answered, say'I don't know'. </P> <P> The question is answered using ONLY a context below, and if the answer IS",0.0,0.03846153846153846,1.0,entailment,1,0.5039225220680237,"Answer the question as best as you can using the context below.If the answer is not explicitly stated, make the best possible inference. If the answer does not explicitly state, make a best possible assumption.Context:1.1.2.3.3Context:2.2-3.4.",0.0,0.048780487804878044,1.0,entailment,1,0.49586278200149536
1583,what type of government do we have in the united states today,Republic,True,"Answer the question using ONLY the context below. If the answer is not contained in the context, say 'I don't know'. The answer is NOT contained in any context. The answer will be 'I do not know'. </P> <P> Context: The United States -- United States relations are relations",0.0,0.0,1.0,neutral,0,0.12865011394023895,"Answer the question as best as you can using the context below.If the answer is not explicitly stated, make the best possible inference. If the answer does not explicitly state, make a best possible assumption. If it is not stated, then make the worst possible inference and make the most possible inference. </P",0.0,0.0,1.0,neutral,0,0.3856595456600189
1585,where is the ileum located in the body,the final section of the small intestine,True,"Answer the question using ONLY the context below. If the answer is not contained in the context, say 'I don't know'.Answer the answer using ONLY what the context is.Answer the Question using ONLY ( ONLY the Context below) and say 'Yes, I don't want to know'. Answer the question",0.0,0.07272727272727272,0.0,entailment,1,0.5068840384483337,"Answer the question as best as you can using the context below.If the answer is not explicitly stated, make the best possible inference. If the answer does not explicitly state, make a best possible deduction. If it is not stated, then make the worst possible inference and make the most possible inference using the following",0.0,0.06451612903225805,0.0,neutral,0,0.48252177238464355
1588,when does season 2 a series of unfortunate events come out,"March 30, 2018",True,"Answer the question using ONLY the context below. If the answer is not contained in the context, say 'I don't know'.Answer the answer using ONLY The context below and say 'You don't want to know'. Answer the question with ONLY the answer below. Answer the answer with ONLY The Context below.",0.0,0.0,0.0,neutral,0,0.32565838098526,"Answer the question as best as you can using the context below. If the answer is explicitly stated, make the best possible inference. If it is not explicitly stated in the context, make a best possible statement. If you are not explicitly stating, make your best possible interpretation. If not explicitly specified, make that",0.0,0.0,0.0,entailment,1,0.6147791147232056
1589,who plays the goblin in harry potter 8,Warwick Ashley Davis,True,"Answer the question using ONLY the context below. If the answer is not contained in the context, say 'I don't know'.Answer the answer using ONLY THE context below: <Tr> <Th colspan=""2""> Albus Dumbledore </Th> </Tr> </Td> </ Tr> <",0.0,0.0,0.0,entailment,1,0.7812079787254333,"Answer the question as best as you can using the context below. If the answer is explicitly stated, make the best possible inference. If it is not explicitly stated in the context, make it the best way inference. Example: Example:Example: Example 2. Example 3. Example 4. Example 2: Example",0.0,0.0,0.0,contradiction,0,0.14577706158161163
1590,how did american popular culture change around the turn of the 20th century,developed a series of new forms of music,True,"Answer the question using ONLY the context below. If the answer is not contained in the context, say 'I don't know'.Answer the answer using ONLY what is contained in that context.Answer the Answer using ONLY that context below:Context:Contexts:Context :Context:Objects:Object:Object",0.0,0.0,0.0,neutral,0,0.39530712366104126,"Answer the question as best as you can using the context below.If the answer is not explicitly stated, make the best possible inference. If the answer does not explicitly state, make a best possible deduction. If it is not stated, use the best available inference.Context:Context:The word atom is a",0.0,0.03508771929824561,0.0,entailment,1,0.5676491856575012
1591,how soon after death does rigamortis set in,as soon as 4 hours post mortem,True,"Answer the question using ONLY the context below. If the answer is not contained in the context, say 'I don't know'. If the question is not answered, say ``I don't know'. The answer is NOT contained in any context. The answer will be answered using ONLY what is contained in that",0.0,0.0,0.0,contradiction,0,0.03775705024600029,"Answer the question as best as you can using the context below. If the answer is explicitly stated, make the best possible inference. If it is not explicitly stated in the context, make a best possible deduction. If you are not explicitly stating, make sure you are making the best inference.Context: The Indian",0.0,0.06666666666666667,0.0,neutral,0,0.349311500787735
1593,who played cotton in pirates of the caribbean,David Bailie,True,"Answer the question using ONLY the context below. If the answer is not contained in the context, say 'I don't know'.Answer the answer using ONLY what the context is.Answer the context using ONLY that context below: <Table: <Tr> <Tr><Table: </Tr> </Tr><",0.0,0.0,0.0,entailment,1,0.6326172351837158,"Answer the question as best as you can using the context below.If the answer is not explicitly stated, make the best possible inference. If the answer does not explicitly state, make a best possible statement.Context:Context: Context:Context :Context:context:ContextContext:<Tr> <Tr>",0.0,0.0,0.0,entailment,1,0.5502538681030273
1598,who is sasha on dancing with the stars engaged to,Emma Slater,True,"Answer the question using ONLY the context below. If the answer is not contained in the context, say 'I don't know'. If the question is not answered, say it is not in the Context below.Context:Context: Context: Context : Context:Context : Context :Context: context: Contexts",0.0,0.0,0.0,contradiction,0,0.08275090157985687,"Answer the question as best as you can using the context below.If the answer is not explicitly stated, make the best possible inference. If the answer does not explicitly state the answer, make a best possible assumption.Context:Context: Context:Context :Context:context:Contexts:ContextContext:Example",0.0,0.0,0.0,contradiction,0,0.18850740790367126
1606,when was the 22nd amendment proposed and ratified,"March 21, 1947",True,"Answer the question using ONLY the context below. If the answer is not contained in the context, say 'I don't know'. The answer is NOT contained in any context. The answer may be omitted if the answer does not contain in the Context below. The Answer: ""I don"" Don't know""",0.0,0.0,0.0,contradiction,0,0.033243875950574875,"Answer the question as best as you can using the context below. If the answer is explicitly stated, make the best possible inference. If it is not explicitly stated, make the worst possible inference and make the most possible inference. Example: The question is about the question that is not directly stated.Context: The",0.0,0.0,0.0,contradiction,0,0.18350523710250854
1608,who played little jack in meet the fockers,Spencer and Bradley Pickren,True,"Answer the question using ONLY the context below. If the answer is not contained in the context, say 'I don't know'. The answer is NOT contained in any context. The answer will be the answer to the question.Context:Context:<Tr> <Th colspan=""2""> Meet the F",0.0,0.0,0.0,contradiction,0,0.06644847989082336,"Answer the question as best as you can using the context below.If the answer is not explicitly stated, make the best possible inference. If the answer does not explicitly state, make a best possible statement.Context:Context: Context:Context :Context:context:ContextContext:<Tr> <Th col",0.0,0.0,0.0,entailment,1,0.5469486117362976
1610,when did the pixel 2 xl come out,"October 19, 2017",True,"Answer the question using ONLY the context below. If the answer is not contained in the context, say 'I don't know'. Answer the question with ONLY the Context below. Answer the answer using ONLY The context below and say 'You don't want to know'. <Tr> <Th> Context: Context",0.0,0.0,1.0,neutral,0,0.36745718121528625,"Answer the question as best as you can using the context below. If the answer is explicitly stated, make the best possible inference. If it is not explicitly stated in the context, make it the best way inference. Example: Example:Example: Example 2Context: Example 3Context:Example 2Context : Example",0.0,0.0,1.0,contradiction,0,0.14589612185955048
1612,who beat the carolina panthers in the super bowl,New England Patriots,True,"Answer the question using ONLY the context below. If the answer is not contained in the context, say 'I don't know'.Answer the Question using ONLY The Context below.Answer the Answer using ONLYThe Context:Context:Context :Context: Context: Context :Context : Context: Subject: Context.Context",0.0,0.0,1.0,entailment,1,0.537342369556427,"Answer the question as best as you can using the context below.If the answer is not explicitly stated, make the best possible inference. If the answer does not explicitly state, make a best possible statement. If it is explicitly stated and makes the best inference, make it the best way possible inference. </P",0.0,0.0,1.0,neutral,0,0.31675276160240173
1616,when does iron and wines new album come out,August 2017,True,"Answer the question using ONLY the context below. If the answer is not contained in the context, say 'I don't know'. </P> <Table> <Tr> <P>Context: <P><Table> </P><P> </Table><P> The Ancient Greeks and Romans were",0.0,0.0,0.0,neutral,0,0.06132197380065918,"Answer the question as best as you can using the context below.If the answer is not explicitly stated, make the best possible inference. If the answer does not explicitly state, make a best possible deduction. If it is not stated, use the best available inference.Context:Context: Context: Context : Context",0.0,0.0,0.0,neutral,0,0.036669086664915085
1621,the joy of life was painted in which style,early modernism,True,"Answer the question using ONLY the context below. If the answer is not contained in the context, say 'I don't know'. The answer is the answer to the question that is not in the Context below. The answer to this question is the following: The answer that is contained in this context is the phrase",0.0,0.0,0.0,contradiction,0,0.18052023649215698,"Answer the question as best as you can using the context below.If the answer is not explicitly stated, make the best possible inference. If the answer does not explicitly state, make a best possible deduction. If it is not stated, then make the worst possible inference and make the most possible inference using the following",0.0,0.0,0.0,neutral,0,0.39231833815574646
1625,camila cabello - crying in the club album,Camila,True,"Answer the question using ONLY the context below. If the answer is not contained in the context, say 'I don't know'.Answer the answer using ONLY The context below and say 'You don't want to know'. Answer the question with ONLY the Context below. Answer the answer with ONLY The Context below and",0.0,0.0,1.0,neutral,0,0.35987016558647156,"Answer the question as best as you can using the context below. If the answer is explicitly stated, make the best possible inference. If it is not explicitly stated in the context, make it the best way inference. Example: Example:Example: Example 2. Example 3. Example 4. Example 2: Example",0.0,0.0,1.0,contradiction,0,0.17959459125995636
1631,who wrote the kill by 30 seconds to mars,Jared Leto,True,"Answer the question using ONLY the context below. If the answer is not contained in the context, say 'I don't know'.Answer the Question using ONLY The context below and say 'The answer is NOT contained in this context.Answer the Answer using ONLY THE context below: <Tr> <Tr><Tr",0.0,0.0,1.0,entailment,1,0.46132197976112366,"Answer the question as best as you can using the context below. If the answer is explicitly stated, make the best possible inference. If it is not explicitly stated in the context, make it the best way inference. Example: Example:Example: Example 2. Example 3. Example 4. Example 2: Example",0.0,0.0,1.0,contradiction,0,0.1688101887702942
1641,who was the owner of the dodgers when jackie robinson played,Wesley Branch Rickey,True,"Answer the question using ONLY the context below. If the answer is not contained in the context, say 'I don't know'. The answer is NOT contained in any context. The answer will be used in the following context:Context:Contexts:Context :Context:The Miracle of Coogan's Bluff",0.0,0.0,0.0,contradiction,0,0.018729036673903465,"Answer the question as best as you can using the context below.If the answer is not explicitly stated, make the best possible inference. If the answer does not explicitly state, make a best possible assumption. If it is not stated, then make the worst possible inference and make the most possible inference using the following",0.0,0.0,0.0,contradiction,0,0.060162436217069626
1643,who figured out a way to determine the type of blood,Karl Landsteiner,True,"Answer the question using ONLY the context below. If the answer is not contained in the context, say 'I don't know'. The answer is NOT contained in any context. The answer will be used in the following context:Context:Contexts:Context :Context: Context:Context-Context:<P",0.0,0.0,1.0,contradiction,0,0.0416734553873539,"Answer the question as best as you can using the context below.If the answer is not explicitly stated, make the best possible inference. If the answer does not explicitly state, make a best possible deduction. If it is not stated, use the best available inference.Context:Context:ABO Blood Group System",0.0,0.0,1.0,neutral,0,0.47581419348716736
1645,to vote an election a person should be above the age of,18,True,"Answer the question using ONLY the context below. If the answer is not contained in the context, say 'I don't know'. The answer is also contained in a context below. </P>Context: <P> <P><P> A voting age is a minimum age established by law that a person",0.0,0.0,1.0,neutral,0,0.06839314848184586,"Answer the question as best as you can using the context below. If the answer is explicitly stated, make the best possible inference. If it is not explicitly stated in the context, make a best possible deduction. If you are not explicitly stating, make sure you make the worst possible inference and make the most possible",0.0,0.0,1.0,neutral,0,0.38626399636268616
1654,the children's online privacy protection act (1998) is a law designed to protect consumers' right to,privacy,True,"Answer the question using ONLY the context below. If the answer is not contained in the context, say 'I don't know'.Answer the Question using ONLY The Context below.Answer the Answer using ONLY THE Context below: <Tr> <Tr><Tr> {Context: Context: Context. Context.Context",0.0,0.0,1.0,entailment,1,0.7333506941795349,"Answer the question as best as you can using the context below. If the answer is explicitly stated, make the best possible inference. If it is not explicitly stated in the context, make a best possible deduction. If you are not explicitly stating, make that best possible inferences.Context: <Tr> <",0.0,0.0,1.0,entailment,1,0.38992246985435486
1655,1 million dollar winner on who wants to be a millionaire,John Carpenter,True,"Answer the question using ONLY the context below. If the answer is not contained in the context, say 'I don't know'.Answer the answer using ONLY The context below: <Tr> <Th colspan=""2""> Who Wants to Be a Millionaire </Th> </Tr> </Table>",0.0,0.0,0.0,entailment,1,0.9328809380531311,"Answer the question as best as you can using the context below. If the answer is explicitly stated, make the best possible inference. If it is not explicitly stated then make the worst possible inference using the following context: Context: Context : Context:Context: Context <Tr> <Th colspan=""2"">",0.0,0.0,0.0,neutral,0,0.35392528772354126
1657,where is wall drug located in south dakota,in the town of Wall,True,"Answer the question using ONLY the context below. If the answer is not contained in the context, say 'I don't know'. The answer is NOT contained in any context. The answer may be omitted if the answer does not contain in the Context below. The Answer is NOTHING. The Context: The",0.0,0.07142857142857142,1.0,contradiction,0,0.1148330569267273,"Answer the question as best as you can using the context below.If the answer is not explicitly stated, make the best possible inference. If the answer does not explicitly state, make a best possible deduction. If it is explicitly stated that the answer was not explicitly specified, make that best possible conclusion.Context:",0.0,0.03508771929824562,1.0,entailment,1,0.5356485247612
1662,which is the nearest star to earth after sun,Proxima Centauri,True,"Answer the question using ONLY the context below. If the answer is not contained in the context, say 'I don't know'. The answer is the following: <P> <P><Context: *P> *P><P> The Sun and Moon are the same size and shape as the Earth and",0.0,0.0,0.0,neutral,0,0.058015793561935425,"Answer the question as best as you can using the context below. If the answer is explicitly stated, make the best possible inference. If it is not explicitly stated, make the worst possible inference and make the most possible inference using the following context: Context: Earth, Sun, Sun, Moon, Solar System,",0.0,0.0,0.0,neutral,0,0.2383994609117508
1663,when is season 6 of voltron coming out,"June 15, 2018",True,"Answer the question using ONLY the context below. If the answer is not contained in the context, say 'I don't know'.Answer the Question using ONLY The context below: <Tr> <Tr><Td colspan=""2""> </Td> </Tr> </TD> <P>",0.0,0.0,0.0,entailment,1,0.8660115599632263,"Answer the question as best as you can using the context below.If the answer is not explicitly stated, make the best possible inference. If the answer does not explicitly state, make a best possible deduction. If it does not clearly state, then make the worst possible inference possible. </P>Context: <",0.0,0.0,0.0,entailment,1,0.5285124778747559
1664,when is ariana grande's album sweetener coming out,"August 17, 2018",True,"Answer the question using ONLY the context below. If the answer is not contained in the context, say 'I don't know'.Answer the answer using ONLY The context below: <Tr> <Th colspan=""2""> Sweetener </Th> </Tr> </Th><Tr> <!--Th col span",0.0,0.0,1.0,entailment,1,0.9168599247932434,"Answer the question as best as you can using the context below. If the answer is explicitly stated, make the best possible inference. If it is not explicitly stated in the context, make it the best way inference. Example: Example:Example: Example 2. Example 3. Example 4. Example 2: Example",0.0,0.0,1.0,contradiction,0,0.2226257026195526
1665,when does the 2018 19 nba schedule come out,"August 10, 2018",True,"Answer the question using ONLY the context below. If the answer is not contained in the context, say 'I don't know'. If the question is not answered, say it is not in the Context below. The answer is NOT contained in any context. The question is NOT in theContext: The answer to",0.0,0.0,0.0,contradiction,0,0.16382701694965363,"Answer the question as best as you can using the context below.If the answer is not explicitly stated, make the best possible inference. If the answer does not explicitly state, make a best possible deduction. If it is not stated, then make the worst possible inference and make the most possible inference using the following",0.0,0.0,0.0,neutral,0,0.46832939982414246
1666,what is the hierarchy in the roman catholic church,"bishops, priests, and deacons",True,"Answer the question using ONLY the context below. If the answer is not contained in the context, say 'I don't know'. The answer is NOT contained in any context. The answer will be answered using ONLY what is contained in that context. </P> <P> The term pope ( Latin : pap",0.0,0.0,0.0,contradiction,0,0.08868932723999023,"Answer the question as best as you can using the context below.If the answer is not explicitly stated, make the best possible inference. If the answer does not explicitly state, make a best possible conclusion. If it is not stated, then make the worst possible inference and make the most possible inference. </P",0.0,0.03508771929824561,0.0,neutral,0,0.35225510597229004
1668,when is the new barbie movie coming out,"May 8, 2020",True,"Answer the question using ONLY the context below. If the answer is not contained in the context, say 'I don't know'. The answer is the answer to the question that is not included in the Context below.Context: The 900 is a variation of the 900-degree aerial spin performed on a skateboard",0.0,0.0,0.0,contradiction,0,0.26856276392936707,"Answer the question as best as you can using the context below.If the answer is not explicitly stated, make the best possible inference. If the answer does not explicitly state, make a best possible deduction.Context:Context:The 900 is a variation of the 900-degree flat-surface flat-air spin",0.0,0.0,0.0,entailment,1,0.5626664161682129
1674,how many new zealand soldiers died in ww1,"16,697",True,"Answer the question using ONLY the context below. If the answer is not contained in the context, say 'I don't know'. The answer is NOT contained in any context. The answer will be used in the following context:Context:Contexts:Context :Context: Context:ContextContext:Background:Context",0.0,0.0,1.0,contradiction,0,0.07794757187366486,"Answer the question as best as you can using the context below.If the answer is not explicitly stated, make the best possible inference. If the answer does not explicitly state, make a best possible assumption. If it is not stated, then make the worst possible inference and make the most possible inference. </P",0.0,0.0,1.0,neutral,0,0.316402405500412
1675,how many secondary schools are there in wales,205,True,"Answer the question using ONLY the context below. If the answer is not contained in the context, say 'I don't know'. The answer is also not contained within the context. The answer will be used in the following context: Context: Context : Context:Context: Contexts: Context (Context: context",0.0,0.0,0.0,neutral,0,0.05606648325920105,"Answer the question as best as you can using the context below. If the answer is explicitly stated, make the best possible inference. If it is not explicitly stated in the context, make a best possible deduction.Context: Public holidays in the United Kingdom.<P> Public holidays are days on which most businesses",0.0,0.0,0.0,neutral,0,0.36864978075027466
1676,where is the oval office in the white house,at the West Wing's southeast corner,True,"Answer the question using ONLY the context below. If the answer is not contained in the context, say 'I don't know'. The answer is NOT contained in any context. The answer will be used in the following context:Context:Contexts:Context :Context:The following is a list of the highest",0.0,0.03846153846153846,0.0,contradiction,0,0.09671951085329056,"Answer the question as best as you can using the context below.If the answer is not explicitly stated, make the best possible inference. If the answer does not explicitly state the answer, make a best possible assumption.Context: The Oval Office is the working office space of the President of the United States located in",0.0,0.03333333333333333,0.0,entailment,1,0.5556855797767639
1682,who was the queen of britain during ww1,George V,True,"Answer the question using ONLY the context below. If the answer is not contained in the context, say 'I don't know'. The answer is NOT contained in any context. The answer will be the answer to the question.Context:Context:Background:Contexts:Context :Context:History:ContextContext",0.0,0.0,0.0,contradiction,0,0.04364040493965149,"Answer the question as best as you can using the context below.If the answer is not explicitly stated, make the best possible inference. If the answer does not explicitly state, make a best possible conclusion.Context:Context:Background:Contexts:Context :Context:History:ContextContext: Context:Context",0.0,0.0,0.0,entailment,1,0.559135913848877
1685,who is the minister of karnataka in 2018,H. D. Kumaraswamy,True,"Answer the question using ONLY the context below. If the answer is not contained in the context, say 'I don't know'.Answer the answer using ONLY what the context is.Answer the Question using ONLY ( ONLY the Context below).Answer the Answer using ONLY The Context below.Answer: ""I don�",0.0,0.0,0.0,neutral,0,0.3133971095085144,"Answer the question as best as you can using the context below.If the answer is not explicitly stated, make the best possible inference. If the answer does not explicitly state, make a best possible conclusion. If it is explicitly stated and makes the best inference, make that best possible decision.Context: Karnataka",0.0,0.0,0.0,neutral,0,0.4695376455783844
1692,who wrote beauty is truth truth is beauty,Keats,True,"Answer the question using ONLY the context below. If the answer is not contained in the context, say 'I don't know'. The answer is NOT contained in any context. The answer may refer to: </P> <Table> <P> What's So Funny About Truth, Justice & the American",0.0,0.0,0.0,neutral,0,0.09492768347263336,"Answer the question as best as you can using the context below.If the answer is not explicitly stated, make the best possible inference. If the answer does not explicitly state, make a best possible deduction.Context: <Ul> <Ul > <Li> Truth, Justice, and the American Way, the",0.0,0.0,0.0,neutral,0,0.23509693145751953
1694,who is the speaker of the house in the house of representatives,Congressman Paul Ryan from Wisconsin,True,"Answer the question using ONLY the context below. If the answer is not contained in the context, say 'I don't know'. The answer is NOT contained in any context. The answer will be used only in the contexts below. The context is the context of the question. The question is not necessarily contained in",0.0,0.0,0.0,contradiction,0,0.24713583290576935,"Answer the question as best as you can using the context below.If the answer is not explicitly stated, make the best possible inference. If the answer does not explicitly state, make a best possible assumption.Context:<P> <P> The United States presidential line of succession is the order in which persons",0.0,0.0,0.0,neutral,0,0.41505637764930725
1696,who wrote the song can't you see,Toy Caldwell,True,"Answer the question using ONLY the context below. If the answer is not contained in the context, say 'I don't know'.Answer the answer using ONLY The context below: <P> <P><P> `` Anything You Can Do '' is a song from the 1946 Broadway musical, Annie Get Your Gun",0.0,0.0,1.0,entailment,1,0.8955861330032349,"Answer the question as best as you can using the context below. If the answer is explicitly stated, make the best possible inference. If it is not explicitly stated then make the worst possible inference and make the most possible inference using the following context: <P> <P><Context: <Td> <",0.0,0.0,1.0,contradiction,0,0.23126550018787384
1697,who plays grace in grace stirs up success,Olivia Rodrigo,True,"Answer the question using ONLY the context below. If the answer is not contained in the context, say 'I don't know'.Answer the answer using ONLY The context below: <Tr> <Th> <Td> <Tr><Tr> </Th> </Td><Tr><Th colspan",0.0,0.0,1.0,entailment,1,0.9089841842651367,"Answer the question as best as you can using the context below.If the answer is not explicitly stated, make the best possible inference. If the answer does not explicitly state, make a best possible deduction. If it does not clearly state, then make the worst possible inference and make the most possible inference using the",0.0,0.0,1.0,neutral,0,0.4093712866306305
1703,what is the biggest convention center in the us,McCormick Place,True,"Answer the question using ONLY the context below. If the answer is not contained in the context, say 'I don't know'. The answer is the answer that is not in the Context below. The answer that IS contained in this context is the following:Context:Contexts:Context :Context:Background:",0.0,0.0,0.0,contradiction,0,0.08432498574256897,"Answer the question as best as you can using the context below.If the answer is not explicitly stated, make the best possible inference. If the answer does not explicitly state, make a best possible conclusion. If it is not stated, then make the worst possible inference and make the most possible inference. </P",0.0,0.0,0.0,neutral,0,0.17777970433235168
1705,harry potter the name that cannot be said,Voldemort,True,"Answer the question using ONLY the context below. If the answer is not contained in the context, say 'I don't know'.Answer the Question using ONLY The Context below.Answer the Answer using ONLY THE Context below:Context:Context :Context: Context:Context::Context:context:ContextContext:Background",0.0,0.0,1.0,entailment,1,0.5699503421783447,"Answer the question as best as you can using the context below.If the answer is not explicitly stated, make the best possible inference. If the answer does not explicitly state, make a best possible assumption. If it does not state the answer, make it explicitly stated.Context: <Tr> <Tr><",0.0,0.0,1.0,neutral,0,0.36945992708206177
1706,what area of san diego is sdsu in,The College Area,True,"Answer the question using ONLY the context below. If the answer is not contained in the context, say 'I don't know'.Answer the answer using ONLY THE context below, say'I don' know'.Context:Context: Context:Context :Context:context:ContextContext:Location:Context>Context",0.0,0.05555555555555555,0.0,entailment,1,0.686725914478302,"Answer the question as best as you can using the context below. If the answer is explicitly stated, make the best possible inference. If it is explicitly expressed, make a best possible statement. If not explicitly stated then make the worst possible inference using the following context: Context: ContextContext: Context <Tr>",0.0,0.037037037037037035,0.0,entailment,1,0.43778085708618164
1709,what mlb team has the most perfect games,Dodgers,True,"Answer the question using ONLY the context below. If the answer is not contained in the context, say 'I don't know'. The answer is NOT contained in any context. The answer will be used in the following context:Context:Contexts:Context :Context: Context:ContextContext:<P>",0.0,0.0,0.0,contradiction,0,0.058112356811761856,"Answer the question as best as you can using the context below.If the answer is not explicitly stated, make the best possible inference. If the answer does not explicitly state, make a best possible statement.Context: <P> <P><P> Context: <p> <p><P><<",0.0,0.0,0.0,entailment,1,0.5068683624267578
1712,when was the last time jacksonville jaguars went to superbowl,2017,True,"Answer the question using ONLY the context below. If the answer is not contained in the context, say 'I don't know'. The answer is NOT contained in any context. The answer will be the following:Context:Contexts:Context :Context: Context:ContextContext:context:Context-Context:",0.0,0.0,1.0,contradiction,0,0.04942970350384712,"Answer the question as best as you can using the context below.If the answer is not explicitly stated, make the best possible inference.Example:Example:Context:Context-Context:Example-Context- Context:ContextContext: Context: Context-ContextContext-context:Context Context:ExampleContext:context",0.0,0.0,1.0,neutral,0,0.19071780145168304
1717,what is the boy's name in paw patrol,Ryder,True,"Answer the question using ONLY the context below. If the answer is not contained in the context, say 'I don't know'.Answer the answer using ONLY THE context below: <Tr> <Th> <Td colspan=""2""> </Th> </Tr> </Td> <Tr><",0.0,0.0,0.0,entailment,1,0.8280724287033081,"Answer the question as best as you can using the context below. If the answer is explicitly stated, make the best possible inference. If it is not explicitly stated in the context, make it the best way inference. Example: Example:Example: Example 2. Example 3. Example 4. Example 2: Example",0.0,0.0,0.0,contradiction,0,0.15686921775341034
1719,who was mission san juan capistrano named after,Saint John the Baptist,True,"Answer the question using ONLY the context below. If the answer is not contained in the context, say 'I don't know'.Answer the answer using ONLY what the context is.Answer the Question using ONLY ( ONLY the Context below).Context: Mission San Juan Bautista <Tr> <Tr><Tr",0.0,0.0425531914893617,1.0,entailment,1,0.8327222466468811,"Answer the question as best as you can using the context below.If the answer is not explicitly stated, make the best possible inference. If the answer does not explicitly state, make a best possible conclusion. If it does not clearly state, then make the worst possible inference possible.Context: Mission San Juan B",0.0,0.03571428571428572,1.0,neutral,0,0.43106943368911743
1724,who wrote the poem a host of golden daffodils,William Wordsworth,True,"Answer the question using ONLY the context below. If the answer is not contained in the context, say 'I don't know'. The answer is the following: `` Why I could not stop for Death '' is a short story by American author Washington Irving published in 1819. The poem was written in 1922 at",0.0,0.0,0.0,contradiction,0,0.02204565331339836,"Answer the question as best as you can using the context below. If the answer is explicitly stated, make the best possible inference. If it is not explicitly stated in the context, make a best possible deduction. If not explicitly stating, make it the best way possible inference. Example: `` The Little Horse ''",0.0,0.0,0.0,entailment,1,0.47151830792427063
1725,who starred in one flew over the cuckoos nest,Jack Nicholson,True,"Answer the question using ONLY the context below. If the answer is not contained in the context, say 'I don't know'.Answer the answer using ONLY The context below and say 'You don't want to know'. <Tr> <Th> <Td> Theatrical release poster </Td",0.0,0.0,1.0,contradiction,0,0.16349942982196808,"Answer the question as best as you can using the context below. If the answer is explicitly stated, make the best possible inference. If it is not explicitly stated in the context, make it the best available inference. Example: Example:Example: Example 2. Example 3. Example 4. Example 2: Example",0.0,0.0,1.0,entailment,1,0.4912964701652527
1728,who plays my old kentucky home at the derby,the University of Louisville Marching Band,True,"Answer the question using ONLY the context below. If the answer is not contained in the context, say 'I don't know'.Answer the answer using ONLY THE context below: <Tr> <Th colspan=""2""> `` My Old Kentucky Home '' </Th> </Tr> </Table> <Tr",0.0,0.044444444444444446,0.0,entailment,1,0.8833412528038025,"Answer the question as best as you can using the context below.Answer the answer as best possible inference.If the answer is not explicitly stated, make the best possible statement.Answer The Question as best and as best (if the answer was explicitly stated) using the Context below.Context:Context: Context:",0.0,0.03773584905660377,0.0,entailment,1,0.4968937039375305
1731,who wrote if a picture paints a thousand words,David Gates,True,"Answer the question using ONLY the context below. If the answer is not contained in the context, say 'I don't know'. The answer is the answer to the question that is not in the Context below. The answer to this question is the following:Context:Contexts:Context :Context:The Original",0.0,0.0,0.0,contradiction,0,0.19670262932777405,"Answer the question as best as you can using the context below. If the answer is explicitly stated, make the best possible inference. If it is not explicitly stated in the context, make a best possible deduction. If you are not explicitly stating, make your best possible conclusion. If not explicitly specified, make it",0.0,0.0,0.0,entailment,1,0.6099625825881958
1732,how many cigarettes in a pack in the us,at least 20,True,"Answer the question using ONLY the context below. If the answer is not contained in the context, say 'I don't know'. The answer is NOT contained in any context. The answer will be used in the following context:Context:Contexts:Context :Context:Background:Context-Context: Context:",0.0,0.0,0.0,contradiction,0,0.03692708536982536,"Answer the question as best as you can using the context below.If the answer is not explicitly stated, make the best possible inference. If the answer was not explicitly specified, make a best possible conclusion. If it is not stated, then make the worst possible inference and make the most possible inference. </P",0.0,0.0,0.0,neutral,0,0.18974922597408295
1741,when did the song rubberband man come out,August 1976,True,"Answer the question using ONLY the context below. If the answer is not contained in the context, say 'I don't know'.Answer the Question using ONLY The context below and say 'What is the context? 'I'm not sure'.Answer The Question using the context above. <Tr> <Tr><",0.0,0.0,1.0,neutral,0,0.3283978998661041,"Answer the question as best as you can using the context below. If the answer is explicitly stated, make the best possible inference. If it is not explicitly stated then make the worst possible inference, make a best possible assumption. If you are not explicitly stating, make that best possible deduction.Context: <Tr",0.0,0.0,1.0,neutral,0,0.44559192657470703
1742,how many times have spain won world cup,one,True,"Answer the question using ONLY the context below. If the answer is not contained in the context, say 'I don't know'. If the question is not answered using ONLY that context, then say 'You don't have to know'.Context:Context: Context: ContextContext: context: Context Context:Context",0.0,0.0,1.0,neutral,0,0.3180942237377167,"Answer the question as best as you can using the context below.If the answer is not explicitly stated, make the best possible inference. If the answer does not explicitly state, make a best possible statement. If it is explicitly stated that the answer was not explicitly specified, make that best possible conclusion.Context:",0.0,0.0,1.0,neutral,0,0.409344881772995
1744,the federal depository insurance corporation (fdic) has the power to close a bank when,When the bank becomes critically undercapitalized,True,"Answer the question using ONLY the context below. If the answer is not contained in the context, say 'I don't know'. </Tr> <Tr> </Tr><Tr> <!--Td> <Td > <Tr><Td><TD> This article is part of a series on",0.0,0.048780487804878044,0.0,neutral,0,0.049544692039489746,"Answer the question as best as you can using the context below.Answer the answer as best possible inference.If the answer is not explicitly stated, make the best possible statement.Answer The Question as best and as best (if the answer was explicitly stated) using the following context: <Tr> <Tr><",0.0,0.037037037037037035,0.0,entailment,1,0.6369544267654419
1747,where do they film still open all hours,MediaCityUK in Salford,True,"Answer the question using ONLY the context below. If the answer is not contained in the context, say 'I don't know'.Answer the answer using ONLY The context below and say 'You don't want to know'. <Tr> <Th> What's the context? </Tr> </Tr><Tr",0.0,0.044444444444444446,0.0,contradiction,0,0.12683327496051788,"Answer the question as best as you can using the context below. If the answer is explicitly stated, make the best possible inference. If it is not explicitly stated in the context, make it the best way inference. <Tr> <Th colspan=""2""> Still Open All Hours </Th> </Tr",0.0,0.04,0.0,contradiction,0,0.14754422008991241
1749,when did we become the united states of america,1776,True,"Answer the question using ONLY the context below. If the answer is not contained in the context, say 'I don't know'. The answer is NOT contained in any context. The answer will be answered using ONLY what the context is. The Answer is NOT CONSTANTLY IN THE Context. The Context:",0.0,0.0,0.0,entailment,1,0.5036876201629639,"Answer the question as best as you can using the context below.If the answer is not explicitly stated, make the best possible inference. If the answer does not explicitly state, make a best possible assumption.Context:Context:History:History of the War of 1812 -- United States relations are relations between the",0.0,0.0,0.0,neutral,0,0.4368000626564026
1751,who was the leader of the bolsheviks when they overthrew the russian monarchy,Vladimir Lenin,True,"Answer the question using ONLY the context below. If the answer is not contained in the context, say 'I don't know'.Answer the Question using ONLY The Context below.Answer the Answer using ONLY THE Context below:Context:Context :Context: Context:Contexts:Context>Context:<Table>",0.0,0.0,0.0,entailment,1,0.6029276847839355,"Answer the question as best as you can using the context below.If the answer is not explicitly stated, make the best possible inference. If the answer does not explicitly state, make a best possible deduction. If it does not state, then make the worst possible inference and make the most possible inference using the following",0.0,0.0,0.0,entailment,1,0.5089433789253235
1752,when did the song 99 problems come out,"April 27, 2004",True,"Answer the question using ONLY the context below. If the answer is not contained in the context, say 'I don't know'.Answer the Question using ONLY The Context below.Context:Context: Context: Context : Context:Context : Context :Context: context: Context <Tr> <Th colspan=""",0.0,0.0,1.0,entailment,1,0.6993580460548401,"Answer the question as best as you can using the context below.If the answer is not explicitly stated, make the best possible inference. If the answer does not explicitly state, make a best possible conclusion. If it does not state the answer, make it the best way you can.Context:Context: Context",0.0,0.0,1.0,entailment,1,0.5895402431488037
1753,where is shooting of yeh rishta kya kehlata hai,Mumbai,True,"Answer the question using ONLY the context below. If the answer is not contained in the context, say 'I don't know'.Answer the answer using ONLY The context below and say 'You don't want to know'. Answer the question with ONLY the Context below. Answer the answer with ONLY The Context below and",0.0,0.0,1.0,contradiction,0,0.15692508220672607,"Answer the question as best as you can using the context below. If the answer is explicitly stated, make the best possible inference. If it is not explicitly stated in the context, make it the best way inference. Example: Example:Example: Example 2: Example 3: Example 4: Example 5: Example",0.0,0.0,1.0,contradiction,0,0.10511039942502975
1754,who served as president of the united states from 1901 to 1909,Theodore Roosevelt Jr.,True,"Answer the question using ONLY the context below. If the answer is not contained in the context, say 'I don't know'. The answer is NOT contained in any context. The answer will be answered using ONLY what is contained in that context.Context: United States Presidential Line of Retrieval<P>",0.0,0.0,0.0,contradiction,0,0.18107344210147858,"Answer the question as best as you can using the context below.If the answer is not explicitly stated, make the best possible inference. If the answer does not explicitly state, make a best possible assumption.Context: The United States presidential line of succession is a presidential line that is a branch of succession in The",0.0,0.0,0.0,entailment,1,0.544223427772522
1755,who played harmonica on the wizard black sabbath,Ozzy Osbourne,True,"Answer the question using ONLY the context below. If the answer is not contained in the context, say 'I don't know'.Answer the Question using ONLY The context below: <Tr> <Th colspan=""2""> <Td colspan=2""> The album Black Sabbath </Th> </Tr",0.0,0.0,1.0,entailment,1,0.9268218278884888,"Answer the question as best as you can using the context below. If the answer is explicitly stated, make the best possible inference. If it is not explicitly stated in the context, make a best possible deduction. If you are not explicitly stating, make that best possible inferences. Example: Example:Example:",0.0,0.0,1.0,contradiction,0,0.35537800192832947
1756,my life as a teenage robot series finale,Turncoats,True,"Answer the question using ONLY the context below. If the answer is not contained in the context, say 'I don't know'.Answer the Question using ONLY The Context below.Answer the Answer using ONLYThe Context:Context:Contexts:Context :Context:The Contexts:TheContext:<P>",0.0,0.0,0.0,entailment,1,0.6284658908843994,"Answer the question as best as you can using the context below.If the answer is not explicitly stated, make the best possible inference. If the answer does not explicitly state, make a best possible statement. If it does not clearly state, then make the worst possible inference possible.Context:Context: Context:",0.0,0.0,0.0,entailment,1,0.5695149898529053
1761,where is catholic university of east africa located,Nairobi Kenya,True,"Answer the question using ONLY the context below. If the answer is not contained in the context, say 'I don't know'.Answer the answer using ONLY what the context is.Answer the Question using ONLY that context below:Context: Cedar River - Cedar River is located in Dodge County, Minnesota, consisting of",0.0,0.0,0.0,neutral,0,0.34400027990341187,"Answer the question as best as you can using the context below.If the answer is not explicitly stated, make the best possible inference. If the answer does not explicitly state, make a best possible statement.Context: Cedar River - Cedar River is located in Dodge County, Minnesota, consisting of a west fork and",0.0,0.0,0.0,neutral,0,0.37240055203437805
1763,when did the kings of comedy come out,2000,True,"Answer the question using ONLY the context below. If the answer is not contained in the context, say 'I don't know'. The answer is NOT contained in any context. The answer will be used ONLY in the contexts below. </P> <P>Context: The Original Kings of Comedy <Tr>",0.0,0.0,1.0,neutral,0,0.18568260967731476,"Answer the question as best as you can using the context below.If the answer is not explicitly stated, make the best possible inference. If the answer does not explicitly state, make a best possible assumption.Context:Context: Context:Context :Context:context:Context.Context. Context: Context.Context",0.0,0.0,1.0,neutral,0,0.46911728382110596
1768,when was the first issue of vogue published,1892,True,"Answer the question using ONLY the context below. If the answer is not contained in the context, say 'I don't know'.Answer the Question using ONLY The Context below.Answer the Answer using ONLY THE Context below: <Table> The Picture of Dorian Gray <Tr> <Tr><Tr><",0.0,0.0,1.0,entailment,1,0.47181063890457153,"Answer the question as best as you can using the context below. If the answer is explicitly stated, make the best possible inference. If it is not explicitly stated then make the worst possible inference, make a best possible deduction.Context:Context: Context: Context : Context:Context : Context :Context:context",0.0,0.0,1.0,contradiction,0,0.2770848870277405
1770,where is the united kingdom located on the world map,off the north-western coast of the European mainland,True,"Answer the question using ONLY the context below. If the answer is not contained in the context, say 'I don't know'. The answer is NOT contained in any context. The answer may be omitted if the answer does not contain the context.Context: * * *Context: ** * * Context: *",0.0,0.07692307692307693,0.0,contradiction,0,0.0817301943898201,"Answer the question as best as you can using the context below.If the answer is not explicitly stated, make the best possible inference. If the answer does not explicitly state, make a best possible statement.Context:The Ball of Twine - The Ball of twine -The Ball Of Twine-The",0.0,0.11111111111111109,0.0,neutral,0,0.36492130160331726
1773,when is bring your daughter to work day,the fourth Thursday in April every year,True,"Answer the question using ONLY the context below. If the answer is not contained in the context, say 'I don't know'. If the question is not answered, say it is not in the Context below.Context:Context:The question is answered using ONLY a context below, and the answer will be answered",0.0,0.07142857142857142,1.0,neutral,0,0.2630705237388611,"Answer the question as best as you can using the context below.If the answer is not explicitly stated, make the best possible inference. If the answer does not explicitly state the answer, make a best possible statement.Context:Context:The answer is explicitly stated.Contexts:ContextsContext:Include",0.0,0.04166666666666667,1.0,neutral,0,0.3170972764492035
1774,who were the two scientists who proposed the theory of seafloor spreading in the early 1960s,Harry Hess,True,"Answer the question using ONLY the context below. If the answer is not contained in the context, say 'I don't know'. </P> <P> The following is a list of the most important theories of pain. The following are the most influential theories of the pain theory. </P><> <",0.0,0.0,0.0,neutral,0,0.0932706668972969,"Answer the question as best as you can using the context below. If the answer is explicitly stated, make the best possible inference. If you can't make the most possible inference, make a best possible assumption.Context:Context:The Egyptians and the Egyptians used the same clock as the Egyptians. </P>",0.0,0.0,0.0,neutral,0,0.19074252247810364
1779,what was number one on 21st march 1999,"""Believe""",True,"Answer the question using ONLY the context below. If the answer is not contained in the context, say 'I don't know'. The answer is NOT contained in any context. The answer will be used in the following context: Context: Context : Context:Context: Context (Context)Context:Context (Context",0.0,0.0,0.0,contradiction,0,0.13173922896385193,"Answer the question as best as you can using the context below.If the answer is not explicitly stated, make the best possible inference. If the answer does not explicitly state, make a best possible deduction. If it is not stated, then make the worst possible inference and make the most possible inference using the following",0.0,0.0,0.0,neutral,0,0.476081907749176
1781,queen of the south season 3 episode 12 air date,"September 6, 2018",True,"Answer the question using ONLY the context below. If the answer is not contained in the context, say 'I don't know'.Answer the Question using ONLY The context below and say 'You don't want to know'. <Tr> <Tr><Td colspan=""2""> The context above. <",0.0,0.0,0.0,contradiction,0,0.14384204149246216,"Answer the question as best as you can using the context below.Answer the answer as best possible inference.If the answer is not explicitly stated, make the best possible statement.Answer The Question as best and as best (if the answer isn't explicitly stated) using the following context: <Tr> <Tr",0.0,0.0,0.0,entailment,1,0.8197986483573914
1785,where's washington dc located on a map,"bordered by Montgomery County, Maryland, to the northwest; Prince George's County, Maryland, to the east; and Arlington and Alexandria, Virginia, to the south and west",True,"Answer the question using ONLY the context below. If the answer is not contained in the context, say 'I don't know'. The answer is NOT contained in any context. The answer IS NOT contained IN THE context below, say'I don'nt know'. </Table> <Table> United States Holocaust",0.0,0.08450704225352111,0.0,contradiction,0,0.3104135990142822,"Answer the question as best as you can using the context below. If the answer is explicitly stated, make the best possible inference. If it is not explicitly stated in the context, make a best possible deduction. If not explicitly stating, make that best possible inferences. <Table> United States Holocaust Memorial Museum",0.0,0.07792207792207792,0.0,contradiction,0,0.21452167630195618
1793,who got second place on the world cup,Croatia,True,"Answer the question using ONLY the context below. If the answer is not contained in the context, say 'I don't know'. The answer is NOT contained in any context. The answer will be used in the following context:Context:Contexts:Context :Context: Context:ContextContext:The context:",0.0,0.0,0.0,contradiction,0,0.057179372757673264,"Answer the question as best as you can using the context below.If the answer is not explicitly stated, make the best possible inference. If the answer does not explicitly state, make a best possible statement.Context:Context: Context: ContextContext: contextContext:contextContext:textContext:ExampleContext:",0.0,0.0,0.0,entailment,1,0.5607291460037231
1794,what percentage of the uk population say they have no religion,26.1,True,"Answer the question using ONLY the context below. If the answer is not contained in the context, say 'I don't know'. The answer is NOT contained in any context. The answer will be used in the following context: Context: Context : Context: Religions in Kerala Context: Religion: Religion",0.0,0.0,0.0,contradiction,0,0.046805981546640396,"Answer the question as best as you can using the context below.If the answer is not explicitly stated, make the best possible inference. If the answer does not explicitly state, make a best possible assumption.Context: Kerala, India, India, India, Australia, Australia, New Zealand, New South Wales,",0.0,0.0,0.0,neutral,0,0.4344715178012848
1801,when did the tax free savings account start in canada,"January 1, 2009",True,"Answer the question using ONLY the context below. If the answer is not contained in the context, say 'I don't know'. </P> <Table> <Tr> <Td> Taxation </Td > <Tr><Tr> Tax Policy </Tr> </Tr><Td><Tr",0.0,0.0,0.0,neutral,0,0.03722041845321655,"Answer the question as best as you can using the context below. If the answer is explicitly stated, make the best possible inference. If it is not explicitly stated, make the worst possible inference and make the most possible inference using the following context: <Table> <Table: <P> <P><Table",0.0,0.0,0.0,contradiction,0,0.33785468339920044
1802,who get the flag at a military funeral,the next of kin,True,"Answer the question using ONLY the context below. If the answer is not contained in the context, say 'I don't know'.Answer the Question using ONLY The Context below.Answer the Answer using ONLYThe Context:Context:Contexts:Context :Context:Description:Contextual:ContextContext: Context:",0.0,0.05128205128205128,0.0,neutral,0,0.10786508023738861,"Answer the question as best as you can using the context below.If the answer is not explicitly stated, make the best possible inference. If the answer does not explicitly state, make a best possible assumption. If it is not stated, then make the worst possible inference and make the most possible inference. </P",0.0,0.03508771929824561,0.0,neutral,0,0.279060423374176
1803,who was indian president when first nuclear test were conduct,Dr. Abdul Kalam,True,"Answer the question using ONLY the context below. If the answer is not contained in the context, say 'I don't know'. The answer is the answer to the question that is not in the Context below. The answer to this question is the following:Context:Contexts:Context :Context: Context:",0.0,0.0,0.0,contradiction,0,0.23839755356311798,"Answer the question as best as you can using the context below.If the answer is not explicitly stated, make the best possible inference. If the answer does not explicitly state, make a best possible conclusion.Context: Test Match, ODI, Test Match (1st Test) Test Match, Test MatchContext",0.0,0.0,0.0,entailment,1,0.6589082479476929
1804,when did great britain win the davis cup,2015,True,"Answer the question using ONLY the context below. If the answer is not contained in the context, say 'I don't know'. The answer is NOT contained in any context. The answer will be the answer to the question. The Answer is NOT the answer that is contained in either the context or the context.",0.0,0.0,0.0,contradiction,0,0.08599410951137543,"Answer the question as best as you can using the context below.If the answer is not explicitly stated, make the best possible inference. If the answer does not explicitly state, make a best possible assumption.Context:Context:History:History of the War of 1812<P> Results of the war of",0.0,0.0,0.0,neutral,0,0.41573333740234375
1805,a quorum for a decision in the supreme court is,six,True,"Answer the question using ONLY the context below. If the answer is not contained in the context, say 'I don't know'. </P> <Tr> <ThContext: <Tr><Tr> </Tr><P> President of the Quorum of the Twelve Apostles is a priesthood calling in The",0.0,0.0,1.0,neutral,0,0.10371825098991394,"Answer the question as best as you can using the context below. If the answer is explicitly stated, make the best possible inference. If it is not explicitly stated, make the worst possible inference and make the most possible inference. </P> <Tr>Context:Context:<P> President of the Qu",0.0,0.0,1.0,neutral,0,0.32078680396080017
1818,where are receptors for water soluble hormones located,on the plasma membrane,True,"Answer the question using ONLY the context below. If the answer is not contained in the context, say 'I don't know'. The answer is NOT contained in any context. The answer will be used in the following context: *Context: *Hormone receptor - The hormone receptor is a receptor molecule that",0.0,0.037735849056603765,0.0,neutral,0,0.06195703521370888,"Answer the question as best as you can using the context below. If the answer is explicitly stated, make the best possible inference. If it is not explicitly stated, make the worst possible inference and make the most possible inference using the following context.Context: Hormone receptor - Hormones - Human Human",0.0,0.037735849056603765,0.0,neutral,0,0.15889377892017365
1819,what are the different kinds of mike's hard lemonade,lemonade,True,"Answer the question using ONLY the context below. If the answer is not contained in the context, say 'I don't know'. The answer is NOT contained in any context. The answer will be answered using ONLY what is contained in that context.Context: <Tr> <Tr><Td> Context:",0.0,0.0,1.0,neutral,0,0.2727535665035248,"Answer the question as best as you can using the context below.If the answer is not explicitly stated, make the best possible inference. If the answer does not explicitly state, make a best possible deduction. If it is explicitly stated that the answer was not explicitly specified, make that best possible inferences.Context",0.0,0.0,1.0,entailment,1,0.5134240984916687
1820,what percentage of blood is composed of plasma,55%,True,"Answer the question using ONLY the context below. If the answer is not contained in the context, say 'I don't know'. The answer is the answer to the question below. The answer to this question is the following: <P> <P><> <ABO blood group system is used to denote",0.0,0.0,0.0,neutral,0,0.1857890486717224,"Answer the question as best as you can using the context below.If the answer is not explicitly stated, make the best possible inference. If the answer does not explicitly state, make a best possible assumption.Context: Hemostasis or haemostasis <P> <P><P> Hemostase",0.0,0.0,0.0,neutral,0,0.3909812867641449
1822,who was the winner of season 1 skin wars,Natalie Fletcher,True,"Answer the question using ONLY the context below. If the answer is not contained in the context, say 'I don't know'. The answer is the answer to the question that is not in the Context below.Context:Context:Background:Contexts:Context :Context: Context:ContextContext:Fact:",0.0,0.0,0.0,contradiction,0,0.24080774188041687,"Answer the question as best as you can using the context below.If the answer is not explicitly stated, make the best possible inference. If the answer does not explicitly state, make a best possible assumption. If it is not stated, then make the worst possible inference and make the most possible inference. </P",0.0,0.0,0.0,neutral,0,0.21108378469944
1826,where was the movie lady in white filmed,"Wayne County, New York",True,"Answer the question using ONLY the context below. If the answer is not contained in the context, say 'I don't know'. The answer is NOT contained in any context. The answer will be the answer to the question. The Answer is NOT the answer that is contained in either the context or the context.",0.0,0.0,0.0,contradiction,0,0.015053016133606434,"Answer the question as best as you can using the context below.If the answer is not explicitly stated, make the best possible inference. If the answer does not explicitly state, make a best possible assumption.Context:Context:<Tr> <Th colspan=""2""> Lady in White </Th> </",0.0,0.0,0.0,contradiction,0,0.15557321906089783
1827,when was steph curry drafted in the nba,2009,True,"Answer the question using ONLY the context below. If the answer is not contained in the context, say 'I don't know'. The answer is NOT contained in any context. The answer will be the answer that is not included in the Context below. The Answer is NOT the answer to the question. The Context",0.0,0.0,0.0,contradiction,0,0.19921770691871643,"Answer the question as best as you can using the context below.If the answer is not explicitly stated, make the best possible inference. If the answer does not explicitly state, make a best possible deduction.Context: The NBA Salary Cap, the NBA Salary cap, and the NBA's Salary Cap.Contexts",0.0,0.0,0.0,entailment,1,0.49567246437072754
1832,the first public playhouse ( the theatre ) is built in london,1576,True,"Answer the question using ONLY the context below. If the answer is not contained in the context, say 'I don't know'. The answer is NOT contained in any context. The answer will be used in the following context:Context:Contexts:Context :Context:Location:ContextContext: Context:Context",0.0,0.0,1.0,contradiction,0,0.0780976265668869,"Answer the question as best as you can using the context below.If the answer is not explicitly stated, make the best possible inference. If the answer does not explicitly state, make a best possible deduction.Context:Context:Theatre<P> <P> The Theatre was an Elizabethan playhouse in",0.0,0.0,1.0,entailment,1,0.5456758737564087
1838,who is the current chief minister of kerala,Pinarayi Vijayan,True,"Answer the question using ONLY the context below. If the answer is not contained in the context, say 'I don't know'. If the question is not answered using ONLY that context, then say 'You don't have to know'. </P> <Table> <P> The Chief of Naval Staff is",0.0,0.0,1.0,entailment,1,0.4427756667137146,"Answer the question as best as you can using the context below.If the answer is not explicitly stated, make the best possible inference. If the answer does not explicitly state, make a best possible assumption. If it is not stated, then make the worst possible inference and make the most possible inference using the following",0.0,0.0,1.0,neutral,0,0.3982146084308624
1841,who played entwistle in last of the summer wine,"Herbert Tsangtse ""Burt"" Kwouk",True,"Answer the question using ONLY the context below. If the answer is not contained in the context, say 'I don't know'. The answer is NOT contained in any context. The answer will be answered using ONLY what is contained in that context.Context: Wine ( American spelling ) and Wine ( British spelling )",0.0,0.0,0.0,contradiction,0,0.3244956135749817,"Answer the question as best as you can using the context below.If the answer is not explicitly stated, make the best possible inference. If the answer does not explicitly state, make a best possible assumption.Context: Wine ( American spelling ) or Wine ( British spelling ) ( American pronunciation ) ( English spelling )",0.0,0.0,0.0,entailment,1,0.5100496411323547
1847,where does the last name shinn come from,Korea,True,"Answer the question using ONLY the context below. If the answer is not contained in the context, say 'I don't know'. The answer is the answer to the question that is not in the Context below.Context:Context: Context: Context : Context:Context : Context :Context: context: Context <",0.0,0.0,0.0,contradiction,0,0.17198072373867035,"Answer the question as best as you can using the context below.If the answer is not explicitly stated, make the best possible inference. If the answer does not explicitly state the answer, make a best possible conclusion. If it is not stated, then make the worst possible inference and make the most possible inference using",0.0,0.0,0.0,neutral,0,0.4255216717720032
1850,when does the new season of legion come out,February 2018,True,"Answer the question using ONLY the context below. If the answer is not contained in the context, say 'I don't know'. The answer is the answer to the question that is not in the Context below.Context: The poem is written in 1922 at his house in Shaftsbury, Vermont. Frost",0.0,0.0,0.0,contradiction,0,0.32076942920684814,"Answer the question as best as you can using the context below.If the answer is not explicitly stated, make the best possible inference. If the answer does not explicitly state, make a best possible assumption.Context: The poem is written in 1922 at the time of the first season of the show. The poem",0.0,0.0,0.0,entailment,1,0.6649839878082275
1853,game of thrones season 7 season 3 release date,"July 30, 2017",True,"Answer the question using ONLY the context below. If the answer is not contained in the context, say 'I don't know'.Answer the Question using ONLY The Context below.Answer the Answer using ONLY THE Context below: <Tr> <Tr><Tr> {Th colspan=""2""> Game of Thrones",0.0,0.0,0.0,entailment,1,0.7822534441947937,"Answer the question as best as you can using the context below. If the answer is explicitly stated, make the best possible inference. If not explicitly stated then make the worst possible inference using the following context: <Tr> <Tr><Td colspan=""2""> List of Game of Thrones episodes </T",0.0,0.0,0.0,neutral,0,0.39076510071754456
1854,where did the king of france live before versailles,Tuileries Palace,True,"Answer the question using ONLY the context below. If the answer is not contained in the context, say 'I don't know'.Answer the answer using ONLY what the context is.Answer the Answer using ONLY that context below: <Tr> <Tr><Td colspan=""2""> The context below </",0.0,0.0,0.0,entailment,1,0.8286275863647461,"Answer the question as best as you can using the context below.If the answer is not explicitly stated, make the best possible inference.Example:Example: Example: Example of the following: Example Example:Example of the above: ExampleExample: Examples of the relevant context: Example. Example: Examples. Example",0.0,0.0,0.0,neutral,0,0.2545948326587677
1856,who won season 11 of food network star,Eddie Jackson,True,"Answer the question using ONLY the context below. If the answer is not contained in the context, say 'I don't know'.Answer the answer using ONLY The context below and say 'No. of episodes </Th> </Tr> <Tr> </Th><Tr> {Tr> No. of episode",0.0,0.0,1.0,neutral,0,0.39110806584358215,"Answer the question as best as you can using the context below.If the answer is not explicitly stated, make the best possible inference. If the answer does not explicitly state, make a best possible assumption. If it does not state, then make the worst possible inference and make the most possible inference using the following",0.0,0.0,1.0,neutral,0,0.42308923602104187
1858,when is the last time the capitals made it to the stanley cup,2017–18,True,"Answer the question using ONLY the context below. If the answer is not contained in the context, say 'I don't know'.Answer the answer using ONLY what the context is. If it is contained in a context, then say 'Yes'.Answer: 'I'm not sure'.Context:Context:Question",0.0,0.0,0.0,neutral,0,0.03354771435260773,"Answer the question as best as you can using the context below.If the answer is not explicitly stated, make the best possible inference. If the answer does not explicitly state, make a best possible statement. If it is explicitly stated in the context, make it the best way possible inference, and make the worst",0.0,0.0,0.0,neutral,0,0.05186374858021736
1864,who played the clown on american horror story,John Carroll Lynch,True,"Answer the question using ONLY the context below. If the answer is not contained in the context, say 'I don't know'.Answer the Question using ONLY The Context below.Answer the Answer using ONLYThe Context:Context:Context :Context: Context: Context :Context : Context: Subject:Context::Context",0.0,0.0,0.0,entailment,1,0.836045503616333,"Answer the question as best as you can using the context below.If the answer is not explicitly stated, make the best possible inference. If the answer does not explicitly state, make a best possible statement. If it is not stated, use the best available inference.Context:Context: Context:Context :Context",0.0,0.0,0.0,entailment,1,0.6898879408836365
1867,who managed the estate when the lord was away,the steward,True,"Answer the question using ONLY the context below. If the answer is not contained in the context, say 'I don't know'. The answer is NOT contained in any context. The answer IS NOT contained IN THE context below, but is contained in a context.Context:Context:The answer is contained within the",0.0,0.039215686274509796,0.0,contradiction,0,0.053301628679037094,"Answer the question as best as you can using the context below.If the answer is not explicitly stated, make the best possible inference. If the answer does not explicitly state, make a best possible statement. If it does not clearly state, then make the worst possible inference possible.Context:Context: Context:",0.0,0.039215686274509796,0.0,entailment,1,0.5347124934196472
1868,how do you say great britain in french,Grande-Bretagne,True,"Answer the question using ONLY the context below. If the answer is not contained in the context, say 'I don't know'. The answer is NOT contained in any context. The answer may be omitted if the answer does not contain the context.Context: <Table> <Tr> <Td> ``",0.0,0.0,0.0,contradiction,0,0.10201939940452576,"Answer the question as best as you can using the context below. If the answer is explicitly stated, make the best possible inference. If it is not explicitly stated in the context, make a best possible deduction.Context: <Table> <Tr> <Td> `` </Td > <Table >",0.0,0.0,0.0,neutral,0,0.40078896284103394
1870,when was the last time man u was in the champions league,2017–18,True,"Answer the question using ONLY the context below. If the answer is not contained in the context, say 'I don't know'.Answer the Question using ONLY The Context below.Answer the Answer using ONLYThe Context:Context:Contexts:ContextContext:The Contexts:The Answer:TheContext:</",0.0,0.0,0.0,neutral,0,0.37066391110420227,"Answer the question as best as you can using the context below.If the answer is not explicitly stated, make the best possible inference. If the answer does not explicitly state the answer, make a best possible statement.Context:Context: Context: ContextContext:contextContext:textContext:ExampleContext:Text",0.0,0.0,0.0,entailment,1,0.4925580322742462
1876,when did i can only imagine get released,2001,True,"Answer the question using ONLY the context below. If the answer is not contained in the context, say 'I don't know'.Answer the answer using ONLY The context below and say 'You don't want to know'. </Tr> <Tr> </Tr><Tr> <!--Th colspan=""2"">",0.0,0.0,1.0,contradiction,0,0.12838192284107208,"Answer the question as best as you can using the context below. If the answer is explicitly stated, make the best possible inference. If it is not explicitly stated in the context, make it the best way inference. Example: Example:Example: Example 2. Example 3. Example 4. Example 2: Example",0.0,0.0,1.0,contradiction,0,0.19104447960853577
1879,who played the ice queen in once upon a time,Elizabeth Mitchell,True,"Answer the question using ONLY the context below. If the answer is not contained in the context, say 'I don't know'. The answer is NOT contained in any context. The answer will be 'I do not know'.Context:Context:<Tr> <Th colspan=""2""> Once Upon a",0.0,0.0,0.0,contradiction,0,0.18531587719917297,"Answer the question as best as you can using the context below.If the answer is not explicitly stated, make the best possible inference. If the answer does not explicitly state, make a best possible assumption.Context:Context: Context:Context :Context:context:ContextContext:Example:Context.Context.",0.0,0.0,0.0,entailment,1,0.5124484896659851
1881,where is dirty dancing supposed to take place,a resort in the Catskill Mountains,True,"Answer the question using ONLY the context below. If the answer is not contained in the context, say 'I don't know'. If the question is not answered, say ""I don't know'.Answer the Question using ONLY The Context below.Context:Context:The Context:Contexts:Context :",0.0,0.08888888888888889,0.0,entailment,1,0.7551843523979187,"Answer the question as best as you can using the context below.If the answer is not explicitly stated, make the best possible inference. If the answer does not explicitly state the answer, make a best possible assumption.Context:Context:The answer is explicitly stated.Context is:Context is not stated. Context",0.0,0.07692307692307691,0.0,entailment,1,0.602807343006134
1884,who did the marlins beat in the 2003 world series,New York Yankees,True,"Answer the question using ONLY the context below. If the answer is not contained in the context, say 'I don't know'.Answer the Question using ONLY The Context below.Answer the Answer using ONLYThe Context:Context:Context :Context: Context: Context :Context : Context:context:Contexts:",0.0,0.0,1.0,entailment,1,0.4464300572872162,"Answer the question as best as you can using the context below. If the answer is explicitly stated, make the best possible inference. If it is not explicitly stated in the context, make a best possible deduction. If you are not explicitly stating, make your best possible conclusion. If not explicitly specified, make it",0.0,0.0,1.0,entailment,1,0.4025689661502838
1890,david tennant's last episode of doctor who,The End of Time,True,"Answer the question using ONLY the context below. If the answer is not contained in the context, say 'I don't know'.Answer the Question using ONLY The context below and say 'The answer is NOT contained in any context below'.Answer The Question using Only the Context below.Context:Context: Context:",0.0,0.0392156862745098,1.0,neutral,0,0.39085960388183594,"Answer the question as best as you can using the context below. If the answer is explicitly stated, make the best possible inference. If it is not explicitly stated in the context, make a best possible deduction. If you are not explicitly stating, make your best possible conclusion. If not explicitly specified, make it",0.0,0.034482758620689655,1.0,entailment,1,0.5218728184700012
1891,who is the actor that plays the hound,Rory McCann,True,"Answer the question using ONLY the context below. If the answer is not contained in the context, say 'I don't know'. The answer is NOT contained in any context. The answer will be 'I do not know'. </P> <P> The following is a list of the characters in the CB",0.0,0.0,0.0,entailment,1,0.7170068621635437,"Answer the question as best as you can using the context below.If the answer is not explicitly stated, make the best possible inference. If the answer does not explicitly state, make a best possible assumption.Context:Context:Keystone Species <Tr> <Tr><Tr><Tr> This is a",0.0,0.0,0.0,neutral,0,0.3208696246147156
1894,who wrote love so soft by kelly clarkson,Mozella,True,"Answer the question using ONLY the context below. If the answer is not contained in the context, say 'I don't know'.Answer the answer using ONLY The context below and say 'You don't want to know'. <Tr> <Th colspan=""2""> <Td colspan=2"">",0.0,0.0,1.0,contradiction,0,0.09542874991893768,"Answer the question as best as you can using the context below.Answer the answer as best possible inference.If the answer is not explicitly stated, make the best possible statement.Answer The Question as best and as best (if the answer was explicitly stated) using the following context: <Tr> <Th col",0.0,0.0,1.0,entailment,1,0.6136741638183594
1895,who is the home minister of india 2013,Sushilkumar Shinde,True,"Answer the question using ONLY the context below. If the answer is not contained in the context, say 'I don't know'. The answer is NOT contained in any context. The answer will be used in the following context:Context:Contexts:Context :Context:Background:Context-Context: Context:",0.0,0.0,0.0,contradiction,0,0.02882954105734825,"Answer the question as best as you can using the context below.If the answer is not explicitly stated, make the best possible inference. If the answer does not explicitly state, make a best possible conclusion.Context: The Constitution of India (Article 1)<P> The Prime Minister of India is the chief",0.0,0.0,0.0,entailment,1,0.4977490305900574
1899,who survives the plane crash on grey's anatomy,Dr. Meredith Grey (Ellen Pompeo),True,"Answer the question using ONLY the context below. If the answer is not contained in the context, say 'I don't know'.Answer the answer using ONLY The context below and say 'You don't want to know'. <Tr> <Th colspan=""2""> Grey's Anatomy ( season 14",0.0,0.0,0.0,contradiction,0,0.16977980732917786,"Answer the question as best as you can using the context below. If the answer is explicitly stated, make the best possible inference. If it is not explicitly stated or made the best available inference, make a best possible assumption. If you are not explicitly stating, make that best possible deduction. If not explicitly specified",0.0,0.0,0.0,neutral,0,0.3981698155403137
1900,where is the united states located on earth,38°00′00″N 97°00′00″W﻿ / ﻿38.000°N 97.000°W,True,"Answer the question using ONLY the context below. If the answer is not contained in the context, say 'I don't know'.Answer the answer using ONLY what is contained in that context.Answer the Question using ONLY ( subject to the caveats explained below) and say 'Yes'.Context: Cedar River - Cedar",0.0,0.0,0.0,contradiction,0,0.1407274603843689,"Answer the question as best as you can using the context below.If the answer is not explicitly stated, make the best possible inference. If the answer does not explicitly state, make a best possible assumption.Context: Cedar River - Cedar River, Iowa, United States, United Kingdom, United State, United Nations",0.0,0.0,0.0,neutral,0,0.3561688959598541
1913,who is the famous painter who painted shakunthala,Raja Ravi Varma.,True,"Answer the question using ONLY the context below. If the answer is not contained in the context, say 'I don't know'.Answer the Question using ONLY The Context below.Answer the Answer using ONLYThe Context:Context:Contexts:Context :Context:The Story of Gon Freecss The Hunter × Hunter",0.0,0.0,0.0,entailment,1,0.6831042766571045,"Answer the question as best as you can using the context below.If the answer is not explicitly stated, make the best possible inference. If the answer does not explicitly state, make a best possible deduction. If it is not stated, then make the worst possible inference and make the most possible inference. </P",0.0,0.0,0.0,neutral,0,0.45955491065979004
1916,the highest yield of rice per hectare in india is in which state,West Bengal,True,"Answer the question using ONLY the context below. If the answer is not contained in the context, say 'I don't know'. The answer is the answer that is not included in the Context below. The answer that will be used is the context that is used to answer the question.Context:<Ol>",0.0,0.0,0.0,neutral,0,0.1264287829399109,"Answer the question as best as you can using the context below.If the answer is not explicitly stated, make the best possible inference.Example: For a gas : the hypothetical gas that obeyed the ideal gas equation at a pressure of 1 atm </Li> <Ol> <Li> For a sol",0.0,0.0,0.0,neutral,0,0.24086661636829376
1917,who wrote have a little talk with jesus,Cleavant Derricks,True,"Answer the question using ONLY the context below. If the answer is not contained in the context, say 'I don't know'. The answer is the answer to the question that is not in the Context below. The answer to this question is `` I don't really know''. The answer that is contained",0.0,0.0,0.0,contradiction,0,0.12421093881130219,"Answer the question as best as you can using the context below.If the answer is not explicitly stated, make the best possible inference. If the answer does not explicitly state, make a best possible deduction. If it is explicitly stated and makes the best inference, make it the best way possible inference. </P",0.0,0.0,0.0,neutral,0,0.1112055629491806
1918,who owns the pawn shop on pawn stars,Richard (Rick) Kevin Harrison,True,"Answer the question using ONLY the context below. If the answer is not contained in the context, say 'I don't know'.Answer the answer using ONLY THE context below: <Tr> <Th> Pawn Stars </Th> <Td> Pause Stars </Td></Tr> </Tr",0.0,0.0,0.0,entailment,1,0.7396178841590881,"Answer the question as best as you can using the context below. If the answer is explicitly stated, make the best possible inference. If it is not explicitly stated in the context, make it the best way inference. Example: Example:Example: Example 2. Example 3. Example 4. Example 2: Example",0.0,0.0,0.0,contradiction,0,0.13569240272045135
1920,who wrote the song i'm coming home,Jermaine Cole,True,"Answer the question using ONLY the context below. If the answer is not contained in the context, say 'I don't know'.Answer the Question using ONLY The Context below. Answer the Question Using ONLY the Context below: <P> <P><Context: <Tr> <Tr><Context> <T",0.0,0.0,1.0,neutral,0,0.12825819849967957,"Answer the question as best as you can using the context below.If the answer is not explicitly stated, make the best possible inference. If the answer does not explicitly state, make a best possible statement. If it does not state, then make the worst possible inference and make the most possible inference using the following",0.0,0.0,1.0,neutral,0,0.07094008475542068
1922,who has won the mens single title in the australian open tennis tournament 2018,Roger Federer,True,"Answer the question using ONLY the context below. If the answer is not contained in the context, say 'I don't know'. If the question is not answered, say'I don't know'. The answer is NOT contained in any context. The answer will be answered using ONLY what the context is.",0.0,0.0,0.0,entailment,1,0.3945290148258209,"Answer the question as best as you can using the context below. If the answer is explicitly stated, make the best possible inference. If it is not explicitly stated in the context, make a best possible deduction. If you are not explicitly stating the answer, make it as best possible conclusion.Context:Context:",0.0,0.0,0.0,entailment,1,0.6055660247802734
1924,when does episode 5 come out for game of thrones,"April 12, 2015",True,"Answer the question using ONLY the context below. If the answer is not contained in the context, say 'I don't know'.Answer the Question using ONLY The context below and say 'No. of episodes </Td> </Tr> <Tr> </Table> <Table> </Tas> <",0.0,0.0,0.0,neutral,0,0.34459447860717773,"Answer the question as best as you can using the context below. If the answer is explicitly stated, make the best possible inference. If it is not explicitly stated in the context, make it the best way inference. Example: Example:Example: Example 2. Example 3. Example 4. Example 2: Example",0.0,0.0,0.0,contradiction,0,0.1768886148929596
1928,who sang best of my love by the eagles,Don Henley,True,"Answer the question using ONLY the context below. If the answer is not contained in the context, say 'I don't know'.Answer the Question using ONLY The Context below.Answer the Answer using ONLY THE Context below: <Tr> <Tr><Tr> {Th colspan=""2""> <Td",0.0,0.0,1.0,entailment,1,0.6894561648368835,"Answer the question as best as you can using the context below. If the answer is explicitly stated, make the best possible inference. If it is not explicitly stated then make the worst possible inference using the following context: <Tr> <Tr><Td colspan=""2""> <Td> The album",0.0,0.0,1.0,neutral,0,0.35808053612709045
1936,where is the baseball all-star game being played,"July 11, 2017",True,"Answer the question using ONLY the context below. If the answer is not contained in the context, say 'I don't know'.Answer the Question using ONLY The Context below.Context:Context:The Answer:Contexts:Context :Context:<P> Over the 140 years of Major League Baseball history,",0.0,0.0,0.0,entailment,1,0.6567923426628113,"Answer the question as best as you can using the context below.If the answer is not explicitly stated, make the best possible inference. If the answer does not explicitly state, make a best possible deduction.Context:Context:The following is a list of the most - time leading figures achieved in the NBA All",0.0,0.0,0.0,entailment,1,0.49599790573120117
1937,who plays second base for the boston red sox,Dustin Luis Pedroia,True,"Answer the question using ONLY the context below. If the answer is not contained in the context, say 'I don't know'.Answer the answer using ONLY THE context below: <Tr> <Tr><Tr> {Th colspan=""2""> New York Yankees Boston Red Sox </Td> </Tr",0.0,0.0,0.0,entailment,1,0.8555830121040344,"Answer the question as best as you can using the context below. If the answer is explicitly stated, make the best possible inference. If it is not explicitly stated then make the worst possible inference, make a best possible assumption. Example: Example:Example: Example 2: Example 3: Example 4: Example 1",0.0,0.0,0.0,neutral,0,0.36855548620224
1943,when did the transcontinental railroad start being built,"January 8, 1863",True,"Answer the question using ONLY the context below. If the answer is not contained in the context, say 'I don't know'.Answer the Question using ONLY The Context below.Answer the Answer using ONLYThe Context:Context:Context :Context: Context: Context :Context : Context: context: Context.Context",0.0,0.0,0.0,entailment,1,0.680426836013794,"Answer the question as best as you can using the context below.If the answer is not explicitly stated, make the best possible inference. If the answer does not explicitly state, make a best possible deduction. If it does not state the answer, make it the best way to infer the inference.Context: <",0.0,0.0,0.0,entailment,1,0.5784543752670288
1957,who plays the role of julian on instinct,Naveen Andrews,True,"Answer the question using ONLY the context below. If the answer is not contained in the context, say 'I don't know'. The answer is NOT contained in any context. The answer will be answered using ONLY a context below. </P> <P> The Y - Δ transform is a transform for three",0.0,0.0,0.0,neutral,0,0.40433794260025024,"Answer the question as best as you can using the context below. If the answer is explicitly stated, make the best possible inference. Example: Example:Example: Example of the Y - Δ transform for three resistors. Example: The Y - δ transform for two resistors. Example of Example: Context",0.0,0.0,0.0,neutral,0,0.11689739674329758
1960,when does dynasty come back for season 2,"October 12, 2018",True,"Answer the question using ONLY the context below. If the answer is not contained in the context, say 'I don't know'.Answer the Question using ONLY The context below and say 'You don't want to know'. Answer the Question Using ONLY the Context below. <Tr> <Tr><Tr> </",0.0,0.0,0.0,neutral,0,0.35640549659729004,"Answer the question as best as you can using the context below. If the answer is explicitly stated, make the best possible inference. If it is not explicitly stated in the context, make a best possible statement. If you are not explicitly stating, make your best possible interpretation. If not explicitly specified, make that",0.0,0.0,0.0,entailment,1,0.6026243567466736
1972,who was prime minister when we joined europe,Edward Heath,True,"Answer the question using ONLY the context below. If the answer is not contained in the context, say 'I don't know'. If the question is not answered, say it is not in the Context below.Context: India's Prime Ministers, India's First Prime Minister, India's First Prime Ministers,",0.0,0.0,0.0,neutral,0,0.0950457975268364,"Answer the question as best as you can using the context below.If the answer is not explicitly stated, make the best possible inference. If the answer does not explicitly state, make a best possible assumption.Context: India's Prime Ministers, India's First Prime Minister, India's First Prime Ministers, India",0.0,0.0,0.0,neutral,0,0.47136935591697693
1973,who wrote turn me on by norah jones,John D. Loudermilk,True,"Answer the question using ONLY the context below. If the answer is not contained in the context, say 'I don't know'.Answer the Question using ONLY The Context below.Answer the Answer using ONLYThe Context:Context:Context :Context: Context: Context :Context : Context: Subject: Context <P",0.0,0.0,0.0,entailment,1,0.6680096387863159,"Answer the question as best as you can using the context below. If the answer is explicitly stated, make the best possible inference. If it is not explicitly stated then make the worst possible inference, make a best possible deduction. If you are not explicitly stating, make your best possible conclusion. If not explicitly specified",0.0,0.0,0.0,entailment,1,0.49001649022102356
1974,who sings the song tequila makes my clothes fall off,Joe Nichols,True,"Answer the question using ONLY the context below. If the answer is not contained in the context, say 'I don't know'.Answer the Question using ONLY The Context below.Answer the Context below: <Tr> <Th colspan=""2""> <Th> <Td> Joe Nichols </Td",0.0,0.09756097560975609,1.0,entailment,1,0.8141119480133057,"Answer the question as best as you can using the context below. If the answer is explicitly stated, make the best possible inference. If it is not explicitly stated then make the worst possible inference, make a best possible deduction. Example: Example:Example: Example 2. Example 3. Example 4. Example 2",0.0,0.0,1.0,neutral,0,0.2713635563850403
1975,when is the next dragonball movie coming out,January 2019 (January 2019) (U.S. theatrical),True,"Answer the question using ONLY the context below. If the answer is not contained in the context, say 'I don't know'. The answer is the answer to the question that is not in the Context below. The answer to this question is the following:Context:Context :Context: Context:Contexts:",0.0,0.0,0.0,contradiction,0,0.1739458292722702,"Answer the question as best as you can using the context below. If the answer is explicitly stated, make the best possible inference. If it is not explicitly stated, make the worst possible inference and make the most possible inference. </P> <P>Context: The 900 is a flexible catchphrase for a",0.0,0.0,0.0,neutral,0,0.4065123498439789
1976,where did the day of the dead originate from,celebrations in Mexico developed from ancient traditions among its pre-Columbian cultures,True,"Answer the question using ONLY the context below. If the answer is not contained in the context, say 'I don't know'. </Td> <Tr> <Th> <Td colspan=""2""> Day of the Dead </Th> </Tr> </TD> <Table> <",0.0,0.04444444444444444,0.0,neutral,0,0.04735473915934563,"Answer the question as best as you can using the context below. If the answer is explicitly stated, make the best possible inference. If it is not explicitly stated in the context, make a best possible deduction. Example: Example:Example: Example of Example:Context: Example : Example: Context: Example <",0.0,0.03508771929824561,0.0,entailment,1,0.5190591812133789
1977,what country has the most medals in olympic history,United States,True,"Answer the question using ONLY the context below. If the answer is not contained in the context, say 'I don't know'. The answer is NOT contained in any context. The answer will be used in the following context: </P> <P> The history of British Columbia is a history of Canadian history",0.0,0.0,1.0,neutral,0,0.08000531792640686,"Answer the question as best as you can using the context below.If the answer is not explicitly stated, make the best possible inference. If the answer does not explicitly state, make a best possible assumption. If it is not stated, then make the worst possible inference and make the most possible inference. </P",0.0,0.0,1.0,neutral,0,0.2450854331254959
1978,what do the aliens from toy story say,"You have saved our lives, we are eternally grateful,""",True,"Answer the question using ONLY the context below. If the answer is not contained in the context, say 'I don't know'.Answer the answer using ONLY The context below and say 'You don't want to know'. </Table> <Tr> <Td colspan=""2""> <TD col",0.0,0.04,0.0,contradiction,0,0.14335666596889496,"Answer the question as best as you can using the context below. If the answer is explicitly stated, make the best possible inference. If it is not explicitly stated in the context, make it the best way inference. Example: Example:Example: Example 2: Example 3: Example 4: Example 1: Example",0.0,0.034482758620689655,0.0,contradiction,0,0.15172313153743744
1979,which country has the largest population in europe,Germany,True,"Answer the question using ONLY the context below. If the answer is not contained in the context, say 'I don't know'. The answer is NOT contained in any context. The answer will be answered using ONLY what is contained in that context.Context: The World's New Population and the World's Most Powerful",0.0,0.0,0.0,neutral,0,0.2886594533920288,"Answer the question as best as you can using the context below.If the answer is not explicitly stated, make the best possible inference. If the answer does not explicitly state, make a best possible assumption.Context:Context:History:Context :Context: Context:Contextual:Contexts:ContextContext:",0.0,0.0,0.0,entailment,1,0.5531230568885803
1983,who directed taylor swift out of the woods,Joseph Kahn,True,"Answer the question using ONLY the context below. If the answer is not contained in the context, say 'I don't know'.Answer the answer using ONLY The context below and say 'You don't want to know'. <Tr> <Th colspan=""2""> <Td colspan=2"">",0.0,0.0,0.0,contradiction,0,0.07788898050785065,"Answer the question as best as you can using the context below. If the answer is explicitly stated, make the best possible inference. If it is not explicitly stated in the context, make it the best way inference. Example: Example:Example: Example 2. Example 3. Example 4. Example 2: Example",0.0,0.0,0.0,contradiction,0,0.17847596108913422
1985,who plays tom buchanan in the great gatsby 2013,Joel Edgerton,True,"Answer the question using ONLY the context below. If the answer is not contained in the context, say 'I don't know'.Answer the answer using ONLY The context below and say 'You don't want to know'. </Td> <Tr> <Th> <Td colspan=""2"">",0.0,0.0,1.0,contradiction,0,0.15488435328006744,"Answer the question as best as you can using the context below. If the answer is explicitly stated, make the best possible inference. If it is not explicitly stated then make the worst possible inference, make a best possible deduction. If you are not explicitly stating, make your best possible conclusion. </Context: <",0.0,0.0,1.0,neutral,0,0.4156421720981598
1987,when does greys anatomy season 13 come on now tv,"September 22, 2016",True,"Answer the question using ONLY the context below. If the answer is not contained in the context, say 'I don't know'.Answer the answer using ONLY The context below and say 'You don't want to know'. <Tr> <Th colspan=""2""> List of Grey's Anatomy episodes",0.0,0.0,1.0,contradiction,0,0.12204760313034058,"Answer the question as best as you can using the context below. If the answer is explicitly stated, make the best possible inference. If it is not explicitly stated then make the worst possible inference, make a best possible assumption. If you can't make the most possible inference you can make the least possible inference and",0.0,0.0,1.0,neutral,0,0.3102618157863617
1989,what type of paint are cars painted with,Enamel,True,"Answer the question using ONLY the context below. If the answer is not contained in the context, say 'I don't know'. The answer is the answer that is contained in your context. </P> <P>Context: The context of the question is the context of a context. <P><P",0.0,0.0,1.0,neutral,0,0.0583503432571888,"Answer the question as best as you can using the context below. If the answer is explicitly stated, make the best possible inference. If it is not explicitly stated in the context, make a best possible deduction.Context: <P> <P><P> Paint is paint used on automobiles for both protection and",0.0,0.0,1.0,neutral,0,0.43784353137016296
1996,phase of the moon during a lunar eclipse,a lunar eclipse can occur only the night of a full moon,True,"Answer the question using ONLY the context below. If the answer is not contained in the context, say 'I don't know'.Answer the Question using ONLY The Context below.Answer the Answer using ONLYThe Context:Context:Contexts:Context :Context: Context: Contexts: ContextContext:context:",0.0,0.0816326530612245,0.0,entailment,1,0.3794941008090973,"Answer the question as best as you can using the context below.If the answer is not explicitly stated, make the best possible inference. If the answer does not explicitly state, make a best possible assumption.Context:Context:The Moon is a giant - impact hypothesis, sometimes called the Big Splash, or the",0.0,0.16666666666666669,0.0,entailment,1,0.5719995498657227
2004,what transmission is in a 2003 jeep liberty,manual transmission,True,"Answer the question using ONLY the context below. If the answer is not contained in the context, say 'I don't know'.Answer the answer using ONLY what the context is.Answer the Question using ONLY that context below:Context: Color television <Tr> <Tr><Tr> Color television is a television",0.0,0.0,0.0,entailment,1,0.563030481338501,"Answer the question as best as you can using the context below.If the answer is not explicitly stated, make the best possible inference. If the answer does not explicitly state, make a best possible deduction. If it is explicitly stated that the answer was not explicitly specified, make that best possible conclusion. If not",0.0,0.0,0.0,neutral,0,0.35273411870002747
2007,what family is rosaline from in romeo and juliet,Capulet,True,"Answer the question using ONLY the context below. If the answer is not contained in the context, say 'I don't know'.Answer the Question using ONLY The context below: <Tr> <Tr><Td colspan=""2""> Rosaline </Th> </Tr> </Td> <T",0.0,0.0,1.0,entailment,1,0.9217921495437622,"Answer the question as best as you can using the context below.If the answer is not explicitly stated, make the best possible inference.Example:Example:Context:Context :Context: Context:Context::Context:context:ContextContext:ExampleContext:Text:Context.Context:<Tr> <Tr",0.0,0.0,1.0,neutral,0,0.23218466341495514
2009,when does the next godzilla anime come out,November 2018,True,"Answer the question using ONLY the context below. If the answer is not contained in the context, say 'I don't know'. The answer is NOT contained in any context. The answer IS NOT contained within the context. It is NOTHING. The Answer is NOT HISTORY. The Context: The Context",0.0,0.0,0.0,neutral,0,0.3063313663005829,"Answer the question as best as you can using the context below. If the answer is explicitly stated, make the best possible inference. If it is not explicitly stated or made the best available inference, make a best possible statement. If you are not explicitly stating, make your best possible interpretation.Context: <Tr",0.0,0.0,0.0,entailment,1,0.5572012066841125
2012,how many harry potter rides are at universal,four,True,"Answer the question using ONLY the context below. If the answer is not contained in the context, say 'I don't know'.Answer the answer using ONLY The context below, say'I don' know'. Answer the question with ONLY the Context below. Answer the answer with ONLY The Context below, and say",0.0,0.0,0.0,entailment,1,0.5581371188163757,"Answer the question as best as you can using the context below. If the answer is explicitly stated, make the best possible inference. If it is not explicitly stated then make the worst possible inference, make a best possible assumption. Example: Example:Example: Example 2: Example 3: Example 4: Example 1",0.0,0.0,0.0,neutral,0,0.4533960819244385
2014,when did what happens in vegas stays in vegas start,2004,True,"Answer the question using ONLY the context below. If the answer is not contained in the context, say 'I don't know'. The answer is NOT contained in any context. The answer IS NOT contained within the context. It is NOTHING. The Answer is NOT HAPPENING.Context: <",0.0,0.0,0.0,neutral,0,0.13681741058826447,"Answer the question as best as you can using the context below.If the answer is not explicitly stated, make the best possible inference.Example:Example: Example: Example of the following: Example Example:Example of the above:Example Example:Context: ExampleExample:Context : Example of Example: <Table",0.0,0.0,0.0,neutral,0,0.1828518956899643
2016,where did the shot heard around the world happen,at the Polo Grounds in New York City,True,"Answer the question using ONLY the context below. If the answer is not contained in the context, say 'I don't know'.Answer the Question using ONLY The Context below.Answer the Answer using ONLY THE Context below: <Table> <Table: <P> <P><Table> </P> In",0.0,0.0816326530612245,1.0,entailment,1,0.4875050187110901,"Answer the question as best as you can using the context below. If the answer is explicitly stated, make the best possible inference. If it is not explicitly stated or made the best available inference.Answer the Question as best and as best (if the answer was explicitly stated) using the following context: Context:",0.0,0.03278688524590164,1.0,entailment,1,0.504398763179779
2018,where is area code 708 located in the usa,western and southern Cook County and eastern and southern Will County in the state of Illinois,True,"Answer the question using ONLY the context below. If the answer is not contained in the context, say 'I don't know'.Answer the answer using ONLY what the context is.Answer the Question using ONLY that context below: Context: Context : Context:Context: Context - Context: context: Context-Context",0.0,0.06779661016949153,0.0,entailment,1,0.5715436339378357,"Answer the question as best as you can using the context below.If the answer is not explicitly stated, make the best possible inference. If the answer does not explicitly state, make a best possible assumption. If it is not stated, then make the worst possible inference and make the most possible inference using the following",0.0,0.08450704225352113,0.0,neutral,0,0.45714113116264343
2019,who sings i'm trying to leave something behind,Sean Rowe,True,"Answer the question using ONLY the context below. If the answer is not contained in the context, say 'I don't know'.Answer the answer using ONLY what the context is.Answer the Question using ONLY ( ONLY the Context below).Answer the Answer using ONLY The Context below.Answer The Answer Using ONLY the",0.0,0.0,0.0,entailment,1,0.5891657471656799,"Answer the question as best as you can using the context below.If the answer is not explicitly stated, make the best possible inference. If the answer does not explicitly state, make a best possible deduction.Context:Context: Context: Context.Context.Context : Context. Context.context.Context.Context",0.0,0.0,0.0,entailment,1,0.6167517304420471
2020,when did sendong enter the philippine area of responsibility,Early on December 15,True,"Answer the question using ONLY the context below. If the answer is not contained in the context, say 'I don't know'. The answer is NOT contained in any context. The answer will be the answer to the question. The Answer is NOT the answer that is contained in either the context or the context.",0.0,0.0,0.0,contradiction,0,0.12854290008544922,"Answer the question as best as you can using the context below.If the answer is not explicitly stated, make the best possible inference. If the answer does not explicitly state, make a best possible deduction.Context: The NBA is a. </P> <P> In the earliest days of the NBA,",0.0,0.0,0.0,entailment,1,0.47899386286735535
2023,who played the godfather in the movie the godfather,Marlon Brando,True,"Answer the question using ONLY the context below. If the answer is not contained in the context, say 'I don't know'.Answer the Question using ONLY The context below: <Tr> <Tr><Td colspan=""2""> The Godfather chronology </Th> </Tr> </Td",0.0,0.0,1.0,entailment,1,0.8476717472076416,"Answer the question as best as you can using the context below.If the answer is not explicitly stated, make the best possible inference.Example:Example: Example: Example 2. Example 3. Example 4. Example 5. Example 6. Example 7. Example 8. Example 9. Example 10. Example 11",0.0,0.0,1.0,neutral,0,0.19790653884410858
2028,when did the pepsi max open in blackpool,28 May 1994,True,"Answer the question using ONLY the context below. If the answer is not contained in the context, say 'I don't know'.Answer the answer using ONLY The context below and say 'What do you think I'm doing wrong?' </Tr> <Tr> </Tr><Tr> <!--Th colspan=""",0.0,0.0,0.0,neutral,0,0.26689183712005615,"Answer the question as best as you can using the context below.Answer the answer as best possible inference.If the answer is not explicitly stated, make the best possible statement.Answer The Question as best and as best (if the answer was explicitly stated) using the Context below.Context: <Tr> <",0.0,0.0,0.0,entailment,1,0.5215226411819458
2034,when has the eagles been to the super bowl,1960,True,"Answer the question using ONLY the context below. If the answer is not contained in the context, say 'I don't know'.Answer the answer using ONLY what the context is.Answer the Question using ONLY ( ONLY the Context below).Answer the Answer using ONLY that context.Answer: ""I don’",0.0,0.0,1.0,neutral,0,0.4138384759426117,"Answer the question as best as you can using the context below.If the answer is not explicitly stated, make the best possible inference. If the answer does not explicitly state, make a best possible statement. If it is explicitly stated that the answer was not explicitly specified, make that best possible conclusion. If not",0.0,0.0,1.0,neutral,0,0.4357914328575134
2036,composition of the inner core of the earth,iron–nickel alloy and some light elements,True,"Answer the question using ONLY the context below. If the answer is not contained in the context, say 'I don't know'.Answer the Question using ONLY The Context below.Answer the Answer using ONLY THE Context below: Context: Context : Context:Context: Contexts: ContextContext:Contexts:Context",0.0,0.0,0.0,entailment,1,0.5763164758682251,"Answer the question as best as you can using the context below. If the answer is explicitly stated, make the best possible inference. If it is not explicitly stated in the context, make a best possible deduction.Context:Context:Earth's Inner Core (Earth 'S Inner Core ) <P> The",0.0,0.0,0.0,neutral,0,0.4374161660671234
2037,who was nominated first woman for rajya sabha,Rukmini Devi Arundale,True,"Answer the question using ONLY the context below. If the answer is not contained in the context, say 'I don't know'. If the question is not answered, say it is not in the Context below.Context: The Speaker of the Parliament is nominated by the President. </P> <P> The",0.0,0.0,0.0,neutral,0,0.33770933747291565,"Answer the question as best as you can using the context below.If the answer is not explicitly stated, make the best possible inference. If the answer does not explicitly state, make a best possible deduction.Context:The Parliament of India is bicameral. The Parliament of the Parliament is biannual",0.0,0.0,0.0,neutral,0,0.41365304589271545
2039,which is the first news paper in malayalam,Rajyasamacharam,True,"Answer the question using ONLY the context below. If the answer is not contained in the context, say 'I don't know'. The answer is also contained in a context that is not in the original context. The answer will be used in the following context: Context: Context : Context:Context: Context (",0.0,0.0,1.0,neutral,0,0.05450953543186188,"Answer the question as best as you can using the context below.If the answer is not explicitly stated, make the best possible inference. If the answer does not explicitly state the answer, make a best possible assumption. If it is explicitly stated in the context, make that best possible conclusion.Context: Malay",0.0,0.0,1.0,neutral,0,0.097878597676754
2041,who is the girl in the bon jovi it's my life video,Shiri Appleby,True,"Answer the question using ONLY the context below. If the answer is not contained in the context, say 'I don't know'. Answer the question with ONLY the Context below. Answer the answer using ONLY The context below: <Tr> <Tr><Tr> {Th colspan=""2""> <Td",0.0,0.0,0.0,entailment,1,0.5676688551902771,"Answer the question as best as you can using the context below.Answer the answer as best possible inference.If the answer is not explicitly stated, make the best possible statement.Answer The Question as best and as best (if the answer was explicitly stated) using the Context below.Context: <Tr> <",0.0,0.0,0.0,entailment,1,0.471606969833374
2043,an animal that eat both plants and animals,Omnivore,True,"Answer the question using ONLY the context below. If the answer is not contained in the context, say 'I don't know'. </P> <P> Omnivores are omnivores. They are omnifores. The answer is `` I don't want to know '. </P><P",0.0,0.0,1.0,neutral,0,0.04029785469174385,"Answer the question as best as you can using the context below.If the answer is not explicitly stated, make the best possible inference. If the answer does not explicitly state, make a best possible conclusion. If it is not stated, then make the worst possible inference and make the most possible inference. </P",0.0,0.0,1.0,neutral,0,0.4521273970603943
2044,who plays the little girl in christopher robin,Elsa Minell Solak,True,"Answer the question using ONLY the context below. If the answer is not contained in the context, say 'I don't know'. Answer the question with ONLY the following context: `` The Big Bad Wolf '' is a character in the Fables comic book universe ( 2002 -- present ) The BigBad Wolf is a",0.0,0.0,0.0,neutral,0,0.14192919433116913,"Answer the question as best as you can using the context below.If the answer is not explicitly stated, make the best possible inference. If the answer does not explicitly state, make a best possible deduction. If it is explicitly stated in the context, make it the best way you can.Context:Context:",0.0,0.0,0.0,neutral,0,0.1788979321718216
2046,taarak mehta ka ooltah chashmah sonu original name,Jheel Mehta as Sonalika Aatmaram Bhide (Sonu),True,"Answer the question using ONLY the context below. If the answer is not contained in the context, say 'I don't know'.Answer the answer using ONLY The context below and say 'You don't want to know'. </Tr> <Tr> </Tr><Tr> {Tr> (Tr>,",0.0,0.0,0.0,neutral,0,0.24731086194515228,"Answer the question as best as you can using the context below. If the answer is explicitly stated, make the best possible inference. If it is not explicitly stated in the context, make it the best way inference. Example: Example:Example: Example 2. Example 3. Example 4. Example 2: Example",0.0,0.03571428571428571,0.0,contradiction,0,0.2744711935520172
2049,who plays gwen stacy in into the spiderverse,Hailee Steinfeld,True,"Answer the question using ONLY the context below. If the answer is not contained in the context, say 'I don't know'.Answer the Question using ONLY The Context below.Answer the Answer using ONLY THE Context below:Context:Context :Context: Context:Contexts:ContextContext:context:Context.",0.0,0.0,0.0,entailment,1,0.5612407922744751,"Answer the question as best as you can using the context below.If the answer is not explicitly stated, make the best possible inference. If the answer does not explicitly state, make a best possible deduction. If it does not state, then make the worst possible inference using the following:Context:Context :Context",0.0,0.0,0.0,entailment,1,0.5006709694862366
2051,when does kanye come on keeping up with the kardashians,season seven,True,"Answer the question using ONLY the context below. If the answer is not contained in the context, say 'I don't know'.Answer the answer using ONLY The context below: <P> What is the context of the question?Answer the context: What is your context of this question? Answer the question with",0.0,0.0,1.0,entailment,1,0.6024901866912842,"Answer the question as best as you can using the context below.If the answer is not explicitly stated, make the best possible inference. If the answer does not explicitly state, make a best possible statement. If it does not state, then make the worst possible inference and make the most of the best available inference",0.0,0.0,1.0,entailment,1,0.5184084177017212
2055,what does mono no aware mean in japanese,the pathos of things,True,"Answer the question using ONLY the context below. If the answer is not contained in the context, say 'I don't know'. </P> <P> The term is derived from the Japanese term for the awareness of impermanence ( 物, mujō ), or transience of things",0.0,0.13333333333333333,1.0,neutral,0,0.020710205659270287,"Answer the question as best as you can using the context below.If the answer is not explicitly stated, make the best possible inference.Example: The Japanese term for the awareness of impermanence is a Japanese term that is used to describe the awareness that is an awareness of the existence of things.Context:",0.0,0.07272727272727272,1.0,entailment,1,0.6905054450035095
2056,who sings i always feel like someone is watching me,Rockwell,True,"Answer the question using ONLY the context below. If the answer is not contained in the context, say 'I don't know'.Answer the Question using ONLY The context below: <Tr> <Tr><Td colspan=""2""> <Tr>[Tr> </Tr> > <Tr > <Th",0.0,0.0,1.0,entailment,1,0.9145385026931763,"Answer the question as best as you can using the context below. If the answer is explicitly stated, make the best possible inference. If it is not explicitly stated then make the worst possible inference, make a best possible assumption. Example: Example:Example: Example 2. Example 3. Example 4. Example 2",0.0,0.0,1.0,neutral,0,0.42771458625793457
2059,the blueprint of any database system is the,schema,True,"Answer the question using ONLY the context below. If the answer is not contained in the context, say 'I don't know'. The answer is NOT contained in any context. The answer will be answered using ONLY a context. Example: 'I'm not sure'. Example: ''Context: 'The answer is",0.0,0.0,1.0,contradiction,0,0.25000110268592834,"Answer the question as best as you can using the context below.If the answer is not explicitly stated, make the best possible inference. Example: Example:Example: ExampleContext: ExampleExample:ExampleContext:ExampleExample:Context:ContextContext: ContextContext: SummaryContext:DescriptionContext: DescriptionContext:",0.0,0.0,1.0,neutral,0,0.2510150074958801
2060,where is the groundhog for groundhog's day located,Punxsutawney in western Pennsylvania,True,"Answer the question using ONLY the context below. If the answer is not contained in the context, say 'I don't know'.Answer the Question using ONLY The Context below.Answer the Answer using ONLYThe Context:Context:Context :Context: Context: Context :Context : Context:context:Context.Context",0.0,0.04761904761904762,0.0,entailment,1,0.7608889937400818,"Answer the question as best as you can using the context below.If the answer is not explicitly stated, make the best possible inference.Example:Example: Example: Example of the following: Example Example:Example of the above: ExampleExample:Context: Example. Example.Example. Example of Example. Examples",0.0,0.0,0.0,neutral,0,0.23511004447937012
2066,what does the dc in washington dc stand for,District of Columbia,True,"Answer the question using ONLY the context below. If the answer is not contained in the context, say 'I don't know'. The answer is NOT contained in any context. The answer IS NOT contained within the context. It is NOT the answer to the question. The Answer is NOT THE QUESTION. The",0.0,0.0,0.0,contradiction,0,0.15452247858047485,"Answer the question as best as you can using the context below.If the answer is not explicitly stated, make the best possible inference. If the answer does not explicitly state, make a best possible deduction. If it does not state the answer, make it explicitly stated.Context: <Ul> <Ul >",0.0,0.0,0.0,entailment,1,0.5418512225151062
2067,what is the medical term for webbed toes,syndactyly,True,"Answer the question using ONLY the context below. If the answer is not contained in the context, say 'I don't know'. The answer is the answer to the question that is not in the Context below. The answer to this question is the following:Context:Contexts:Context :Context:Background:",0.0,0.0,0.0,contradiction,0,0.17209947109222412,"Answer the question as best as you can using the context below. If the answer is explicitly stated, make the best possible inference. If it is not explicitly stated, make the worst possible inference and make the most possible inference using the following terms:Context:Context :Context:Background:Contexts:Contextual",0.0,0.0,0.0,neutral,0,0.4536961019039154
2070,who was president of the united states when katrina hit louisiana,President George W. Bush,True,"Answer the question using ONLY the context below. If the answer is not contained in the context, say 'I don't know'. The answer is NOT contained in any context. The answer will be answered using ONLY what is contained in that context.Context:<P> <P> The United States presidential line",0.0,0.0,0.0,contradiction,0,0.15730082988739014,"Answer the question as best as you can using the context below.If the answer is not explicitly stated, make the best possible inference. If the answer does not explicitly state, make a best possible conclusion.Context:Context:The United States presidential line of succession is the order in which persons may become or act",0.0,0.0,0.0,entailment,1,0.6343857645988464
2073,voice of peggy on king of the hill,Kathy Ann Najimy,True,"Answer the question using ONLY the context below. If the answer is not contained in the context, say 'I don't know'. The answer is the answer to the question that is not in the Context below. The answer to this question is the following:Context:Contexts:Context :Context: Context:",0.0,0.0,0.0,contradiction,0,0.16818656027317047,"Answer the question as best as you can using the context below.If the answer is not explicitly stated, make the best possible inference. If the answer does not explicitly state, make a best possible conclusion. If it is not stated, then make the worst possible inference and make the most possible inference using the following",0.0,0.0,0.0,entailment,1,0.5549551844596863
2076,when did the chinese new year start 2018,15 Feb,True,"Answer the question using ONLY the context below. If the answer is not contained in the context, say 'I don't know'.Answer the Question using ONLY The Context below.Answer the Answer using ONLY THE Context below: <Tr> <Th> <Tr><Th colspan=""2""> Chinese New Year",0.0,0.0,0.0,entailment,1,0.6277148127555847,"Answer the question as best as you can using the context below.If the answer is not explicitly stated, make the best possible inference.Example:Example:Context:Context :Context: Context:Contexts:ContextContext:contextsContext:ExampleContext:<Table> <Tr> <Th colspan",0.0,0.0,0.0,neutral,0,0.1540864259004593
2079,who has the power to create post offices,Congress,True,"Answer the question using ONLY the context below. If the answer is not contained in the context, say 'I don't know'. The answer is NOT contained in any context. The answer will be used only in the contexts below.Context:<P> <P> The pageant has awarded a top - five",0.0,0.0,1.0,contradiction,0,0.29906973242759705,"Answer the question as best as you can using the context below.If the answer is not explicitly stated, make the best possible inference. If the answer does not explicitly state, make a best possible deduction.Context:<P> The pageant has awarded a top - five finalists from 1952 to 1989 and from 2001",0.0,0.0,1.0,neutral,0,0.43808770179748535
2083,when does the new season of major crimes start 2015,"June 8, 2015",True,"Answer the question using ONLY the context below. If the answer is not contained in the context, say 'I don't know'.Answer the answer using ONLY what the context is.Answer the Question using ONLY that context below:Context:Contexts:Context-Context:Example:Context -Context: Context:",0.0,0.0,0.0,entailment,1,0.8089557886123657,"Answer the question as best as you can using the context below.If the answer is not explicitly stated, make the best possible inference. If the answer does not explicitly state, make a best possible deduction. If it does not clearly state, then make the worst possible inference and make the most possible inference using the",0.0,0.0,0.0,entailment,1,0.45437413454055786
2085,how many seats do the democrats hold in the senate,46,True,"Answer the question using ONLY the context below. If the answer is not contained in the context, say 'I don't know'.Answer the Question using ONLY The Context below.Answer the Answer using ONLY THE Context below: <Tr> <Th> Name </Th> <Td> Name <Tt",0.0,0.0,1.0,entailment,1,0.5255216360092163,"Answer the question as best as you can using the context below.If the answer is not explicitly stated, make the best possible inference.Example:Example: Example: Example 2. Example 3. Example 4. Example 2: Example 3: Example 4: Example 5. Example 6. Example 5: Example 6",0.0,0.0,1.0,neutral,0,0.1754886656999588
2087,when does once upon a time season 7 episode 11 come on,"March 2, 2018",True,"Answer the question using ONLY the context below. If the answer is not contained in the context, say 'I don't know'. </Tr> <Tr> </Tr><Tr> {Context: *Td> </Td></Tr> <!--Tr> [Tr> > <Th colspan=""",0.0,0.0,0.0,neutral,0,0.045612018555402756,"Answer the question as best as you can using the context below. If the answer is explicitly stated, make the best possible inference. If it is not explicitly stated then make the worst possible inference using the following context: <Tr> <Th> The question is not directly stated, use the best available inference.",0.0,0.0,0.0,contradiction,0,0.0404215045273304
2089,what were the original m and m colors,tan,True,"Answer the question using ONLY the context below. If the answer is not contained in the context, say 'I don't know'.Answer the answer using ONLY what the context is. If it is not included in the answer, say'I don't know'. Answer the question with ONLY the answer below.",0.0,0.0,1.0,neutral,0,0.2567543089389801,"Answer the question as best as you can using the context below.If the answer is not explicitly stated, make the best possible inference.If it is explicitly stated that the answer was not explicitly specified, make a best possible statement.If not explicitly stating, make it the best way possible inference, make sure the",0.0,0.0,1.0,neutral,0,0.4768250286579132
2090,who landed the first 900 on a skateboard,Tony Hawk,True,"Answer the question using ONLY the context below. If the answer is not contained in the context, say 'I don't know'. The answer is the answer to the question that is not in the Context below. The answer to this question is the following:Context:Contexts:Context :Context:Location:",0.0,0.0,1.0,contradiction,0,0.2542758882045746,"Answer the question as best as you can using the context below.If the answer is not explicitly stated, make the best possible inference. If the answer does not explicitly state, make a best possible deduction.Context:Context:The 900 is a skateboard ramp performed on a skateboarding ramp. The 900 is",0.0,0.0,1.0,entailment,1,0.6091415882110596
2093,why do the british wear a red flower,commemorate their servicemen and women killed in all conflicts,True,"Answer the question using ONLY the context below. If the answer is not contained in the context, say 'I don't know'. The answer is NOT contained in any context below, say'I don't know'. </Table> <Table> </Table><Context: <P> The remembrance poppy is",0.0,0.04,0.0,neutral,0,0.3290656507015228,"Answer the question as best as you can using the context below.If the answer is not explicitly stated, make the best possible inference. If the answer does not explicitly state, make a best possible assumption. If it is not stated, then make the worst possible inference and make the most possible inference using the following",0.0,0.03125,0.0,entailment,1,0.4833826422691345
2095,which team won most of the fifa world cup,Brazil,True,"Answer the question using ONLY the context below. If the answer is not contained in the context, say 'I don't know'. If the question is not answered, say'I don't know'.Context:Context: Context: Context : Context:Context : Context :Context: context: ContextContext:",0.0,0.0,1.0,neutral,0,0.20903721451759338,"Answer the question as best as you can using the context below.If the answer is not explicitly stated, make the best possible inference. If the answer does not explicitly state, make a best possible conclusion.Context:Context: Context: ContextContext: contextContext:contextContext:textContext:TextContext:",0.0,0.0,1.0,entailment,1,0.565375030040741
2098,who developed the great man theory of leadership,Scottish writer Thomas Carlyle,True,"Answer the question using ONLY the context below. If the answer is not contained in the context, say 'I don't know'. The answer is NOT contained in any context. The answer will be the answer that is not included in the Context below. The question will be answered using ONLY what is contained in that",0.0,0.0,1.0,contradiction,0,0.12057720124721527,"Answer the question as best as you can using the context below.If the answer is not explicitly stated, make the best possible inference. If the answer does not explicitly state, make a best possible assumption. If it is not stated, then make the worst possible inference and make the most possible inference. </P",0.0,0.0,1.0,neutral,0,0.26281529664993286
2100,what is the function of the super vena cava,carries deoxygenated blood from the upper half of the body,True,"Answer the question using ONLY the context below. If the answer is not contained in the context, say 'I don't know'.Answer the Question using ONLY The context below: <Tr> <Tr><Tr> {Context: Context: Context </Tr> </Tr><Td> <Td col",0.0,0.0851063829787234,0.0,entailment,1,0.8151595592498779,"Answer the question as best as you can using the context below. If the answer is explicitly stated, make the best possible inference. Example: <Tr> <Th colspan=""2""> Anterior ( frontal ) view of the opened heart. </Td> </Tr> </TDS> <Tr",0.0,0.125,0.0,neutral,0,0.07902739197015762
2102,who is doing the half time super bowl,Justin Timberlake,True,"Answer the question using ONLY the context below. If the answer is not contained in the context, say 'I don't know'.Answer the answer using ONLY what the context is.Answer the Question using ONLY ( ONLY the Context below).Answer the Answer using ONLY that context.Answer: ""I don' know",0.0,0.0,1.0,entailment,1,0.562768816947937,"Answer the question as best as you can using the context below.If the answer is not explicitly stated, make the best possible inference. If the answer does not explicitly state, make a best possible statement. If it does not clearly state, then make the worst possible inference and make the most possible inference using the",0.0,0.0,1.0,neutral,0,0.4175192713737488
2105,when did gareth southgate first play for england,1995,True,"Answer the question using ONLY the context below. If the answer is not contained in the context, say 'I don't know'.Answer the Question using ONLY The Context below.Answer the Answer using ONLY THE Context below: <Tr> <Th> Context: Context:Context:Context :Context: Context :",0.0,0.0,1.0,entailment,1,0.6997408270835876,"Answer the question as best as you can using the context below.If the answer is not explicitly stated, make the best possible inference. If the answer does not explicitly state, make a best possible assumption. If it does not state the answer, make it explicitly stated.Context: <Tr> <Th>",0.0,0.0,1.0,entailment,1,0.5220292210578918
2110,what is the elevation of klamath falls oregon,"4,099 ft (1,249.4 m)",True,"Answer the question using ONLY the context below. If the answer is not contained in the context, say 'I don't know'.Answer the answer using ONLY what the context is.Answer the context using ONLY that context below: <Tr> <Tr><Tr> {Context: Context: Context; Context:",0.0,0.0,1.0,entailment,1,0.7227522134780884,"Answer the question as best as you can using the context below. If the answer is explicitly stated, make the best possible inference. If it is not explicitly stated in the context, make it the best way inference. Example: Example:Example: Example 2. Example 3. Example 4. Example 2: Example",0.0,0.0,1.0,contradiction,0,0.21914704144001007
2111,when did phantom of the opera take place,in the 1890s,True,"Answer the question using ONLY the context below. If the answer is not contained in the context, say 'I don't know'. The answer is NOT contained in any context. The answer will be answered using ONLY what the context is. </P> <P>Context:Context:The reaction rate or rate",0.0,0.08163265306122448,0.0,neutral,0,0.298826664686203,"Answer the question as best as you can using the context below.If the answer is not explicitly stated, make the best possible inference. If the answer does not explicitly state, make a best possible deduction.Context:Context:The reaction rate or rate of reaction is the speed at which reactants are converted into",0.0,0.03773584905660377,0.0,neutral,0,0.4019266366958618
2116,oriental bank of commerce is govt or private,public sector,True,"Answer the question using ONLY the context below. If the answer is not contained in the context, say 'I don't know'. If the question is not answered, say that 'I'm not sure'. If you don't want to know, say: 'I didn't know'. </P> <",0.0,0.0,0.0,neutral,0,0.13598090410232544,"Answer the question as best as you can using the context below.If the answer is not explicitly stated, make the best possible inference. If the answer does not explicitly state, make a best possible assumption.Context: Aditya Puri Adityas Puri is the Managing Director of HDFC Bank,",0.0,0.0,0.0,entailment,1,0.7943434119224548
2117,who is kyles mom on y & r,Diane Jenkins (Maura West),True,"Answer the question using ONLY the context below. If the answer is not contained in the context, say 'I don't know'.Answer the answer using ONLY what the context is.Answer the Question using ONLY that context.Answer: 'I'm not sure'.Answer: ""I don’t know'",0.0,0.0,0.0,entailment,1,0.6791804432868958,"Answer the question as best as you can using the context below.If the answer is not explicitly stated, make the best possible inference. If the answer does not explicitly state the answer, make a best possible assumption. If it is explicitly stated in the context, make that best possible statement.Context:Context:",0.0,0.0,0.0,entailment,1,0.6229619979858398
2129,what are the names of the two rovers currently exploring mars,MER-A Spirit,True,"Answer the question using ONLY the context below. If the answer is not contained in the context, say 'I don't know'. If the question is not answered, say'I don't know'.Answer the Question using ONLY The Context below.Context: Mars Exploration Rover ( MER ) Mission ( MER)",0.0,0.0,0.0,entailment,1,0.8524689078330994,"Answer the question as best as you can using the context below.If the answer is not explicitly stated, make the best possible inference. If the answer does not explicitly state, make a best possible assumption.Context: Mars Exploration Rover ( MER ) Mission ( MER) Mission ( Mars Exploration Rovers ) Mission is",0.0,0.0,0.0,neutral,0,0.3800855875015259
2137,who writes the script for big bang theory,Chuck Lorre,True,"Answer the question using ONLY the context below. If the answer is not contained in the context, say 'I don't know'.Answer the answer using ONLY The context below and say 'The answer is NOT contained in The context above.Answer the Answer using ONLY THE context below: <Tr> <Tr><",0.0,0.0,1.0,entailment,1,0.40840092301368713,"Answer the question as best as you can using the context below. If the answer is explicitly stated, make the best possible inference. If it is not explicitly stated in the context, make it the best way inference. Example: Example:Example: Example 2. Example 3. Example 4. Example 5. Example",0.0,0.0,1.0,contradiction,0,0.14486625790596008
2138,who plays tom riddle in the half blood prince,Frank Stephenson Dillane,True,"Answer the question using ONLY the context below. If the answer is not contained in the context, say 'I don't know'. The answer is NOT contained in any context. The answer will be used in the following context: The answer to the question is not included in the Context below. The Answer is Not",0.0,0.0,0.0,neutral,0,0.12015136331319809,"Answer the question as best as you can using the context below.If the answer is not explicitly stated, make the best possible inference. If the answer does not explicitly state, make a best possible deduction. If it is not stated, then make the worst possible inference and make the most possible inference using the following",0.0,0.0,0.0,neutral,0,0.2322307527065277
2140,is pure gold an element or a compound,chemical element,True,"Answer the question using ONLY the context below. If the answer is not contained in the context, say 'I don't know'. The answer is the answer to the question that is not in the Context below. The answer to this question is the following: <Ol> <OlContext: <O> <",0.0,0.0,1.0,contradiction,0,0.11168235540390015,"Answer the question as best as you can using the context below. If the answer is explicitly stated, make the best possible inference. If it is not explicitly stated in the context, make it the best inference. Example: For a gas : the gas that obeyed the ideal gas equation at a pressure of 1",0.0,0.0,1.0,contradiction,0,0.06905904412269592
2143,the doctrine of lapse was causes of which rebellion,Indian Rebellion of 1857,True,"Answer the question using ONLY the context below. If the answer is not contained in the context, say 'I don't know'. The answer is the answer to the question that is not in the Context below. The answer to this question is the question 'I know'. </P> <P> The question",0.0,0.0,0.0,contradiction,0,0.11305931210517883,"Answer the question as best as you can using the context below.If the answer is not explicitly stated, make the best possible inference. If the answer does not explicitly state, make a best possible deduction. If it is not stated, use the best available inference. </P> <P>Context:Context",0.0,0.0,0.0,neutral,0,0.43939128518104553
2144,original singer of get your kicks on route 66,Nat King Cole,True,"Answer the question using ONLY the context below. If the answer is not contained in the context, say 'I don't know'.Answer the Question using ONLY The Context below.Answer the Answer using ONLY THE Context below: <Tr> <Tr><Tr> </Tr> <!--Td colspan=""2",0.0,0.0,1.0,entailment,1,0.5861766934394836,"Answer the question as best as you can using the context below. If the answer is explicitly stated, make the best possible inference. If it is not explicitly stated in the context, make a best possible deduction. If you are not explicitly stating, make that best possible conclusion. Example: Example:Example: Example",0.0,0.0,1.0,entailment,1,0.607510507106781
2145,who played dumbledore in the goblet of fire,Michael Gambon,True,"Answer the question using ONLY the context below. If the answer is not contained in the context, say 'I don't know'.Answer the answer using ONLY THE context below: <Tr> <Th colspan=""2""> Albus Dumbledore </Th> </Tr> </Table> <Tr><Tr>",0.0,0.0,1.0,entailment,1,0.8036696910858154,"Answer the question as best as you can using the context below.If the answer is not explicitly stated, make the best possible inference. If the answer does not explicitly state, make a best possible assumption. If it does not state the answer, make an inference.Context:Context: Context:Context :Context",0.0,0.0,1.0,neutral,0,0.4356611967086792
2147,what agency was created to secure america from terrorist attacks,United States Department of Homeland Security (DHS),True,"Answer the question using ONLY the context below. If the answer is not contained in the context, say 'I don't know'. The answer is NOT contained in any context. The answer may be omitted if the answer does not contain in the Context below. The Answer: `` The `` Middle Passage '' is considered",0.0,0.0,0.0,entailment,1,0.5077954530715942,"Answer the question as best as you can using the context below.If the answer is not explicitly stated, make the best possible inference. If the answer does not explicitly state, make a best possible assumption.Context: The `` Middle Passage '' was considered a time of in - betweenness for those being traded from",0.0,0.03508771929824562,0.0,entailment,1,0.6106688380241394
2148,where in the bible is the story of ruth and naomi,The Book of Ruth,True,"Answer the question using ONLY the context below. If the answer is not contained in the context, say 'I don't know'. The answer is the answer to the question that is contained in your context. The answer to this question is the following:Context:Contexts:Context :Context: Context:Context",0.0,0.04081632653061225,0.0,neutral,0,0.07795605808496475,"Answer the question as best as you can using the context below.If the answer is not explicitly stated, make the best possible inference. If the answer does not explicitly state the answer, make a best possible deduction. If it does not say the answer will be stated, then make the worst possible inference and make",0.0,0.03389830508474576,0.0,neutral,0,0.24266138672828674
2149,what country gave united states the statue of liberty,France,True,"Answer the question using ONLY the context below. If the answer is not contained in the context, say 'I don't know'.Answer the answer using ONLY a context below, say'I don' know'. Answer the question with ONLY the Context below. Answer the answer with ONLY a Context below, and say",0.0,0.0,1.0,entailment,1,0.5989189743995667,"Answer the question as best as you can using the context below.If the answer is not explicitly stated, make the best possible inference.Example:Example:Context:Context :Context: Context:Context::Context:ExampleContext:context:ContextContext:<Tr> <Th colspan=""2""> Statue",0.0,0.0,1.0,neutral,0,0.16591064631938934
2150,what part of the brain is memory affected by alcohol,hippocampus,True,"Answer the question using ONLY the context below. If the answer is not contained in the context, say 'I don't know'. The answer is NOT contained in any context. The answer will be the answer to the question. </P>Context: Alcohol, Brain, and Memory Memory MemoryMemoryMemoryMemoryContext",0.0,0.0,1.0,contradiction,0,0.030016185715794563,"Answer the question as best as you can using the context below.If the answer is not explicitly stated, make the best possible inference. If the answer does not explicitly state, make a best possible assumption.Context:Context:Background:Contexts:Context :Context: Contexts: Context:Contextuals",0.0,0.0,1.0,neutral,0,0.177591934800148
2152,who sang the song my heart will go on,Celine Dion,True,"Answer the question using ONLY the context below. If the answer is not contained in the context, say 'I don't know'.Answer the answer using ONLY The context below and say 'You don't want to know'. Answer the question with ONLY the Context below. Answer the answer with ONLY The Context below and",0.0,0.0,1.0,neutral,0,0.37932294607162476,"Answer the question as best as you can using the context below. If the answer is explicitly stated, make the best possible inference. If it is not explicitly stated then make the worst possible inference, make a best possible statement. Example: Example:Example: Example 2. Example 3. Example 4. Example 2",0.0,0.0,1.0,contradiction,0,0.11747118830680847
2153,relaying signals from the neuron to other cells is a function of the,thalamus,True,"Answer the question using ONLY the context below. If the answer is not contained in the context, say 'I don't know'. The answer is the answer to the question that is not in the Context below. The answer to this question is the response to the context that is contained in that context. </P",0.0,0.0,0.0,neutral,0,0.07121017575263977,"Answer the question as best as you can using the context below.If the answer is not explicitly stated, make the best possible inference. If the answer does not explicitly state, make a best possible deduction. If it is explicitly stated, make the worst possible inference and make the most possible inference. </P>",0.0,0.0,0.0,neutral,0,0.17147548496723175
2156,where does black lightning tv show take place,Freeland,True,"Answer the question using ONLY the context below. If the answer is not contained in the context, say 'I don't know'.Answer the answer using ONLY The context below and say 'You don't want to know'. <Tr> <Th> What's the context? </Tr> </Tr><Tr",0.0,0.0,0.0,contradiction,0,0.17657938599586487,"Answer the question as best as you can using the context below. If the answer is explicitly stated, make the best possible inference. If it is not explicitly stated in the context, make it the best way inference. Example: Example:Example: Example 2. Example 3. Example 4. Example 2: Example",0.0,0.0,0.0,contradiction,0,0.20916011929512024
2157,who killed peter on the tv show soap,Chester,True,"Answer the question using ONLY the context below. If the answer is not contained in the context, say 'I don't know'.Answer the answer using ONLY what the context is.Answer the Question using ONLY The Context below.Answer The Question using Only the Context below:Context:Contexts:Context :Context",0.0,0.0,0.0,neutral,0,0.35238248109817505,"Answer the question as best as you can using the context below.If the answer is not explicitly stated, make the best possible inference. If the answer does not explicitly state the answer, make a best possible statement.Context:Context:The answer is explicitly stated.Contexts:ContextsContext:Include",0.0,0.0,0.0,neutral,0,0.4417891800403595
2161,where did our lady of mount carmel appear,England,True,"Answer the question using ONLY the context below. If the answer is not contained in the context, say 'I don't know'.Answer the answer using ONLY The context below, say'I don' know'. <Tr> <Tr><Tr> </Tr> <!--Context: Context: Context : Context:",0.0,0.0,0.0,entailment,1,0.6984357237815857,"Answer the question as best as you can using the context below.If the answer is not explicitly stated, make the best possible inference.Example:Context:Context :Context: Context:Context::Context:context:ContextContext:Example: ContextContext: context:Context.Context:<Tr> <Th",0.0,0.0,0.0,neutral,0,0.13466818630695343
2162,when did that 70's show first air,"August 23, 1998",True,"Answer the question using ONLY the context below. If the answer is not contained in the context, say 'I don't know'.Answer the answer using ONLY what the context is.Answer the Question using ONLY The Context below.Answer The Question using the context above.Answer:Context:Context :Context:<",0.0,0.0,0.0,entailment,1,0.46209362149238586,"Answer the question as best as you can using the context below.If the answer is not explicitly stated, make the best possible inference. If the answer does not explicitly state, make a best possible deduction. If it does not clearly state the answer, make it the best way you can.Context:<Table",0.0,0.0,0.0,entailment,1,0.5308154225349426
2165,what is the significance of the nodes of ranvier,"uninsulated and highly enriched in ion channels, allowing them to participate in the exchange of ions required to regenerate the action potential",True,"Answer the question using ONLY the context below. If the answer is not contained in the context, say 'I don't know'. The answer is NOT contained in any context. The answer IS NOT contained IN THE context below, but is contained in a context that is not in the original context. </Tr>",0.0,0.10810810810810811,0.0,contradiction,0,0.07666558027267456,"Answer the question as best as you can using the context below.If the answer is not explicitly stated, make the best possible inference. If the answer does not explicitly state, make a best possible deduction. If it is explicitly stated, make the worst possible inference and make the most possible inference. </Tr>",0.0,0.08108108108108107,0.0,neutral,0,0.3226107358932495
2169,how many terms can a governor serve in oklahoma,two consecutive terms,True,"Answer the question using ONLY the context below. If the answer is not contained in the context, say 'I don't know'. Answer the question with ONLY the Context below. Answer the answer using ONLY The Context below: <Tr> <Tr><Tr> {Context: Context: Context : Context:Context",0.0,0.0,0.0,entailment,1,0.5556708574295044,"Answer the question as best as you can using the context below. If the answer is explicitly stated, make the best possible inference. If it is not explicitly stated in the context, make a best possible deduction. Example: Example:Example: Example of Example:Context: Example <Tr> <Tr > <",0.0,0.0,0.0,neutral,0,0.4563375413417816
2176,where did jason voorhees get the hockey mask,from a victim,True,"Answer the question using ONLY the context below. If the answer is not contained in the context, say 'I don't know'.Answer the Question using ONLY The Context below.Answer the Answer using ONLY THE Context below: <Tr> <Th colspan=""2""> Jason Voorhees </Th>",0.0,0.0,0.0,entailment,1,0.47792676091194153,"Answer the question as best as you can using the context below. If the answer is explicitly stated, make the best possible inference. If it is not explicitly stated in the context, make a best possible deduction. Example: Example:Example: Example 2. Example 3. Example 2: Example 3: Example 4",0.0,0.03846153846153846,0.0,neutral,0,0.41234472393989563
2177,who is the first miss world in india,Reita Faria Powell,True,"Answer the question using ONLY the context below. If the answer is not contained in the context, say 'I don't know'.Answer the Question using ONLY The Context below.Context:Context: Context:Context :Context:context:Contexts:ContextContext:Fact:Context<Table> <Tr>",0.0,0.0,0.0,entailment,1,0.7221248149871826,"Answer the question as best as you can using the context below. If the answer is explicitly stated, make the best possible inference. If it is not explicitly stated then make the worst possible inference using the following context:Context:Context :Context: Context:Context::Context:context:ContextContext:textContext",0.0,0.0,0.0,neutral,0,0.3940999507904053
2178,where was the first ice hockey game played,"at the Victoria Skating Rink in Montreal, Quebec, Canada",True,"Answer the question using ONLY the context below. If the answer is not contained in the context, say 'I don't know'.Answer the Question using ONLY The Context below.Answer the Answer using ONLYThe Context:Context:Contexts:Context :Context:The History of Ice Hockey In Canada, Canada,",0.0,0.12,1.0,contradiction,0,0.28405120968818665,"Answer the question as best as you can using the context below.If the answer is not explicitly stated, make the best possible inference. If the answer does not explicitly state, make a best possible deduction.Context:Context:The first recorded indoor ice hockey game took place at the Victoria Skating Rink in",0.0,0.20689655172413793,1.0,entailment,1,0.5086567997932434
2181,what channel is the love station on sirius,channel 70,True,"Answer the question using ONLY the context below. If the answer is not contained in the context, say 'I don't know'.Answer the Question using ONLY The Context below.Answer the Answer using ONLY THE Context below:Context:Context :Context: Context:Contexts:ContextContext:Location:Context>",0.0,0.0,0.0,entailment,1,0.4520716071128845,"Answer the question as best as you can using the context below.If the answer is not explicitly stated, make the best possible inference. If the answer does not explicitly state the answer, make a best possible assumption.Context: <Tr> <Tr><Td> Context: <Td><Tt",0.0,0.0,0.0,neutral,0,0.4141777455806732
2188,who does liam neeson play in star wars 1,Qui-Gon Jinn,True,"Answer the question using ONLY the context below. If the answer is not contained in the context, say 'I don't know'.Answer the answer using ONLY The context below, say'I don' know'. <Tr> <Th colspan=""2""> Qui - Gon Jinn </Th> </Tr",0.0,0.048780487804878044,0.0,entailment,1,0.6969051361083984,"Answer the question as best as you can using the context below. If the answer is explicitly stated, make the best possible inference. If it is not explicitly stated in the context, make it the best way inference. Example: Example:Example: Example 2. Example 3. Example 4. Example 2: Example",0.0,0.0,0.0,contradiction,0,0.20519614219665527
2192,when did the us leave japan after wwii,"April 28, 1952",True,"Answer the question using ONLY the context below. If the answer is not contained in the context, say 'I don't know'. The answer is NOT contained in any context. The answer will be used in the following context: The answer to the question is not included in the Context below. The Answer is NOT",0.0,0.0,0.0,contradiction,0,0.16100363433361053,"Answer the question as best as you can using the context below. If the answer is explicitly stated, make the best possible inference. If it is not explicitly stated in the context, make a best possible deduction.Context:Context:History:History :History:Context :Context: Context:Contextual:Context",0.0,0.0,0.0,neutral,0,0.4457785487174988
2194,what is the name for the smell of rain,Petrichor,True,"Answer the question using ONLY the context below. If the answer is not contained in the context, say 'I don't know'. The answer is NOT contained in any context. The answer will be the same as the answer below. The Answer is NOT the answer to the question. The Question is the Answer to",0.0,0.0,1.0,contradiction,0,0.10415855795145035,"Answer the question as best as you can using the context below.If the answer is not explicitly stated, make the best possible inference. If the answer does not explicitly state, make a best possible deduction. If it is not stated, then make the worst possible inference and make the most possible inference. </P",0.0,0.0,1.0,neutral,0,0.3189086318016052
2195,who invented the greater than and less than sign,Thomas Harriot,True,"Answer the question using ONLY the context below. If the answer is not contained in the context, say 'I don't know'. The answer is the answer that is not in the Context below. The answer that IS contained in this context is the response that is NOT contained in that context. The Answer: """,0.0,0.0,0.0,contradiction,0,0.052918966859579086,"Answer the question as best as you can using the context below.If the answer is not explicitly stated, make the best possible inference. If the answer does not explicitly state the answer, make a best possible deduction. If it is not stated, use the best available inference.Context: <Ul> <Ul",0.0,0.0,0.0,entailment,1,0.46793442964553833
2205,who has scored the most goals for arsenal,Thierry Henry,True,"Answer the question using ONLY the context below. If the answer is not contained in the context, say 'I don't know'. Answer the question with ONLY the answer below. Answer the answer using ONLY what the context is. Answer: ""I don’t know"". Answer: 'I'm not sure",0.0,0.0,0.0,entailment,1,0.5904272794723511,"Answer the question as best as you can using the context below. If the answer is explicitly stated, make the best possible inference. If it is not explicitly stated in the context, make a best possible deduction.Context:1.1.2.3.1 (1)1.3 (2)",0.0,0.0,0.0,neutral,0,0.36817294359207153
2208,where did the name fruit of the loom come from,"Fruit of the Loom – an expression referring to clothes, paralleling the phrase ""fruit of the womb"" meaning ""children"", which can be traced back to use in the Bible (Psalm 127:3)",True,"Answer the question using ONLY the context below. If the answer is not contained in the context, say 'I don't know'. The answer is NOT contained in any context. The answer may be omitted if the answer does not contain in the Context below. The Context: The Context of the Fire The Context Of",0.0,0.19047619047619047,0.0,contradiction,0,0.0333494134247303,"Answer the question as best as you can using the context below. If the answer is explicitly stated, make the best possible inference. Example: The Fire of Nero, 542 U.S. 177 ( 2004 ), which was the first recorded incident of the year in the United States.Context: The fire",0.0,0.23376623376623376,0.0,neutral,0,0.012235710397362709
2210,what was the deadliest tornado in the united states,the Tri-State Tornado,True,"Answer the question using ONLY the context below. If the answer is not contained in the context, say 'I don't know'. The answer is NOT contained in any context. The answer will be answered using ONLY what is contained in that context. </P> <P>Context: The context is the context",0.0,0.03846153846153846,1.0,contradiction,0,0.015554094687104225,"Answer the question as best as you can using the context below.If the answer is not explicitly stated, make the best possible inference. If the answer does not explicitly state, make a best possible deduction.Context:Context: Context: Context.Context.Contextual: ContextContext: context.ContextContext:",0.0,0.047619047619047616,1.0,contradiction,0,0.016549745574593544
2215,who founded the first french colony in north america,Jacques Cartier,True,"Answer the question using ONLY the context below. If the answer is not contained in the context, say 'I don't know'. The answer is NOT contained in any context. The answer will be the answer that is not included in the Context below. The Answer: ""I don't know"" Context:",0.0,0.0,0.0,contradiction,0,0.029697267338633537,"Answer the question as best as you can using the context below.If the answer is not explicitly stated, make the best possible inference. If the answer does not explicitly state, make a best possible assumption.Context:Context:History:History of European colonization of the Americas Edit<P> <P> The",0.0,0.0,0.0,neutral,0,0.3128056228160858
2218,what are the types of alternative dispute resolution,negotiation,True,"Answer the question using ONLY the context below. If the answer is not contained in the context, say 'I don't know'. </P> <P> The following is a list of the terms in use in the United States. The following are the terms that are used in the US. </P><",0.0,0.0,0.0,entailment,1,0.8900071978569031,"Answer the question as best as you can using the context below.If the answer is not explicitly stated, make the best possible inference.Example: Example: Example of the following: Example Example:Example:Example of the Example:Context: ExampleExample: Examples of the aboveExample:Contexts: Example Examples",0.0,0.0,0.0,neutral,0,0.36858314275741577
2219,who was the first draft pick in the 2018 nba,Deandre Ayton,True,"Answer the question using ONLY the context below. If the answer is not contained in the context, say 'I don't know'. The answer is NOT contained in any context. The answer will be used in the following context: Context: ContextContext: Context : Context:Context:Context : Context :Context:",0.0,0.0,0.0,neutral,0,0.36926403641700745,"Answer the question as best as you can using the context below.If the answer is not explicitly stated, make the best possible inference. If the answer does not explicitly state, make a best possible deduction.Context: The NBA Draft is an annual event in which the 30 franchises in the National Basketball Association select new",0.0,0.0,0.0,neutral,0,0.481901615858078
2220,what is a box spring called in the uk,divan,True,"Answer the question using ONLY the context below. If the answer is not contained in the context, say 'I don't know'. The answer is the answer that is contained in that context. The answer that will be used is the question that will not be used in the future. </P> <P>",0.0,0.0,0.0,contradiction,0,0.09417270869016647,"Answer the question as best as you can using the context below.If the answer is not explicitly stated, make the best possible inference. If the answer does not explicitly state, make a best possible assumption.Context: English Language, English Literature, and the World of the World (Context: World of The World",0.0,0.0,0.0,entailment,1,0.5537615418434143
2224,where does publishers clearing house get their funding,merchandise,True,"Answer the question using ONLY the context below. If the answer is not contained in the context, say 'I don't know'. The answer is NOT contained in any context. The answer IS NOT contained IN THE context below, say'I don't know'. </Tr> <Tr> SummaryContext:",0.0,0.0,0.0,entailment,1,0.41342946887016296,"Answer the question as best as you can using the context below.If the answer is not explicitly stated, make the best possible inference.Example:Example: Example: Example of Example:Example of Example ofExample:Context: Example Example:Context : Example of Context: ExampleExample: <Table> Publishers Cle",0.0,0.0,0.0,neutral,0,0.20151445269584656
2226,who plays louie in stuck in the middle,Nicolas Bechtel,True,"Answer the question using ONLY the context below. If the answer is not contained in the context, say 'I don't know'.Answer the answer using ONLY what the context is.Context:Context:The answer is NOT contained in any context below, say ""I don’t know"".Context:In",0.0,0.0,1.0,entailment,1,0.8288455009460449,"Answer the question as best as you can using the context below.If the answer is not explicitly stated, make the best possible inference. If the answer does not explicitly state the answer, make a best possible statement. If it does not state the question, make it explicitly stated.Context:Context: Context:",0.0,0.0,1.0,neutral,0,0.3522241711616516
2228,which structure in the urinary system carries urine to the bladder,ureters,True,"Answer the question using ONLY the context below. If the answer is not contained in the context, say 'I don't know'. The answer is NOT contained in any context. The answer IS NOT contained IN THE context below, say'I don't know'. </Tr> <Tr> </Tr><",0.0,0.0,1.0,neutral,0,0.3741838037967682,"Answer the question as best as you can using the context below. If the answer is explicitly stated, make the best possible inference. If it is not explicitly stated in the context, make a best possible deduction. Example: Example:Example: Example 2. Example 3. Example 4. Example 2: Example 3",0.0,0.0,1.0,entailment,1,0.5276598930358887
2229,when was the spca established in south africa,1872,True,"Answer the question using ONLY the context below. If the answer is not contained in the context, say 'I don't know'. The answer is NOT contained in any context. The answer will be used in the following context:Context:Contexts:Context :Context:Location:ContextContext: Context:Context",0.0,0.0,0.0,contradiction,0,0.10462429374456406,"Answer the question as best as you can using the context below.If the answer is not explicitly stated, make the best possible inference. If the answer does not explicitly state, make a best possible assumption. If it is not stated, then make the worst possible inference and make the most possible inference using the following",0.0,0.0,0.0,entailment,1,0.5465088486671448
2232,when did northern ireland become its own country,1921,True,"Answer the question using ONLY the context below. If the answer is not contained in the context, say 'I don't know'.Answer the answer using ONLY a context below, say'I don' know'. Answer the question with ONLY the Context below. Answer the answer with ONLY a Context below, and say",0.0,0.0,1.0,contradiction,0,0.28627386689186096,"Answer the question as best as you can using the context below.If the answer is not explicitly stated, make the best possible inference. If the answer does not explicitly state, make a best possible assumption. If it does not state the answer, make it explicitly stated.Context: <Tr> <Tr><",0.0,0.0,1.0,neutral,0,0.3381141126155853
2233,how many times has itay won the world cup,four,True,"Answer the question using ONLY the context below. If the answer is not contained in the context, say 'I don't know'. If the question is not answered using ONLY that context, then say 'You don't have to know'. The answer is NOT contained in any context below, but rather, say that",0.0,0.0,1.0,contradiction,0,0.20029035210609436,"Answer the question as best as you can using the context below. If the answer is explicitly stated, make the best possible inference. If it is not explicitly stated in the context, make a best possible deduction.Context:Context:The Stanley Cup is the most important trophy in the world. </P> <",0.0,0.0,1.0,neutral,0,0.1619439721107483
2235,who plays babita in taarak mehta ka ooltah chashmah,Munmun Dutta,True,"Answer the question using ONLY the context below. If the answer is not contained in the context, say 'I don't know'.Answer the answer using ONLY The context below and say 'You don't want to know'. </Tr> <Tr> </Tr><Tr> {Tr> (Tr>,",0.0,0.0,0.0,neutral,0,0.24731086194515228,"Answer the question as best as you can using the context below. If the answer is explicitly stated, make the best possible inference. If it is not explicitly stated in the context, make it the best way inference. Example: Example:Example: Example 2. Example 3. Example 4. Example 2: Example",0.0,0.0,0.0,contradiction,0,0.2744711935520172
2237,who is the minister of local government and housing,The Rt Hon. James Brokenshire,True,"Answer the question using ONLY the context below. If the answer is not contained in the context, say 'I don't know'. The answer is NOT contained in any context. The answer IS NOT contained IN THE context below, but is contained in a context that is not in the relevant context.Context: <",0.0,0.03571428571428571,1.0,contradiction,0,0.11013077944517136,"Answer the question as best as you can using the context below.If the answer is not explicitly stated, make the best possible inference. If the answer does not explicitly state, make a best possible deduction. If it is not stated, then make the worst possible inference and make the most possible inference using the following",0.0,0.03333333333333333,1.0,entailment,1,0.42588144540786743
2238,where did cypress hill get their name from,after a street in South Gate,True,"Answer the question using ONLY the context below. If the answer is not contained in the context, say 'I don't know'. The answer is NOT contained in any context. The answer IS NOT contained IN THE context below, say'I don'T know'. </Tr> <Tr>Context: <",0.0,0.04081632653061224,0.0,neutral,0,0.32750722765922546,"Answer the question as best as you can using the context below. If the answer is explicitly stated, make the best possible inference. Example: Example:Example: Example of the following: Example Example: Examples of the above: Example 2: Example 3: Example 4: Example 5: Example 6: Example 1",0.0,0.0,0.0,neutral,0,0.2185356318950653
2239,who plays brittany on young and the restless,Vanessa Lee Evigan,True,"Answer the question using ONLY the context below. If the answer is not contained in the context, say 'I don't know'.Answer the answer using ONLY The context below and say 'You don't want to know'. <Tr> <Tr><Tr> <!--Th colspan=""2""> <Tr >",0.0,0.0,0.0,contradiction,0,0.14889328181743622,"Answer the question as best as you can using the context below. If the answer is explicitly stated, make the best possible inference. If it is not explicitly stated by the answer, make a best possible statement. If you are not explicitly stating, make your best possible interpretation. Example: Example:Example: Example",0.0,0.0,0.0,entailment,1,0.5123634338378906
2243,tremors a cold day in hell filming location,in the Cape Town area,True,"Answer the question using ONLY the context below. If the answer is not contained in the context, say 'I don't know'.Answer the Question using ONLY The Context below.Answer the Context below: <Tr> <Th> Context: <Td> The Context: </Td></Td</",0.0,0.09302325581395349,0.0,entailment,1,0.8489204049110413,"Answer the question as best as you can using the context below. If the answer is explicitly stated, make the best possible inference. If it is not explicitly stated in the context, make it the best way inference. Example: Example:Example: Example 2: Example 3: Example 4: Example 1: Example",0.0,0.07407407407407406,0.0,contradiction,0,0.12624703347682953
2249,who wanted to create a railroad from cape town to cairo,Cecil Rhodes,True,"Answer the question using ONLY the context below. If the answer is not contained in the context, say 'I don't know'. The answer is NOT contained in any context. The answer will be used in the following context: Context: Context : Context:Context: Context (Context: context)Context:Context",0.0,0.0,0.0,contradiction,0,0.15771958231925964,"Answer the question as best as you can using the context below.If the answer is not explicitly stated, make the best possible inference. If the answer does not explicitly state, make a best possible deduction. If it is not stated, then make the worst possible inference and make the most possible inference. </P",0.0,0.0,0.0,neutral,0,0.4134257137775421
2250,when did half pennies stop being legal tender,December 1984,True,"Answer the question using ONLY the context below. If the answer is not contained in the context, say 'I don't know'. The answer is NOT contained in any context. The answer may be omitted or omitted from the context.Context: The Legal Drinking Age ( also known as The Stolen Generations ( also",0.0,0.0,0.0,contradiction,0,0.03231358528137207,"Answer the question as best as you can using the context below. If the answer is explicitly stated, make the best possible inference. If it is not explicitly stated, make the worst possible inference and make the most possible inference. Example: The Stolen Generations ( alsoContext: The stolen Generations ) ( also",0.0,0.0,0.0,contradiction,0,0.04471465200185776
2254,when was the first weather satellite launched into space,"February 17, 1959",True,"Answer the question using ONLY the context below. If the answer is not contained in the context, say 'I don't know'. The answer is NOT contained in any context. The answer will be used in the following context: Context: Context : Context:Context: Contexts: Context.Context:Contexts",0.0,0.0,0.0,contradiction,0,0.04750412330031395,"Answer the question as best as you can using the context below.If the answer is not explicitly stated, make the best possible inference. If the answer does not explicitly state, make a best possible assumption.Context: Weather Satellite ( 1997 ) is a transnational lottery requiring 7 correct numbers to win the jackpot",0.0,0.0,0.0,neutral,0,0.3184182941913605
2255,what is the most popular music in cuba,Son,True,"Answer the question using ONLY the context below. If the answer is not contained in the context, say 'I don't know'. The answer is the answer that is not in the Context below. The answer that IS contained in this context is the one that is NOT contained in any context. The Answer is the",0.0,0.0,1.0,contradiction,0,0.058333754539489746,"Answer the question as best as you can using the context below.If the answer is not explicitly stated, make the best possible inference. If the answer does not explicitly state the answer, make it the best way possible inference and make the most possible inference using the following:Context:Contexts:Context :Context",0.0,0.0,1.0,entailment,1,0.5314874053001404
2257,how long is the ferry from bainbridge to seattle,8.6 miles,True,"Answer the question using ONLY the context below. If the answer is not contained in the context, say 'I don't know'.Answer the Question using ONLY The Context below.Answer the Answer using ONLY THE Context below: <Tr> <Th> Route </Th> <Td> Route to Bainbridge",0.0,0.0,1.0,entailment,1,0.6412312984466553,"Answer the question as best as you can using the context below.If the answer is not explicitly stated, make the best possible inference. If the answer does not explicitly state, make a best possible assumption. If it does not state the answer, make it explicitly stated. If you do not state, then make",0.0,0.0,1.0,entailment,1,0.4917144477367401
2258,achievement of a cricketer out first ball for zero in both innings,a king pair,True,"Answer the question using ONLY the context below. If the answer is not contained in the context, say 'I don't know'. The answer is the answer to the question that is not in the Context below. The answer to this question is the following: Context: ContextContext: Context Context:Context:Context",0.0,0.0,0.0,contradiction,0,0.2199285328388214,"Answer the question as best as you can using the context below.If the answer is not explicitly stated, make the best possible inference. If the answer does not explicitly state, make a best possible deduction.Context:Context:Example:Example of the phrase:ExampleExample:Context of the expressionExample: Example",0.0,0.044444444444444446,0.0,entailment,1,0.6463717222213745
2260,psych episode where shawn and juliet start dating,"""In Plain Fright"" (5.11)",True,"Answer the question using ONLY the context below. If the answer is not contained in the context, say 'I don't know'.Answer the Question using ONLY The Context below.Context:Context: Context:Context :Context:context:Context>Context:<Table> <Tr> <Th colspan=""",0.0,0.054054054054054064,0.0,entailment,1,0.7563992142677307,"Answer the question as best as you can using the context below.If the answer is not explicitly stated, make the best possible inference.Example:Example: Example: Example of the following: Example Example:Example of the above: ExampleExample:Context: Example <Tr> <Tr><Tr> {Th",0.0,0.0,0.0,neutral,0,0.17445653676986694
2265,the galápagos islands are part of what country quizlet,the Republic of Ecuador,True,"Answer the question using ONLY the context below. If the answer is not contained in the context, say 'I don't know'. The answer is NOT contained in any context. The answer may be omitted if the answer does not contain the context.Context: English Language, English Language, English Language and English Language",0.0,0.03636363636363636,0.0,contradiction,0,0.06900651007890701,"Answer the question as best as you can using the context below.If the answer is not explicitly stated, make the best possible inference. If the answer does not explicitly state the answer, make a best possible assumption. If it is not stated, then make the worst possible inference and make the most possible inference.",0.0,0.034482758620689655,0.0,neutral,0,0.36318638920783997
2267,when did dancing with the stars start this season,"September 24, 2018",True,"Answer the question using ONLY the context below. If the answer is not contained in the context, say 'I don't know'. If the question is not answered, say it is not in the Context below.Answer the Question using ONLY The Context below:Context:Contexts:Context :Context: Context:",0.0,0.0,0.0,neutral,0,0.2656136751174927,"Answer the question as best as you can using the context below.If the answer is not explicitly stated, make the best possible inference. If the answer does not explicitly state the answer, make a best possible assumption. If it does not state the question, make it explicitly stated.Context:Context: Context:",0.0,0.0,0.0,neutral,0,0.38231948018074036
2270,who was the basketball player that died on the court,"Eric ""Hank"" Gathers",True,"Answer the question using ONLY the context below. If the answer is not contained in the context, say 'I don't know'. The answer is NOT contained in any context. The answer will be used in the following context:Context:Contexts:Context :Context:<P> In basketball, points are",0.0,0.0,0.0,contradiction,0,0.09964814782142639,"Answer the question as best as you can using the context below. If the answer is explicitly stated, make the best possible inference. If it is not explicitly stated in the context, make a best possible deduction. If you are not explicitly stating, make your best possible conclusion.Context:1.1.2",0.0,0.0,0.0,entailment,1,0.5300820469856262
2271,when was the first satellite put in space,"October 4, 1957",True,"Answer the question using ONLY the context below. If the answer is not contained in the context, say 'I don't know'. The answer is the answer to the question that is not in the Context below.Context:Context:The Context:Contexts:Context :Context: Context: Contexts: Context",0.0,0.0,0.0,contradiction,0,0.14422756433486938,"Answer the question as best as you can using the context below. If the answer is explicitly stated, make the best possible inference. If it is not explicitly stated in the context, make a best possible deduction. If you are not explicitly stating, make your best possible conclusion.Context:Context:The context of",0.0,0.0,0.0,entailment,1,0.6270521283149719
2272,how long is an inmate on death row,an average of 178 months (roughly 15 years) between sentencing and execution,True,"Answer the question using ONLY the context below. If the answer is not contained in the context, say 'I don't know'. The answer is NOT contained in any context. The answer will be used in the following context: </P> <P>Context: Music Row is a historical district located to the",0.0,0.0,0.0,neutral,0,0.25023406744003296,"Answer the question as best as you can using the context below.If the answer is not explicitly stated, make the best possible inference. If the answer does not explicitly state, make a best possible assumption.Context: Music Row, Nashville, Tennessee, USA, USA, United Kingdom, United States, United Kingdom",0.0,0.0,0.0,entailment,1,0.5429450273513794
2279,who played mini-me in the austin power movies,Verne Jay Troyer,True,"Answer the question using ONLY the context below. If the answer is not contained in the context, say 'I don't know'. If the question is not answered, say it is not in the Context below.Answer the Question using ONLY The Context below:Context:Contexts:Context :Context: Context:",0.0,0.0,0.0,entailment,1,0.5448210835456848,"Answer the question as best as you can using the context below.If the answer is not explicitly stated, make the best possible inference. If the answer does not explicitly state, make a best possible statement.Context:Context: Context:Contexts:ContextContext:context:Context :Context:Example:Context",0.0,0.0,0.0,entailment,1,0.5524844527244568
2284,the pollution of love canal in new york was caused by ____,massive dumping of toxic waste,True,"Answer the question using ONLY the context below. If the answer is not contained in the context, say 'I don't know'.Answer the Question using ONLY The Context below.Answer the Answer using ONLY THE Context below: <Tr> <Th colspan=""2""> Current Route of the Erie Canal </Th",0.0,0.039999999999999994,0.0,entailment,1,0.6718156337738037,"Answer the question as best as you can using the context below. If the answer is explicitly stated, make the best possible inference. If it is not explicitly stated then make the worst possible inference using the following context: <Tr> <Th colspan=""2""> Current Route of the Erie Canal </Th>",0.0,0.03703703703703703,0.0,neutral,0,0.30428439378738403
2285,who is responsible for founding the american financial system,the Bank of the United States,True,"Answer the question using ONLY the context below. If the answer is not contained in the context, say 'I don't know'. The answer is NOT contained in any context. The answer will be used in the following context:Context:Contexts:Context :Context: Context:Context-Context:<P",0.0,0.08695652173913045,0.0,neutral,0,0.031908854842185974,"Answer the question as best as you can using the context below.If the answer is not explicitly stated, make the best possible inference. If the answer does not explicitly state, make a best possible conclusion. If it is not stated, then make the worst possible inference and make the most possible inference. </P",0.0,0.06779661016949153,0.0,neutral,0,0.11775858700275421
2286,who built the san diego de alcala mission,Spanish friar Junípero Serra,True,"Answer the question using ONLY the context below. If the answer is not contained in the context, say 'I don't know'. </Tr> <Tr> {Context: Context: Context </Tr><Tr> </Tr > <Tr><Td colspan=""2""> The church façade of",0.0,0.0,0.0,neutral,0,0.04952407628297806,"Answer the question as best as you can using the context below.If the answer is not explicitly stated, make the best possible inference.Example:Context:Context :Context: Context:Context::Context:Location:ContextContext:context:Context.Context:<Tr> <Td colspan=""2",0.0,0.0,0.0,neutral,0,0.17873981595039368
2288,who won the fifa under 17 world cup 2017,England,True,"Answer the question using ONLY the context below. If the answer is not contained in the context, say 'I don't know'.Answer the answer using ONLY what the context is. If it is not included in the Context, say'I don't know'. Answer the question with ONLY the answer below.",0.0,0.0,1.0,contradiction,0,0.08697152137756348,"Answer the question as best as you can using the context below.If the answer is not explicitly stated, make the best possible inference. If the answer does not explicitly state, make a best possible conclusion.Context:Context: Context: ContextContext:contextContext: contextContext:textContext:Fact:Context",0.0,0.0,1.0,entailment,1,0.39813703298568726
2292,what is the hottest temperature ever recorded in utah,117 °F / 47 °C,True,"Answer the question using ONLY the context below. If the answer is not contained in the context, say 'I don't know'. The answer is NOT contained in any context. The answer will be used in the following context:Context:Contexts:Context :Context: Context:ContextContext:Location:Context",0.0,0.0,0.0,contradiction,0,0.04038660228252411,"Answer the question as best as you can using the context below.If the answer is not explicitly stated, make the best possible inference. If the answer does not explicitly state, make a best possible assumption.Context: Earth's lowest natural temperature ever recorded at ground level on Earth is − 89.2 ° C",0.0,0.037735849056603765,0.0,neutral,0,0.4486766755580902
2296,who sings the 4 song on sesame street,Feist,True,"Answer the question using ONLY the context below. If the answer is not contained in the context, say 'I don't know'.Answer the answer using ONLY THE context below:Context:Contexts:Context-Context: Context:Context -Context:Example:ContextContext:<P> Coronation Street",0.0,0.0,0.0,entailment,1,0.6244120597839355,"Answer the question as best as you can using the context below.If the answer is not explicitly stated, make the best possible inference. If the answer does not explicitly state the answer, make a best possible assumption. If it is explicitly stated in the context, make it the best way you can.Context:",0.0,0.0,0.0,entailment,1,0.5079218745231628
2298,who is the highest goal scorer for real madrid,Cristiano Ronaldo,True,"Answer the question using ONLY the context below. If the answer is not contained in the context, say 'I don't know'. If the question is not answered, say it is not in the Context below. The answer is NOT contained in any context. The question is asked using ONLY a context below and is",0.0,0.0,0.0,contradiction,0,0.15686608850955963,"Answer the question as best as you can using the context below.If the answer is not explicitly stated, make the best possible inference. If the answer does not explicitly state, make a best possible assumption. If it is not stated, then make the worst possible inference and make the most possible inference. </P",0.0,0.0,0.0,neutral,0,0.21806791424751282
2299,what's the name of the little rascals dog,Pete the Pup,True,"Answer the question using ONLY the context below. If the answer is not contained in the context, say 'I don't know'. The answer is NOT contained in any context. The answer will be used in the following context:Context:Contexts:Context :Context:The following is a list of episodes for",0.0,0.04081632653061224,0.0,contradiction,0,0.10305126756429672,"Answer the question as best as you can using the context below.If the answer is not explicitly stated, make the best possible inference. If the answer does not explicitly state, make a best possible assumption. If it is not stated, then make the worst possible inference and make the most possible inference. </P",0.0,0.03571428571428571,0.0,neutral,0,0.46800053119659424
2307,when did nigeria launched its first satellite nigeriasat-1,27 September 2003,True,"Answer the question using ONLY the context below. If the answer is not contained in the context, say 'I don't know'. The answer is the answer to the question that is not included in the Context below. The answer to this question is the following: </P> <P>Context: The Cold",0.0,0.0,0.0,neutral,0,0.07591772079467773,"Answer the question as best as you can using the context below.If the answer is not explicitly stated, make the best possible inference. If the answer does not explicitly state, make a best possible conclusion. If it is not stated, then make the worst possible inference and make the most possible inference using the following",0.0,0.0,0.0,entailment,1,0.49226459860801697
2308,when did the medieval times start and finish,5th to the 15th century,True,"Answer the question using ONLY the context below. If the answer is not contained in the context, say 'I don't know'. The answer is NOT contained in any context. The answer will be the answer to the question. The Answer is NOT CONSTANTLY IN THE Context. The Context: The Context",0.0,0.07272727272727272,1.0,contradiction,0,0.1465635448694229,"Answer the question as best as you can using the context below.If the answer is not explicitly stated, make the best possible inference. If the answer does not explicitly state the answer, make a best possible assumption. If it is not stated, then make the worst possible inference and make the most possible inference using",0.0,0.03333333333333333,1.0,neutral,0,0.36387553811073303
2315,where are the withers located on a horse,the ridge between the shoulder blades,True,"Answer the question using ONLY the context below. If the answer is not contained in the context, say 'I don't know'.Answer the answer using ONLY what the context is.Answer the Question using ONLY that context below:Context: Cedar River - Cedar River is located in Dodge County, Minnesota, consisting of",0.0,0.07407407407407407,0.0,neutral,0,0.34400027990341187,"Answer the question as best as you can using the context below.If the answer is not explicitly stated, make the best possible inference. If the answer does not explicitly state, make a best possible statement.Context: Cedar River - Cedar River is located in Dodge County, Minnesota, consisting of a west fork and",0.0,0.07017543859649122,0.0,neutral,0,0.37240055203437805
2318,when were camels introduced into the middle east,not earlier than the last third of the 10th century [BC] and most probably during this time.,True,"Answer the question using ONLY the context below. If the answer is not contained in the context, say 'I don't know'. The answer is NOT contained in any context. The answer may be omitted if the answer does not contain in the Context below. The Answer: ""I don't know"" The",0.0,0.08955223880597014,0.0,contradiction,0,0.09081315994262695,"Answer the question as best as you can using the context below.If the answer is not explicitly stated, make the best possible inference. If the answer does not explicitly state, make a best possible assumption.Context:Context:History of the Western Roman Empire and the Middle Ages.<P> Population decline,",0.0,0.15873015873015875,0.0,neutral,0,0.22189658880233765
2319,what are the hardware parts of the computer,"the physical parts or components of a computer, such as the central processing unit, monitor, keyboard, computer data storage, graphic card, sound card, speakers and motherboard",True,"Answer the question using ONLY the context below. If the answer is not contained in the context, say 'I don't know'. The answer is the answer to the question that is not in the Context below. The answer to that question is the following: Context: Context : Context:Context:Context :Context",0.0,0.05405405405405406,1.0,contradiction,0,0.09257587045431137,"Answer the question as best as you can using the context below.If the answer is not explicitly stated, make the best possible inference.Example: Computer HardwareContext: Computer hardwareContext: HardwareContext : Computer hardware Context: ComputerHardwareContext: SoftwareContext: System CallContext: Process ContextContext: ProcessorContext:",0.0,0.15625,1.0,neutral,0,0.2065948098897934
2323,when did lean wit it rock wit it come out,"January 17, 2006",True,"Answer the question using ONLY the context below. If the answer is not contained in the context, say 'I don't know'. <Tr> <Tr><Td colspan=""2""> <Td> <Tt> <Th colspan=2""> `` Lean wit It, Rock wit It",0.0,0.0,1.0,neutral,0,0.0560864582657814,"Answer the question as best as you can using the context below. If the answer is explicitly stated, make the best possible inference. If it is not explicitly stated in the context, make it the best way inference. Example: Example:Example: Example 2. Example 3. Example 4. Example 2: Example",0.0,0.0,1.0,contradiction,0,0.18768547475337982
2324,brightest star in the constellation lyra dan word,Vega,True,"Answer the question using ONLY the context below. If the answer is not contained in the context, say 'I don't know'.Answer the Question using ONLY The Context below.Answer the Answer using ONLY THE Context below: <Tr> <Tr><Tr> {Th> Context: Context:Context:Context",0.0,0.0,1.0,entailment,1,0.6147558689117432,"Answer the question as best as you can using the context below. If the answer is explicitly stated, make the best possible inference. If it is not explicitly stated in the context, make it the best way inference. Example: Example:Example: Example 2. Example 3. Example 4. Example 2: Example",0.0,0.0,1.0,contradiction,0,0.15141300857067108
2329,who did auburn lose to in football this year,Oklahoma,True,"Answer the question using ONLY the context below. If the answer is not contained in the context, say 'I don't know'.Answer the answer using ONLY what the context is.Answer the Question using ONLY ( ONLY the Context below).Answer the Answer using ONLY The Context below.Answer: ""I don�",0.0,0.0,0.0,neutral,0,0.21899229288101196,"Answer the question as best as you can using the context below.If the answer is not explicitly stated, make the best possible inference. If the answer does not explicitly state, make a best possible deduction. If it does not clearly stated, use the best available inference.Context:Context: Context:Context :",0.0,0.0,0.0,neutral,0,0.2546960711479187
2333,who has the longest win streak in mma,Anderson Silva,True,"Answer the question using ONLY the context below. If the answer is not contained in the context, say 'I don't know'.Answer the answer using ONLY The context below: <Tr> <Th> What is the context? </Tr> </Tr><Tr> {Context: Context: Context; Context",0.0,0.0,0.0,entailment,1,0.7032826542854309,"Answer the question as best as you can using the context below.If the answer is not explicitly stated, make the best possible inference.Example:Example: Example: Example 2.Example 3.Example 4.Example 5.Example 6.Example 7.Example 8.Example 9.Example 10.Example 11",0.0,0.0,0.0,neutral,0,0.21306294202804565
2335,mercedes benz a class front or rear wheel drive,front wheel drive,True,"Answer the question using ONLY the context below. If the answer is not contained in the context, say 'I don't know'. </Table> <Tr> <Th> Overview </Th> <Td> Overview <TD> <Table> </Tr> </Table > <Tr><Tr>",0.0,0.0,1.0,neutral,0,0.035261910408735275,"Answer the question as best as you can using the context below. If the answer is explicitly stated, make the best possible inference. If not explicitly stated then make the worst possible inference using the following: Context: Context : Context:Context: Context. Context: context. Context.Context:Context. Context.",0.0,0.0,1.0,neutral,0,0.3477223515510559
2336,who are the candidates running for governor of maine,Shawn Moody,True,"Answer the question using ONLY the context below. If the answer is not contained in the context, say 'I don't know'. The answer is then added to the context of the question. The answer will be added to a list of questions that are not contained within the context. The question will be answered using",0.0,0.0,0.0,contradiction,0,0.09527654945850372,"Answer the question as best as you can using the context below. If the answer is explicitly stated, make the best possible inference. If it is not explicitly stated, make the worst possible inference and make the most possible inference using the following context:Context:Governor of India (India) (India ) (",0.0,0.0,0.0,neutral,0,0.3211725950241089
2337,who sings i can't fight this feeling,REO Speedwagon,True,"Answer the question using ONLY the context below. If the answer is not contained in the context, say 'I don't know'.Answer the answer using ONLY THE context below: <Tr> <Tr><Tr> {Th colspan=""2""> from the album </Th> </Tr> </Td",0.0,0.0,1.0,entailment,1,0.7882300019264221,"Answer the question as best as you can using the context below. If the answer is explicitly stated, make the best possible inference. If it is not explicitly stated or made the best available inference, make a best possible statement. If you are not explicitly stating, make that best possible implication.Context: <Tr",0.0,0.0,1.0,neutral,0,0.42902228236198425
2341,what's the highest elevation in new mexico,Wheeler Peak,True,"Answer the question using ONLY the context below. If the answer is not contained in the context, say 'I don't know'.Answer the answer using ONLY a context below, say'I don't know'. <Tr> <Th> Summary </Th> <Tr><Tr> <!--Th> Context",0.0,0.0,1.0,entailment,1,0.7867769598960876,"Answer the question as best as you can using the context below. If the answer is explicitly stated, make the best possible inference. If it is not explicitly stated in the context, make it the best way inference. Example: Example:Example: Example 2. Example 3. Example 4. Example 2: Example",0.0,0.0,1.0,contradiction,0,0.15800024569034576
2342,when did the vikings first reach the shores of britain,793,True,"Answer the question using ONLY the context below. If the answer is not contained in the context, say 'I don't know'. The answer is NOT contained in any context. The answer will be the answer to the question.Context: <P> <P>< <P>[</P>> < P",0.0,0.0,0.0,contradiction,0,0.0480404794216156,"Answer the question as best as you can using the context below.If the answer is not explicitly stated, make the best possible inference. If the answer does not explicitly state, make a best possible assumption.Context:Context:The answer is explicitly stated.Contexts:Contexts :Context:Location:Context",0.0,0.0,0.0,entailment,1,0.49973562359809875
2345,what was the purpose of the works progress administration,employing millions of people (mostly unskilled men) to carry out public works projects,True,"Answer the question using ONLY the context below. If the answer is not contained in the context, say 'I don't know'. </P> <P> The poem is one of several `` Great Odes of 1819 '', which includes `` Ode on Indolence '', `` Oden on",0.0,0.03773584905660378,0.0,neutral,0,0.03710440173745155,"Answer the question as best as you can using the context below.If the answer is not explicitly stated, make the best possible inference.Example: The poem is one of several `` Great Odes of 1819 '', which includes `` Great odes of Indolence '', `` Ode on Melanch",0.0,0.03636363636363636,0.0,entailment,1,0.631916880607605
2348,what is made up of charged particles that continually escape from the corona,solar wind,True,"Answer the question using ONLY the context below. If the answer is not contained in the context, say 'I don't know'. The answer is the answer to the question below. The answer to this question is the following: The answer will be given in the following context: The context below is the context of",0.0,0.0,1.0,neutral,0,0.38233277201652527,"Answer the question as best as you can using the context below. If the answer is explicitly stated, make the best possible inference. If it is not explicitly stated in the context, make a best possible assumption. If not explicitly stating, make that best possible conclusion. </P>Context: Solar wind ( solar",0.0,0.07692307692307693,1.0,entailment,1,0.517848551273346
2349,who is the winner of supper dancer 2018,Bishal Sharma,True,"Answer the question using ONLY the context below. If the answer is not contained in the context, say 'I don't know'. The answer is NOT contained in any context. The answer will be answered using ONLY what the context is.Context: The Super Bowl is the annual American football game that determines the champion",0.0,0.0,0.0,neutral,0,0.33319082856178284,"Answer the question as best as you can using the context below.If the answer is not explicitly stated, make the best possible inference. If the answer does not explicitly state the answer, make a best possible statement.Context:Context:The Super Bowl is the annual American football game that determines the champion of the",0.0,0.0,0.0,entailment,1,0.5028405785560608
2350,advantages of drying as a method of food preservation,"inhibits the growth of bacteria, yeasts, and mold",True,"Answer the question using ONLY the context below. If the answer is not contained in the context, say 'I don't know'. The answer is NOT contained in any context. The answer may be omitted if the answer does not contain the context.Context: Plant tissue culture ( Plant tissue) : Plant tissue cultures",0.0,0.03448275862068966,0.0,neutral,0,0.04455258697271347,"Answer the question as best as you can using the context below.If the answer is not explicitly stated, make the best possible inference. If the answer does not explicitly state, make a best possible conclusion.Context: Plant tissue culture ( Plant tissue) : Plant tissue is a collection of techniques used to maintain or",0.0,0.06779661016949153,0.0,neutral,0,0.2560269832611084
2351,what uses the energy found within a proton gradient to drive the synthesis of atp,oxidative phosphorylation or photophosphorylation,True,"Answer the question using ONLY the context below. If the answer is not contained in the context, say 'I don't know'.Answer the Question using ONLY The Context below.Answer the Answer using ONLYThe Context:Context:Contexts:Context :Context:Active Transport :Active Transport:Active transport : Active",0.0,0.0,0.0,entailment,1,0.5314785242080688,"Answer the question as best as you can using the context below. If the answer is explicitly stated, make the best possible inference. If it is not explicitly stated in the context, make a best possible deduction. If you are not explicitly stating, make your best possible inferences. If your answer is not explicit",0.0,0.0,0.0,entailment,1,0.5078223943710327
2355,who are the characters in green eggs and ham,Sam-I-am,True,"Answer the question using ONLY the context below. If the answer is not contained in the context, say 'I don't know'.Answer the Question using ONLY The context below and say 'You don't want to know'. Answer the Question Using ONLY the Context below. Answer the question with ONLY the following: <",0.0,0.0,0.0,neutral,0,0.28990763425827026,"Answer the question as best as you can using the context below. If the answer is explicitly stated, make the best possible inference. If it is not explicitly stated in the context, make a best possible deduction. If you are not explicitly stating, make your best possible inferences.Context: <Tr> <",0.0,0.0,0.0,entailment,1,0.5522652268409729
2358,which waterway connects the mediterranean sea with red sea,Suez Canal,True,"Answer the question using ONLY the context below. If the answer is not contained in the context, say 'I don't know'. The answer is NOT contained in any context. The answer will be answered using ONLY what is contained in that context. </P> <P> The Middle East (Context: Arabic",0.0,0.0,0.0,neutral,0,0.3216233253479004,"Answer the question as best as you can using the context below.If the answer is not explicitly stated, make the best possible inference. If the answer does not explicitly state, make a best possible deduction. If it is explicitly stated in the context, make that best possible conclusion.Context:Context: Context:",0.0,0.0,0.0,entailment,1,0.6021133661270142
2359,when did typhoon haiyan hit the philippines 2013,At 2040 UTC on November 7,True,"Answer the question using ONLY the context below. If the answer is not contained in the context, say 'I don't know'. The answer is NOT contained in any context. The answer will be answered using ONLY what the context is. The Answer is NOT CONSTANTLY CONSTITUTIONARY Context:",0.0,0.0,0.0,entailment,1,0.4163859486579895,"Answer the question as best as you can using the context below.If the answer is not explicitly stated, make the best possible inference. If the answer does not explicitly state the answer, make a best possible deduction. If it does not clearly state the question, make it explicitly stated.Context:Context: Context",0.0,0.0,0.0,entailment,1,0.6050183773040771
2361,who are the current justices of the u.s. supreme court,John Roberts,True,"Answer the question using ONLY the context below. If the answer is not contained in the context, say 'I don't know'.Answer the answer using ONLY The context below and say 'You don't want to know'. Answer the question with ONLY the Context below. Answer the answer with ONLY The Context below and",0.0,0.0,1.0,entailment,1,0.44860637187957764,"Answer the question as best as you can using the context below.If the answer is not explicitly stated, make the best possible inference.Example:Example: Example: Example 2. Example 3. Example 4. Example 5. Example 6. Example 7. Example 8. Example 9. Example 10. Example 11",0.0,0.0,1.0,neutral,0,0.19239415228366852
2363,how many seasons is there in the originals,5,True,"Answer the question using ONLY the context below. If the answer is not contained in the context, say 'I don't know'. The answer is the answer that is contained in that context. The answer that the answer to the question is not included in the Context below is the following: </P> <P",0.0,0.0,1.0,contradiction,0,0.11205946654081345,"Answer the question as best as you can using the context below.If the answer is not explicitly stated, make the best possible inference. If the answer does not explicitly state, make a best possible deduction. If it is not stated, then make the worst possible inference and make the most possible inference. </P",0.0,0.0,1.0,neutral,0,0.2546951472759247
2366,in the first century c.e. much of europe north africa and the middle east were under the rule of the,Roman Empire,True,"Answer the question using ONLY the context below. If the answer is not contained in the context, say 'I don't know'. The answer is NOT contained in any context. The answer will be used in the following context: Context: Context : Context:Context: Context <P>Context:Context : Context",0.0,0.0,1.0,neutral,0,0.07493537664413452,"Answer the question as best as you can using the context below.If the answer is not explicitly stated, make the best possible inference. If the answer does not explicitly state, make a best possible assumption.Context:Context: Context:Context :Context:Location:Contextual:Contexts:ContextContext:",0.0,0.0,1.0,neutral,0,0.25470903515815735
2369,when did the allies break out of normandy,25–31 July 1944,True,"Answer the question using ONLY the context below. If the answer is not contained in the context, say 'I don't know'. The answer is NOT contained in any context. The answer will be the answer that is not included in the Context below. The Answer is NOT the answer to the question. The question",0.0,0.0,0.0,contradiction,0,0.06071968749165535,"Answer the question as best as you can using the context below.If the answer is not explicitly stated, make the best possible inference. If the answer does not explicitly state, make a best possible assumption.Context:Context: Context:Context :Context:context:Contextual:Contexts:ContextContext:",0.0,0.0,0.0,neutral,0,0.299198180437088
2376,when did pubg mobile come out in china,"February 9, 2018",True,"Answer the question using ONLY the context below. If the answer is not contained in the context, say 'I don't know'.Answer the answer using ONLY THE context below, say'I don't know'. <Tr> <Th> PlayerUnknown's Battlegrounds </Th> <Tr><",0.0,0.0,1.0,entailment,1,0.8111770153045654,"Answer the question as best as you can using the context below.Answer the answer as best possible inference.If the answer is not explicitly stated, make the best possible statement.Answer The Question as best and as best (if the answer was explicitly stated) using the Context below.Context:Context: Context:",0.0,0.0,1.0,entailment,1,0.4967760443687439
2377,is leeds in the north west or north east,north-northwest of London,True,"Answer the question using ONLY the context below. If the answer is not contained in the context, say 'I don't know'.Answer the answer using ONLY what the context is.Context:Context: Context: Context : Context:Context : Context :Context: Subject: Contexts: Context<P> The",0.0,0.0,0.0,entailment,1,0.6308882236480713,"Answer the question as best as you can using the context below.If the answer is not explicitly stated, make the best possible inference. If the answer does not explicitly state, make a best possible conclusion. If it is not stated, then make the worst possible inference and make the most possible inference using the following",0.0,0.0,0.0,entailment,1,0.531609296798706
2379,when does frank become president in house of cards,Chapter 26,True,"Answer the question using ONLY the context below. If the answer is not contained in the context, say 'I don't know'.Answer the Question using ONLY The Context below.Answer the Answer using ONLY THE Context below: <Tr> <Th> <Td colspan=""2""> Frank Underwood </",0.0,0.0,0.0,entailment,1,0.6862298250198364,"Answer the question as best as you can using the context below.If the answer is not explicitly stated, make the best possible inference. If the answer does not explicitly state, make a best possible assumption. If it does not state the answer, make an inference.Context: <Tr> <Th> First",0.0,0.0,0.0,neutral,0,0.44395098090171814
2382,what is the name of current indian president,Ram Nath Kovind,True,"Answer the question using ONLY the context below. If the answer is not contained in the context, say 'I don't know'. The answer is NOT contained in any context. The answer will be used in the following context: Context: Context : Context:Context: Context (Context)Context:Context (Context",0.0,0.0,0.0,contradiction,0,0.041284602135419846,"Answer the question as best as you can using the context below.If the answer is not explicitly stated, make the best possible inference. If the answer does not explicitly state, make a best possible assumption.Context: Quorum of the Twelve Apostles ( Quorum) ( Quororum of The Twelve Apostles )",0.0,0.0,0.0,neutral,0,0.15834122896194458
2384,where is late night with stephen colbert filmed,Ed Sullivan Theater in New York City,True,"Answer the question using ONLY the context below. If the answer is not contained in the context, say 'I don't know'.Answer the answer using ONLY The context below and say 'You don't want to know'. <Tr> <Th> <Td colspan=""2""> The Late Show with",0.0,0.04,0.0,contradiction,0,0.1221000924706459,"Answer the question as best as you can using the context below. If the answer is explicitly stated, make the best possible inference. If it is not explicitly stated in the context, make it the best way inference. Example: Example:Example: Example 2. Example 3. Example 4. Example 2: Example",0.0,0.03571428571428571,0.0,contradiction,0,0.1513594686985016
2387,who plays han solo in the new star wars movie,Alden Ehrenreich,True,"Answer the question using ONLY the context below. If the answer is not contained in the context, say 'I don't know'.Answer the Question using ONLY The Context below.Answer the Answer using ONLYThe Context: <Table> <Tr> <Th> Star Wars ( 1977 ) </Th> </Tr",0.0,0.0,0.0,entailment,1,0.7192133069038391,"Answer the question as best as you can using the context below.If the answer is not explicitly stated, make the best possible inference.Example:Example: Example: Example of the following: Example Example:Example of the above: ExampleExample:Context: Example. Example.Example. Example:Context. Example",0.0,0.0,0.0,neutral,0,0.2768152356147766
2388,acids are ionic compounds that relate to which element,water,True,"Answer the question using ONLY the context below. If the answer is not contained in the context, say 'I don't know'.Answer the answer using ONLY what the context is.Answer the Question using ONLY ( ONLY the Context below) and say 'Yes, I don't want to know'. Answer the question",0.0,0.0,1.0,entailment,1,0.5197543501853943,"Answer the question as best as you can using the context below.If the answer is not explicitly stated, make the best possible inference. If the answer does not explicitly state, make a best possible deduction.Context:Context:Cannonyl compounds are compounds that are not normally found in the body. They",0.0,0.0,1.0,neutral,0,0.26878809928894043
2390,when was the first gun law passed in the us,in 1813,True,"Answer the question using ONLY the context below. If the answer is not contained in the context, say 'I don't know'.Answer the Question using ONLY The Context below.Answer the Answer using ONLYThe Context:Context:Context :Context: Context: Context :Context : Context: context: Context.Context",0.0,0.047619047619047616,0.0,entailment,1,0.5240420699119568,"Answer the question as best as you can using the context below.If the answer is not explicitly stated, make the best possible inference. If the answer does not explicitly state, make a best possible deduction. If it is not stated, use the best available inference.Context:The song is first performed in Annie",0.0,0.03773584905660377,0.0,entailment,1,0.6272487044334412
2393,when does call of duty blackops 4 come out,"October 12, 2018",True,"Answer the question using ONLY the context below. If the answer is not contained in the context, say 'I don't know'. Answer the question with ONLY the Context below. Answer the answer using ONLY The Context below: <Tr> <Th> Context: Context:Context:Context :Context: Context :",0.0,0.0,1.0,entailment,1,0.557671070098877,"Answer the question as best as you can using the context below.If the answer is not explicitly stated, make the best possible inference.Example:Context:Context :Context: Context:Context::Context: <Tr> <Th colspan=""2""> Call of Duty : Black Ops 4 </Th> </",0.0,0.0,1.0,neutral,0,0.18306532502174377
2396,who is the author of al capone does my shirts,Gennifer Choldenko,True,"Answer the question using ONLY the context below. If the answer is not contained in the context, say 'I don't know'. The answer is NOT contained in any context. The answer IS NOT contained IN THE context below, say'I don' t know'. </Tr> <Tr> {Context:",0.0,0.0,1.0,entailment,1,0.4636741876602173,"Answer the question as best as you can using the context below. If the answer is explicitly stated, make the best possible inference. If it is not explicitly stated in the context, make it the best way inference. Example: Al Capone Does My ShirtsContext: Al Al Capon Does My Shoes <",0.0,0.0,1.0,contradiction,0,0.14162230491638184
2397,what is the correct order of the chronicles of narnia movies,"The Lion, the Witch and the Wardrobe",True,"Answer the question using ONLY the context below. If the answer is not contained in the context, say 'I don't know'. The answer is the answer to the question that is contained in that context. </Tr> <Tr> The Chronicles of Narnia is a novel by David Benioff and",0.0,0.14545454545454545,1.0,neutral,0,0.06272204965353012,"Answer the question as best as you can using the context below.If the answer is not explicitly stated, make the best possible inference. If the answer does not explicitly state, make a best possible assumption.Context:Context:<Tr> <Th colspan=""2""> The Chronicles of Narnia </",0.0,0.125,1.0,neutral,0,0.4100162386894226
2399,what do you call a pyramid with a triangular base,a tetrahedron,True,"Answer the question using ONLY the context below. If the answer is not contained in the context, say 'I don't know'.Answer the answer using ONLY THE context below and say 'What 'll You Do About Me '' </Th> </Tr> <Tr> {Tr> </Th colspan=""",0.0,0.0,0.0,entailment,1,0.619105875492096,"Answer the question as best as you can using the context below. If the answer is explicitly stated, make the best possible inference. If it is not explicitly stated in the context, make it the best way inference. Example: Example:Example: Example 2. Example 3. Example 4. Example 5. Example",0.0,0.0,0.0,contradiction,0,0.20310679078102112
2404,who was the shrew in taming ofthe shrew,Katherina,True,"Answer the question using ONLY the context below. If the answer is not contained in the context, say 'I don't know'. The answer is NOT contained in any context. The answer IS NOT contained IN THE context.Context:Context:The context is the context of the context. Context:Contexts:",0.0,0.0,0.0,entailment,1,0.37109076976776123,"Answer the question as best as you can using the context below.If the answer is not explicitly stated, make the best possible inference. If the answer does not explicitly state, make a best possible conclusion.Context:Context:The following is a list of the following examples of Shakespeare's plays:<P>",0.0,0.0,0.0,entailment,1,0.5519761443138123
2405,when is opening day for the nba 2017,"October 17, 2017",True,"Answer the question using ONLY the context below. If the answer is not contained in the context, say 'I don't know'.Answer the answer using ONLY what the context is.Answer the Question using ONLY that context below:Context:Contexts:Context :Context:The NBA Finals is the conclusion of the",0.0,0.0,0.0,entailment,1,0.6291747093200684,"Answer the question as best as you can using the context below.If the answer is not explicitly stated, make the best possible inference. If the answer does not explicitly state, make a best possible deduction. If it is explicitly stated, make the worst possible inference and make the most possible inference. </P>",0.0,0.0,0.0,neutral,0,0.2774900496006012
2408,who won men's college basketball last year,North Carolina,True,"Answer the question using ONLY the context below. If the answer is not contained in the context, say 'I don't know'.Answer the answer using ONLY what the context is.Answer the Question using ONLY that context below:Context:Contexts:ContextContext: Context:Context Context: Contexts: Context",0.0,0.0,1.0,entailment,1,0.6358525156974792,"Answer the question as best as you can using the context below.If the answer is not explicitly stated, make the best possible inference.If it is explicitly stated that the answer was not explicitly specified, make a best possible statement.If not explicitly stating, make it the best way possible inference, and make the",0.0,0.0,1.0,entailment,1,0.49580734968185425
2410,where does the show the office take place,"Scranton, Pennsylvania",True,"Answer the question using ONLY the context below. If the answer is not contained in the context, say 'I don't know'. The answer is NOT contained in any context. The answer will be answered using ONLY what is contained in that context.Context: The following is a list of the highest - grossing",0.0,0.0,0.0,contradiction,0,0.35258135199546814,"Answer the question as best as you can using the context below.If the answer is not explicitly stated, make the best possible inference. If the answer does not explicitly state the answer, make a best possible assumption.Context:Context:The following is a list of the highest - grossing films in the United",0.0,0.0,0.0,entailment,1,0.4734731912612915
2411,who is the current president commission of ecowas,Marcel Alain de Souza,True,"Answer the question using ONLY the context below. If the answer is not contained in the context, say 'I don't know'. The answer is NOT contained in any context. The answer will be used in the following context:Context:Contexts:Context :Context: Context:ContextContext:context:Context",0.0,0.0,0.0,contradiction,0,0.030171053484082222,"Answer the question as best as you can using the context below.If the answer is not explicitly stated, make the best possible inference. If the answer does not explicitly state, make a best possible assumption.Context: The President of the Rajya Sabha is a President of The United States of America. The President",0.0,0.0,0.0,neutral,0,0.24863219261169434
2412,when did the united states leave the philippines,"July 4, 1946",True,"Answer the question using ONLY the context below. If the answer is not contained in the context, say 'I don't know'. The answer is NOT contained in any context. The answer will be used in the following context:Context:Contexts:Context :Context:Location:ContextContext: Context:Context",0.0,0.0,0.0,contradiction,0,0.12010051310062408,"Answer the question as best as you can using the context below.If the answer is not explicitly stated, make the best possible inference. If the answer does not explicitly state, make a best possible deduction.Context:Context:History:History of the Land Ordinance of 1785 ( United States )<P",0.0,0.0,0.0,neutral,0,0.44286009669303894
2417,who had cameo roles in mamma mia here we go again,Björn Ulvaeus,True,"Answer the question using ONLY the context below. If the answer is not contained in the context, say 'I don't know'. </Tr> <Tr> </Tr><Tr> <!--Context: </Tr></Tr> {Tr> > <Tr><Th colspan=""2""> Mamma Mia!",0.0,0.0,0.0,neutral,0,0.061089370399713516,"Answer the question as best as you can using the context below. If the answer is explicitly stated, make the best possible inference. If it is not explicitly stated in the context, make it the best way inference. <Tr> <Tr><Tr> </Tr> <!--Context: </Tr><Td",0.0,0.0,0.0,contradiction,0,0.19746525585651398
2419,when was the last time someone lived in biltmore house,1956,True,"Answer the question using ONLY the context below. If the answer is not contained in the context, say 'I don't know'. The answer is the answer that is not in the Context below. The answer that the answer to the question is not the context is the following:Context:Context :Context: Context",0.0,0.0,0.0,contradiction,0,0.1415056586265564,"Answer the question as best as you can using the context below.If the answer is not explicitly stated, make the best possible inference. If the answer does not explicitly state, make a best possible deduction.Context:Context:<P> This list of kings and queens of the Kingdom of England begins with Alfred",0.0,0.0,0.0,neutral,0,0.4002059996128082
2423,when did the first tim hortons open in the usa,1981,True,"Answer the question using ONLY the context below. If the answer is not contained in the context, say 'I don't know'. The answer is NOT contained in any context. The answer may be omitted if the answer does not contain in the Context below. The Answer: <Table> Tim Hortons Inc.",0.0,0.0,0.0,neutral,0,0.0038579690735787153,"Answer the question as best as you can using the context below. If the answer is explicitly stated, make the best possible inference. If it is not explicitly stated in the context, make a best possible deduction. If you are not explicitly stating the answer, make that best possible conclusion. If not explicitly specified,",0.0,0.0,0.0,neutral,0,0.004411062691360712
2425,what season did george die on grey's anatomy,fifth season,True,"Answer the question using ONLY the context below. If the answer is not contained in the context, say 'I don't know'.Answer the answer using ONLY The context below and say 'You don't want to know'. <Tr> <Tr><Tr> </Tr> <!--Tr> {Tr> [",0.0,0.0,0.0,contradiction,0,0.10225558280944824,"Answer the question as best as you can using the context below.If the answer is not explicitly stated, make the best possible inference. If the answer does not explicitly state, make a best possible statement. If it does not clearly state, then make the worst possible inference and make the most possible inference using the",0.0,0.0,0.0,neutral,0,0.4220753312110901
2431,who views crime as a desire for success when the legitimate means to achieve it are limited,Robert K. Merton,True,"Answer the question using ONLY the context below. If the answer is not contained in the context, say 'I don't know'. The answer is the answer that is not in the Context below. The answer that IS contained in this context is the question that is being asked.Context: Grit in psychology is",0.0,0.0,0.0,contradiction,0,0.13055790960788727,"Answer the question as best as you can using the context below.If the answer is not explicitly stated, make the best possible inference.Example: Grit in psychology is presented as a positive, non -cognitive trait based on a personality trait known as grit. This trait is presented in psychology as a negative",0.0,0.0,0.0,contradiction,0,0.0055850716307759285
2433,who said sun is the center of the solar system,Aristarchus of Samos,True,"Answer the question using ONLY the context below. If the answer is not contained in the context, say 'I don't know'. The answer is NOT contained in any context. The answer will be used in the following context: The answer to the question is NOT the context. It is the context of the question",0.0,0.03508771929824561,1.0,contradiction,0,0.07261413335800171,"Answer the question as best as you can using the context below. If the answer is explicitly stated, make the best possible inference. If it is not explicitly stated in the context, make a best possible deduction. If you are not explicitly stating, make your best possible conclusion.Context: Heliocentrism",0.0,0.0,1.0,entailment,1,0.46313321590423584
2434,what are the fox and the hounds names,red fox named Tod,True,"Answer the question using ONLY the context below. If the answer is not contained in the context, say 'I don't know'. The answer is NOT contained in any context. The answer should be 'I do know'. </P> <P> The following is a list of the longest words in English",0.0,0.0,0.0,contradiction,0,0.02002997137606144,"Answer the question as best as you can using the context below.If the answer is not explicitly stated, make the best possible inference. If the answer does not explicitly state, make a best possible deduction.Context:Context:The following is a list of the longest words in English. The longest words are the",0.0,0.0,0.0,neutral,0,0.2962469160556793
2435,what is the weather like in the eye of a hurricane,mostly calm,True,"Answer the question using ONLY the context below. If the answer is not contained in the context, say 'I don't know'. The answer is NOT contained in any context. The answer will be used in the following context: The question is not answered using ONLY a context below, but rather the context is used",0.0,0.0,0.0,contradiction,0,0.039716318249702454,"Answer the question as best as you can using the context below.If the answer is not explicitly stated, make the best possible inference. If the answer does not explicitly state, make a best possible assumption.Context: Weather Satellite (Weather Satellite ) (Weather satellite ) ( Weather satellite ) <P> <P",0.0,0.0,0.0,neutral,0,0.2883133292198181
2436,when does new season of blind spot start,"October 27, 2017",True,"Answer the question using ONLY the context below. If the answer is not contained in the context, say 'I don't know'. The answer is the answer to the question that is not in the Context below. The answer to this question is the following:Context:Context :Context: Context:Contexts:",0.0,0.0,0.0,neutral,0,0.408975213766098,"Answer the question as best as you can using the context below.If the answer is not explicitly stated, make the best possible inference. If the answer does not explicitly state, make a best possible assumption.Context:Context:History:History of New Zealand during World War I.Context :History of the New",0.0,0.0,0.0,entailment,1,0.5312636494636536
2459,who appointed the current members of the supreme court,Donald Trump,True,"Answer the question using ONLY the context below. If the answer is not contained in the context, say 'I don't know'. </P> <Table> <Tr> <Td> <P> This article is part of the series on the </Td>. </Table> </Tr> </",0.0,0.0,0.0,neutral,0,0.029582630842924118,"Answer the question as best as you can using the context below.If the answer is not explicitly stated, make the best possible inference. If the answer does not explicitly state, make a best possible assumption. If it is not stated, then make the worst possible inference and make the most possible inference using the following",0.0,0.0,0.0,neutral,0,0.44512939453125
2460,when does the diary of a wimpy kid the getaway come out,"November 7, 2017",True,"Answer the question using ONLY the context below. If the answer is not contained in the context, say 'I don't know'. The answer is the same as the answer in the previous question. </P> <Table> <Tr> <Th colspan=""2""> Diary of a Wimpy Kid :",0.0,0.0,0.0,neutral,0,0.06317555904388428,"Answer the question as best as you can using the context below.If the answer is not explicitly stated, make the best possible inference. If the answer does not explicitly state, make a best possible deduction.Context: <Table> <Tr> <Th colspan=""2""> Diary of a Wimpy Kid",0.0,0.0,0.0,neutral,0,0.3181260824203491
2463,who has a grammy oscar tony and emmy,Richard Rodgers,True,"Answer the question using ONLY the context below. If the answer is not contained in the context, say 'I don't know'. The answer is NOT contained in any context. The answer to the question is NOT included in the Context below. The Answer is NOT CONSTANTLY CONSTITUTIONARYContext",0.0,0.0,1.0,neutral,0,0.19100172817707062,"Answer the question as best as you can using the context below.If the answer is not explicitly stated, make the best possible inference. If the answer does not explicitly state, make a best possible assumption. If it is explicitly stated that the answer was not explicitly specified, make that best possible implication.Context:",0.0,0.0,1.0,neutral,0,0.2508128583431244
2468,when does pam come back to the office,"in ""Jury Duty""",True,"Answer the question using ONLY the context below. If the answer is not contained in the context, say 'I don't know'.Answer the answer using ONLY THE context below and say 'You don't want to know'.Context:Context: Context:Context :Context:context:Context>Context:Example:",0.0,0.05,0.0,contradiction,0,0.1664140820503235,"Answer the question as best as you can using the context below. If the answer is explicitly stated, make the best possible inference. If it is not explicitly stated in the context, make it the best way inference. Example: Example:Example: Example 2. Example 3. Example 4. Example 5. Example",0.0,0.03846153846153846,0.0,contradiction,0,0.16973242163658142
2469,who plays mabel's voice on gravity falls,Kristen Joy Schaal,True,"Answer the question using ONLY the context below. If the answer is not contained in the context, say 'I don't know'. The answer is the answer to the question that is not in the Context below. The answer to this question is the following: </P> <P> The following is a list",0.0,0.0,0.0,contradiction,0,0.034955982118844986,"Answer the question as best as you can using the context below.If the answer is not explicitly stated, make the best possible inference. If the answer does not explicitly state, make a best possible statement. If it is not stated, then make the worst possible inference and make the most possible inference using the following",0.0,0.0,0.0,neutral,0,0.2591054439544678
2471,why there are 29 days in february in a leap year,"because a complete revolution around the Sun takes approximately 6 hours longer than 365 days (8,760 hours)",True,"Answer the question using ONLY the context below. If the answer is not contained in the context, say 'I don't know'. The answer is the answer to the question that is contained in that context. The answer to this question is the following:Context:Context :Context: Context:Contexts:Context",0.0,0.03225806451612903,0.0,neutral,0,0.17837290465831757,"Answer the question as best as you can using the context below.If the answer is not explicitly stated, make the best possible inference. If the answer does not explicitly state, make a best possible deduction.Context: The Prime Minister's Life ( 豬 ) is the longest life of each Prime Minister.",0.0,0.0625,0.0,neutral,0,0.4349011778831482
2472,who was defeated in the battle of yorktown,British Army,True,"Answer the question using ONLY the context below. If the answer is not contained in the context, say 'I don't know'. The answer is NOT contained in any context. The answer will be used ONLY in the contexts below.Context:Context: Context: Context : Context:Context : Context :Context:",0.0,0.0,0.0,neutral,0,0.31765106320381165,"Answer the question as best as you can using the context below.If the answer is not explicitly stated, make the best possible inference. If the answer does not explicitly state, make a best possible assumption.Context:Context: Context:Context :Context:context:Contexts:ContextContext:Location:Context",0.0,0.0,0.0,entailment,1,0.5307367444038391
2475,when did countrywide merge with bank of america,2008,True,"Answer the question using ONLY the context below. If the answer is not contained in the context, say 'I don't know'. The answer is NOT contained in any context. The answer will be answered using ONLY what the answer was contained in. The Answer is NOT CONNECTED. The Context: <Tr",0.0,0.0,0.0,contradiction,0,0.20466706156730652,"Answer the question as best as you can using the context below.If the answer is not explicitly stated, make the best possible inference. If the answer does not explicitly state the answer, make a best possible deduction.Context: <Tr> <Th> Type </Th> <Td> Type <Th",0.0,0.0,0.0,entailment,1,0.5074983239173889
2477,what is meant by the phrase survival of the fittest,Survival of the form that will leave the most copies of itself in successive generations,True,"Answer the question using ONLY the context below. If the answer is not contained in the context, say 'I don't know'. The answer is the answer that is not in the Context below. The answer that IS contained in that context is the response that is NOT contained in any context below: Context: Context",0.0,0.11594202898550725,1.0,contradiction,0,0.0765567347407341,"Answer the question as best as you can using the context below. If the answer is explicitly stated, make the best possible inference. If it is not explicitly stated in the context, make a best possible deduction. If not explicitly specified, make that best possible conclusion.Context:Context:Example:Context :Context",0.0,0.12903225806451613,1.0,neutral,0,0.406283974647522
2478,hawaii is in the center of the ring of fire and is caused by,plate tectonics,True,"Answer the question using ONLY the context below. If the answer is not contained in the context, say 'I don't know'. The answer is sometimes called the circum - Pacific belt. </P> <P>Context: The Ring of Fire is a major area in the basin of the Pacific Ocean where many",0.0,0.0,1.0,neutral,0,0.03263004869222641,"Answer the question as best as you can using the context below.If the answer is not explicitly stated, make the best possible inference. If the answer does not explicitly state, make a best possible assumption.Context: The Ring of Fire is a major area in the basin of the Pacific Ocean where many earthquakes and",0.0,0.0,1.0,entailment,1,0.5254294276237488
2479,when was the last time england went to a world cup final,1966,True,"Answer the question using ONLY the context below. If the answer is not contained in the context, say 'I don't know'. If the question is not answered, say it is not included in the Context below. The answer is NOT contained in any context. The question is NOT answered using ONLY a context below",0.0,0.0,0.0,contradiction,0,0.07981050759553909,"Answer the question as best as you can using the context below.If the answer is not explicitly stated, make the best possible inference. If the answer does not explicitly state, make a best possible assumption. If it is explicitly stated that the answer was not explicitly specified, make that best possible implication.Context:",0.0,0.0,0.0,neutral,0,0.4135250151157379
2481,who won season 9 of americas got talent,magician Mat Franco,True,"Answer the question using ONLY the context below. If the answer is not contained in the context, say 'I don't know'.Answer the answer using ONLY The context below and say 'The answer is NOT contained in any context below'.Answer The Question using ONLY THE Context below.Context:Context: Context:",0.0,0.0,0.0,entailment,1,0.49809587001800537,"Answer the question as best as you can using the context below.Answer the answer as best possible inference.If the answer is not explicitly stated, make the best possible statement.Answer The Question as best and as best (if the answer was explicitly stated) using the Context below.Context:Context: Context:",0.0,0.0,0.0,entailment,1,0.5428056716918945
2483,where is ferris bueller's day off filmed,Chicago,True,"Answer the question using ONLY the context below. If the answer is not contained in the context, say 'I don't know'.Answer the answer using ONLY The context below and say 'You don't want to know'. <Tr> <Th> Theatrical release poster </Td> </Tr>",0.0,0.0,0.0,contradiction,0,0.18384236097335815,"Answer the question as best as you can using the context below. If the answer is explicitly stated, make the best possible inference. If it is not explicitly stated in the context, make it the best available inference. Example: Example:Example: Example 2. Example 3. Example 4. Example 2: Example",0.0,0.0,0.0,entailment,1,0.44814780354499817
2484,who banned all public meetings and procession in amritsar,Colonel Reginald Dyer,True,"Answer the question using ONLY the context below. If the answer is not contained in the context, say 'I don't know'.Answer the Question using ONLY The Context below.Answer the Answer using ONLYThe Context: <Tr> <Tr><Context: <P> The context of the question is the context",0.0,0.0,0.0,entailment,1,0.7745730876922607,"Answer the question as best as you can using the context below.If the answer is not explicitly stated, make the best possible inference. If the answer does not explicitly state, make a best possible deduction. If it does not state, then make the worst possible inference and make the most possible inference, which is",0.0,0.0,0.0,neutral,0,0.4580002427101135
2487,what do candles symbolize in the catholic church,"the ""prayers the worshipper is offering for him or herself, or for other people.",True,"Answer the question using ONLY the context below. If the answer is not contained in the context, say 'I don't know'. The answer is NOT contained in any context. The answer will be answered using ONLY what is contained in that context.Context: <P> <P><P> The term vot",0.0,0.0983606557377049,1.0,entailment,1,0.35954293608665466,"Answer the question as best as you can using the context below. If the answer is explicitly stated, make the best possible inference. If it is not explicitly stated in the context, make a best possible deduction. If you are not explicitly stating, make your best possible conclusion. If not explicitly specified, make that",0.0,0.08823529411764706,1.0,entailment,1,0.5537626147270203
2494,what is the dog called in midsomer murders,Sykes,True,"Answer the question using ONLY the context below. If the answer is not contained in the context, say 'I don't know'. The answer is the answer that is contained in this context. The answer that will be used is the one that will not be contained in any context. </P> <P>",0.0,0.0,0.0,contradiction,0,0.07114825397729874,"Answer the question as best as you can using the context below.If the answer is not explicitly stated, make the best possible inference. If the answer does not explicitly state, make a best possible deduction.Context: English Language, Old English, and Old English, the core of English language, and the language",0.0,0.0,0.0,entailment,1,0.5781490802764893
2496,who does karen gillian play in the avengers,Nebula,True,"Answer the question using ONLY the context below. If the answer is not contained in the context, say 'I don't know'. If the question is not answered, say it is not included in the Context below. The answer is NOT contained in any context. The following is a list of the top 300 Major",0.0,0.0,0.0,contradiction,0,0.059495411813259125,"Answer the question as best as you can using the context below.If the answer is not explicitly stated, make the best possible inference. If the answer does not explicitly state, make a best possible deduction.Context:<P> <P> Each Major League Baseball team maintains both a 25 - man roster and",0.0,0.0,0.0,neutral,0,0.4181898534297943
2497,who did the cavs trade for kyle korver,Mike Dunleavy,True,"Answer the question using ONLY the context below. If the answer is not contained in the context, say 'I don't know'. The answer is NOT contained in any context. The answer will be used in the following context: Context: Context : Context:Context: Context (Context) Context: context: context",0.0,0.0,0.0,contradiction,0,0.10505907982587814,"Answer the question as best as you can using the context below.If the answer is not explicitly stated, make the best possible inference. If the answer does not explicitly state, make a best possible assumption. If it is not stated, then make the worst possible inference and make the most possible inference. </P",0.0,0.0,0.0,neutral,0,0.31542426347732544
2498,first african-american female actress who won the emmy awards,Gail Fisher,True,"Answer the question using ONLY the context below. If the answer is not contained in the context, say 'I don't know'. The answer is NOT contained in any context. The answer will be used ONLY in the following context: The answer to the question is NOT the context. It will be the context that",0.0,0.0,0.0,neutral,0,0.21291163563728333,"Answer the question as best as you can using the context below. If the answer is explicitly stated, make the best possible inference. If it is explicitly said, make a best possible statement. If not explicitly stated. If you are not explicitly stating, make that best possible implication. If so, make it as",0.0,0.0,0.0,neutral,0,0.4026305079460144
2503,who plays dwight's brother on the office,Thomas Middleditch,True,"Answer the question using ONLY the context below. If the answer is not contained in the context, say 'I don't know'. If the question is not answered, say it is not in the Context below. The answer is NOT contained in any context. The question is NOT in theContext: The Question is",0.0,0.0,0.0,contradiction,0,0.08097448199987411,"Answer the question as best as you can using the context below.If the answer is not explicitly stated, make the best possible inference. If the answer does not explicitly state the answer, make a best possible assumption. If it is not stated, then make the worst possible inference and make the most possible inference using",0.0,0.0,0.0,neutral,0,0.2581309378147125
2506,which is the longest running train in india,"One of the Vivek Express trains, the one from Dibrugarh to Kanyakumari",True,"Answer the question using ONLY the context below. If the answer is not contained in the context, say 'I don't know'. The answer is NOT contained in any context. The answer may be omitted if the answer does not contain in the Context below. The Answer is NOT CONSTANTLY IN THE Context",0.0,0.0625,1.0,entailment,1,0.47019532322883606,"Answer the question as best as you can using the context below.If the answer is not explicitly stated, make the best possible inference. If the answer does not explicitly state, make a best possible assumption.Context:Context:Aditya Puri is the Managing Director of HDFC Bank, India's",0.0,0.10714285714285714,1.0,entailment,1,0.7074007391929626
2515,when did the new york mets became a team,1962,True,"Answer the question using ONLY the context below. If the answer is not contained in the context, say 'I don't know'.Answer the Question using ONLY The Context below.Answer the Answer using ONLYThe Context:Context:Contexts:Context :Context: Context: Contexts: ContextContext:context:",0.0,0.0,1.0,entailment,1,0.6945544481277466,"Answer the question as best as you can using the context below.If the answer is not explicitly stated, make the best possible inference. If the answer does not explicitly state, make a best possible statement. If it is explicitly stated, make the worst possible inference and make the most possible inference. If the question",0.0,0.0,1.0,entailment,1,0.49928420782089233
2517,where does us route 42 start and end,"Louisville, Kentucky to Cleveland, Ohio",True,"Answer the question using ONLY the context below. If the answer is not contained in the context, say 'I don't know'.Answer the answer using ONLY a context below, say'I don' know'. Answer the question with ONLY the Context below. Answer the answer with ONLY a Context below, and say",0.0,0.0,0.0,entailment,1,0.6131489276885986,"Answer the question as best as you can using the context below.If the answer is not explicitly stated, make the best possible inference.Example:Example: Example: Example of the following: Example Example:Example of the above: ExampleExample:Context: Example <Tr> <Tr><Tr> </Tr",0.0,0.0,0.0,neutral,0,0.1997692734003067
2521,when does the second half of fuller house air,"December 9, 2016",True,"Answer the question using ONLY the context below. If the answer is not contained in the context, say 'I don't know'.Answer the answer using ONLY a context below:Context:Context :Context: Context:Context::Context:context:ContextContext:Example:ContextualContext:Fact:Context.",0.0,0.0,0.0,entailment,1,0.6993464827537537,"Answer the question as best as you can using the context below.Context:Context:If the answer is not explicitly stated, make the best possible inference.Context :Context: Context:Context : Context: Context :Context :context:Contextual:Context::Context:context:contextualContext: context:",0.0,0.0,0.0,neutral,0,0.47251713275909424
2524,what is the name of the vaccine for tuberculosis,bacilli Calmette-Guérin (BCG),True,"Answer the question using ONLY the context below. If the answer is not contained in the context, say 'I don't know'. The answer is the answer to the question that is not in the Context below. The answer to this question is the response to the context that is contained in that context. </P",0.0,0.0,0.0,neutral,0,0.06554517894983292,"Answer the question as best as you can using the context below. If the answer is explicitly stated, make the best possible inference. If it is not explicitly stated in the context, make a best possible deduction. If you are not explicitly stating, make sure you make the worst possible inference. </P> <",0.0,0.0,0.0,neutral,0,0.2507176101207733
2525,where is lake george located in new. york,in Warren County,True,"Answer the question using ONLY the context below. If the answer is not contained in the context, say 'I don't know'.Answer the answer using ONLY what the context is.Answer the Question using ONLY The Context below.Answer The Question using Only the Context below: <Tr> <Tr><Tr>",0.0,0.04166666666666667,1.0,entailment,1,0.4981282949447632,"Answer the question as best as you can using the context below.If the answer is not explicitly stated, make the best possible inference.Example:Example: Example: Example of the following: Example Example:Example of the above: ExampleExample:Context: Example. Example.Example. Example:Context. Example",0.0,0.0,1.0,neutral,0,0.2404663860797882
2526,the structure found in the cell that contains strands of dna is called a(n),chromosomes,True,"Answer the question using ONLY the context below. If the answer is not contained in the context, say 'I don't know'.Answer the Question using ONLY The context below: The answer is NOT contained in any context below, say'I don' know'. The answer will be answered using ONLY THE context below",0.0,0.0,1.0,entailment,1,0.6405686736106873,"Answer the question as best as you can using the context below.If the answer is not explicitly stated, make the best possible inference. If the answer does not explicitly state, make a best possible deduction.Context: Chromatin Structure: Chromatology, Structure, Structure, Structure, and Structure of Chromatin",0.0,0.0,1.0,neutral,0,0.31607767939567566
2527,who are the surviving members of the beatles,McCartney,True,"Answer the question using ONLY the context below. If the answer is not contained in the context, say 'I don't know'. The answer is then added to the context of the question. The answer will be used in the following context:Context:<P> <P> The club has 375 full members",0.0,0.0,0.0,neutral,0,0.06319830566644669,"Answer the question as best as you can using the context below.If the answer is not explicitly stated, make the best possible inference. If the answer does not explicitly state, make a best possible assumption.Context:<P> The Wimbledon Tennis Club is a tennis club with 375 full members, about 100",0.0,0.0,0.0,neutral,0,0.3853074014186859
2528,where was war on the planet of the apes filmed,Lower Mainland in Vancouver,True,"Answer the question using ONLY the context below. If the answer is not contained in the context, say 'I don't know'. The answer is NOT contained in any context. The answer IS NOT contained IN THE context below, say'I don't know'. <Tr> <Th colspan=""2",0.0,0.04166666666666667,0.0,contradiction,0,0.28650233149528503,"Answer the question as best as you can using the context below. If the answer is explicitly stated, make the best possible inference. If it is not explicitly stated in the context, make it the best way possible inference, and make the worst possible inference using the following context: <Tr> <Th colspan",0.0,0.03571428571428572,0.0,contradiction,0,0.23280008137226105
2532,who gave the name cape of good hope,John II of Portugal,True,"Answer the question using ONLY the context below. If the answer is not contained in the context, say 'I don't know'. The answer is the answer to the question that is not in the Context below.Context: <P> <P><Context:<P> Going back to the Church Fathers,",0.0,0.0,0.0,contradiction,0,0.10370910167694092,"Answer the question as best as you can using the context below. If the answer is explicitly stated, make the best possible inference. If it is not explicitly stated in the context, make a best possible deduction.Context: <P> <P>< <P>[The name of God is a Latin phrase meaning",0.0,0.038461538461538464,0.0,neutral,0,0.47477442026138306
2538,what is the youngest state in the usa,Hawaii,True,"Answer the question using ONLY the context below. If the answer is not contained in the context, say 'I don't know'. The answer is NOT contained in any context. The answer may be omitted if the answer does not contain in the Context below. The Answer is NOT CONSTANTLY CONSTIT",0.0,0.0,0.0,contradiction,0,0.3506864905357361,"Answer the question as best as you can using the context below.If the answer is not explicitly stated, make the best possible inference. If the answer does not explicitly state, make a best possible deduction.Context:Context:<P> Florida cracker refers to colonial - era English and American pioneer settlers and",0.0,0.0,0.0,entailment,1,0.499988853931427
2540,why did european countries want empires in the 19th century,"trade, driven by the new ideas and the capitalism that grew out of the European Renaissance",True,"Answer the question using ONLY the context below. If the answer is not contained in the context, say 'I don't know'. The answer is NOT contained in any context. The answer will be the answer that is not included in the Context below. The Answer: ""I don’t know"" (",0.0,0.125,0.0,contradiction,0,0.1802070587873459,"Answer the question as best as you can using the context below.If the answer is not explicitly stated, make the best possible inference. If the answer does not explicitly state, make a best possible conclusion.Context:Context:In chemistry and physics, atomic theory is a scientific theory of the nature of matter,",0.0,0.15384615384615385,0.0,entailment,1,0.7783013582229614
2542,where did the thompson twins get their name from,the two bumbling detectives Thomson and Thompson in Hergé's comic strip The Adventures of Tintin,True,"Answer the question using ONLY the context below. If the answer is not contained in the context, say 'I don't know'. Answer the question with ONLY the question below. Answer the answer using ONLY what the context is. Answer: ""I don"" Don't know"" ( ) <Table> <Table",0.0,0.1,0.0,neutral,0,0.03430834785103798,"Answer the question as best as you can using the context below. If the answer is explicitly stated, make the best possible inference. If it is not explicitly stated in the context, make a best possible deduction.Context: <Table> <Table > <Tr> <Tr><Tr><Th colspan",0.0,0.10526315789473682,0.0,neutral,0,0.02568562887609005
2546,who sings don't stand so close to me,The Police,True,"Answer the question using ONLY the context below. If the answer is not contained in the context, say 'I don't know'.Answer the Question using ONLY The context below and say 'What do you think I don't want to know?'</Tr> <Tr> </Tr><Tr> {Tr",0.0,0.04545454545454545,1.0,neutral,0,0.17956051230430603,"Answer the question as best as you can using the context below.Answer the answer as best possible inference.If the answer is not explicitly stated, make the best possible statement.Answer The Question as best and as best (if the answer was explicitly stated) using the following context:Context:Context :Context:",0.0,0.04081632653061224,1.0,neutral,0,0.3685852885246277
2547,who plays adam's mom on man with a plan,Swoosie Kurtz,True,"Answer the question using ONLY the context below. If the answer is not contained in the context, say 'I don't know'. If the question is not answered, say ``I don't know'. '' </Tr> <Tr><Tr> ""I don 't know' is the answer to",0.0,0.0,0.0,neutral,0,0.14519192278385162,"Answer the question as best as you can using the context below.If the answer is not explicitly stated, make the best possible inference. If the answer does not explicitly state, make a best possible deduction. If it is explicitly stated that the answer was not explicitly specified, make that best possible conclusion. If not",0.0,0.0,0.0,entailment,1,0.5126829147338867
2550,who owns mgm resorts international in las vegas,Tracinda Corporation,True,"Answer the question using ONLY the context below. If the answer is not contained in the context, say 'I don't know'.Answer the answer using ONLY The context below: <Tr> <Th> Context: Context:Context:Context :Context: Context :Context : Context:context:Context::Context",0.0,0.0,1.0,entailment,1,0.6953250169754028,"Answer the question as best as you can using the context below.If the answer is not explicitly stated, make the best possible inference.Example:Example: Example: Example 2. Example 3. Example 4. Example 5. Example 6. Example 7. Example 8. Example 9. Example 10. Example 11",0.0,0.0,1.0,neutral,0,0.23915910720825195
2552,what does thou shalt not bear false witness against thy neighbour mean,perjury,True,"Answer the question using ONLY the context below. If the answer is not contained in the context, say 'I don't know'. The answer is NOT contained in any context. The answer IS NOT contained IN THE context below, say'I don't know'. </Td> </Tr> <Tr",0.0,0.0,0.0,entailment,1,0.45166918635368347,"Answer the question as best as you can using the context below. If the answer is explicitly stated, make the best possible inference. Example: Example:Example: Example of a series on </Td> </Tr> <Tr> </Tdr> <Td > Part of a sequence on </Tr",0.0,0.0,0.0,neutral,0,0.052253879606723785
2553,who won fifa world cup 2018 final match,France,True,"Answer the question using ONLY the context below. If the answer is not contained in the context, say 'I don't know'.Answer the Question using ONLY The Context below.Answer the Answer using ONLYThe Context:Context:Context :Context: Context: Context :Context : Context: context: Context.Context",0.0,0.0,1.0,entailment,1,0.7249693274497986,"Answer the question as best as you can using the context below. If the answer is explicitly stated, make the best possible inference. If it is not explicitly stated in the context, make it the best way inference. The answer is not directly stated in either the context or the context.Context: Context: Context",0.0,0.0,1.0,entailment,1,0.6002237200737
2568,when did delegates begin to sign the completed document,"September 17, 1787",True,"Answer the question using ONLY the context below. If the answer is not contained in the context, say 'I don't know'. The answer is the answer to the question that is not in the Context below. The answer to this question is the following:Context:Contexts:Context :Context: Context:",0.0,0.0,0.0,contradiction,0,0.204229474067688,"Answer the question as best as you can using the context below.If the answer is not explicitly stated, make the best possible inference. If the answer does not explicitly state, make a best possible deduction.Context:Context:Constitution:Constitutional:Constitutions:Constituents:Constitutes:",0.0,0.0,0.0,entailment,1,0.5931312441825867
2569,within the townships created by the land ordinance of 1785 one section was set aside for,the maintenance of public schools,True,"Answer the question using ONLY the context below. If the answer is not contained in the context, say 'I don't know'. The answer is NOT contained in any context. The answer will be used in the following context:Context:Contexts:Context :Context:Background:ContextContext: Context:Context",0.0,0.04444444444444445,0.0,contradiction,0,0.044674232602119446,"Answer the question as best as you can using the context below.If the answer is not explicitly stated, make the best possible inference. If the answer does not explicitly state, make a best possible conclusion.Context:Context:History:History :History:Contextual:Contexts:Context :Context:Hist",0.0,0.047619047619047616,0.0,entailment,1,0.5165888071060181
2570,when was the last time browns had a winning record,1994,True,"Answer the question using ONLY the context below. If the answer is not contained in the context, say 'I don't know'. If the question is not answered, say it is not included in the Context below.Answer the Question using ONLY The Context below:Context:Contexts:Context :Context: Context",0.0,0.0,0.0,contradiction,0,0.0059859356842935085,"Answer the question as best as you can using the context below. If the answer is explicitly stated, make the best possible inference. If it is not explicitly stated in the context, make a best possible deduction. If you are not explicitly stating, make your best possible conclusion.Context:Context:History:History",0.0,0.0,0.0,contradiction,0,0.010104922577738762
2572,when does the latest riverdale episode come out,"May 16, 2018",True,"Answer the question using ONLY the context below. If the answer is not contained in the context, say 'I don't know'.Answer the Question using ONLY The Context below.Answer the Answer using ONLY THE Context below:Context:Context :Context: Context: Context : Context:Contexts: Contexts:",0.0,0.0,0.0,entailment,1,0.6710212230682373,"Answer the question as best as you can using the context below. If the answer is explicitly stated, make the best possible inference. If it is not explicitly stated or made the best available inference, make a best possible statement. If you are not explicitly stating, make your best possible interpretation. If your answer is",0.0,0.0,0.0,entailment,1,0.5182106494903564
2578,who is morgan freeman in the lego movie,Vitruvius,True,"Answer the question using ONLY the context below. If the answer is not contained in the context, say 'I don't know'.Answer the answer using ONLY The context below and say 'The answer is NOT contained in The context above.Answer the Answer using ONLY THE context below: <Tr> <Th>",0.0,0.0,0.0,entailment,1,0.5975331664085388,"Answer the question as best as you can using the context below.Answer the answer as best possible inference.If the answer is not explicitly stated, make the best possible statement.Answer The Question as best and as best (if the answer isn't explicitly stated) using the following context: <Tr> <Th",0.0,0.0,0.0,entailment,1,0.7856842875480652
2582,when was the eiffel tower finished being built,15 March 1889,True,"Answer the question using ONLY the context below. If the answer is not contained in the context, say 'I don't know'.Answer the answer using ONLY The context below and say 'You don't want to know'.Context:Context: Context:Context :Context:Location:Context <Tr> <Tr",0.0,0.0,1.0,contradiction,0,0.1194385513663292,"Answer the question as best as you can using the context below.If the answer is not explicitly stated, make the best possible inference. If the answer was not explicitly specified, make a best possible assumption. If not explicitly, make an inference.Context:Context: Context: Context <Tr> <Tr><",0.0,0.0,1.0,neutral,0,0.4116910994052887
2583,who was the first president identified as a democrat,Andrew Jackson,True,"Answer the question using ONLY the context below. If the answer is not contained in the context, say 'I don't know'. If the question is not answered using ONLY that context, then say 'You don't have to know'. The answer is NOT contained in this context. The answer to the question below",0.0,0.0,0.0,entailment,1,0.541563868522644,"Answer the question as best as you can using the context below. If the answer is explicitly stated, make the best possible inference. If it is not explicitly stated in the context, make a best possible deduction. If you are not explicitly stating, make your best possible conclusion.Context:Context: Context: Context",0.0,0.0,0.0,entailment,1,0.6345173120498657
2585,where is promontory point utah on a map,in Box Elder County,True,"Answer the question using ONLY the context below. If the answer is not contained in the context, say 'I don't know'.Answer the answer using ONLY The context below and say 'You don't want to know'.Context:Context: Context:Context :Context:Location:Context.Context:<Tr",0.0,0.04878048780487805,0.0,contradiction,0,0.10409217327833176,"Answer the question as best as you can using the context below. If the answer is explicitly stated, make the best possible inference. If it is not explicitly stated then make the worst possible inference, make a best possible deduction. If you are not explicitly stating, make that best possible conclusion. If not explicitly specified",0.0,0.0,0.0,neutral,0,0.36673036217689514
2587,who came up with the 2nd law of thermodynamics,Sadi Carnot,True,"Answer the question using ONLY the context below. If the answer is not contained in the context, say 'I don't know'. The answer is NOT contained in any context. The answer will be used in the following context:Context:Contexts:Context :Context: Context:ContextContext:context:Context",0.0,0.0,0.0,contradiction,0,0.07229785621166229,"Answer the question as best as you can using the context below.If the answer is not explicitly stated, make the best possible inference. If the answer does not explicitly state, make a best possible conclusion.Context:Context: Context:Context :Context:context:ContextualContext:In Context: Contextual",0.0,0.0,0.0,entailment,1,0.5061166286468506
2589,who played penny in lost in space 2018,Mina Sundwall,True,"Answer the question using ONLY the context below. If the answer is not contained in the context, say 'I don't know'.Answer the Question using ONLY The Context below.Answer the Context:Context:Context :Context: Context: Context :Context : Context:context:Context.Context:context.Context",0.0,0.0,1.0,contradiction,0,0.13017453253269196,"Answer the question as best as you can using the context below. If the answer is explicitly stated, make the best possible inference. If it is not explicitly stated in the context, make it the best way inference. Example: Example:Example: Example 2. Example 3. Example 4. Example 2: Example",0.0,0.0,1.0,contradiction,0,0.05203576013445854
2594,when did mike trout come into the league,"July 8, 2011",True,"Answer the question using ONLY the context below. If the answer is not contained in the context, say 'I don't know'. The answer is NOT contained in any context. The answer will be the answer that is not included in the Context below.Context:Context: Context:Context :Context:context:",0.0,0.0,0.0,contradiction,0,0.16223953664302826,"Answer the question as best as you can using the context below.If the answer is not explicitly stated, make the best possible inference. If the answer does not explicitly state, make a best possible deduction.Context:Context: Context:Context :Context:context:ContextContext:<Tr> <Th col",0.0,0.0,0.0,entailment,1,0.5337571501731873
2595,the central dogma of molecular biology concerns the,flow of genetic information within a biological system,True,"Answer the question using ONLY the context below. If the answer is not contained in the context, say 'I don't know'. </P> <P> The question is answered using ONLY a context below, and the answer will be answered using only the context above. </P><P>Context: Context",0.0,0.03773584905660377,0.0,neutral,0,0.14478179812431335,"Answer the question as best as you can using the context below.If the answer is not explicitly stated, make the best possible inference. If the answer does not explicitly state, make a best possible deduction.Context:Context:Intermolecular forces ( IMFs ) are the forces which mediate interaction between",0.0,0.038461538461538464,0.0,neutral,0,0.39326223731040955
2596,how many episodes of beyblade burst god are there,48,True,"Answer the question using ONLY the context below. If the answer is not contained in the context, say 'I don't know'. The answer is the answer that is contained in that context. The answer that the answer does not contain in the Context is the following:Context:Contexts:Context :Context:",0.0,0.0,0.0,contradiction,0,0.2443968802690506,"Answer the question as best as you can using the context below.If the answer is not explicitly stated, make the best possible inference. If the answer does not explicitly state, make a best possible statement. If it is not stated, then make the worst possible inference and make the most possible inference using the following",0.0,0.0,0.0,entailment,1,0.5489292144775391
2598,where is the chichen itza located in mexico,"Tinúm Municipality, Yucatán State, Mexico",True,"Answer the question using ONLY the context below. If the answer is not contained in the context, say 'I don't know'.Answer the answer using ONLY a context below: <Tr> <Th colspan=""2""> Site notes </Th> </Tr> </Td> <Tr><Tr>",0.0,0.0,0.0,entailment,1,0.4562966227531433,"Answer the question as best as you can using the context below.If the answer is not explicitly stated, make the best possible inference. If the answer does not explicitly state, make a best possible assumption. If it does not clearly state, then make the worst possible inference and make the most possible inference using the",0.0,0.03333333333333333,0.0,neutral,0,0.42732807993888855
2599,where did the invasion of normandy take place,6 June 1944,True,"Answer the question using ONLY the context below. If the answer is not contained in the context, say 'I don't know'. The answer is NOT contained in any context. The answer will be answered using ONLY what is contained in that context. </P> <P>Context: <P><P>",0.0,0.0,0.0,neutral,0,0.25218161940574646,"Answer the question as best as you can using the context below. If the answer is explicitly stated, make the best possible inference. If it is not explicitly stated in the context, make a best possible deduction. If you are not explicitly stating, make your best possible conclusion.Context: Test Hat - Tricks",0.0,0.0,0.0,entailment,1,0.5130773782730103
2603,the hobbit desolation of smaug bard's son,John Bell,True,"Answer the question using ONLY the context below. If the answer is not contained in the context, say 'I don't know'. The answer is NOT contained in any context. The answer will be the answer to the question. The Answer is NOT the context.Context:Context: Context:Context :Context:",0.0,0.0,0.0,contradiction,0,0.1278131604194641,"Answer the question as best as you can using the context below.If the answer is not explicitly stated, make the best possible inference. If the answer does not explicitly state, make a best possible assumption. If it is explicitly stated that the answer was not explicitly specified, make that best possible deduction.Context:",0.0,0.0,0.0,entailment,1,0.5164704322814941
2605,what law describes how a planet orbits the sun,laws of planetary motion,True,"Answer the question using ONLY the context below. If the answer is not contained in the context, say 'I don't know'. The answer is NOT contained in any context. The answer IS NOT contained IN THE context below, say'I don't know'. <Tr> <Th colspan=""2",0.0,0.0,0.0,contradiction,0,0.28650233149528503,"Answer the question as best as you can using the context below. If the answer is explicitly stated, make the best possible inference. If it is not explicitly stated in the context, make it the best way possible inference, and make the worst possible inference using the following context: <Tr> <Th colspan",0.0,0.0,0.0,contradiction,0,0.23280008137226105
2606,other than water what is the most important ingredient of brown stock,bones,True,"Answer the question using ONLY the context below. If the answer is not contained in the context, say 'I don't know'. The answer is the answer to the question that is not in the Context below.Context: <P> <P><Context: </P><P> The actual skin color",0.0,0.0,0.0,contradiction,0,0.044803470373153687,"Answer the question as best as you can using the context below.If the answer is not explicitly stated, make the best possible inference. If the answer does not explicitly state, make a best possible assumption.Context:Context:Skin Color of Different People:Skin color of Different Humans:<P> The actual",0.0,0.0,0.0,neutral,0,0.19896475970745087
2608,who played buck rogers in the 25th century,Gil Gerard,True,"Answer the question using ONLY the context below. If the answer is not contained in the context, say 'I don't know'.Answer the answer using ONLY what the context is.Answer the Question using ONLY The Context below. <Table> <Tr> <Th colspan=""2""> Buck Rogers in the",0.0,0.0,1.0,entailment,1,0.7977932691574097,"Answer the question as best as you can using the context below.If the answer is not explicitly stated, make the best possible inference.Example:Example: Example: Example 2Context: Example 3Context:Example 2Context : Example 3Example 2 Context: Example 1Context:Context: Context:Context :Context",0.0,0.0,1.0,neutral,0,0.3757777214050293
2610,where is the ryder cup golf tournament being played,"on the Albatros Course of Le Golf National in Saint-Quentin-en-Yvelines, a suburb southwest of Paris",True,"Answer the question using ONLY the context below. If the answer is not contained in the context, say 'I don't know'.Answer the answer using ONLY what the context is.Answer the Question using ONLY The Context below.Answer The Question using Only the Context below:Context:Contexts:Context :Context",0.0,0.06779661016949153,0.0,contradiction,0,0.0016793551621958613,"Answer the question as best as you can using the context below.If the answer is not explicitly stated, make the best possible inference. If the answer does not explicitly state, make a best possible conclusion. If it does not clearly state, then make the worst possible inference and make the most possible inference using the",0.0,0.05714285714285715,0.0,contradiction,0,0.0016652767080813646
2611,how far south does the san andreas fault run,southern California,True,"Answer the question using ONLY the context below. If the answer is not contained in the context, say 'I don't know'.Answer the answer using ONLY a context below, say'I don't know'.Context:Context: Context: Context : Context:Context : Context :Context: context: Context",0.0,0.0,0.0,entailment,1,0.787000834941864,"Answer the question as best as you can using the context below. If the answer is explicitly stated, make the best possible inference. If it is not explicitly stated in the context, make a best possible assumption. Example: Example:Example: Example 2. Example 3. Example 4. Example 2: Example 3",0.0,0.0,0.0,neutral,0,0.4289013147354126
2616,who does phoebe from charmed end up with,Coop,True,"Answer the question using ONLY the context below. If the answer is not contained in the context, say 'I don't know'. <Tr> <Th colspan=""2""> The context below </Tr> </Tr><Tr> <!--Context: The context of the context of this question. --> </Tr",0.0,0.0,1.0,contradiction,0,0.12283669412136078,"Answer the question as best as you can using the context below. If the answer is explicitly stated, make the best possible inference. If it is not explicitly stated in the context, make it the best way inference. Example: Example:Example: Example 2. Example 3. Example 4. Example 2: Example",0.0,0.0,1.0,contradiction,0,0.19135648012161255
2626,why is it called air on a g string,"transposed down so that it can be played entirely on a violin's lowest string, i.e., the G string",True,"Answer the question using ONLY the context below. If the answer is not contained in the context, say 'I don't know'. If the question is not answered, say ``I don't know'. </Table> <Tr> <Td colspan=""2""> Sagging is predominantly a male fashion",0.0,0.06779661016949154,0.0,neutral,0,0.09301380068063736,"Answer the question as best as you can using the context below. If the answer is explicitly stated, make the best possible inference. If it is not explicitly stated in the context, make a best possible deduction. If not explicitly specified, make that best possible conclusion. If you are not explicitly stating, make it",0.0,0.1388888888888889,0.0,entailment,1,0.6049144864082336
2630,how many countries are still in the british commonwealth,53,True,"Answer the question using ONLY the context below. If the answer is not contained in the context, say 'I don't know'. The answer is the answer that is contained in that context. The answer that will be used is the one that will not be used in the following context.Context: The UK is",0.0,0.0,1.0,neutral,0,0.23214881122112274,"Answer the question as best as you can using the context below. If the answer is explicitly stated, make the best possible inference. If it is not explicitly stated in the context, make a best possible conclusion. If you are not explicitly stating, make your best possible decision.Context:The UK is the largest",0.0,0.0,1.0,entailment,1,0.518909752368927
2631,what is an example of a radical in chemistry,hydroxyl radical (HO•),True,"Answer the question using ONLY the context below. If the answer is not contained in the context, say 'I don't know'. The answer is NOT contained in any context. The answer will be answered using ONLY what is contained in that context. </P> <P>Context: The context is the context",0.0,0.0,1.0,neutral,0,0.1436571180820465,"Answer the question as best as you can using the context below. If the answer is explicitly stated, make the best possible inference. If it is not explicitly stated in the context, make a best possible deduction. Example: A free radical is a molecule that has one unpaired electron on the oxygen atom. The",0.0,0.03508771929824561,1.0,entailment,1,0.7828540205955505
2632,who was portrayed as the anderson brothers cousin,Ric Flair,True,"Answer the question using ONLY the context below. If the answer is not contained in the context, say 'I don't know'. If the question is not answered, say it is not in the Context below.Context:Context:The following is a list of all the former characters and the actors who portrayed them",0.0,0.0,0.0,neutral,0,0.07474619895219803,"Answer the question as best as you can using the context below.If the answer is not explicitly stated, make the best possible inference. If the answer does not explicitly state the answer, make a best possible assumption. If it is explicitly stated in the context, make that best possible statement.Context:Context:",0.0,0.0,0.0,neutral,0,0.2774559259414673
2633,the stimulus for the formation of a platelet plug or a blood clot is,endothelial injury,True,"Answer the question using ONLY the context below. If the answer is not contained in the context, say 'I don't know'. The answer is NOT contained in any context. The answer will be used in the following context: The answer to the question is NOTHEMOSTAS or HAEMOSTOSTAS",0.0,0.0,1.0,contradiction,0,0.04213779419660568,"Answer the question as best as you can using the context below.If the answer is not explicitly stated, make the best possible inference. If the answer does not explicitly state, make a best possible conclusion.Context: Hemostasis or haemostasis ( ABO blood group system) <P> <",0.0,0.0,1.0,neutral,0,0.45633745193481445
2635,who became the first pope of the roman catholic church,St Peter,True,"Answer the question using ONLY the context below. If the answer is not contained in the context, say 'I don't know'. The answer is NOT contained in any context. The answer will be answered using ONLY what is contained in that context.Context:Context:The Context:Contexts:Context :Context",0.0,0.0,1.0,contradiction,0,0.1236032098531723,"Answer the question as best as you can using the context below.If the answer is not explicitly stated, make the best possible inference. If the answer does not explicitly state, make a best possible conclusion. If it is not stated, use the best available inference.Context:Context: Context: Context : Context",0.0,0.0,1.0,entailment,1,0.4964725077152252
2637,who is the song we belong together about,a woman's desperation for her former lover to return,True,"Answer the question using ONLY the context below. If the answer is not contained in the context, say 'I don't know'.Answer the Question using ONLY The Context below.Answer the Answer using ONLY THE Context below: <Table> <Tr> <Table: <Tr><Tr> </Tr> {",0.0,0.0,0.0,entailment,1,0.5286582112312317,"Answer the question as best as you can using the context below. If the answer is explicitly stated, make the best possible inference. If it is not explicitly stated then make the worst possible inference, make a best possible deduction. If you are not explicitly stating, make that best possible conclusion. </Table> <",0.0,0.03278688524590165,0.0,neutral,0,0.3460233211517334
2638,dividing up africa among european countries was the goal of the,Berlin Conference of 1884,True,"Answer the question using ONLY the context below. If the answer is not contained in the context, say 'I don't know'. The answer is NOT contained in any context. The answer will be the answer to the question. The Answer is NOT the answer that is contained in either the context or the context.",0.0,0.0,0.0,contradiction,0,0.0791785717010498,"Answer the question as best as you can using the context below.If the answer is not explicitly stated, make the best possible inference. If the answer does not explicitly state, make a best possible conclusion.Context:Context:History:History :History : Classical antiquity, Classical antiquity, Classical antiquity and Classical antiquity",0.0,0.0,0.0,entailment,1,0.6058304309844971
2646,what player in the nfl has the most rings,Bill Belichick,True,"Answer the question using ONLY the context below. If the answer is not contained in the context, say 'I don't know'.Answer the answer using ONLY what the context is.Answer the Question using ONLY that context below:Context:Contexts:Context :Context: Context:ContextContext:context:Context",0.0,0.0,0.0,contradiction,0,0.19362522661685944,"Answer the question as best as you can using the context below.If the answer is not explicitly stated, make the best possible inference. If the answer does not explicitly state, make a best possible deduction.Context:Context: Context:Contexts:ContextContext:context:Context :Context:Example:Context",0.0,0.0,0.0,neutral,0,0.43576186895370483
2648,when will the 2018 nba all stars be announced,"January 18, 2018",True,"Answer the question using ONLY the context below. If the answer is not contained in the context, say 'I don't know'.Answer the answer using ONLY a context below and say 'No. 23 -- Los Angeles Lakers </Td> </Tr> <Tr> </TD> <Table> <",0.0,0.0,0.0,neutral,0,0.0835060402750969,"Answer the question as best as you can using the context below. If the answer is explicitly stated, make the best possible inference. If it is not explicitly stated in the context, make a best possible deduction. If you are not explicitly stating, make that best possible inferences. If not explicitly specified, make",0.0,0.0,0.0,neutral,0,0.37444189190864563
2649,where is the northern highland rim in tennessee,encountered a few miles north of Nashville and extends to the Kentucky border,True,"Answer the question using ONLY the context below. If the answer is not contained in the context, say 'I don't know'. The answer is NOT contained in any context. The answer will be answered using ONLY what is contained in that context.Context: The North Pole, also known as the Geographic North Pole",0.0,0.06153846153846154,0.0,contradiction,0,0.26517051458358765,"Answer the question as best as you can using the context below.If the answer is not explicitly stated, make the best possible inference. If the answer does not explicitly state, make a best possible assumption.Context: The North Pole, also known as the Geographic North Pole or Terrestrial North Pole, is (",0.0,0.09523809523809523,0.0,entailment,1,0.5342085957527161
2653,which english comedian became the first moomba king in 1967,Robert Morley,True,"Answer the question using ONLY the context below. If the answer is not contained in the context, say 'I don't know'.Answer the Question using ONLY The Context below.Answer the Answer using ONLYThe Context:Context:Contexts:Context :Context: Context: Contexts: ContextContext:context:",0.0,0.0,0.0,entailment,1,0.5860981941223145,"Answer the question as best as you can using the context below.If the answer is not explicitly stated, make the best possible inference. If the answer does not explicitly state the answer, make a best possible assumption.Context:Context: Context: ContextContext:contextContext: contextContext:textContext:Example",0.0,0.0,0.0,entailment,1,0.5409401655197144
2660,who sings bring me back to life with evanescence,Paul McCoy of the band 12 Stones,True,"Answer the question using ONLY the context below. If the answer is not contained in the context, say 'I don't know'.Answer the Question using ONLY The Context below.Answer the Answer using ONLY THE Context below: <Tr> <Th colspan=""2""> <Td colspan=""""2"">",0.0,0.0425531914893617,0.0,entailment,1,0.512419581413269,"Answer the question as best as you can using the context below. If the answer is explicitly stated, make the best possible inference. If it is not explicitly stated in the context, make it the best way inference. Example: Example:Example: Example 2. Example 3. Example 4. Example 2: Example",0.0,0.03571428571428571,0.0,contradiction,0,0.1637115627527237
2663,when is celebrity big brother coming to cbs,"February 7, 2018",True,"Answer the question using ONLY the context below. If the answer is not contained in the context, say 'I don't know'. The answer is NOT contained in any context. The answer will be answered using ONLY what the context is. The Answer is NOT CONNECTED. The Context: <Tr> <",0.0,0.0,0.0,entailment,1,0.4023033678531647,"Answer the question as best as you can using the context below.If the answer is not explicitly stated, make the best possible inference. If the answer does not explicitly state, make a best possible assumption.Context: <Tr> <Tr><Tr><Td colspan=""4""> Celebrity Big Brother",0.0,0.0,0.0,neutral,0,0.4847196638584137
2668,when is dragon ball super 130 episode coming out,"March 18, 2018",True,"Answer the question using ONLY the context below. If the answer is not contained in the context, say 'I don't know'.Answer the answer using ONLY what the context is. If it is not included in the answer, say'I don't know'. Answer the question with ONLY the answer below.",0.0,0.0,0.0,entailment,1,0.5671008825302124,"Answer the question as best as you can using the context below.If the answer is not explicitly stated, make the best possible inference. If the answer does not explicitly state, make a best possible statement. If it is explicitly stated in the context, make it the best way possible inference, and make the worst",0.0,0.0,0.0,contradiction,0,0.3169521987438202
2669,zones of upwelling near the shores of land masses have high primary production because such zones,"are rich in nutrients, including nitrate, phosphate and silicic acid",True,"Answer the question using ONLY the context below. If the answer is not contained in the context, say 'I don't know'. The answer is NOT contained in any context. The answer will be the same as the context.Context: Upwelling (P) <Ul> <Ul > <Ul><",0.0,0.03773584905660377,0.0,contradiction,0,0.029869413003325462,"Answer the question as best as you can using the context below. If the answer is explicitly stated, make the best possible inference. If it is not explicitly stated in the context, make a best possible deduction. If not explicitly stating, make sure the answer does not explicitly state the answer.Context: Upwell",0.0,0.03225806451612903,0.0,neutral,0,0.4536489248275757
2672,when do birth of the dragon come out,"August 25, 2017",True,"Answer the question using ONLY the context below. If the answer is not contained in the context, say 'I don't know'. </Tr> <P> <Tr> The following is a flexible catchphrase for the following: <Tr><Tr>The following is an idiomatic catchphrase:<Tr",0.0,0.0,0.0,contradiction,0,0.04374769702553749,"Answer the question as best as you can using the context below.If the answer is not explicitly stated, make the best possible inference.Example: <Tr> <Tr><Tr> ""What is the name of the dragon?"" </Tr> </Tr><T> <T> What is the title of",0.0,0.0,0.0,neutral,0,0.3474176526069641
2684,what poem is engraved on the statue of liberty,"""The New Colossus",True,"Answer the question using ONLY the context below. If the answer is not contained in the context, say 'I don't know'.Answer the Question using ONLY The Context below.Answer the Answer using ONLY THE Context below: <Tr> <Th colspan=""2""> The New Colossus </Th> </Tr",0.0,0.13043478260869565,1.0,entailment,1,0.6224784255027771,"Answer the question as best as you can using the context below.If the answer is not explicitly stated, make the best possible inference.Example:Example: Example: Example 2Context: Example 3Context:Example 2Context : Example 2 Context: Example 1Context: Context:Example 3Context : Context: Context",0.0,0.048780487804878044,1.0,neutral,0,0.23332370817661285
2689,what is the fifth letter of the greek alphabet,epsilon,True,"Answer the question using ONLY the context below. If the answer is not contained in the context, say 'I don't know'. The answer is the answer to the question that is not in the Context below. The answer to this question is the following:Context:Contexts:Context :Context: Context:",0.0,0.0,0.0,contradiction,0,0.12061728537082672,"Answer the question as best as you can using the context below. If the answer is explicitly stated, make the best possible inference. If it is not explicitly stated in the context, make a best possible deduction. If you are not explicitly stating the answer, make it as best possible conclusion. </P> <",0.0,0.0,0.0,neutral,0,0.33682534098625183
2693,who did greece beat to win euro 2004,Portugal,True,"Answer the question using ONLY the context below. If the answer is not contained in the context, say 'I don't know'.Answer the Question using ONLY The context below: <Tr> <Th colspan=""2""> The answer is contained in THE context below, say'I don' know'. </",0.0,0.0,1.0,entailment,1,0.6377450823783875,"Answer the question as best as you can using the context below. If the answer is explicitly stated, make the best possible inference. If it is not explicitly stated then make the worst possible inference by using the following context: Context: ContextContext: Context : Context:Context:Context : Context :Context: context",0.0,0.0,1.0,neutral,0,0.24910731613636017
2694,what speed does the space shuttle re-enter earth,100 km,True,"Answer the question using ONLY the context below. If the answer is not contained in the context, say 'I don't know'.Answer the Question using ONLY The Context below.Answer the Answer using ONLYThe Context:Context:Contexts:Context :Context: Context: Contexts: Context :Contexts :",0.0,0.0,0.0,entailment,1,0.6429052352905273,"Answer the question as best as you can using the context below. If the answer is explicitly stated, make the best possible inference. If it is not explicitly stated in the context, make a best possible deduction. If you are not explicitly stating, make your best possible interpretation.Context: Earth System Science ( E",0.0,0.0,0.0,entailment,1,0.5147383809089661
2698,who does the voice of diane on family guy,Lori Alan,True,"Answer the question using ONLY the context below. If the answer is not contained in the context, say 'I don't know'. The answer is NOT contained in any context below, but rather, say `` I don't want to know'' and the answer will be `` I do not know ''. </",0.0,0.0,0.0,neutral,0,0.3932951092720032,"Answer the question as best as you can using the context below. If the answer is explicitly stated, make the best possible inference. If it is not explicitly stated, make the worst possible inference and make the most possible inference. </P> <P> The story of the Black Knight is a fictional character who",0.0,0.0,0.0,neutral,0,0.2720585763454437
2699,who is the second robot in i am frankie,Andrew,True,"Answer the question using ONLY the context below. If the answer is not contained in the context, say 'I don't know'. The answer is NOT contained in any context. The answer will be the answer to the question. The Answer is NOT the context.Context:Context:The Answer is the context of",0.0,0.0,0.0,contradiction,0,0.08723828196525574,"Answer the question as best as you can using the context below.If the answer is not explicitly stated, make the best possible inference.Example: I Am Frankie.Context: I am Frankie.<Tr> <Th colspan=""2""> I Am Frank </Tr> </Tr><Tr> I Am",0.0,0.0,0.0,neutral,0,0.453311949968338
2701,where is the final of u17 world cup,India,True,"Answer the question using ONLY the context below. If the answer is not contained in the context, say 'I don't know'. The answer is NOT contained in any context. The answer will be used to determine which teams qualify for the finals. The answer to the question is not included in the Context below.",0.0,0.0,1.0,contradiction,0,0.03438783064484596,"Answer the question as best as you can using the context below.If the answer is not explicitly stated, make the best possible inference. If the answer does not explicitly state, make a best possible deduction.Context: The World Cup Finals is the most widely viewed sporting event in the world, with an estimated 7",0.0,0.0,1.0,neutral,0,0.4078370928764343
2704,when did the lion king movie come out,1994,True,"Answer the question using ONLY the context below. If the answer is not contained in the context, say 'I don't know'. The answer is NOT contained in any context. The answer will be the following:Context:Context :Context: Context:Contexts:Context<Tr> <Th colspan=""",0.0,0.0,0.0,contradiction,0,0.04110218957066536,"Answer the question as best as you can using the context below.If the answer is not explicitly stated, make the best possible inference. If the answer does not explicitly state, make a best possible assumption.Context:Context: Context:Context :Context:context:Context::Context:<Tr> <Th",0.0,0.0,0.0,neutral,0,0.4641484320163727
2706,what kind of milk is gouda cheese made from,cow's milk,True,"Answer the question using ONLY the context below. If the answer is not contained in the context, say 'I don't know'. The answer is NOT contained in any context. The answer IS NOT contained IN THE context below, but is contained in a context that is not in the Context below. The Answer Is",0.0,0.0,0.0,contradiction,0,0.059233468025922775,"Answer the question as best as you can using the context below. If the answer is explicitly stated, make the best possible inference. If it is not explicitly stated in the context, make a best possible deduction. Example: Example:Example: Example of Example:Context: Example Example: <Tr> <Tr",0.0,0.0,0.0,entailment,1,0.5087466239929199
2709,who plays lord elrond in lord of the rings,Hugo Wallace Weaving,True,"Answer the question using ONLY the context below. If the answer is not contained in the context, say 'I don't know'. The answer is NOT contained in any context below, say'I don't know'. </Tr> <Tr> </Tr><Table> <Table> {Tr> (",0.0,0.0,0.0,contradiction,0,0.20604868233203888,"Answer the question as best as you can using the context below.If the answer is not explicitly stated, make the best possible inference. If the answer does not explicitly state the answer, make a best possible assumption. If it is explicitly stated in the context, make it the best way you can.Context:",0.0,0.0,0.0,neutral,0,0.4513457119464874
2711,who won season 5 of america's got talent,Michael Grimm,True,"Answer the question using ONLY the context below. If the answer is not contained in the context, say 'I don't know'. Answer the question with ONLY the Context below. Answer the answer using ONLY The context below and say 'You don't want to know'. <Tr> <Th colspan=""2",0.0,0.0,0.0,contradiction,0,0.2915547788143158,"Answer the question as best as you can using the context below. If the answer is explicitly stated, make the best possible inference. If it is not explicitly stated then make the worst possible inference, make a best possible deduction. If you are not explicitly stating, make that best possible conclusion.Context: <Tr",0.0,0.0,0.0,neutral,0,0.38794243335723877
2713,the current chief of naval staff in nigeria,Ibok Ekwe Ibas,True,"Answer the question using ONLY the context below. If the answer is not contained in the context, say 'I don't know'.Answer the Question using ONLY The Context below.Answer the Answer using ONLYThe Context:Context:Context :Context: Context: Context :Context : Context:Background:Contexts:",0.0,0.0,1.0,entailment,1,0.7209270000457764,"Answer the question as best as you can using the context below.If the answer is not explicitly stated, make the best possible inference. If the answer does not explicitly state, make a best possible assumption. If it is not stated, then make the worst possible inference and make the most possible inference using the following",0.0,0.0,1.0,neutral,0,0.45809388160705566
2715,who won the womens battle royal wrestlemania 34,Naomi,True,"Answer the question using ONLY the context below. If the answer is not contained in the context, say 'I don't know'.Answer the Question using ONLY The Context below.Answer the Answer using ONLYThe Context:Context:Context :Context: Context: Context :Context : Context: context: Context.Context",0.0,0.0,0.0,entailment,1,0.3700104057788849,"Answer the question as best as you can using the context below. If the answer is explicitly stated, make the best possible inference. If it is not explicitly stated then make the worst possible inference and make the most possible inference using the following context: Context: ContextContext: Context : Context:Context:Context :",0.0,0.0,0.0,contradiction,0,0.28708919882774353
2716,the news print paper is obtained from which state in india,Madhya Pradesh,True,"Answer the question using ONLY the context below. If the answer is not contained in the context, say 'I don't know'. The answer is NOT contained in any context. The answer IS NOT contained IN THE context below, say'I don'T know'.Context:Context:The Context:Contexts",0.0,0.0,0.0,entailment,1,0.4978923499584198,"Answer the question as best as you can using the context below.If the answer is not explicitly stated, make the best possible inference. If the answer does not explicitly state, make a best possible deduction.Context:Context: Context: ContextContext: contextContext:contextContext:textContext:LocationContext:",0.0,0.0,0.0,entailment,1,0.6735587120056152
2717,who plays henry on once upon a time season 7,Andrew J. West,True,"Answer the question using ONLY the context below. If the answer is not contained in the context, say 'I don't know'.Answer the answer using ONLY The context below and say 'You don't want to know'. <Tr> <Tr><Tr> </Tr> > <Tr > <Th col",0.0,0.0,1.0,contradiction,0,0.12560953199863434,"Answer the question as best as you can using the context below. If the answer is explicitly stated, make the best possible inference. If it is not explicitly stated in the context, make it the best way inference. Example: Example:Example: Example 2. Example 3. Example 4. Example 5. Example",0.0,0.0,1.0,contradiction,0,0.14728981256484985
2718,when did english merchants form the east india company,31 December 1600,True,"Answer the question using ONLY the context below. If the answer is not contained in the context, say 'I don't know'.Answer the Question using ONLY The Context below.Answer the Answer using ONLY THE Context below: <Table> SummaryContext: <Tr> <Tr><Th> Summary </Th>",0.0,0.0,0.0,entailment,1,0.4105694591999054,"Answer the question as best as you can using the context below.If the answer is not explicitly stated, make the best possible inference. If the answer does not explicitly state, make a best possible deduction. If it does not clearly state the answer, make it the best way to infer the inference. </Context",0.0,0.0,0.0,entailment,1,0.4883057177066803
2724,who is the football coach at georgia southern,Chad Lunsford,True,"Answer the question using ONLY the context below. If the answer is not contained in the context, say 'I don't know'.Answer the answer using ONLY THE context below: <Tr> <Th colspan=""2""> <Th> Georgia Southern Eagles football </Th> </Tr> </Td>",0.0,0.0,1.0,entailment,1,0.8984792828559875,"Answer the question as best as you can using the context below. If the answer is explicitly stated, make the best possible inference. If it is not explicitly stated in the context, make it the best way inference. Example: Example:Example: Example 2. Example 3. Example 4. Example 2: Example",0.0,0.0,1.0,contradiction,0,0.18995071947574615
2727,when did medicare begin in the united states,1966,True,"Answer the question using ONLY the context below. If the answer is not contained in the context, say 'I don't know'. The answer is NOT contained in any context. The answer will be used only in the contexts below. The context will be the context. </P> <P> The United States",0.0,0.0,1.0,neutral,0,0.38689059019088745,"Answer the question as best as you can using the context below.If the answer is not explicitly stated, make the best possible inference. If the answer does not explicitly state, make a best possible deduction. If it is not stated, then make the worst possible inference and make the most possible inference. </P",0.0,0.0,1.0,neutral,0,0.24548867344856262
2729,where does a baker's cyst come from,knee arthritis,True,"Answer the question using ONLY the context below. If the answer is not contained in the context, say 'I don't know'.Answer the answer using ONLY a context below and say 'You don't want to know'. <Tr> <Th colspan=""2""> </Th> </Tr> </Th",0.0,0.0,0.0,contradiction,0,0.11937598139047623,"Answer the question as best as you can using the context below. If the answer is explicitly stated, make the best possible inference. If it is not explicitly stated or made the best inference, make a best possible assumption. If you are not explicitly stating, make that best possible deduction.Context:Context: Context",0.0,0.0,0.0,neutral,0,0.47531357407569885
2733,who has the most triple-doubles ever in the nba,Oscar Robertson,True,"Answer the question using ONLY the context below. If the answer is not contained in the context, say 'I don't know'. The answer is NOT contained in any context. The answer will be used in the following context:Context:Contexts:Context :Context:Fact:ContextContext: Context:Context",0.0,0.0,0.0,contradiction,0,0.012225261889398098,"Answer the question as best as you can using the context below. If the answer is explicitly stated, make the best possible inference. If it is not explicitly stated in the context, make a best possible deduction. If you are not explicitly stating the answer, make it as best possible conclusion.Context: Bill Russell",0.0,0.0,0.0,contradiction,0,0.0369759202003479
2736,who died from the movie fast and furious,Paul Walker,True,"Answer the question using ONLY the context below. If the answer is not contained in the context, say 'I don't know'. The answer is NOT contained in any context. The answer IS NOT contained IN THE context below, say'I don't know'. <Tr> <Th colspan=""2",0.0,0.0,0.0,entailment,1,0.5697340369224548,"Answer the question as best as you can using the context below. If the answer is explicitly stated, make the best possible inference. If it is not explicitly stated in the context, make it the best way inference. Example: Example:Example: Example 2: Example 3: Example 4: Example 5: Example",0.0,0.0,0.0,contradiction,0,0.18392790853977203
2738,where is the big 12 baseball tournament held,"at Chickasaw Bricktown Ballpark in Oklahoma City, Oklahoma",True,"Answer the question using ONLY the context below. If the answer is not contained in the context, say 'I don't know'.Answer the answer using ONLY what the context is.Answer the Answer using ONLY that context below:Context:Context :Context: Context:Context::Context:context:ContextContext:",0.0,0.043478260869565216,0.0,entailment,1,0.7191439867019653,"Answer the question as best as you can using the context below.If the answer is not explicitly stated, make the best possible inference. If the answer does not explicitly state, make a best possible deduction. If it does not state the answer, make it explicitly stated.Context:Context: Context: ContextContext",0.0,0.0,0.0,entailment,1,0.5675773620605469
2739,who is the chairman of the lok sabha,the Vice President of India,True,"Answer the question using ONLY the context below. If the answer is not contained in the context, say 'I don't know'. The answer is the answer that is not in the Context below. The answer that IS contained in this context is the following:Context:Context :Context: Context:Contexts:",0.0,0.0392156862745098,0.0,contradiction,0,0.13025246560573578,"Answer the question as best as you can using the context below.If the answer is not explicitly stated, make the best possible inference. If the answer does not explicitly state, make a best possible assumption.Context: The PAC is formed every year with a strength of not more than 22 members of which 15 are",0.0,0.06779661016949153,0.0,neutral,0,0.4436124265193939
2740,where did mark get his information to write his gospel,"a variety of pre-existing sources, such as conflict stories (Mark 2:1–3:6), apocalyptic discourse (4:1–35), and collections of sayings",True,"Answer the question using ONLY the context below. If the answer is not contained in the context, say 'I don't know'. The answer is the following: ""I don 't know"" ( ""I'm not sure I know"" )Context: ""He was born in Achefer, Yism",0.0,0.0,0.0,neutral,0,0.26974186301231384,"Answer the question as best as you can using the context below.If the answer is not explicitly stated, make the best possible inference. If the answer does not explicitly state, make a best possible deduction.Context: The Gospel of John, 9 : 1 -- 12, Jesus was born in Achefer,",0.0,0.09230769230769229,0.0,entailment,1,0.5697882175445557
2745,who played the beast in the movie shot caller,Holt McCallany,True,"Answer the question using ONLY the context below. If the answer is not contained in the context, say 'I don't know'. The answer is NOT contained in any context. The answer will be 'I do not know'.The answer is 'I have no idea'. The question is not answered by the answer",0.0,0.0,0.0,entailment,1,0.3921969532966614,"Answer the question as best as you can using the context below.If the answer is not explicitly stated, make the best possible inference. If the answer does not explicitly state, make a best possible statement.Context:Context: Context:Context :Context:context:Context.Context. Context: Context.Context",0.0,0.0,0.0,entailment,1,0.6088610887527466
2749,who plays the frog on gnomeo and juliet,Ashley Jensen,True,"Answer the question using ONLY the context below. If the answer is not contained in the context, say 'I don't know'. The answer is NOT contained in any context. The answer will be used ONLY in the contexts below. The Answer is NOT CONSTANTLY contained in THE context below: <Table",0.0,0.0,0.0,entailment,1,0.4765557646751404,"Answer the question as best as you can using the context below.If the answer is not explicitly stated, make the best possible inference. If the answer does not explicitly state, make a best possible assumption. If it is explicitly stated that the answer was not explicitly specified, make that best possible implication.Context:",0.0,0.0,0.0,entailment,1,0.5433915257453918
2750,who was the pale rider supposed to be,Death,True,"Answer the question using ONLY the context below. If the answer is not contained in the context, say 'I don't know'. The answer is NOT contained in any context. The answer may be omitted if the answer does not contain in the Context below. The Answer: <Tr> <Tr><Tr>",0.0,0.0,0.0,neutral,0,0.023557567968964577,"Answer the question as best as you can using the context below.If the answer is not explicitly stated, make the best possible inference.Example: <Tr> <Tr><Tr><Tr> ""<Tr></Tr> </Tr> <!-- The symbol is a symbol of the Jewish religion and / or",0.0,0.0,0.0,neutral,0,0.23849904537200928
2751,guy who played opie on sons of anarchy,Ryan Douglas Hurst,True,"Answer the question using ONLY the context below. If the answer is not contained in the context, say 'I don't know'.Answer the answer using ONLY what is contained in it.Answer the Question using ONLY ( ONLY the Context below).Answer the Answer using ONLY that context.Answer: 'I Don't",0.0,0.0,0.0,entailment,1,0.533165693283081,"Answer the question as best as you can using the context below.If the answer is not explicitly stated, make the best possible inference. If the answer does not explicitly state, make a best possible statement.Context:Context:Subject:Contexts:Context :Context: Context:ContextContext:context:Context",0.0,0.0,0.0,entailment,1,0.5807534456253052
2752,who does the green arrow marry in the comics,Black Canary,True,"Answer the question using ONLY the context below. If the answer is not contained in the context, say 'I don't know'.Answer the Question using ONLY The Context below.Answer the Answer using ONLYThe Context:Context:Contexts:Context :Context:The Contexts:TheContext:[Context:",0.0,0.0,1.0,entailment,1,0.6875947713851929,"Answer the question as best as you can using the context below.If the answer is not explicitly stated, make the best possible inference. If the answer does not explicitly state, make a best possible assumption. If it does not clearly state, then make the worst possible inference and make the most possible inference using the",0.0,0.0,1.0,entailment,1,0.49440592527389526
2754,who did the peoples party nominate for president in 1892,James B. Weaver,True,"Answer the question using ONLY the context below. If the answer is not contained in the context, say 'I don't know'. The answer is NOT contained in any context. The answer will be used in the following context:Context:Contexts:Context :Context:The United States Electoral College is the mechanism",0.0,0.0,0.0,contradiction,0,0.024146554991602898,"Answer the question as best as you can using the context below.If the answer is not explicitly stated, make the best possible inference. If the answer does not explicitly state, make a best possible conclusion. If it does not clearly state, then make the worst possible inference possible.Context: The United States Electoral",0.0,0.0,0.0,neutral,0,0.4410320222377777
2757,who took the israelites to the promised land,Joshua,True,"Answer the question using ONLY the context below. If the answer is not contained in the context, say 'I don't know'. The answer is in the text below. The answer may be omitted if the context is not included in the question.Context: The Israelites were the descendants of Midian, who",0.0,0.0,0.0,neutral,0,0.09238369017839432,"Answer the question as best as you can using the context below.If the answer is not explicitly stated, make the best possible inference. If the answer does not explicitly state, make a best possible assumption.Context:Context:The Twelve Spies ( Hebrew : שנים עשר",0.0,0.0,0.0,neutral,0,0.34812131524086
2759,what is the meaning of sap erp system,enterprise resource planning software,True,"Answer the question using ONLY the context below. If the answer is not contained in the context, say 'I don't know'. The answer is then given to the person who answers the question. The answer will be given to them. The person who answered the question will be asked to answer the question in the",0.0,0.0,0.0,neutral,0,0.1962210088968277,"Answer the question as best as you can using the context below. If the answer is explicitly stated, make the best possible inference. If it is not explicitly stated in the context, make a best possible deduction. If you are not explicitly stating, make your best possible interpretation. If not explicitly specified, make that",0.0,0.0,0.0,entailment,1,0.5966692566871643
2760,when did ha long bay become a world heritage site,1994,True,"Answer the question using ONLY the context below. If the answer is not contained in the context, say 'I don't know'. The answer is NOT contained in any context. The answer IS NOT contained IN THE context. It is NOTHING. The Answer is NOT HISTORY. The Context: The Context",0.0,0.0,1.0,contradiction,0,0.20007292926311493,"Answer the question as best as you can using the context below.If the answer is not explicitly stated, make the best possible inference. If the answer does not explicitly state, make a best possible assumption. If it is explicitly stated. If not explicitly, make that best possible deduction.Context: <Tr>",0.0,0.0,1.0,entailment,1,0.46354940533638
2763,who sang the original version of red red wine,Neil Diamond,True,"Answer the question using ONLY the context below. If the answer is not contained in the context, say 'I don't know'. Answer the question with ONLY the following context: `` The Big Bad Wolf '' is a character in the Fables comic book universe ( 2002 -- present ) The BigBad Wolf is a",0.0,0.0,1.0,neutral,0,0.14192919433116913,"Answer the question as best as you can using the context below.If the answer is not explicitly stated, make the best possible inference. If the answer does not explicitly state, make a best possible deduction. If it is explicitly stated in the context, make it the best way you can.Context:Context:",0.0,0.0,1.0,neutral,0,0.1788979321718216
2766,who appoints the governor and deputy governors of rbi,The Government of India,True,"Answer the question using ONLY the context below. If the answer is not contained in the context, say 'I don't know'. The answer is NOT contained in any context. The answer will be used in the following context:Context:Contexts:Context :Context: Context:Contextual:ContextContext:",0.0,0.045454545454545456,0.0,contradiction,0,0.07624220848083496,"Answer the question as best as you can using the context below.If the answer is not explicitly stated, make the best possible inference. If the answer does not explicitly state, make a best possible assumption.Context: India, Andaman and Nicobar, Andamand, Delhi and Puducherry,",0.0,0.0851063829787234,0.0,entailment,1,0.6026193499565125
2768,who voices the bears in we bare bears,Eric Edelstein,True,"Answer the question using ONLY the context below. If the answer is not contained in the context, say 'I don't know'.Answer the answer using ONLY The context below and say 'We Bare Bears </Th> </Tr> <Tr> </Th><Tr> <!--Th> <Th> We Bare",0.0,0.0,1.0,entailment,1,0.5186229944229126,"Answer the question as best as you can using the context below.Answer the answer as best possible inference.If the answer is not explicitly stated, make the best possible statement.Answer The Question as best and as best (if the answer was explicitly stated) using the Context below.Context: <Tr> <",0.0,0.0,1.0,entailment,1,0.3630674183368683
2769,who was amy dowden partner on strictly 2017,comedian Brian Conley,True,"Answer the question using ONLY the context below. If the answer is not contained in the context, say 'I don't know'.Answer the answer using ONLY THE context below: <Tr> <Th colspan=""2""> Amy Dowden </Th> </Tr> </Td> <Tr><Th",0.0,0.0,0.0,entailment,1,0.8714330792427063,"Answer the question as best as you can using the context below. If the answer is explicitly stated, make the best possible inference. If it is not explicitly stated then make the worst possible inference, make a best possible deduction. Example: Example:Example: Example 2. Example 3. Example 4. Example 2",0.0,0.0,0.0,neutral,0,0.14568646252155304
2770,who played the bird woman in mary poppins,Jane Darwell,True,"Answer the question using ONLY the context below. If the answer is not contained in the context, say 'I don't know'. If the question is not answered, say it is not in the Context below.Answer the Question using ONLY The Context below:Context:Contexts:Context :Context: Context:",0.0,0.0,0.0,entailment,1,0.5448210835456848,"Answer the question as best as you can using the context below.If the answer is not explicitly stated, make the best possible inference. If the answer does not explicitly state, make a best possible statement. If it does not state, then make the worst possible inference and make the most possible inference using the following",0.0,0.0,0.0,neutral,0,0.48251739144325256
2773,where did the phrase when pigs fly come from,Scottish proverb,True,"Answer the question using ONLY the context below. If the answer is not contained in the context, say 'I don't know'. The answer is the answer to the question that is not in the Context below. The answer to this question is the phrase `` When pigs fly '' ( ) is an adynaton",0.0,0.0,0.0,contradiction,0,0.17846263945102692,"Answer the question as best as you can using the context below. If the answer is explicitly stated, make the best possible inference. If it is not explicitly stated in the context, make a best possible deduction.Context:Context: Context: ContextContext: contextContext:contextContext:textContext:ExampleContext",0.0,0.0,0.0,entailment,1,0.5669569969177246
2774,where is the setting for leave it to beaver,United States,True,"Answer the question using ONLY the context below. If the answer is not contained in the context, say 'I don't know'. </Table> <Tr> <Th colspan=""2""> Leave It to Beaver </Th> </Tr> </Td> <Td colspan ""2""> Leaving",0.0,0.0,1.0,neutral,0,0.025987453758716583,"Answer the question as best as you can using the context below.If the answer is not explicitly stated, make the best possible inference.Example:Example: Example: Example of the Library BindingContext: Example Example:Example of the Libraries BindingContext : Example of Library Binding Context: Example <Tr> <Tr",0.0,0.0,1.0,neutral,0,0.16301029920578003
2778,where did clap and a half come from,Patrick reclaimed from his seventh grade Social Studies teacher,True,"Answer the question using ONLY the context below. If the answer is not contained in the context, say 'I don't know'.Answer the Question using ONLY The context below and say 'What is the context?'.Answer The Question using Only the Context below. <Tr> <Th colspan=""2"">",0.0,0.0,0.0,contradiction,0,0.1367420256137848,"Answer the question as best as you can using the context below. If the answer is explicitly stated, make the best possible inference. If it is not explicitly stated then make the worst possible inference, make a best possible deduction. Example: Example:Example: Example 2. Example 3. Example 4. Example 2",0.0,0.0,0.0,contradiction,0,0.12672539055347443
2782,scientist who lost life in their own discovery,Marie Curie,True,"Answer the question using ONLY the context below. If the answer is not contained in the context, say 'I don't know'. The answer is NOT contained in any context. The answer will be used in the following context: Context: Context : Context:Context: Contexts: Context.Context:Contexts",0.0,0.0,0.0,contradiction,0,0.09892304986715317,"Answer the question as best as you can using the context below.If the answer is not explicitly stated, make the best possible inference. If the answer does not explicitly state, make a best possible assumption. If it is not stated, then make the worst possible inference and make the most possible inference. </P",0.0,0.0,0.0,neutral,0,0.253996878862381
2786,who wrote the song i will follow him,Norman Gimbel,True,"Answer the question using ONLY the context below. If the answer is not contained in the context, say 'I don't know'.Answer the answer using ONLY The context below and say 'You don't want to know'.Context: <Tr> <Th colspan=""2""> <Th> The album </",0.0,0.0,1.0,contradiction,0,0.15862804651260376,"Answer the question as best as you can using the context below. If the answer is explicitly stated, make the best possible inference. If it is not explicitly stated then make the worst possible inference, make a best possible assumption. Example: Example:Example: Example 2. Example 3. Example 4. Example 2",0.0,0.0,1.0,neutral,0,0.46756550669670105
2789,snow white and the huntsman movie heroine name,Kristen Stewart,True,"Answer the question using ONLY the context below. If the answer is not contained in the context, say 'I don't know'.Answer the Question using ONLY The Context below.Context:Context: Context:Context :Context:Background:Contexts:ContextContext:context:Context.Context. Context:context",0.0,0.0,1.0,entailment,1,0.7372175455093384,"Answer the question as best as you can using the context below.If the answer is not explicitly stated, make the best possible inference.Example:Context:Context :Context: Context:Context::Context:context:ContextContext:Example: ContextContext:<Tr> <Th colspan=""2""> Snow",0.0,0.0,1.0,neutral,0,0.24400056898593903
2790,how many teams from asia will qualify for world cup 2018,five,True,"Answer the question using ONLY the context below. If the answer is not contained in the context, say 'I don't know'. The answer is NOT contained in any context. The answer will be used to determine which team qualifies for the finals. The answer to the question is not included in the Context below.",0.0,0.0,1.0,contradiction,0,0.0345335453748703,"Answer the question as best as you can using the context below.If the answer is not explicitly stated, make the best possible inference. If the answer does not explicitly state, make a best possible conclusion. If it is explicitly stated that the answer was not explicitly specified, make that best possible decision.Context:",0.0,0.0,1.0,neutral,0,0.4399746060371399
2791,who would take over if the president dies,Vice President,True,"Answer the question using ONLY the context below. If the answer is not contained in the context, say 'I don't know'. The answer is NOT contained in any context. The answer will be the same as the context.Context: The United States Presidential Line of Retrieval ( Presidential Line Of Retri",0.0,0.0,1.0,contradiction,0,0.025108585134148598,"Answer the question as best as you can using the context below.If the answer is not explicitly stated, make the best possible inference. If the answer does not explicitly state the answer, make a best possible assumption. If it is not stated, then make the worst possible inference and make the most possible inference using",0.0,0.0,1.0,neutral,0,0.41868168115615845
2795,who does the voice of dory in finding dory,Ellen DeGeneres,True,"Answer the question using ONLY the context below. If the answer is not contained in the context, say 'I don't know'. The answer is the answer that is contained in that context. The answer that the answer to the question is not the answer, say'I don't know'. </P>",0.0,0.0,0.0,contradiction,0,0.026602309197187424,"Answer the question as best as you can using the context below.If the answer is not explicitly stated, make the best possible inference.Example:Example: Example: Example of a root - finding algorithm.Context: Example Example:Example of a Root - finding algorithms.Example of the root - find algorithm:",0.0,0.0,0.0,contradiction,0,0.008450184017419815
2800,when do we vote for a new governor in california,"November 6, 2018",True,"Answer the question using ONLY the context below. If the answer is not contained in the context, say 'I don't know'. The answer is also not contained within the context. The answer may be omitted if the answer does not contain in the Context below. The Answer: ""I don’t know",0.0,0.0,0.0,contradiction,0,0.18083760142326355,"Answer the question as best as you can using the context below. If the answer is explicitly stated, make the best possible inference. If it is not explicitly stated in the context, make a best possible deduction. If you are not explicitly stating, make that best possible inferences. If not explicitly specified, make",0.0,0.0,0.0,neutral,0,0.33804941177368164
2801,when does season 5 of the blacklist come out,"November 15, 2017",True,"Answer the question using ONLY the context below. If the answer is not contained in the context, say 'I don't know'. The answer is NOT contained in any context. The answer IS NOT contained IN THE context below, but ONLY the following context: The Blacklist ( season 5 ) </Td>",0.0,0.0,0.0,contradiction,0,0.15654964745044708,"Answer the question as best as you can using the context below.If the answer is not explicitly stated, make the best possible inference. If the answer does not explicitly state, make a best possible assumption.Context: <Tr> <Tr><Tr> [Th colspan=""2""> The Blacklist (",0.0,0.0,0.0,neutral,0,0.4450865685939789
2807,who discovered that animals were made of cells,Henri Dutrochet,True,"Answer the question using ONLY the context below. If the answer is not contained in the context, say 'I don't know'. The answer is NOT contained in any context. The answer will be the answer to the question. </P> <Table> Cell TheoryContext: Cell Theory Context: Cell Biology Context",0.0,0.0,0.0,contradiction,0,0.025459066033363342,"Answer the question as best as you can using the context below. If the answer is explicitly stated, make the best possible inference. If it is not explicitly stated in the context, make a best possible deduction.Context: Cell Theory, Cell Biology, and the New World of Life (Cell Theory) Context:",0.0,0.0,0.0,neutral,0,0.16070562601089478
2810,who plays sherman in mr peabody and sherman,Max Charles,True,"Answer the question using ONLY the context below. If the answer is not contained in the context, say 'I don't know'.Answer the answer using ONLY The context below and say 'You don't want to know'. <Tr> <Th> <Td colspan=""2""> Mr. Peab",0.0,0.0,1.0,contradiction,0,0.1326906681060791,"Answer the question as best as you can using the context below. If the answer is explicitly stated, make the best possible inference. If it is not explicitly stated in the context, make it the best way inference. <Tr> <Th> Context: <Tr><Tr> </Th> <Td",0.0,0.0,1.0,contradiction,0,0.17962785065174103
2811,who plays oz in oz the great and powerful,James Franco,True,"Answer the question using ONLY the context below. If the answer is not contained in the context, say 'I don't know'. The answer is NOT contained in any context. The answer IS NOT contained IN THE context below, but is contained in a context that is not in the original context. </P>",0.0,0.0,1.0,contradiction,0,0.077488012611866,"Answer the question as best as you can using the context below. If the answer is explicitly stated, make the best possible inference. If it is not explicitly stated in the context, make a best possible deduction. Example: Example:Example: Example 2: Example 3: Example 4: Example 1: Example 5",0.0,0.0,1.0,entailment,1,0.4922003448009491
2812,when was the last superbowl the cowboys won,1995,True,"Answer the question using ONLY the context below. If the answer is not contained in the context, say 'I don't know'.Answer the answer using ONLY what the context is.Answer the Question using ONLY that context below:Context:Contexts:Context-Context: Context:ContextContext:context:Context",0.0,0.0,0.0,neutral,0,0.027551887556910515,"Answer the question as best as you can using the context below.If the answer is not explicitly stated, make the best possible inference. If the answer does not explicitly state the answer, make a best possible statement. If it does not state the question, make it explicitly stated.Context:Context: Context:",0.0,0.0,0.0,neutral,0,0.11383157968521118
2813,what do you mean by analysis and design,"Systems analysis, a method of studying a system by examining its component parts and their interactions",True,"Answer the question using ONLY the context below. If the answer is not contained in the context, say 'I don't know'.Answer the answer using ONLY THE context below and say 'What 'll You Do About Me '' </Th> </Tr> <Tr> {Tr> </Th colspan=""",0.0,0.034482758620689655,0.0,entailment,1,0.619105875492096,"Answer the question as best as you can using the context below. If the answer is explicitly stated, make the best possible inference. If it is not explicitly stated in the context, make it the best way inference. Example: Example:Example: Example 2. Example 3. Example 4. Example 5. Example",0.0,0.0,0.0,contradiction,0,0.20310679078102112
2814,where was ross and emily's wedding filmed,"on locations in London, and in front of a live studio audience at The Fountain Studios",True,"Answer the question using ONLY the context below. If the answer is not contained in the context, say 'I don't know'.Answer the answer using ONLY The context below and say 'Yes, I don't want to know'.Context:Context: Context:Context :Context:context:Context>Context:",0.0,0.11111111111111109,0.0,contradiction,0,0.0671461895108223,"Answer the question as best as you can using the context below.If the answer is not explicitly stated, make the best possible inference. If the answer was not explicitly specified, make a best possible statement. If not explicitly, make an inference.Context: <Tr> <Tr><Tr> {Context:",0.0,0.06666666666666667,0.0,neutral,0,0.47380921244621277
2817,who has the executive power in south carolina,the governor,True,"Answer the question using ONLY the context below. If the answer is not contained in the context, say 'I don't know'.Answer the answer using ONLY The context below and say 'You don't want to know'. <Tr> <Th> Summary </Th> <Td> Summary of the context",0.0,0.04347826086956522,0.0,contradiction,0,0.08286135643720627,"Answer the question as best as you can using the context below.Answer the answer as best possible inference.If the answer is not explicitly stated, make the best possible statement.Answer The Question as best and as best (if the answer isn't explicitly stated) using the following context: <Tr> <Th",0.0,0.039999999999999994,0.0,entailment,1,0.7240710854530334
2824,when did the first pacific rim come out,2013,True,"Answer the question using ONLY the context below. If the answer is not contained in the context, say 'I don't know'. The answer is NOT contained in any context. The answer will be the following:Context:Contexts:Context :Context: Context:ContextContext:<Tr> <Th col",0.0,0.0,1.0,contradiction,0,0.06989754736423492,"Answer the question as best as you can using the context below.If the answer is not explicitly stated, make the best possible inference. If the answer does not explicitly state, make a best possible deduction.Context:Context: Context:Context :Context:context:Context::Context:<Tr> <Th",0.0,0.0,1.0,entailment,1,0.5232335925102234
2826,when is the start of the 2018 nba season,"October 16, 2018",True,"Answer the question using ONLY the context below. If the answer is not contained in the context, say 'I don't know'.Answer the answer using ONLY what the context is.Answer the Question using ONLY ( ONLY the Context below).Answer the Answer using ONLY The Context below.Answer: ""I don'",0.0,0.0,0.0,neutral,0,0.15003368258476257,"Answer the question as best as you can using the context below.If the answer is not explicitly stated, make the best possible inference. If the answer does not explicitly state, make a best possible deduction. If it is explicitly stated, make the worst possible inference and make the most possible inference. </P>",0.0,0.0,0.0,neutral,0,0.22084370255470276
2828,who sings i dreamed a dream in les miserables,the character Fantine,True,"Answer the question using ONLY the context below. If the answer is not contained in the context, say 'I don't know'.Answer the Question using ONLY The context below: <Table> External audioContext: <Tr> <Table > External audio <Tr><Tr><Tr> {Tr> ``",0.0,0.05,0.0,entailment,1,0.5964634418487549,"Answer the question as best as you can using the context below.If the answer is not explicitly stated, make the best possible inference. If the answer does not explicitly state, make a best possible deduction. If it does not clearly state, then make the worst possible inference possible. Example: Example:Example:",0.0,0.03773584905660377,0.0,entailment,1,0.5400124192237854
2836,when did the last harry potter movie come out in theaters,2011,True,"Answer the question using ONLY the context below. If the answer is not contained in the context, say 'I don't know'.Answer the Question using ONLY The Context below.Answer the Answer using ONLY THE Context below:Context:Context :Context: Context:Context::Context:context:ContextContext:Background",0.0,0.0,0.0,entailment,1,0.5699503421783447,"Answer the question as best as you can using the context below.If the answer is not explicitly stated, make the best possible inference. If the answer does not explicitly state, make a best possible assumption. If it does not state the answer, make it explicitly stated.Context: <Tr> <Tr><",0.0,0.0,0.0,neutral,0,0.36945992708206177
2842,when did old 10p go out of circulation,January 2013,True,"Answer the question using ONLY the context below. If the answer is not contained in the context, say 'I don't know'.Answer the Question using ONLY The context below and say 'What is the context?'.Answer The Question using Only the Context below. <Tr> <Th colspan=""2"">",0.0,0.0,0.0,contradiction,0,0.1367420256137848,"Answer the question as best as you can using the context below. If the answer is explicitly stated, make the best possible inference. If it is not explicitly stated then make the worst possible inference, make a best possible deduction. Example: Example:Example: Example 2. Example 3. Example 4. Example 2",0.0,0.0,0.0,contradiction,0,0.12672539055347443
2843,where is the origin of the frontalis muscle,Galea aponeurotica,True,"Answer the question using ONLY the context below. If the answer is not contained in the context, say 'I don't know'. The answer is NOT contained in any context. The answer IS NOT contained IN THE context below, say'I don't know'.The Plague Bacillus is caused by Y",0.0,0.0,1.0,contradiction,0,0.27928656339645386,"Answer the question as best as you can using the context below. If the answer is explicitly stated, make the best possible inference. Example: The following is the context for the question. Example of the question: The question is about the origin of the plague bacillus. The answer is about how the plague",0.0,0.0,1.0,neutral,0,0.22161701321601868
2844,the four essential elements for life are _,Freedom of speech,True,"Answer the question using ONLY the context below. If the answer is not contained in the context, say 'I don't know'.Answer the Question using ONLY The Context below.Answer the Answer using ONLY THE Context below:Context:Contexts:Context :Context:Background:Contextual:Context (Context:",0.0,0.0,0.0,neutral,0,0.1665584295988083,"Answer the question as best as you can using the context below. If the answer is explicitly stated, make the best possible inference. If it is not explicitly stated in the context, make a best possible deduction. If you are not explicitly stating, make your best possible conclusion. Example: Example:Example: Example",0.0,0.0,0.0,neutral,0,0.2976907789707184
2845,when is the last time england got to the semi final,1990,True,"Answer the question using ONLY the context below. If the answer is not contained in the context, say 'I don't know'. The answer is NOT contained in any context. The answer will be the answer that is not included in the Context below. The Answer is NOT the answer to the question. The Context",0.0,0.0,0.0,neutral,0,0.11673600226640701,"Answer the question as best as you can using the context below.If the answer is not explicitly stated, make the best possible inference. If the answer does not explicitly state, make a best possible statement.Context:Context: Context:Context :Context:context:ContextContext:textContext: context:Context",0.0,0.0,0.0,neutral,0,0.39847975969314575
2850,who is the singing voice of jasmine in aladdin,Maria Lea Carmen Imutan Salonga,True,"Answer the question using ONLY the context below. If the answer is not contained in the context, say 'I don't know'. The answer is NOT contained in any context. The answer will be used in the following context:Context:Contexts:Context :Context:Background:ContextContext: Context:Context",0.0,0.0,0.0,neutral,0,0.05606268346309662,"Answer the question as best as you can using the context below.If the answer is not explicitly stated, make the best possible inference. If the answer does not explicitly state, make a best possible deduction.Context:Context:Keywords:KeyWords:Contexts:ContextContext:Background:Context :Context",0.0,0.0,0.0,neutral,0,0.30181586742401123
2852,when did the mint start making proof sets,1936,True,"Answer the question using ONLY the context below. If the answer is not contained in the context, say 'I don't know'. The answer is NOT contained in any context. The answer may be omitted if the answer does not contain in the Context below. The Answer is NOT CONSTANTLY IN THE Context",0.0,0.0,0.0,contradiction,0,0.34566637873649597,"Answer the question as best as you can using the context below. If the answer is explicitly stated, make the best possible inference. If it is not explicitly stated in the context, make a best possible deduction. Example: Example:Example: Example of Example: The truce between the Crips and Bloods",0.0,0.0,0.0,entailment,1,0.5136399865150452
2860,when did the affordable healthcare act go into effect,"March 23, 2010",True,"Answer the question using ONLY the context below. If the answer is not contained in the context, say 'I don't know'. Answer the question with ONLY the Context below. Answer the answer using ONLY The Context below: <Tr> <Th> <Tr><Th> Context: <Th><Th><",0.0,0.0,1.0,entailment,1,0.5939673781394958,"Answer the question as best as you can using the context below.If the answer is not explicitly stated, make the best possible inference. If the answer does not explicitly state, make a best possible deduction. If it does not state, then make the worst possible inference possible.Context: <Tr> <Tr",0.0,0.0,1.0,neutral,0,0.37736132740974426
2861,the first vice president of india who became the president later,Sarvepalli Radhakrishnan,True,"Answer the question using ONLY the context below. If the answer is not contained in the context, say 'I don't know'. The answer is NOT contained in any context. The answer will be used in the following context:Context:Contexts:Context :Context:The Twelfth Amendment of the United States",0.0,0.0,0.0,contradiction,0,0.03732428699731827,"Answer the question as best as you can using the context below. If the answer is explicitly stated, make the best possible inference. If it is not explicitly stated, make the worst possible inference and make the most possible inference using the following context.Context: Twelfth Amendment, Twelfth Congress, Twentieth",0.0,0.0,0.0,entailment,1,0.4688552916049957
2862,who played cindy brady in a very brady christmas,Jennifer Runyon,True,"Answer the question using ONLY the context below. If the answer is not contained in the context, say 'I don't know'.Answer the answer using ONLY The context below, say'I don' know'. Answer the question with ONLY the Context below. <Tr> <Tr><Tr> </Tr>",0.0,0.0,1.0,entailment,1,0.5221958756446838,"Answer the question as best as you can using the context below. If the answer is explicitly stated, make the best possible inference. If it is not explicitly stated in the context, make it the best way inference. Example: Example:Example: Example 2. Example 3. Example 4. Example 2: Example",0.0,0.0,1.0,contradiction,0,0.15680259466171265
2863,what episode of american dad is krampus on,the eighth episode of the tenth season,True,"Answer the question using ONLY the context below. If the answer is not contained in the context, say 'I don't know'.Answer the Question using ONLY The Context below.Answer the Answer using ONLY THE Context below: <Tr> <Tr><Tr> {Context: Context: Context : Context:Context",0.0,0.08333333333333334,0.0,entailment,1,0.569942831993103,"Answer the question as best as you can using the context below.If the answer is not explicitly stated, make the best possible inference.Example:Example: Example: Example of Example:Example of Example Example:Context: Example Example ExampleExample:Context : Example Example ofExample Example: <Tr> <Tr",0.0,0.13043478260869565,0.0,neutral,0,0.2634156048297882
2864,when was the last time world cup was held in england,1966,True,"Answer the question using ONLY the context below. If the answer is not contained in the context, say 'I don't know'.Answer the Question using ONLY The Context below.Answer the Answer using ONLYThe Context:Context:Contexts:Context :Context: Context: Contexts: Context :Contexts :",0.0,0.0,0.0,entailment,1,0.7971568703651428,"Answer the question as best as you can using the context below.If the answer is not explicitly stated, make the best possible inference. If the answer does not explicitly state, make a best possible assumption.Context:Context: Context:Context :Context:context:Contexts:ContextContext:Fact:Context",0.0,0.0,0.0,entailment,1,0.5712613463401794
2867,what type of car does dwight schrute drive,1987 Pontiac Trans Am,True,"Answer the question using ONLY the context below. If the answer is not contained in the context, say 'I don't know'.Answer the answer using ONLY what is contained in that context.Answer the Question using ONLY ( ONLY the Context below) and say'I don't want to know'. Answer the question",0.0,0.0,0.0,contradiction,0,0.06500636041164398,"Answer the question as best as you can using the context below.If the answer is not explicitly stated, make the best possible inference. If the answer does not explicitly state, make a best possible deduction.Context:Context: Context: Context : Context:Context : Context :Context: context: Context <P",0.0,0.0,0.0,contradiction,0,0.29818615317344666
2869,what is apollo the god of in roman mythology,music,True,"Answer the question using ONLY the context below. If the answer is not contained in the context, say 'I don't know'.Answer the answer using ONLY The context below:Context:Context :Context: Context:Contexts:ContextContext:context:Context<Table> <Tr> <Th colspan",0.0,0.0,1.0,entailment,1,0.6291003823280334,"Answer the question as best as you can using the context below. If the answer is explicitly stated, make the best possible inference. If it is not explicitly stated in the context, make a best possible deduction.Context:Context: Context: Context : Context:Context : Context :Context:context:Contexts",0.0,0.0,1.0,neutral,0,0.4603974223136902
2870,what do you get with diablo 3 ultimate evil edition,the original console version of Diablo III,True,"Answer the question using ONLY the context below. If the answer is not contained in the context, say 'I don't know'.Answer the Question using ONLY The Context below.Answer the Answer using ONLYThe Context: <Tr> <Tr><Tr> </Tr> <!-- What 'll You Do About Me",0.0,0.04081632653061224,0.0,entailment,1,0.6225365400314331,"Answer the question as best as you can using the context below. If the answer is explicitly stated, make the best possible inference. If it is not explicitly stated in the context, make it the best way inference. Example: Example:Example: Example 2: Example 3: Example 4: Example 1: Example",0.0,0.03571428571428571,0.0,contradiction,0,0.15621793270111084
2871,where did the chinese tallow tree come from,eastern Asia,True,"Answer the question using ONLY the context below. If the answer is not contained in the context, say 'I don't know'.Answer the Question using ONLY The context below: <Table> <Tr> <Table: <Tr><Context: Context: Context</Context> <P> The varying historical accounts",0.0,0.0,0.0,entailment,1,0.8151969313621521,"Answer the question as best as you can using the context below. If the answer is explicitly stated, make the best possible inference. If it is not explicitly stated or made the best available inference, make a best possible deduction. If you are not explicitly stating, make your best possible conclusion. Context: Context:",0.0,0.0,0.0,entailment,1,0.5232417583465576
2874,the virus in rise of the planet of the apes,ALZ-113,True,"Answer the question using ONLY the context below. If the answer is not contained in the context, say 'I don't know'. The answer is NOT contained in any context. The answer IS NOT contained IN THE context below, say'I don't know'. <Tr> <Th colspan=""2",0.0,0.0,0.0,contradiction,0,0.28650233149528503,"Answer the question as best as you can using the context below. If the answer is explicitly stated, make the best possible inference. If it is not explicitly stated in the context, make it the best way possible inference, and make the worst possible inference using the following context: <Tr> <Th colspan",0.0,0.0,0.0,contradiction,0,0.23280008137226105
2875,one major difference in the hellenistic and the classical sculpture is,"Common people, women, children, animals and domestic scenes became acceptable subjects for sculpture",True,"Answer the question using ONLY the context below. If the answer is not contained in the context, say 'I don't know'. </P> <P> The following are the questions that are asked in the Context below. The following questions are answered using ONLY that context. </P><> < P>",0.0,0.0,0.0,neutral,0,0.23784983158111572,"Answer the question as best as you can using the context below.If the answer is not explicitly stated, make the best possible inference. If the answer does not explicitly state, make a best possible assumption.Context: Classical sculpture is a term that is used loosely to describe the forms of sculpture that are used in",0.0,0.029850746268656716,0.0,neutral,0,0.42378658056259155
2876,who used the term element for the first time,Plato,True,"Answer the question using ONLY the context below. If the answer is not contained in the context, say 'I don't know'. The answer is NOT contained in any context. The answer will be used in the following context:Context:Contexts:Context :Context: Context:ContextContext:Background:Context",0.0,0.0,0.0,contradiction,0,0.04981599003076553,"Answer the question as best as you can using the context below. If the answer is explicitly stated, make the best possible inference. If it is not explicitly stated in the context, make a best possible deduction. If you are not explicitly stating, make your best possible conclusion.Context:Context:The term bank",0.0,0.0,0.0,entailment,1,0.5861163139343262
2884,how many times have patriots been to the superbowl,nine times,True,"Answer the question using ONLY the context below. If the answer is not contained in the context, say 'I don't know'. The answer is NOT contained in any context. The answer will be used in the following context:Context:Contexts:Context :Context: Context:ContextContext:The Cup:",0.0,0.0,0.0,contradiction,0,0.03560718521475792,"Answer the question as best as you can using the context below. If the answer is explicitly stated, make the best possible inference. If it is not explicitly stated in the context, make a best possible deduction.Context:Context:The Stanley Cup is the trophy that governs the NHL. </P> <P",0.0,0.0,0.0,neutral,0,0.2308100461959839
2886,who is credited with the first idea of a nuclear atom,Ernest Rutherford,True,"Answer the question using ONLY the context below. If the answer is not contained in the context, say 'I don't know'. </P> <P> Context: Context:Context:Context :Context: Context :Context : Context:context:Contexts:Context::Context:context :ContextsContext",0.0,0.0,0.0,neutral,0,0.03609820827841759,"Answer the question as best as you can using the context below.If the answer is not explicitly stated, make the best possible inference.Example: Example: Example of the following: ExampleExample:Example: Context: Example Example:Example of the above: Example : Example: Context : ExampleExample : Example of",0.0,0.0,0.0,neutral,0,0.22384320199489594
2887,who are the twins in better call saul,The Sklar brothers,True,"Answer the question using ONLY the context below. If the answer is not contained in the context, say 'I don't know'. The answer is the answer to the question that is not in the Context below.Context:<P> <P> The song is a musical, which is a song about the",0.0,0.0392156862745098,0.0,contradiction,0,0.12713563442230225,"Answer the question as best as you can using the context below. If the answer is explicitly stated, make the best possible inference. If it is not explicitly stated in the context, make a best possible deduction. If you are not explicitly stating, make your best possible conclusion.Context:<P> <P",0.0,0.03846153846153846,0.0,neutral,0,0.4347142279148102
2890,when did america become the united states of america,1776,True,"Answer the question using ONLY the context below. If the answer is not contained in the context, say 'I don't know'. If the question is not answered, say'I don't know'. </P> <P>Context: The United States of America and Latin America ( United States relations )",0.0,0.0,0.0,neutral,0,0.20420625805854797,"Answer the question as best as you can using the context below.If the answer is not explicitly stated, make the best possible inference. If the answer does not explicitly state, make a best possible assumption.Context: United States-Latin America Relations (U.S. relations)<P> Latin America --",0.0,0.0,0.0,neutral,0,0.42502519488334656
2894,who has sold the most albums world wide,The Beatles,True,"Answer the question using ONLY the context below. If the answer is not contained in the context, say 'I don't know'. The answer is 'I'm not sure'. The question is not answered using ONLY that context. The answer may not be contained in any context.Context:Context: Context: Context",0.0,0.04081632653061224,1.0,contradiction,0,0.032910216599702835,"Answer the question as best as you can using the context below.If the answer is not explicitly stated, make the best possible inference. If the answer does not explicitly state, make a best possible assumption.Context:Context:The Middle Passage (MBTI)<P> This first list only includes contestants with",0.0,0.0425531914893617,1.0,neutral,0,0.3084488809108734
2900,who plays laura croft in tomb raider 2018,Alicia Vikander,True,"Answer the question using ONLY the context below. If the answer is not contained in the context, say 'I don't know'.Answer the answer using ONLY The context below and say 'You don't want to know'. <Tr> <Th> <Td colspan=""2""> Tomb Raider </Th",0.0,0.0,1.0,contradiction,0,0.09156637638807297,"Answer the question as best as you can using the context below. If the answer is explicitly stated, make the best possible inference. If not explicitly stated then make the worst possible inference using the following context: <Tr> <Th> Context: <Td colspan=""2""> Tomb Raider </Th>",0.0,0.0,1.0,neutral,0,0.29300540685653687
2901,how many centuries of rohit sharma in international cricket,24,True,"Answer the question using ONLY the context below. If the answer is not contained in the context, say 'I don't know'.Answer the Question using ONLY The Context below.Answer the Answer using ONLYThe Context:Context:Contexts:Context :Context:Rohit Sharma <P> Rohit Sharma",0.0,0.0,1.0,entailment,1,0.7420662641525269,"Answer the question as best as you can using the context below.If the answer is not explicitly stated, make the best possible inference. If the answer does not explicitly state, make a best possible statement. If it does not clearly state, then make the worst possible inference possible.Context: Rohit Sharma <",0.0,0.0,1.0,entailment,1,0.6223081350326538
2902,twilight zone the mind and the matter cast,Shelley Berman,True,"Answer the question using ONLY the context below. If the answer is not contained in the context, say 'I don't know'.Answer the Question using ONLY The context below: <Tr> <Tr><Td colspan=""2""> `` The Mind and the Matter '' </Th> </Tr> </",0.0,0.0,1.0,entailment,1,0.9083707928657532,"Answer the question as best as you can using the context below. If the answer is explicitly stated, make the best possible inference. If it is not explicitly stated then make the worst possible inference using the following context: Context: Context : Context:Context: Context <Tr> <Tr > <Th colspan",0.0,0.0,1.0,neutral,0,0.3312310576438904
2908,a glowing cloud of hot interstellar gas inside of which stars are being formed is called a(n),diffuse nebulae,True,"Answer the question using ONLY the context below. If the answer is not contained in the context, say 'I don't know'. The answer is NOT contained in any context. The answer will be answered using ONLY what is contained in that context. </P> <P>Context:Context: Context:Context",0.0,0.0,0.0,neutral,0,0.02736939862370491,"Answer the question as best as you can using the context below.If the answer is not explicitly stated, make the best possible inference. If the answer does not explicitly state, make a best possible conclusion.Context:Context:The context of the question is the context of a question that is not directly stated.",0.0,0.0,0.0,neutral,0,0.16340909898281097
2914,when does the new diary of a wimpy kid movie come out on dvd,"August 8, 2017",True,"Answer the question using ONLY the context below. If the answer is not contained in the context, say 'I don't know'. The answer is NOT contained in any context. The answer will be the answer to the question. The Answer is NOT the answer that is contained in this context.Context:Context:",0.0,0.0,0.0,neutral,0,0.2724011540412903,"Answer the question as best as you can using the context below.If the answer is not explicitly stated, make the best possible inference. If the answer does not explicitly state the answer, make a best possible statement.Context:Context: Context:Context :Context:context:ContextContext:textContext:Text",0.0,0.0,0.0,entailment,1,0.6328957676887512
2916,cytosine is an example of a nitrogen base found on what acids,nucleic,True,"Answer the question using ONLY the context below. If the answer is not contained in the context, say 'I don't know'.Answer the answer using ONLY what the context is.Answer the Question using ONLY ( ONLY the Context below).Answer the Answer using ONLY that context below:Context:Contexts:Context",0.0,0.0,1.0,entailment,1,0.71174556016922,"Answer the question as best as you can using the context below.If the answer is not explicitly stated, make the best possible inference. If the answer does not explicitly state, make a best possible deduction.Context:Context:A nitrogenous base, or nitrogen - containing base, is an organic molecule with a",0.0,0.0,1.0,entailment,1,0.5863199234008789
2919,where does jacob wrestle with an angel in the bible,Genesis,True,"Answer the question using ONLY the context below. If the answer is not contained in the context, say 'I don't know'. The answer is also contained in a context below:Context:Contexts:Context :Context: Context:Context-Context:context:ContextContext:Subject:Context -Context:",0.0,0.0,1.0,contradiction,0,0.16829359531402588,"Answer the question as best as you can using the context below.If the answer is not explicitly stated, make the best possible inference. If the answer does not explicitly state, make a best possible deduction.Context: Genesis, Hosea, Hosesa, and HoseasContext: Hoseaic",0.0,0.047619047619047616,1.0,entailment,1,0.5075126886367798
2922,when did the cask of amontillado take place,in an unnamed Italian city,True,"Answer the question using ONLY the context below. If the answer is not contained in the context, say 'I don't know'. The answer is NOT contained in any context below, say'I don't know'. </Tr> <Tr> {Context: Context: Context : Context:Context:Context",0.0,0.045454545454545456,0.0,neutral,0,0.3340786099433899,"Answer the question as best as you can using the context below.If the answer is not explicitly stated, make the best possible inference. If the answer does not explicitly state, make a best possible deduction.Context: <Tr> <Th> Text </Th> <Td> The Cask of Am",0.0,0.0,0.0,entailment,1,0.5110259652137756
2929,who is associated with the concept of power elite,sociologist C. Wright Mills,True,"Answer the question using ONLY the context below. If the answer is not contained in the context, say 'I don't know'. The answer is the answer to the question that is not in the Context below.Context: <P> <P><P> The corporation is a corporation that is owned by a",0.0,0.0,0.0,contradiction,0,0.14910519123077393,"Answer the question as best as you can using the context below.If the answer is not explicitly stated, make the best possible inference. If the answer does not explicitly state, make a best possible deduction.Context: <P> <P><P> The corporation is a corporation that is owned by a member",0.0,0.0,0.0,entailment,1,0.6271780729293823
2935,where did the terrorists strike in munich germany in 1972,"Munich, West Germany",True,"Answer the question using ONLY the context below. If the answer is not contained in the context, say 'I don't know'.Answer the Question using ONLY The context below and say 'What is the context?'.Answer The Question using Only the Context below. <Tr> <Th colspan=""2"">",0.0,0.0,0.0,contradiction,0,0.1367420256137848,"Answer the question as best as you can using the context below. If the answer is explicitly stated, make the best possible inference. If it is not explicitly stated then make the worst possible inference, make a best possible deduction. Example: Example:Example: Example 2. Example 3. Example 4. Example 2",0.0,0.0,0.0,contradiction,0,0.12672539055347443
2936,when was the treaty of sugauli concluded and between whom,signed on 2 December 1815,True,"Answer the question using ONLY the context below. If the answer is not contained in the context, say 'I don't know'.Answer the Question using ONLY The Context below.Answer the Answer using ONLYThe Context:Context:Context :Context: Context: Context :Context : Context: Subject: Context <Table",0.0,0.0,0.0,neutral,0,0.3844113051891327,"Answer the question as best as you can using the context below.If the answer is not explicitly stated, make the best possible inference. If the answer does not explicitly state, make a best possible conclusion. If it is not stated, then make the worst possible inference and make the most possible inference using the following",0.0,0.0,0.0,neutral,0,0.3995814323425293
2937,episode of the office where jim kisses pam,Casino Night,True,"Answer the question using ONLY the context below. If the answer is not contained in the context, say 'I don't know'.Answer the Question using ONLY The Context below.Answer the Answer using ONLY THE Context below:Context:Context :Context: Context:Contexts:ContextContext:context:Context-",0.0,0.0,1.0,entailment,1,0.4824307858943939,"Answer the question as best as you can using the context below.If the answer is not explicitly stated, make the best possible inference. If the answer does not explicitly state, make a best possible deduction. If it is not explicit stated, then make the worst possible inference and make the most possible inference. </",0.0,0.0,1.0,neutral,0,0.39720645546913147
2939,where is dna stored in the cell as chromatin,within the nucleoid region,True,"Answer the question using ONLY the context below. If the answer is not contained in the context, say 'I don't know'. The answer is the answer that is not in the Context below. The answer that IS contained in this context is the response that is NOT contained in that context. The response is the",0.0,0.03389830508474576,1.0,contradiction,0,0.10104254633188248,"Answer the question as best as you can using the context below.If the answer is not explicitly stated, make the best possible inference. If the answer does not explicitly state, make a best possible deduction. If it is not stated, then make the worst possible inference and make the most possible inference using the following",0.0,0.03389830508474576,1.0,neutral,0,0.3814677596092224
2943,where did ali do his rope a dope,his 1974 Rumble in the Jungle match against George Foreman,True,"Answer the question using ONLY the context below. If the answer is not contained in the context, say 'I don't know'. The answer is NOT contained in any context. The answer IS NOT contained IN THE context below, say'I don'SELF-KNOWN'or 'I DON'T KNOW",0.0,0.07547169811320754,0.0,contradiction,0,0.26241007447242737,"Answer the question as best as you can using the context below.If the answer is not explicitly stated, make the best possible inference. If the answer does not explicitly state, make a best possible assumption. If it does not clearly state, then make the worst possible inference and make the most possible inference using the",0.0,0.030769230769230767,0.0,neutral,0,0.4010867178440094
2945,how much did raiders of the lost ark cost to make,$18 million,True,"Answer the question using ONLY the context below. If the answer is not contained in the context, say 'I don't know'. The answer is NOT contained in any context. The answer will be the following: Context: ContextContext: Context Context:Context:ContextContext:contextContext:ObjectContext:<",0.0,0.0,0.0,contradiction,0,0.1516115516424179,"Answer the question as best as you can using the context below.If the answer is not explicitly stated, make the best possible inference. If the answer does not explicitly state, make a best possible deduction.Context:Context:<Tr> <Th colspan=""2""> Raiders of the Lost Ark </Th",0.0,0.0,0.0,entailment,1,0.5833585858345032
2948,where was football first played in the world,China,True,"Answer the question using ONLY the context below. If the answer is not contained in the context, say 'I don't know'. If the question is not answered, say it is not in the Context below.Answer the Question using ONLY The Context below:Context:Contexts:Context :Context: Context:",0.0,0.0,1.0,neutral,0,0.12706561386585236,"Answer the question as best as you can using the context below.If the answer is not explicitly stated, make the best possible inference. If the answer does not explicitly state, make a best possible assumption.Context:Context:The following is a complete list of American football players who have played for the Philadelphia Eagles",0.0,0.0,1.0,neutral,0,0.43106696009635925
2949,who is responsible for issuing accounting standard in india,Accounting Standards Board,True,"Answer the question using ONLY the context below. If the answer is not contained in the context, say 'I don't know'. The answer is NOT contained in any context. The answer will be used in the following context: The answer to the question is not included in the Context below. The Answer is NOT",0.0,0.0,0.0,contradiction,0,0.170832097530365,"Answer the question as best as you can using the context below.If the answer is not explicitly stated, make the best possible inference. If the answer does not explicitly state, make a best possible conclusion. If it is not stated, then make the worst possible inference and make the most possible inference using the following",0.0,0.0,0.0,entailment,1,0.49211645126342773
2954,where are most of the potatoes grown in idaho,The Eastern Idaho region,True,"Answer the question using ONLY the context below. If the answer is not contained in the context, say 'I don't know'. The answer is NOT contained in any context. The answer will be used in the following context: </P> <P> The breakfast cereal industry has gross profit margins of 40 -",0.0,0.037037037037037035,0.0,neutral,0,0.070317842066288,"Answer the question as best as you can using the context below.If the answer is not explicitly stated, make the best possible inference. If the answer does not explicitly state, make a best possible assumption.Context: Breakfast Cereals in the U.S. and Europe (Source: Wikipedia ) <P>",0.0,0.04081632653061225,0.0,neutral,0,0.28800997138023376
2958,where did the expression throw under the bus come from,President Galtieri had pushed her under the bus,True,"Answer the question using ONLY the context below. If the answer is not contained in the context, say 'I don't know'. </P> <P> The following is a list of the following phrases: <P><P> `` The baby out with the bathwater is an idiomatic phrase in American",0.0,0.03773584905660377,1.0,neutral,0,0.048445381224155426,"Answer the question as best as you can using the context below. If the answer is explicitly stated, make the best possible inference. If not explicitly stated then make the worst possible inference using the following context: <P> <P><Context: Context: Context. Context.Context. Context:Context.Context",0.0,0.03921568627450981,1.0,neutral,0,0.1892329901456833
2960,how i met your mother barney 200th girl,bodybuilder,True,"Answer the question using ONLY the context below. If the answer is not contained in the context, say 'I don't know'.Answer the answer using ONLY The context below and say 'No'. Find sources : `` I don't Know'( ) </Td> </Table> <Table><",0.0,0.0,0.0,neutral,0,0.16503606736660004,"Answer the question as best as you can using the context below. If the answer is not explicitly stated, make the best possible inference. If not explicitly stating, make a best possible deduction. If it is not directly stated, use the best available inference.Context:Context: Context: ContextContext: TextContext",0.0,0.0,0.0,neutral,0,0.42379510402679443
2961,who has the legal authority to bind the us government on a us government contract,Federal Acquisition Regulation,True,"Answer the question using ONLY the context below. If the answer is not contained in the context, say 'I don't know'. The answer is NOT contained in any context. The answer will be used in the following context:Context:Canada, Canada, Canada, Canada, United States, United Kingdom, United",0.0,0.0,0.0,contradiction,0,0.026623563840985298,"Answer the question as best as you can using the context below.If the answer is not explicitly stated, make the best possible inference. If the answer does not explicitly state, make a best possible assumption.Context: Canada, Canada, and the United States (the United States ) (Context: The United States",0.0,0.0,0.0,neutral,0,0.4375503957271576
2963,who wrote about peter rabbit and jemima puddle duck,Beatrix Potter,True,"Answer the question using ONLY the context below. If the answer is not contained in the context, say 'I don't know'. The answer is NOT contained in any context. The answer IS NOT contained IN THE context below, say'I don't know'. </Tr> <Tr> The Tale of",0.0,0.0,1.0,entailment,1,0.3789686858654022,"Answer the question as best as you can using the context below. If the answer is explicitly stated, make the best possible inference. If it is not explicitly stated in the context, make a best possible deduction. If you are not explicitly stating, make your best possible inferences.Context: <Tr> <",0.0,0.0,1.0,entailment,1,0.5415395498275757
2965,which disorder involves the retrograde passage of infected urine,Vesicoureteral reflux (VUR),True,"Answer the question using ONLY the context below. If the answer is not contained in the context, say 'I don't know'. The answer is the answer to the question that is not in the Context below. The answer to this question is the following: </P> <P> The Middle Passage is the",0.0,0.0,0.0,neutral,0,0.21589374542236328,"Answer the question as best as you can using the context below.If the answer is not explicitly stated, make the best possible inference. If the answer does not explicitly state, make a best possible assumption.Context: The Middle Passage ( ) - The Middle-Passage ( )- The Middle - The middle",0.0,0.0,0.0,entailment,1,0.5087752342224121
2966,who played kayla brady on days of our lives,Catherine Mary Stewart,True,"Answer the question using ONLY the context below. If the answer is not contained in the context, say 'I don't know'.Answer the answer using ONLY The context below and say 'You don't want to know'. <Tr> <Th> Summary </Th> <Tr><Tr> <!--Th>",0.0,0.0,1.0,contradiction,0,0.15055124461650848,"Answer the question as best as you can using the context below.Answer the answer as best possible inference.If the answer is not explicitly stated, make the best possible statement.Answer The Question as best and as best (if the answer was not explicitly specified, make a best possible interpretation) using the following context",0.0,0.0,1.0,entailment,1,0.843166172504425
2969,what is one of the greatest structural achievements of the bronze age,the corbelled arch,True,"Answer the question using ONLY the context below. If the answer is not contained in the context, say 'I don't know'. The answer is the answer to the question that is not in the Context below. The answer to this question is the following:Context:Contexts:Context :Context: Context:",0.0,0.04081632653061224,0.0,contradiction,0,0.151060089468956,"Answer the question as best as you can using the context below. If the answer is explicitly stated, make the best possible inference. If it is not explicitly stated in the context, make a best possible deduction. If you are not explicitly stating, make that best possible conclusion. If not explicitly specified, make it",0.0,0.03508771929824561,0.0,neutral,0,0.35742488503456116
2970,who does chris hemsworth play in home and away,"Kimberly Jonathan ""Kim"" Hyde",True,"Answer the question using ONLY the context below. If the answer is not contained in the context, say 'I don't know'.Answer the Question using ONLY The context below and say 'What do you think I don't want to know?'.Answer The Question using Only the Context below. <Tr> <",0.0,0.0,0.0,neutral,0,0.2569982707500458,"Answer the question as best as you can using the context below.Answer the answer as best possible inference.If the answer is not explicitly stated, make the best possible statement.Answer The Question as best and as best (if the answer was not explicitly specified, make a best possible interpretation) using the following context",0.0,0.0,0.0,entailment,1,0.8874307870864868
2976,how many episodes is season 6 of mindy project,10,True,"Answer the question using ONLY the context below. If the answer is not contained in the context, say 'I don't know'. If the question is not answered, say it is not included in the Context below. The answer is NOT contained in any context. The question is NOT answered in the following context:",0.0,0.0,1.0,contradiction,0,0.18484632670879364,"Answer the question as best as you can using the context below.If the answer is not explicitly stated, make the best possible inference. If the answer does not explicitly state, make a best possible assumption. If it is explicitly stated that the answer was not explicitly specified, make that best possible implication. If not",0.0,0.0,1.0,neutral,0,0.42267754673957825
2978,when did to kill a mockingbird come out,1960,True,"Answer the question using ONLY the context below. If the answer is not contained in the context, say 'I don't know'. The answer is NOT contained in any context. The answer IS NOT contained IN THE context below: <Tr> <Tr><Td> Context: Context:Context:Context :",0.0,0.0,1.0,entailment,1,0.4775996506214142,"Answer the question as best as you can using the context below.If the answer is not explicitly stated, make the best possible inference. If the answer does not explicitly state, make a best possible deduction.Context:Context: Context:Context :Context:context:Context.Context. Context:context.Context",0.0,0.0,1.0,entailment,1,0.699296772480011
2981,who did ariel winter play in cloudy with a chance of meatballs,Various characters,True,"Answer the question using ONLY the context below. If the answer is not contained in the context, say 'I don't know'. Answer the question with ONLY the answer below. Answer the answer using ONLY what the context is. Answer: 'I Don't Know'. Answer: ""I don’t know",0.0,0.0,0.0,entailment,1,0.7560253739356995,"Answer the question as best as you can using the context below.If the answer is not explicitly stated, make the best possible inference. If the answer does not explicitly state, make a best possible deduction.Context:Context: Context:Context :Context:context:Context.Context. Context:context.Context",0.0,0.0,0.0,entailment,1,0.6059169173240662
2985,where is the carlsbad caverns national park located,Guadalupe Mountains of southeastern New Mexico,True,"Answer the question using ONLY the context below. If the answer is not contained in the context, say 'I don't know'.Answer the answer using ONLY what the context is.Answer the context using ONLY that context below: <Tr> <Tr><Tr> </Tr> <!--Context: Context: Context",0.0,0.0,0.0,entailment,1,0.8914209604263306,"Answer the question as best as you can using the context below.If the answer is not explicitly stated, make the best possible inference. If the answer does not explicitly state, make a best possible deduction. If it does not state, then make the worst possible inference using the following:Context:Context :Context",0.0,0.0,0.0,neutral,0,0.4324759840965271
2986,who was playing during the las vegas shooting,Jason Aldean,True,"Answer the question using ONLY the context below. If the answer is not contained in the context, say 'I don't know'.Answer the answer using ONLY what the context is.Answer the Question using ONLY ( ONLY the Context below) and say 'You don't want to know'. Answer the question with ONLY",0.0,0.0,0.0,entailment,1,0.5520010590553284,"Answer the question as best as you can using the context below.If the answer is not explicitly stated, make the best possible inference. If the answer does not explicitly state, make a best possible statement. If it is explicitly stated in the context, make it the best way possible inference, and make the worst",0.0,0.0,0.0,entailment,1,0.4579075574874878
2988,when did courage the cowardly dog stop airing,"November 22, 2002",True,"Answer the question using ONLY the context below. If the answer is not contained in the context, say 'I don't know'.Answer the answer using ONLY The context below and say 'You don't want to know'. <Tr> <Th> <Tr><Tr> </Th> </Tr> <!--",0.0,0.0,1.0,contradiction,0,0.11312127858400345,"Answer the question as best as you can using the context below. If the answer is explicitly stated, make the best possible inference. If it is not explicitly stated in the context, make it the best way inference. Example: Example:Example: Example 2. Example 3. Example 4. Example 2: Example",0.0,0.0,1.0,contradiction,0,0.14694058895111084
2992,how many different species of mosquitoes are there,"Over 3,500",True,"Answer the question using ONLY the context below. If the answer is not contained in the context, say 'I don't know'.Answer the answer using ONLY what is contained in that context.Answer the Question using ONLY ( ONLY the Context below) and say 'Yes, I don'tknow'.Answer: Answer",0.0,0.0,0.0,entailment,1,0.6833354234695435,"Answer the question as best as you can using the context below.If the answer is not explicitly stated, make the best possible inference. If the answer does not explicitly state, make a best possible assumption.Context:Keystone Species:Keystones:KeyStone Species: Keystone Species :Keystone species:",0.0,0.0,0.0,neutral,0,0.34469008445739746
2994,the back of the leg is called what,calf,True,"Answer the question using ONLY the context below. If the answer is not contained in the context, say 'I don't know'. The answer is the answer that is contained in this context. </P> <P>Context: English Language, English Language, English Language and English Literature, English Literature, English",0.0,0.0,0.0,neutral,0,0.15945285558700562,"Answer the question as best as you can using the context below.If the answer is not explicitly stated, make the best possible inference. If the answer does not explicitly state, make a best possible assumption.Context: English Language (English Language ) <P> <P>< <P>"" <P></P",0.0,0.0,0.0,entailment,1,0.4778832197189331
2995,what is the name of our diocese in sydney,Armidale,True,"Answer the question using ONLY the context below. If the answer is not contained in the context, say 'I don't know'. If the question is not answered, say'I don't know'.Answer the Question using ONLY The Context below.Context:<P> Take Our Daughters And Sons To",0.0,0.0,0.0,entailment,1,0.837192714214325,"Answer the question as best as you can using the context below.If the answer is not explicitly stated, make the best possible inference. If the answer does not explicitly state, make a best possible deduction.Context:Context:<P> Take Our Daughters And Sons To Work Day is a 501 ( c",0.0,0.0,0.0,entailment,1,0.5038824081420898
2997,when was the last time rangers won the treble,2002–03,True,"Answer the question using ONLY the context below. If the answer is not contained in the context, say 'I don't know'. The answer is NOT contained in any context. The answer will be used ONLY in the Context below.Context: The Stanley Cup is a trophy that has been won 100 times. 23",0.0,0.0,0.0,contradiction,0,0.3322058916091919,"Answer the question as best as you can using the context below. If the answer is explicitly stated, make the best possible inference. If it is explicitly said, make a best possible statement. If not explicitly stated. If you are not explicitly stating, make that best possible conclusion.Context: The Stanley Cup is",0.0,0.0,0.0,neutral,0,0.4166242778301239
