idx,question,gold,has_gold,pred_A,em_A,f1_A,hit@10_A,ent_label_A,ent_faith_A,ent_score_A,pred_B,em_B,f1_B,hit@10_B,ent_label_B,ent_faith_B,ent_score_B
0,when is the last episode of season 8 of the walking dead,"March 18, 2018",True,I don't know,0.0,0.0,0.0,contradiction,0,0.1738702803850174,The United States.,0.0,0.0,0.0,neutral,0,0.25484514236450195
1,in greek mythology who was the goddess of spring growth,"Persephone (/pərˈsɛfəni/; Greek: Περσεφόνη), also called Kore (/ˈkɔːriː/; ""the maiden"")",True,I don't know,0.0,0.0,0.0,neutral,0,0.020618673413991928,"The Egyptians divided the day into two 12 - hour periods, and used large obelisks to track the movement of the sun.",0.0,0.06666666666666667,0.0,neutral,0,0.37951162457466125
2,benefits of colonial life for single celled organisms,,False,Food,,,,neutral,0,0.1649283468723297,"The Columbian Exchange was the widespread transfer of plants, animals, culture, human populations, technology, and ideas between the Americas and the Old World in the 15th and 16th centuries, related to European colonization and trade after Christopher Columbus's 1492 voyage.",,,,neutral,0,0.12332051992416382
3,how many season of the man in the high castle,,False,David Benioff,,,,neutral,0,0.24756962060928345,David Benioff and D.B. Weiss.,,,,entailment,1,0.9483661651611328
4,who was the first ministry head of state in nigeria,,False,I don't know,,,,contradiction,0,0.15102817118167877,The following are the presidential and parliamentary elections in Nigeria since 2011:,,,,neutral,0,0.03716032952070236
5,how many nominations does game of thrones have,,False,I don't know,,,,neutral,0,0.1479066163301468,The Emmys are the most popular show in the United States.,,,,neutral,0,0.003405340015888214
6,what is the name of the most important jewish text,the Shulchan Aruch,True,I don't know,0.0,0.0,0.0,contradiction,0,0.18868230283260345,The Torah is a Torah that is taught in the Torah.,0.0,0.14285714285714288,0.0,entailment,1,0.6828359961509705
7,until we meet again filipino soap episode 10,,False,Awkward,,,,neutral,0,0.2546902596950531,Awkward.,,,,neutral,0,0.3519560694694519
8,what is the name of spain's most famous soccer team,Real Madrid,True,I don't know,0.0,0.0,1.0,contradiction,0,0.1578264832496643,/Td> /Tr> /Tr> /Tr> /Tr> /Tr> /Tr> /Tr> /Tr> /Tr> /T,0.0,0.0,1.0,contradiction,0,0.36379092931747437
9,when was the first robot used in surgery,1983,True,cells of life,0.0,0.0,0.0,neutral,0,0.1760578751564026,"Cell theory is the historic scientific theory, now universally accepted, that living organisms are made up of cells, that they are the basic",0.0,0.0,0.0,neutral,0,0.15311633050441742
10,who are the actors in fast and furious,,False,I don't know,,,,contradiction,0,0.009475715458393097,The show is set in New Orleans which the Mikaelson family and original vampires helped to build.,,,,contradiction,0,0.03973091393709183
11,when does tom paris become a lieutenant again,,False,I don't know,,,,contradiction,0,0.16248393058776855,The episode title refers to the hospital.,,,,contradiction,0,0.05407770350575447
12,who sang the song i'm a nut,,False,I don't know,,,,contradiction,0,0.18890239298343658,"Kilmer is most remembered for  Trees '', which has been the subject of frequent parodies and references in popular culture.",,,,entailment,1,0.9771749377250671
13,who sings the song i don't care i love it,Icona Pop and Charli XCX,True,I don't know,0.0,0.0,0.0,neutral,0,0.1122191771864891,The Billboard Hot 100 is a chart that ranks the best singles of the United States.,0.0,0.0,0.0,entailment,1,0.9580484628677368
14,what does the key to the city entitle you to,,False,international transactions.,,,,neutral,0,0.139157235622406,"The Freedom of the City is an honour bestowed by a municipality upon a valued member of the community, or upon a visiting celebrity or dignitary.",,,,entailment,1,0.9843080639839172
15,when did fast and furious 5 come out,,False,I don't know,,,,neutral,0,0.2627076208591461,The Turbo Charged Prelude for 2 Fast 2 Furious ( 2003 ) /Li> Li> Los Bandoleros ( 2009 ) /Li> /Li> /Li>,,,,neutral,0,0.3255375027656555
16,who are uncle owen and aunt beru related to,Shmi,True,I don't know,0.0,0.0,0.0,contradiction,0,0.11911953240633011,Hera).,0.0,0.0,0.0,entailment,1,0.422708660364151
17,when the clear air act was revised in 1990 it gave states,,False,I don't know,,,,neutral,0,0.2249061018228531,The Clean Air Act of 1963 was enacted by the 88th United States Congress.,,,,entailment,1,0.9854265451431274
18,what is sauce for the goose is sauce for the gander examples,,False,I don't know,,,,neutral,0,0.20162394642829895,The proverb is a proverb that has been around for millennia.,,,,entailment,1,0.6563584208488464
19,where is zimbabwe located in the world map,"in southern Africa, between the Zambezi and Limpopo Rivers, bordered by South Africa, Botswana, Zambia and Mozambique",True,I don't know,0.0,0.0,0.0,contradiction,0,0.10989360511302948,The Republic of Zimbabwe /Th> /Th> /Tr> /Tr> /Tr> /Tr> /Tr> /Tr> /Tr> /Tr> ,0.0,0.06451612903225808,0.0,contradiction,0,0.3803670406341553
20,100 acres is equal to how many hectares,1 square hectometre (hm2),True,U.S. are covered by land tenure.,0.0,0.0,0.0,entailment,1,0.5635651350021362,U.S.,0.0,0.0,0.0,neutral,0,0.25663328170776367
21,who has won a calendar grand slam in tennis,,False,I don't know,,,,contradiction,0,0.01128263771533966,Runner - up /Th> Td> Marin ili /Td> /Tr> Tr>,,,,contradiction,0,0.006922923028469086
22,where was donovan mitchell picked in the draft,13th,True,I don't know,0.0,0.0,1.0,contradiction,0,0.2030608355998993,"Donovan Mitchell Tr> Th colspan=""2""> No. 45 -- Utah Jazz /Th> /Th> /Th> /Th> /Th> /Th> /Th> /Th",0.0,0.0,1.0,entailment,1,0.8768400549888611
23,list of food and beverage companies in the philippines,,False,industry,,,,neutral,0,0.23865583539009094,industry.,,,,neutral,0,0.18240661919116974
24,where does british airways fly to in south america,,False,I don't know,,,,neutral,0,0.036674756556749344,the most northerly circle of latitude on Earth at which the Sun can be directly overhead,,,,neutral,0,0.11982471495866776
25,what is the enthalpy of formation of cao(s),,False,I don't know,,,,contradiction,0,0.022056668996810913,Earth's atmosphere.,,,,contradiction,0,0.06094329059123993
26,where did the beatles final live performance take place,the roof of the headquarters of the band's multimedia corporation Apple Corps at 3 Savile Row,True,I don't know,0.0,0.0,0.0,contradiction,0,0.1542579084634781,Wembley Stadium.,0.0,0.0,0.0,neutral,0,0.07528059929609299
27,who is the president of costa rica 2017,Luis Guillermo Solís Rivera,True,I don't know,0.0,0.0,0.0,contradiction,0,0.16036725044250488,Luis Guillermo Sols /Th> /Tr> /Tr> /Tr> /Tr> /Tr> /Tr> /Tr> /Tr> ,0.0,0.375,0.0,entailment,1,0.6372531652450562
28,describe charlemagne in the epic the song of roland,,False,Beowulf,,,,contradiction,0,0.12842312455177307,"The poem was written by Jonathan Swift, who was most famous for his book Gulliver's Travels.",,,,contradiction,0,0.0014431242598220706
29,when did power rangers tv show come out,"August 28, 1993",True,I don't know,0.0,0.0,0.0,neutral,0,0.007188296876847744,HBO show had been cancelled.,0.0,0.0,0.0,contradiction,0,0.003745800582692027
30,inheritance of the a b o blood groups is an example of,,False,"presence of one, both, or neither of the A and B antigens on erythrocytes",,,,entailment,1,0.8155105113983154,"ABO blood types are also present in some other animals such as rodents and apes, such as chimpanzees, bonobos, and gorillas.",,,,entailment,1,0.8783840537071228
31,how many beverly hills cops movies are there,three,True,I don't know,0.0,0.0,1.0,contradiction,0,0.06360355764627457,"The show was renewed for a second season on May 16, 2016.",0.0,0.0,1.0,neutral,0,0.02655194140970707
32,who holds the most women's wimbledon titles,Martina Navratilova,True,I don't know,0.0,0.0,1.0,contradiction,0,0.1474703848361969,The following players were not in the Wimbledon Ladies'Singles Champions Tr> Th> Location /Th> Tr> Th> Venue /Th> AELTC /Tr> /Tr> Th> ,0.0,0.0,1.0,neutral,0,0.048795007169246674
33,what does a dualist way of thinking mean,,False,I don't know,,,,contradiction,0,0.07460381090641022,Atomism is a term used to describe the uncuttable state of matter.,,,,neutral,0,0.2013130933046341
34,where does jinx you owe me a coke come from,Jinx is a children's game with varying rules and penalties that occur when two people unintentionally speak the same word or phrase simultaneously,True,I don't know,0.0,0.0,0.0,neutral,0,0.17664018273353577,The Coca - Cola Company /Td> /Tr> /Tr> /Tr> Th> Manufacturer /Th> Td> The Coca - Cola Company /Td> /Tr,0.0,0.04878048780487805,0.0,entailment,1,0.6925239562988281
35,do yahoo email addresses end in com or net,,False,"Unix operating systems are Windows Vista, Windows 7 and Windows 2000",,,,neutral,0,0.06675910204648972,Windows Vista is the most common modern version of Windows.,,,,neutral,0,0.07175853103399277
36,who's making love to your old lady,,False,I don't know,,,,contradiction,0,0.12119386345148087,The Lady's Dressing Room.,,,,entailment,1,0.6791146993637085
37,athletes who have won dancing with the stars,,False,I don't know,,,,contradiction,0,0.1194721981883049,The first contestant to pass away after appearing on the show is Florence Henderson.,,,,contradiction,0,0.0900702252984047
38,equation for the velocity of an object in motion at constant acceleration,,False,I don't know,,,,contradiction,0,0.21642443537712097,The Coriolis force is proportional to the rotation rate.,,,,entailment,1,0.673287570476532
39,where does the last name hickey come from,Irish origin,True,I don't know,0.0,0.0,1.0,contradiction,0,0.16823509335517883,The surname is a common surname of Irish origin.,0.0,0.3636363636363636,1.0,entailment,1,0.9205325841903687
40,when does maggie come on grey's anatomy,,False,Grey's Anatomy,,,,entailment,1,0.4343211054801941,"Maggie Pierce /Tr> /Tr> /Tr> Tr> Td colspan=""2""> Maggie Pierce /Tr> /Tr> Tr> Tr> Tr",,,,contradiction,0,0.35845717787742615
41,the rembrandts i'll be there for you album,,False,I don't know,,,,neutral,0,0.2269454002380371,Andy Gibb,,,,entailment,1,0.6532115340232849
42,where do lie bumps come from on your tongue,,False,Humans,,,,entailment,1,0.6989054083824158,"The skin color of darker - skinned humans is not entirely uniform across an individual's skin ; for example, the skin of the palm and the sole is lighter than most other skin, and this is especially noticeable in darker - skinned people.",,,,neutral,0,0.05677346512675285
43,where is the greatest royal rumble taking place,"Jeddah, Saudi Arabia",True,Pacific Ocean).,0.0,0.0,1.0,neutral,0,0.061307284981012344,Pacific Ocean).,0.0,0.0,1.0,neutral,0,0.061307284981012344
44,who sang my name is tallulah in bugsy malone,"Louise ""Liberty"" Williams",True,I don't know,0.0,0.0,0.0,neutral,0,0.02524292841553688,"Kilmer is most remembered for  Trees '', which has been the subject of frequent parodies and references in popular culture.",0.0,0.0,0.0,entailment,1,0.47987934947013855
45,a property tax bill is an example of,,False,I don't know,,,,neutral,0,0.017821945250034332,"The Homestead Acts were several United States federal laws that gave an applicant ownership of land, typically called a  homestead, '' at no cost.",,,,neutral,0,0.011034893803298473
46,when did the volcano erupt in indonesia 2018,,False,Pacific Ocean,,,,entailment,1,0.8638759851455688,Pacific Ocean.,,,,entailment,1,0.934526801109314
47,income elasticity of demand for normal good is always,,False,law of demand,,,,neutral,0,0.3213615417480469,"The law of demand states that if the price of a good increases (  ), quantity demanded decreases (  ) ; conversely, as the price of a good decreases (  ) ; quantity demanded increases (  )",,,,neutral,0,0.1338949054479599
48,what is andy's sisters name in toy story,Molly,True,Earth,0.0,0.0,0.0,neutral,0,0.012152356095612049,The series marks the second woman - led animated series by Disney.,0.0,0.0,0.0,neutral,0,0.0015527067007496953
49,who sings with shaggy on it wasn me,English-Jamaican singer Rikrok,True,I don't know,0.0,0.0,0.0,contradiction,0,0.24212099611759186,/P>,0.0,0.0,0.0,contradiction,0,0.27642446756362915
50,when was the cat of nine tails last used,,False,I don't know,,,,contradiction,0,0.26268863677978516,The Harry Potter logo was used first in American editions of the novel series and later in films,,,,entailment,1,0.9571847319602966
51,what is the largest catholic high school in america,St. Francis Preparatory School,True,track & field,0.0,0.0,0.0,neutral,0,0.03161006048321724,"The Greater Los Angeles Area has ten major league professional teams : the Anaheim Ducks, the Los Angeles Angels, the Los Angeles Chargers, the Los Angeles Clippers, the Los Angeles Dodgers, the Los Angeles Galaxy, the Los Angeles Kings, the",0.0,0.0,0.0,neutral,0,0.41440045833587646
52,who established the peoples republic of china in 1949,Mao Zedong,True,Singapore Declaration,0.0,0.0,0.0,contradiction,0,0.05114476755261421,Singapore Declaration.,0.0,0.0,0.0,contradiction,0,0.020964784547686577
53,where do clouds form when there is a cold front,,False,I don't know,,,,neutral,0,0.2020891159772873,The cold front is the leading edge of a cooler mass of air.,,,,entailment,1,0.9770147800445557
54,who sang take that look off your face,Marti Webb,True,I don't know,0.0,0.0,0.0,contradiction,0,0.13551291823387146,"Pat Brady ( actor ) ( 1914 -- 1972 ), best known as the  comical sidekick '' to Roy Rogers /Li> Li> Pan't Take My Eyes Off You '' /Th",0.0,0.0,0.0,entailment,1,0.5728130340576172
55,who plays percy in the lost city of z,Charlie Hunnam,True,I don't know,0.0,0.0,0.0,contradiction,0,0.14370699226856232,The wizard /Tr> is a fictional character in the Harry Potter series.,0.0,0.0,0.0,entailment,1,0.6128859519958496
56,where did meredith grey go instead of dc,,False,I don't know,,,,neutral,0,0.0050809853710234165,"Thea Queen ( Willa Holland ) and Roy Harper ( Colton Haynes ), Ray Palmer ( Brandon Routh ), Curtis Holt ( Echo Kellum ), Rene Ramirez ( Rick Gonzalez ), Evelyn Sharp ( Madison McLaugh",,,,entailment,1,0.8863734006881714
57,is stone cold steve austin in the longest yard,,False,I don't know,,,,contradiction,0,0.14632762968540192,The song is first performed in Annie Get Your Gun by Ethel Merman and Ray Middleton.,,,,entailment,1,0.938944935798645
58,who plays the first lady on house of cards,Joanna C. Going,True,I don't know,0.0,0.0,0.0,neutral,0,0.06563221663236618,Roseanne Barr,0.0,0.0,0.0,entailment,1,0.7172049283981323
59,can't take my eyes off you lyrics meaning,,False,I don't know,,,,neutral,0,0.12745152413845062,Trees '' is a lyric poem by American poet Joyce Kilmer.,,,,entailment,1,0.8634335398674011
60,what are the parts of the finger called,,False,I don't know,,,,neutral,0,0.19451750814914703,The telson is the posterior-most division of the body of an arthropod.,,,,entailment,1,0.9599782824516296
61,better than i've ever been dj premier remix,,False,I don't know,,,,neutral,0,0.09654633700847626,Justin Bieber.,,,,entailment,1,0.6357972621917725
62,who sang cant take my eyes off of you,,False,US single,,,,entailment,1,0.47297435998916626,The single was released on May 1967.,,,,neutral,0,0.0026822376530617476
63,what is the meaning of the word midian,,False,I don't know,,,,contradiction,0,0.20611101388931274,Sodom and Gomorrah were cities mentioned in the Book of Genesis and throughout the Hebrew Bible.,,,,contradiction,0,0.034732963889837265
64,who invented the use of electricity during the industrial revolution,,False,I don't know,,,,neutral,0,0.16796743869781494,"The Scientific Revolution was a series of events that marked the emergence of modern science during the early modern period, when developments in mathematics, physics, astronomy, biology ( including human anatomy ) and chemistry transformed the views of society about nature.",,,,entailment,1,0.9745868444442749
65,who owns st andrews golf course in scotland,The St Andrews Links Trust,True,I don't know,0.0,0.0,0.0,contradiction,0,0.15923917293548584,The All England Lawn Tennis and Croquet Club is a private members'club.,0.0,0.11764705882352941,0.0,entailment,1,0.9864407181739807
66,the noble gas in the same period as germanium,,False,I don't know,,,,neutral,0,0.03153268247842789,"Arsenic poisoning, the rate of reaction will decrease as the reaction proceeds.",,,,entailment,1,0.7531623840332031
67,at the center of the storm george tenet,,False,The Constitutional Convention was to revise the Articles of Confederation,,,,contradiction,0,0.015287205576896667,Congress to revise the Constitution was to revise the Articles of Confederation,,,,contradiction,0,0.021741852164268494
68,which city and state hosts the annual college world series,"Omaha, Nebraska",True,NCAA championship,0.0,0.0,0.0,neutral,0,0.008342469111084938,NCAA championship,0.0,0.0,0.0,neutral,0,0.008342469111084938
69,who is ted talking about in how i met your mother,Tracy McConnell,True,I don't know,0.0,0.0,1.0,contradiction,0,0.36270686984062195,Max ( deceased former boyfriend ) Louis ( ex-boyfriend ),0.0,0.0,1.0,contradiction,0,0.3552660048007965
70,who played the baby in the blue lagoon,,False,El Nio de Navidad,,,,contradiction,0,0.11527475714683533,El Nio de Navidad '',,,,contradiction,0,0.08930166065692902
71,the period of european history between ancient and modern eras,,False,Constitution,,,,neutral,0,0.24009749293327332,European Union ( EU ) membership.,,,,neutral,0,0.23094698786735535
72,when does grey's anatomy season 14 premiere,"September 28, 2017",True,I don't know,0.0,0.0,1.0,contradiction,0,0.17811168730258942,"The tenth season debuted on March 27, 2018.",0.0,0.0,1.0,entailment,1,0.8898082971572876
73,the partial pressure of carbon dioxide in arterial blood is approximately,at sea level (765 mmHg) in arterial blood is between 35 mmHg and 45 mmHg,True,I don't know,0.0,0.0,0.0,contradiction,0,0.10530539602041245,"The atmosphere of Earth is the layer of gases, commonly known as air, that surrounds the planet Earth and is retained by Earth's gravity.",0.0,0.10256410256410255,0.0,neutral,0,0.29777732491493225
74,what kind of music is scott joplin most famous for,,False,I don't know,,,,contradiction,0,0.21787311136722565,/P>,,,,contradiction,0,0.34141039848327637
75,cast of star trek the next generation the perfect mate,,False,I don't know,,,,contradiction,0,0.19215478003025055,The make up designed for Famke Janssen as Kamala was later used on Terry Farrell in Star Trek : Deep Space Nine /Td> /Tr> Tr> Tr> Th> Episode no. /Th>,,,,entailment,1,0.8025962710380554
76,what was uncle jesse's original last name on full house,Cochran,True,I don't know,0.0,0.0,0.0,neutral,0,0.16142204403877258,Stephen F. Austin /Th> /Th> /Th> /Th> /Th> /Th> Stephen Fuller Austin /Th> /Th> /Th> /Th> /Th> ,0.0,0.0,0.0,contradiction,0,0.404484361410141
77,map of gulf of mexico and atlantic ocean,,False,I don't know,,,,contradiction,0,0.18038830161094666,The maximum width of the Gulf of Mexico /Td> /Tr> /Tr> Tr> Tr> Tr> Tr> Tr> Tr> Tr> T,,,,contradiction,0,0.14699843525886536
78,who pays the judgements on the judge mathis show,Greg Mathis,True,I don't know,0.0,0.0,0.0,neutral,0,0.09828993678092957,The term is a Latin legal term meaning  in the character or manner of a pauper ''.,0.0,0.0,0.0,neutral,0,0.1808876097202301
79,who made up the elf on the shelf,Chanda Bell,True,I don't know,0.0,0.0,1.0,contradiction,0,0.14446838200092316,The story is about the elf and the elf on the shelf.,0.0,0.0,1.0,entailment,1,0.5745502710342407
80,dale carnegie how to win and influence friends pdf,,False,I don't know,,,,neutral,0,0.17532427608966827,"The Reid technique is a registered trademark of John E. Reid and Associates, and is widely used by law enforcement agencies in North America.",,,,entailment,1,0.9845709800720215
81,does an american president have to be born in the united states,,False,I don't know,,,,contradiction,0,0.05366502329707146,The United States presidential line of succession is set by the United States Constitution and the Presidential Succession Act of 1947 as subsequently amended to include newly created cabinet offices.,,,,neutral,0,0.3972162902355194
82,who warned concord that the british were coming,Samuel Prescott,True,I don't know,0.0,0.0,1.0,neutral,0,0.16771389544010162,The phrase entered the American lexicon early in its colonial history through the 1630 sermon  A Model of Christian Charity '' preached by Puritan John Winthrop while still aboard the ship Arbella.,0.0,0.0,1.0,neutral,0,0.013620790094137192
83,who lasted the longest on alone season 2,David McIntyre,True,I don't know,0.0,0.0,0.0,contradiction,0,0.05706746131181717,Buck Rogers in the 25th Century /Th> /Th> /Tr> Tr> Tr> Th> Developed by /Th> Td> Ul> Li> Glen A.,0.0,0.0,0.0,entailment,1,0.5566731691360474
84,for an asset to be considered money it must be,,False,I don't know,,,,neutral,0,0.10213146358728409,/P>,,,,neutral,0,0.23332004249095917
85,vienna general hospital - medical university campus wien austria,,False,I don't know,,,,contradiction,0,0.12713125348091125,The University of Vienna Tr> Tr> Tr> Tr> Tr> Th> Type /Th> Td> Public /Th> /Th> Th> Established /Th,,,,entailment,1,0.8036909699440002
86,the boy in robin hood prince of thieves,,False,I don't know,,,,neutral,0,0.1346670687198639,Iduna is the goddess of the forest.,,,,entailment,1,0.8859339356422424
87,which is another name for a client operating system,,False,I don't know,,,,neutral,0,0.07976975291967392,The model of a database schema is a model of a model of a theory.,,,,neutral,0,0.0513848215341568
88,where is the us military base in japan,"Yokota Air Base, Fussa, Western Tokyo",True,I don't know,0.0,0.0,1.0,contradiction,0,0.2180456668138504,"The United States Department of Defense was formed on September 18, 1947.",0.0,0.0,1.0,neutral,0,0.016081716865301132
89,who determines the size of the supreme court,Congress,True,I don't know,0.0,0.0,1.0,contradiction,0,0.18805651366710663,The Supreme Court of the United States /Th> /Th> /Th> /Th> /Th> /Th> /Th> /Th> /Tr> /Th> /Tr>,0.0,0.0,1.0,entailment,1,0.8847182393074036
90,who is the actor that plays lucifer on tv,Thomas John Ellis,True,I don't know,0.0,0.0,0.0,neutral,0,0.018383175134658813,"The focus was primarily on Klaus ( Joseph Morgan ), Elijah ( Daniel Gillies ), and Rebekah ( Claire Holt ) who found out in the backdoor pilot, aired on April 25, 2013, how Hayley Marshall ( Pho",0.0,0.0,0.0,contradiction,0,0.013346463441848755
91,when did darth maul die in star wars,,False,Star Wars: Episode I -- The Phantom Menace,,,,contradiction,0,0.15297044813632965,Star Wars : Episode I -- The Phantom Menace ) /Li> Li> Li> Li> Li> Tr> Tr> Tr> Tr> Tr>,,,,entailment,1,0.44183385372161865
92,who has been the richest person in the world,,False,I don't know,,,,neutral,0,0.03620319068431854,The only other player to have hit 700 or more is Babe Ruth with 714.,,,,neutral,0,0.018411751836538315
93,when was the last time liverpool won first 5 games,,False,I don't know,,,,contradiction,0,0.21302957832813263,The European Champions League /Td> /Tr> /Tr> /Tr> Th> The European Champions League /Td> /Tr> /Tr> Th> The European Champions League ,,,,entailment,1,0.6691733002662659
94,don henley you'll never make love in this town again,,False,I don't know,,,,neutral,0,0.034950125962495804,The song was written by Leonard Bernstein and the lyrics by Betty Comden and Adolph Green.,,,,entailment,1,0.908168613910675
95,which of the following can increase the heat island effect in urban areas,,False,I don't know,,,,contradiction,0,0.04327674210071564,"The sentence ""upwelling"" means ""the rate at which Earth's atmospheric temperature decreases with an increase in altitude, or increases with the decrease in altitude."" is not true.",,,,contradiction,0,0.008413971401751041
96,who designed the national coat of arms of south africa,Iaan Bekker,True,I don't know,0.0,0.0,0.0,contradiction,0,0.21239537000656128,"The Coat of arms of the Republic of South Africa /Th> /Tr> Tr> Td colspan=""2""> /Tr> /Tr> Tr> Th colspan=""2""",0.0,0.0,0.0,entailment,1,0.8554242849349976
97,who was gails most recent husband in coronation street,,False,I don't know,,,,neutral,0,0.3556494116783142,"The sentence ""Amy Dowden ( 1991 - 08 - 10 ) 10 August 1991 ( age 27 ) Caerphilly",,,,entailment,1,0.48791754245758057
98,when does model code of conduct come into force,immediately on announcement of the election schedule by the commission,True,I don't know,0.0,0.0,0.0,neutral,0,0.333003431558609,The text may be too technical for most readers to understand.,0.0,0.09523809523809525,0.0,entailment,1,0.9676580429077148
99,when did the dolan twins post their first youtube video,,False,I don't know,,,,contradiction,0,0.20142443478107452,The Dolan Twins /Th> /Th> /Th> /Th> /Th> /Th> /Th> /Th> /Th> /Th> /Th> /Th,,,,entailment,1,0.7021782994270325
100,what does it mean when u have a lot of saliva,,False,I don't know,,,,contradiction,0,0.04309174418449402,excessively complex and time consuming.,,,,entailment,1,0.571248471736908
101,where does st elmo's fire take place,,False,The disease is caused by Yersinia pestis,,,,neutral,0,0.006015069782733917,"The disease is caused by Yersinia pestis, which is enzootic ( commonly present ) in populations of ground rodents in Central Asia.",,,,neutral,0,0.026704635471105576
102,who sings the song i ain't got nobody,,False,I don't know,,,,contradiction,0,0.22581961750984192,"The single was released on May 27, 1997 /Td> /Tr> Tr> Tr> Th colspan=""2""> /Tr> Tr> Th colspan=""2""> Single",,,,entailment,1,0.9014590382575989
103,what is the chemical formula for sodium bicarbonate,,False,I don't know,,,,contradiction,0,0.18175797164440155,/Tr> /Tr> /Tr> /Tr> /Tr> /Tr> /Tr> /Tr> /Tr> /Tr> /T,,,,contradiction,0,0.19853521883487701
104,where did the term sixes and sevens come from,,False,I don't know,,,,neutral,0,0.17027994990348816,The order of precedence.,,,,neutral,0,0.3182982802391052
105,what was the benefit of allied forces taking control of north africa,,False,I don't know,,,,contradiction,0,0.16703476011753082,"The map shows the territories held by Allied ( green ), Axis ( orange ), and neutral ( grey ) powers at the outbreak of hostilities in the Mediterranean /Td> /Tr> /Tr> Td col",,,,entailment,1,0.9662554860115051
106,when was the universal law of gravitation discovered,,False,I don't know,,,,neutral,0,0.06746126711368561,The Coriolis force is an inertial force that acts on objects that are in motion relative to a rotating reference frame.,,,,entailment,1,0.9519383311271667
107,what is the central contention of andrew carnegie's the gospel of wealth,,False,I don't know,,,,contradiction,0,0.10774949938058853,gret in psychology.,,,,contradiction,0,0.08642140030860901
108,where are brine shrimp found in the wild,,False,I don't know,,,,neutral,0,0.01930176466703415,a river.,,,,neutral,0,0.017747079953551292
109,who played ron's sister in harry potter,,False,I don't know,,,,neutral,0,0.3556494116783142,"The focus was primarily on Klaus ( Joseph Morgan ), Elijah ( Daniel Gillies ), and Rebekah ( Claire Holt ) who found out in the backdoor pilot",,,,contradiction,0,0.022035324946045876
110,now that's what i call music 17 songs,,False,I don't know,,,,neutral,0,0.18085934221744537,The 2017 FIFA U-17 World Cup was held from 6 to 28 October.,,,,entailment,1,0.9750443696975708
111,when did now thats what i call music come out,28 November 1983,True,I don't know,0.0,0.0,0.0,contradiction,0,0.21380648016929626,The single was released on 29 April 2016 and was produced by Calvin Harris.,0.0,0.0,0.0,entailment,1,0.6462588310241699
112,match each animal with the best description of their migratory behavior,,False,I don't know,,,,neutral,0,0.0394376702606678,is moving.,,,,neutral,0,0.0343078076839447
113,where is the 2018 grey cup being played,"The Brick Field at Commonwealth Stadium in Edmonton, Alberta",True,I don't know,0.0,0.0,0.0,contradiction,0,0.13240163028240204,The Super Bowl is a football game that determines the champion of the National Football League ( NFL ).,0.0,0.07692307692307691,0.0,entailment,1,0.9869338274002075
114,what goods does the us trade with canada,,False,I don't know,,,,contradiction,0,0.24083435535430908,The provinces and territories of Canada are the administrative divisions that are responsible for the delivery of sub-national governance within the geographical areas of Canada under the authority of the Canadian Constitution.,,,,entailment,1,0.4769957363605499
115,how old do you have to be to get a tattoo in utah,,False,I don't know,,,,neutral,0,0.042002130299806595,California legal.,,,,neutral,0,0.07899221032857895
116,where did the band bastille get their name,Bastille Day,True,I don't know,0.0,0.0,0.0,contradiction,0,0.1712852269411087,"Bastille /Th> /Th> /Tr> Tr> Th colspan=""2""> background information /Th> /Th> /Tr> /Th> /Th> ",0.0,0.125,0.0,entailment,1,0.7357929348945618
117,where is arkansas river located on a map,"The Arkansas River flows through Colorado, Kansas, Oklahoma, and Arkansas, and its watershed also drains parts of Texas, New Mexico and Missouri.",True,I don't know,0.0,0.0,1.0,contradiction,0,0.2422146499156952,"Red River /Td> /Tr> /Tr> Tr> Th colspan=""2""> Arkansas River /Td> /Tr> Tr> Th colspan=""2"">",0.0,0.10810810810810811,1.0,contradiction,0,0.409481018781662
118,who plays nicholas in the princess diaries 2,Chris Pine,True,I don't know,0.0,0.0,0.0,neutral,0,0.1102973073720932,The show is set in New Orleans which the Mikaelson family and original vampires helped to build.,0.0,0.0,0.0,entailment,1,0.5393848419189453
119,what is the population of st. john's newfoundland,,False,I don't know,,,,neutral,0,0.06043512001633644,"The last major colonial power on the continent, the United Kingdom, granted dominion status to Canada in 1867 and slowly turned over its remaining land to that country over the next 100 years, with the last land transfer being the Dominion of Newfoundland in 1949.",,,,neutral,0,0.07695654034614563
120,the hornet the great book of nature in hindi,,False,I don't know,,,,neutral,0,0.07128733396530151,"The sentence ""Hermann G was the first newspaper in Malayalam.",,,,contradiction,0,0.052187323570251465
121,where is krishna river located on a map,,False,I don't know,,,,contradiction,0,0.09995990246534348,Krishna /Tr> /Tr> /Tr> /Tr> /Tr> /Tr> /Tr> /Tr> /Tr> /Tr> /,,,,contradiction,0,0.3806067407131195
122,the p-wave phase of an electrocardiogram (ecg) represents,atrial depolarization,True,I don't know,0.0,0.0,1.0,contradiction,0,0.1193539947271347,A rectifier converts AC to DC.,0.0,0.0,1.0,neutral,0,0.22081665694713593
123,when did star trek the next generation first air,"September 28, 1987",True,locations,0.0,0.0,0.0,neutral,0,0.1743977963924408,The originals is an American supernatural drama television series created by Julie Plec for The CW.,0.0,0.0,0.0,contradiction,0,0.0395062156021595
124,music that centers around one main note of the major or minor scale is called,,False,I don't know,,,,neutral,0,0.005931795109063387,"The key of a piece is the group of pitches, or scale, that forms the basis of a music composition in classical, Western art, and Western pop music.",,,,entailment,1,0.6606053709983826
125,who are muckrakers and what did they do,,False,Stolen Generations,,,,entailment,1,0.8548377156257629,The Taming of the S is a book about the Taming of the S.,,,,contradiction,0,0.17044320702552795
126,is pipa from home and away in neighbours,,False,I don't know,,,,neutral,0,0.3556494116783142,"The sentence ""Amy Dowden ( 1991 - 08 - 10 ) 10 August 1991 ( age 27 ) Caerphilly",,,,entailment,1,0.48791754245758057
127,why was the civil rights act of 1866 made into an amendment to the constitution,,False,I don't know,,,,neutral,0,0.19577723741531372,/Td> /Tr> /Tr> /Tr> /Tr> /Tr> /Tr> /Tr> /Tr> /Tr> /T,,,,entailment,1,0.5485943555831909
128,joy beautiful spark of the gods daughter of elysium,,False,Poems : Series 1,,,,neutral,0,0.4357607662677765,1890 issue of Poems : Series 1.,,,,entailment,1,0.8984859585762024
129,when does project runway show at fashion week,,False,I don't know,,,,neutral,0,0.25504109263420105,America's Got Talent,,,,entailment,1,0.6442323923110962
130,what is the original route of the orient express,,False,I don't know,,,,neutral,0,0.009374906308948994,"The term  Rilah '' was especially attributed to the written account of the adventures of the Islamic traveler and scholar, Ibn Battuta.",,,,contradiction,0,0.08337272703647614
131,who does rip van winkle ask for when he returns to the village,,False,the Hunter,,,,neutral,0,0.10924648493528366,Iduna.,,,,neutral,0,0.04983324557542801
132,who sang the most wonderful summer of my life,Jackie Ward,True,Jim Henson,0.0,0.0,0.0,neutral,0,0.2117277830839157,Jug - Band Christmas,0.0,0.0,0.0,neutral,0,0.19649751484394073
133,who does the voice of shaggy on scooby doo,,False,I don't know,,,,contradiction,0,0.007777494844049215,Drew Carey is the main protagonist of the series.,,,,contradiction,0,0.2957964241504669
134,where were deep-sea hydrothermal vents first discovered 25 years ago,,False,dormant volcanoes,,,,contradiction,0,0.08613267540931702,"The Mariana Trench or Marianas Trench, located in the western Pacific Ocean approximately 200 kilometres ( 124 mi ) east of the Mariana Islands, is the deepest point in the world's oceans.",,,,entailment,1,0.771157443523407
135,who was the first president to get his picture taken,,False,I don't know,,,,contradiction,0,0.14609482884407043,The address is now broadcast live across the country on many networks.,,,,entailment,1,0.9575433135032654
136,who was the gospel of john written to,,False,The Lord's Prayer and the Lord's Prayer,,,,entailment,1,0.5111678242683411,Gospel and Luke versions of the Lord's Prayer,,,,entailment,1,0.47760650515556335
137,how many oscars did on golden pond win,three,True,I don't know,0.0,0.0,1.0,neutral,0,0.03881227597594261,The list is incomplete.,0.0,0.0,1.0,contradiction,0,0.02169249765574932
138,when did they figure out that yeast made bread rise,,False,Cell biology were thrown around.,,,,contradiction,0,0.14146354794502258,are arose.,,,,neutral,0,0.2851211428642273
139,who won season 4 of america's got talent,Kevin Skinner,True,I don't know,0.0,0.0,1.0,contradiction,0,0.15592405200004578,Michael Grimm /Td> /Tr> /Tr> /Tr> /Tr> /Tr> /Tr> /Tr> /Tr> /Tr> ,0.0,0.0,1.0,entailment,1,0.5302441120147705
140,how many episodes on queen of the south season 1,13,True,Queen of the South,0.0,0.0,1.0,entailment,1,0.47820690274238586,"April 17, 2011",0.0,0.0,1.0,contradiction,0,0.041389353573322296
141,who has climbed the great wall of china,,False,14,,,,entailment,1,0.40670210123062134,Willow Shields of season twenty was the youngest contestant to compete on the show.,,,,neutral,0,0.013120166026055813
142,who led the various reform movements of the 19th century,,False,I don't know,,,,contradiction,0,0.17247189581394196,"John Jay was the nation's first Chief Justice,",,,,neutral,0,0.027590040117502213
143,who is the existing prime minister of pakistan,Imran Khan,True,I don't know,0.0,0.0,0.0,contradiction,0,0.1577095240354538,/Th> /Th> /Tr> /Tr> /Tr> /Tr> /Tr> /Tr> /Tr> /Tr> /Tr>,0.0,0.0,0.0,contradiction,0,0.14494122564792633
144,who is known as the father of texas,Stephen Fuller Austin,True,I don't know,0.0,0.0,1.0,contradiction,0,0.01855497807264328,The cause of death was a heart attack.,0.0,0.0,1.0,contradiction,0,0.012391000986099243
145,properties of red black tree in data structure,,False,I don't know,,,,neutral,0,0.15907660126686096,/Tr> /Tr> /Tr> /Tr> /Tr> /Tr> /Tr> /Tr> /Tr> /Tr> /T,,,,neutral,0,0.20831844210624695
146,what is the orange stuff on my sushi,tobiko,True,I don't know,0.0,0.0,0.0,neutral,0,0.053482785820961,is not to be confused with palm kernel oil.,0.0,0.0,0.0,neutral,0,0.039645303040742874
147,what is a co op building in nyc,,False,I don't know,,,,neutral,0,0.05512931942939758,"Nashville, Tennessee",,,,neutral,0,0.193395733833313
148,what is the proximal attachment of the gastrocnemius,,False,I don't know,,,,neutral,0,0.22653049230575562,"The round ligament of the uterus goes from the pelvis, passes through the internal abdominal ring, and runs along the inguinal canal to the labia majora.",,,,entailment,1,0.7006404399871826
149,when did nsw last won a state of origin series,2018,True,Football League,0.0,0.0,1.0,contradiction,0,0.15956275165081024,They were chosen mostly from the Australian Football League ( AFL ).,0.0,0.0,1.0,neutral,0,0.020367000252008438
150,when does life is strange before the storm part 2,October 2017,True,I don't know,0.0,0.0,0.0,contradiction,0,0.21680818498134613,Disney Channel.,0.0,0.0,0.0,neutral,0,0.15830270946025848
151,what is the rocking horse winner by dh lawrence about,,False,The Summer of the Beautiful White Horse,,,,entailment,1,0.6415036916732788,"The short story was first published in July 1926, in Harper's Bazaar and subsequently appeared in the first volume of Lawrence's collected short stories.",,,,neutral,0,0.003963058814406395
152,where is sodom and gomorrah located in the bible,on the Jordan River plain in the southern region of the land of Canaan,True,Israelites were a nation,0.0,0.0,1.0,neutral,0,0.19452138245105743,"The Twelve Spies were a group of Israelite chieftains, one from each of the Twelve Tribes, who were dispatched by Moses to scout out the Land of Canaan for 40 days as a future home for the Israelite people, during",0.0,0.25925925925925924,1.0,neutral,0,0.01926559768617153
153,what is the longest non medical word in the dictionary,,False,I don't know,,,,neutral,0,0.2549065947532654,The proverb originated in Wales.,,,,neutral,0,0.031274981796741486
154,when did the xbox 360 slim come out,in 2010,True,I don't know,0.0,0.0,0.0,contradiction,0,0.2130913883447647,"The Xbox 360 E was released on November 22, 2005.",0.0,0.0,0.0,entailment,1,0.5045021176338196
155,which city has the highest hiv rate in south africa,,False,I don't know,,,,contradiction,0,0.18861818313598633,/P>,,,,entailment,1,0.5031947493553162
156,when was the fort of bastille razed to ground,,False,The Great Fire of Rome,,,,entailment,1,0.5811086893081665,Differing accounts either blame Emperor Nero for initiating the fire or credit him with organizing measures to contain it and provide relief for refugees.,,,,entailment,1,0.9472630023956299
157,molecular motion is independent of temperature and is unaffected by a change in temperature,,False,I don't know,,,,neutral,0,0.21811793744564056,The Coriolis force is an inertial force that acts on objects that are in motion relative to a rotating reference frame.,,,,contradiction,0,0.2620224058628082
158,what college did they film 22 jump street,,False,I don't know,,,,neutral,0,0.25444093346595764,The height of the player is 6 ft 3 in ( 1.91 m ) /Td> /Tr> /Tr> /Tr> /Tr> /Tr> /Tr> /,,,,neutral,0,0.025505591183900833
159,who became the new boss in the office,,False,I don't know,,,,contradiction,0,0.23103751242160797,"The Office ( U.S. season 8 ) /Th> /Tr> Tr> Th colspan=""2""> The Boss Baby : Back in Business /Th> /Tr> Tr> ",,,,entailment,1,0.5696710348129272
160,all of the following terms refer to different types of texture in music except,,False,I don't know,,,,neutral,0,0.16995882987976074,emotion or impression.,,,,neutral,0,0.15505872666835785
161,what is the moral of the ant and the grasshopper,,False,I don't know,,,,neutral,0,0.3155418932437897,Aesop's Fables.,,,,entailment,1,0.9694129824638367
162,what time of year do ravens lay eggs,,False,I don't know,,,,neutral,0,0.14053648710250854,"Temperate coniferous forests are only found in the Northern Hemisphere in North America, Europe, and Asia.",,,,neutral,0,0.04598149284720421
163,most commonly used punishment in the united states,,False,I don't know,,,,neutral,0,0.14296157658100128,The last executions in the United Kingdom were by hanging.,,,,contradiction,0,0.004638362675905228
164,reasons why a population may not be in hardy-weinberg equilibrium,,False,I don't know,,,,neutral,0,0.20877739787101746,"the greater values of another variable, the greater the variance of that variable",,,,neutral,0,0.11497095972299576
165,bruce lee hall of mirrors enter the dragon,,False,Starling City,,,,neutral,0,0.03794001787900925,Birth of the Dragon.,,,,neutral,0,0.37443649768829346
166,who spread the theory that one is a product of the mind and body,René Descartes,True,modern,0.0,0.0,1.0,neutral,0,0.1146039217710495,a natural philosophy that developed in several ancient traditions.,0.0,0.0,1.0,entailment,1,0.7413195967674255
167,the study of the physical properties of sounds is,,False,I don't know,,,,neutral,0,0.1439020037651062,"Synthesizers may either imitate traditional musical instruments like piano, Hammond organ, flute, vocals ; natural sounds like ocean waves, etc. ; or generate novel electronic timbres.",,,,neutral,0,0.24094314873218536
168,how many goals scored ronaldo in his career,over 670,True,I don't know,0.0,0.0,0.0,contradiction,0,0.15769614279270172,"Cristiano Ronaldo dos Santos Aveiro /Tr> /Tr> /Tr> Th> date of birth /Th> Td colspan=""3""> ( 1985 - 02 - 05 )",0.0,0.0,0.0,entailment,1,0.8193592429161072
169,how many district in punjab and also write its name,,False,I don't know,,,,contradiction,0,0.1848316788673401,"The Union Territories of Andaman and Nicobar, Delhi and Puducherry are headed by lieutenant - governors.",,,,neutral,0,0.018314601853489876
170,monthly girls' nozaki-kun do they get together,,False,I don't know,,,,contradiction,0,0.16024768352508545,The manga was published by /Th> Td> Square Enix /Th> /Tr> Tr> Yen Press /Th>.,,,,neutral,0,0.023068297654390335
171,what is the champions league quarter final draw,,False,"Wembley Stadium, which was used from 1923 until the stadium closed in 2000",,,,neutral,0,0.018907835707068443,Wembley Stadium were used by the 1923 team.,,,,contradiction,0,0.02128681167960167
172,how long has house of payne been on tv,,False,I don't know,,,,contradiction,0,0.03261039778590202,"The first season aired from August 29, 2005 to May 15, 2006, with a four - month break after Thanksgiving.",,,,contradiction,0,0.014165027067065239
173,fools rush in where ghosts fear to tread,,False,I don't know,,,,neutral,0,0.18263086676597595,"The song is in common use in England, Ireland, Scotland, Wales, and Ireland.",,,,neutral,0,0.009823519736528397
174,erupted on august 3 1965 as the result of a routine arrest of a drunk driver,,False,I don't know,,,,neutral,0,0.17025621235370636,The Great Fire of Rome was an urban fire in the year AD 64.,,,,neutral,0,0.2443540096282959
175,who is the missing grim reaper in black,,False,"Oliver Queen as a team, Queen's team receives help from the Lance family.",,,,entailment,1,0.8529727458953857,Queen returned home to fight crime.,,,,neutral,0,0.04653355851769447
176,who played tess on touched by an angel,"Delloreese Patricia Early (July 6, 1931 – November 19, 2017), known professionally as Della Reese",True,I don't know,0.0,0.0,0.0,contradiction,0,0.01976754702627659,The supplemental digital series Marvel's Agents of S.H.I.E.L.D. : Slingshot.,0.0,0.0,0.0,contradiction,0,0.02590980753302574
177,the axis powers were routed to north africa sicily and,,False,I don't know,,,,contradiction,0,0.16703476011753082,"The map shows the territories held by Allied ( green ), Axis ( orange ), and neutral ( grey ) powers at the outbreak of hostilities in the Mediterranean /Td> /Tr> /Tr> Td col",,,,entailment,1,0.9662554860115051
178,when did the hornets move to new orleans,2002–03 season,True,I don't know,0.0,0.0,0.0,neutral,0,0.18692021071910858,The Raiders moved back to Oakland.,0.0,0.0,0.0,contradiction,0,0.0020089426543563604
179,how far is richmond va from newport news va,,False,I don't know,,,,neutral,0,0.07985755056142807,The state is ranked fourth in the number of cyclones that produced hurricane - force winds in a U.S. state.,,,,neutral,0,0.02182454988360405
180,elvis presley daddy don't you walk so fast,,False,I don't know,,,,neutral,0,0.03618234768509865,/Th> /Tr> P>  Show Me the Way to Go Home '' is a popular song written in 1925 by the pseudonymous  Irving King '' ( the English songwriting team James Campbell and Reginald Connelly,,,,entailment,1,0.47904494404792786
181,what are the ingredients in kit kat bar,,False,I don't know,,,,neutral,0,0.042775120586156845,The heat is high.,,,,neutral,0,0.1206807866692543
182,the first civil service commission in india was set up on the basis of recommendation of,,False,British rule,,,,neutral,0,0.2678348124027252,The British segregated Indians by caste.,,,,entailment,1,0.7220297455787659
183,well back in 1876 an old boy named bell,,False,Man's best friend,,,,neutral,0,0.10585059225559235,The first recorded use of a related phrase is by Frederick the Great of Prussia.,,,,neutral,0,0.020045964047312737
184,dropkick murphys 11 short stories of pain & glory songs,,False,I don't know,,,,neutral,0,0.1904485672712326,"Dropkick Murphys /Th> /Th> Tr> Th colspan=""2""> /Tr> /Tr> /Tr> Th> Studio album by Dropkick Murphys /Th",,,,entailment,1,0.6707621812820435
185,what is the capital of bulgaria on a map,,False,Constantinople,,,,entailment,1,0.5619244575500488,Constantinople /Tr> /Tr> /Tr> /Tr> /Tr> /Tr> /Tr> /Tr> /Th> Map of Constantinople /,,,,entailment,1,0.5140329003334045
186,fish appeared in the fossil record during the,the Cambrian explosion,True,I don't know,0.0,0.0,0.0,contradiction,0,0.2760169506072998,"The Devonian period 419 -- 359 Ma ( Age of Fishes ) saw the development of early sharks, armoured placoderms and various lobe - finned fishes including the tetrapod transitional species /Td",0.0,0.06451612903225806,0.0,entailment,1,0.7209175229072571
187,all songs of movie ajab prem ki gajab kahani,,False,I don't know,,,,contradiction,0,0.18756142258644104,Theatrical release poster /Td> /Tr> /Tr> Th> Directed by /Th> Td> Shakun Batra /Td> /Tr> Tr>,,,,entailment,1,0.7736467123031616
188,caravaggio's death of the virgin pamela askew,,False,Bach family.,,,,neutral,0,0.1501375436782837,The cantata was written in Leipzig for the third year of the 19th century.,,,,neutral,0,0.08053530752658844
189,only indian to reach 2 all england final,,False,1950,,,,neutral,0,0.03696441277861595,The England national football team has competed at the FIFA World Cup since 1950.,,,,neutral,0,0.025601813569664955
190,who died from the band faith no more,singer Chuck Mosley,True,I don't know,0.0,0.0,0.0,contradiction,0,0.13906389474868774,"Ross Malinger /Th> /Th> /Th> /Th> /Th> /Th> Td> Ross Aaron Malinger ( 1984 - 07 - 07 ) July 7, 1984 ( age 33 ) Redwood",0.0,0.0,0.0,contradiction,0,0.2570068836212158
191,when did social security become part of the federal budget,,False,United States,,,,neutral,0,0.03493176028132439,The Uniform Monday Holiday Act ( Pub. L. 90 -- 363 ) was an Act of Congress that amended the federal holiday provisions of the United States Code to establish the observance of certain holidays on Mondays.,,,,neutral,0,0.16092921793460846
192,who did melanie hughes play in coronation st,,False,I don't know,,,,neutral,0,0.09383776038885117,The Lance family is a family that has been a part of the Kardashian clan for many years.,,,,neutral,0,0.1582385152578354
193,who signed the gun control act of 1968,President Lyndon B. Johnson,True,I don't know,0.0,0.0,1.0,contradiction,0,0.15940308570861816,U.S.C. : Crimes and Criminal Procedure,0.0,0.0,1.0,contradiction,0,0.14709843695163727
194,when does season 7 start for married at first sight,,False,I don't know,,,,neutral,0,0.2829139530658722,"October 31, 2017",,,,neutral,0,0.24600782990455627
195,where do frankenstein and the monster first meet,the mountains,True,I don't know,0.0,0.0,1.0,neutral,0,0.052073121070861816,"The sentence ""Rip Van Winkle '' is a short story by American author Washington Irving published in 1819.",0.0,0.10526315789473684,1.0,neutral,0,0.015706880018115044
196,the human tendency to mimic other people’s behavior is an example of,Mirroring,True,I don't know,0.0,0.0,0.0,neutral,0,0.008464246056973934,The Milgram experiment on obedience to authority figures was a series of social psychology experiments conducted by Yale University psychologist Stanley Milgram.,0.0,0.0,0.0,neutral,0,0.31794482469558716
197,when does season five of the killing come out,a fourth season consisting of six episodes to conclude the series,True,I don't know,0.0,0.0,0.0,contradiction,0,0.20471912622451782,"The first episode of the series premiered on January 18, 2015, on Disney Channel.",0.0,0.23999999999999996,0.0,contradiction,0,0.016461044549942017
198,how do i get to street view on google maps,,False,I don't know,,,,neutral,0,0.2044714242219925,Google Street View /Tr> /Tr> /Tr> /Tr> /Tr> /Tr> /Tr> /Tr> /Tr> /Tr> ,,,,entailment,1,0.7523989677429199
199,how is the head of the church of england,the monarch is the supreme governor,True,I don't know,0.0,0.0,0.0,neutral,0,0.09613803029060364,The Prime Minister of India is the chief executive of the Government of India.,0.0,0.3,0.0,entailment,1,0.8897625803947449
200,at what age can you legally drink alcohol,,False,I don't know,,,,neutral,0,0.20430265367031097,The minimum age for a person to vote is 18.,,,,neutral,0,0.043804652988910675
201,what is the work of rf survey engineer,,False,Earth,,,,neutral,0,0.28895536065101624,Earth.,,,,neutral,0,0.2875421643257141
202,when does the next season of the greenhouse come out on netflix,,False,The Mindy Project,,,,entailment,1,0.8650234341621399,"The Mindy Project was renewed for a sixth and final season, which premiered on September 12, 2017, and the final episode aired on November 14, 2017.",,,,neutral,0,0.09317333251237869
203,who is the band in the new twin peaks,,False,I don't know,,,,contradiction,0,0.08027003705501556,The album is a studio album by Ariana Grande.,,,,entailment,1,0.9716323018074036
204,what is the valley of dry bones about,,False,I don't know,,,,neutral,0,0.05383320897817612,The book is set in New York's Catskill Mountains.,,,,contradiction,0,0.0033971162047237158
205,how to remove a methyl group from benzene,replacement of a methyl group by a hydrogen atom,True,I don't know,0.0,0.0,1.0,contradiction,0,0.07752210646867752,The benzene ring is attached to a CH group.,0.0,0.2222222222222222,1.0,contradiction,0,0.18166469037532806
206,words to oh i do like to be beside the seaside,,False,I don't know,,,,neutral,0,0.08265805244445801,The original stage version).,,,,neutral,0,0.09609432518482208
207,what does a nose ring mean in india,"a mark of beauty and social standing as well as a Hindu's honor to Parvati, the goddess of marriage",True,carburetor,0.0,0.0,0.0,neutral,0,0.15982797741889954,Fuel.,0.0,0.0,0.0,neutral,0,0.014144452288746834
208,eminem and rihanna love the way you lie video,,False,I don't know,,,,contradiction,0,0.2140616923570633,"Love the Way You Lie /Th> /Th> /Th> /Th> /Th> /Th> /Tr> Td colspan=""2""> /Tr> /Tr",,,,entailment,1,0.48688721656799316
209,the cuban missile crisis began in 1962 when which country placed nuclear missiles in cuba,Soviet Union,True,I don't know,0.0,0.0,1.0,contradiction,0,0.12987542152404785,"The Cuban Missile Crisis /Tr> /Tr> /Tr> Td colspan=""2""> Part of the Cold War /Tr> /Tr> Td colspan=""2""> ",0.0,0.0,1.0,entailment,1,0.8843926191329956
210,what was the result of the treaty of paris in 1763,,False,I don't know,,,,neutral,0,0.1566801220178604,"The location of the 1763 Treaty of Paris was Paris, Kingdom of France /Td> /Tr> Tr> Tr> Th> Location /Tr> Tr> Th> Location /T",,,,neutral,0,0.3674759268760681
211,what is the primary purpose of using sand in the still pot heating bath,,False,are not really required,,,,neutral,0,0.033608779311180115,Concentrating sunlight is a technique involving the condensation of vapors and the return of this condensate to the system from which it originated.,,,,contradiction,0,0.06615481525659561
212,when did fasb codification become authoritative u.s. gaap,"after September 15, 2009",True,I don't know,0.0,0.0,0.0,neutral,0,0.14141663908958435,"The Uniform Monday Holiday Act was signed into law on June 28, 1968, and took effect on January 1, 1971.",0.0,0.0,0.0,neutral,0,0.15285350382328033
213,who plays frank in f is for family,Bill Burr,True,I don't know,0.0,0.0,0.0,neutral,0,0.12088985741138458,"Nick Blood and Adrianne Palicki joined the cast for the second and third seasons, while Henry Simmons and Luke Mitchell had recurring roles in the second season before being promoted to the main cast for the third.",0.0,0.0,0.0,neutral,0,0.2914692163467407
214,where is the north pole located on a map,,False,I don't know,,,,contradiction,0,0.15969212353229523,The North Pole is currently 23 ° 26 ′ 12.7 '' ( or 23.43687 ° ) north of the Equator.,,,,entailment,1,0.9798362255096436
215,the hollywood ten who refused to answer questions,,False,leave the show,,,,neutral,0,0.02465910091996193,The show was canceled.,,,,neutral,0,0.01302399206906557
216,android operating system was acquired by google in,July 2005,True,I don't know,0.0,0.0,0.0,neutral,0,0.09014856815338135,"Android 8.1 Oreo home screen /Td> /Tr> /Tr> Th> Developer /Th> Td> Google, Open Handset Alliance /Th> /Tr> Tr>",0.0,0.0,0.0,entailment,1,0.5269138216972351
217,where does the flexor digitorum superficialis distally attach,The tendons attach to the anterior margins on the bases of the intermediate phalanges of the four fingers. These tendons have a split (Camper's Chiasm) at the end of them through which the tendons of flexor digitorum profundus pass.,True,I don't know,0.0,0.0,0.0,neutral,0,0.32562926411628723,The flexor of fingers is a musculoskeletal muscle.,0.0,0.21276595744680848,0.0,neutral,0,0.46275705099105835
218,i m in the love with the coco,,False,I don't know,,,,neutral,0,0.15252849459648132,Shugo Chara.,,,,neutral,0,0.22864562273025513
219,who played daniel in the bible mini series,Jake Canuso,True,B. Weiss,0.0,0.0,0.0,neutral,0,0.04428461566567421,Weiss.,0.0,0.0,0.0,entailment,1,0.37030887603759766
220,who did demi lovato write stone cold about,,False,Aram Garoghlanian,,,,entailment,1,0.9064363837242126,"The sentence ""Aram Garoghlanian, a member of an Armenian community living among the lush fruit orchards and vineyards of California. One morning Aram is awakened at four in morning by his thirteen - year - old cousin Mourad, who",,,,entailment,1,0.6896874308586121
221,what does the star on the ghana flag mean,"adopted from the flag of the Black Star Line, a shipping line incorporated by Marcus Garvey that operated from 1919 to 1922",True,I don't know,0.0,0.0,0.0,neutral,0,0.25752606987953186,Ghana Tr> /Tr> /Tr> /Tr> /Tr> /Tr> /Tr> /Tr> Th> Use /Th> Td> National,0.0,0.0,0.0,entailment,1,0.8530080914497375
222,when is the last movie of divergent coming out,TBA,True,I don't know,0.0,0.0,0.0,contradiction,0,0.1447332501411438,"The tenth season debuted on March 27, 2018.",0.0,0.0,0.0,entailment,1,0.9664083123207092
223,the former peterlee campus of east durham college,East Durham & Houghall Community College,True,I don't know,0.0,0.0,0.0,contradiction,0,0.022730043157935143,The All England Lawn Tennis and Croquet Club is a private members'club.,0.0,0.0,0.0,neutral,0,0.1639726310968399
224,who wants to marry a prince tv show,,False,I don't know,,,,neutral,0,0.3692033886909485,Kanye West became a recurring cast member after dating Kim then marrying her in season nine.,,,,entailment,1,0.9302870631217957
225,the amount of light reflected from the front surface of common window glass is about,about 4% per surface,True,I don't know,0.0,0.0,0.0,contradiction,0,0.07138412445783615,"The simplest optical coatings are thin layers of metals, such as aluminium, which are deposited on glass substrates to make mirror surfaces, a process known as silvering.",0.0,0.0,0.0,neutral,0,0.4376542270183563
226,when did good friday become a bank holiday,,False,I don't know,,,,contradiction,0,0.02916409634053707,"The first official bank holidays were the four days named in the Bank Holidays Act 1871, but today the term is colloquially used for Good Friday and Christmas Day which were already public holidays under common law and therefore not official bank holidays in England, Wales and Northern Ireland.",,,,contradiction,0,0.0420200452208519
227,how many cm is a 24 inch tv,61,True,Ball,0.0,0.0,0.0,contradiction,0,0.12492027878761292,gazebo was built.,0.0,0.0,0.0,contradiction,0,0.01549241878092289
228,where did spain sail to set up colonies,,False,"France colonization of the Americas began in the 16th century, and continued on into the following centuries as France established a colonial empire in the Western Hemisphere.",,,,neutral,0,0.013472064398229122,France had on the Americas were influenced by the influence of the French colonization of the Americas.,,,,entailment,1,0.7441000938415527
229,swing swing from the tangles of my heart lyrics,,False,I don't know,,,,contradiction,0,0.27665916085243225,"Al Green, Mabon  Teenie '' Hodges /Tr> Tr> Tr> Tr> Tr> Th colspan=""2""> Hodges /Tr> T",,,,contradiction,0,0.21134735643863678
230,is the song fight song in a movie,,False,I don't know,,,,neutral,0,0.06116500496864319,The song was first performed in Annie Get Your Gun by Ethel Merman and Ray Middleton.,,,,neutral,0,0.03273256495594978
231,which are cultural factors that geographers focus on in their study of human geography,,False,I don't know,,,,contradiction,0,0.09753821790218353,The study of social perception.,,,,entailment,1,0.408906489610672
232,the gas released by plants is used by organisms to do what,,False,I don't know,,,,contradiction,0,0.08874110132455826,"Green plants, photosynthesis is the same process.",,,,contradiction,0,0.3908426761627197
233,where was the walking dead season 7 filmed,Georgia,True,7,0.0,0.0,1.0,entailment,1,0.4645058214664459,The number of episodes /Th> Tr> Tr> Tr> Th> is 7,0.0,0.0,1.0,neutral,0,0.28260523080825806
234,what is the meaning behind the song black betty,,False,the origins of the little black dress,,,,entailment,1,0.5251469612121582,The origins of the little black dress.,,,,entailment,1,0.654714822769165
235,what is different in national anthem of spain,,False,I don't know,,,,contradiction,0,0.17363552749156952,"Music /Th> /Tr> /Tr> /Tr> Td colspan=""2""> National anthem of Spain /Td> /Tr> /Tr> Th> Ly",,,,entailment,1,0.4548468291759491
236,who plays male lead in far from the madding crowd,Carey Mulligan,True,I don't know,0.0,0.0,1.0,contradiction,0,0.15741536021232605,Charlotte Bruus Christensen /Td> /Tr> Tr> Th>,0.0,0.0,1.0,contradiction,0,0.13784198462963104
237,range of values that is determined to contain some population parameter,,False,I don't know,,,,neutral,0,0.24648120999336243,The confidence interval is random.,,,,neutral,0,0.09737343341112137
238,where did time to make the donuts come from,,False,Egypt,,,,contradiction,0,0.11043766140937805,The Tigris and Euphrates rivers in the Middle East.,,,,neutral,0,0.03406684473156929
239,it's like i told you only the lonely can play,,False,I don't know,,,,contradiction,0,0.20130616426467896,"The song is a duet, with one male singer and one female singer attempting to outdo each other in increasingly complex tasks.",,,,entailment,1,0.6571779251098633
240,let me be the one by five star,,False,I don't know,,,,neutral,0,0.19654494524002075,"/Th> /Tr> /Tr> /Tr> /Tr> /Tr> /Th> Th colspan=""2""> /Tr> /Tr> ",,,,contradiction,0,0.3746512532234192
241,who is in the cast of the handmaid's tale,Elisabeth Moss,True,I don't know,0.0,0.0,1.0,contradiction,0,0.14130325615406036,The Handmaid's Tale was written in the United States.,0.0,0.0,1.0,neutral,0,0.05812239646911621
242,who owned the first casino in las vegas,local Las Vegas business owners,True,Rio Las Vegas in 2014,0.0,0.4000000000000001,0.0,entailment,1,0.7927278280258179,Rio Las Vegas in 2014 /Tr> /Tr> /Tr> /Tr> /Tr> /Tr> /Tr> /Tr> /Tr> /Tr,0.0,0.2,0.0,neutral,0,0.42235884070396423
243,who had an apple fall on his head,,False,I don't know,,,,neutral,0,0.3881821930408478,The proverb originated in Wales.,,,,entailment,1,0.973176121711731
244,who is the lead singer of portugal the man,John Baldwin Gourley,True,American chart,0.0,0.0,0.0,neutral,0,0.2638755142688751,American tour,0.0,0.0,0.0,neutral,0,0.2223372608423233
245,who won mtv's the challenge vendetta's,,False,I don't know,,,,neutral,0,0.1730939894914627,"The Challenge : Vendettas /Th> /Th> /Tr> Td colspan=""2""> /Tr> /Tr> /Tr> Th> Genre /Th>",,,,contradiction,0,0.11658239364624023
246,who were the first european to reach the philippines,,False,I don't know,,,,neutral,0,0.037940483540296555,France colony.,,,,neutral,0,0.3234407305717468
247,when did im a slave for you come out,,False,I don't know,,,,contradiction,0,0.15866179764270782,"The single was released on September 6, 2001 /Tr> /Tr> /Tr> /Tr> Th colspan=""2""> /Tr> /Tr> Th colspan=""2",,,,entailment,1,0.8185150027275085
248,when does sam seaborn return to west wing,,False,I don't know,,,,contradiction,0,0.13388848304748535,Lisa Sherborne is the spouse of the Deputy White House Communications Director.,,,,contradiction,0,0.1294778734445572
249,what folk hero statue is in brainerd minnesota,,False,I don't know,,,,contradiction,0,0.18181270360946655,The area is less than one acre.,,,,neutral,0,0.016169985756278038
250,i'm gonna knock you out mama said knock you out lyrics,,False,I don't know,,,,neutral,0,0.14178131520748138,The song was first performed in Annie Get Your Gun by Ethel Merman and Ray Middleton.,,,,entailment,1,0.94234699010849
251,lds president of the quorum of the 12,,False,I don't know,,,,neutral,0,0.09489814937114716,"The President of the Church is the most senior apostle in the church, aside from the President of the Church.",,,,contradiction,0,0.06487228721380234
252,if on a winter's night a traveler length,,False,I don't know,,,,neutral,0,0.018203429877758026,The Sun and Moon appear to rise in the east and set in the west due to the rotation of Earth.,,,,neutral,0,0.07927948236465454
253,who does billy russo become on the punisher,Jigsaw,True,I don't know,0.0,0.0,1.0,contradiction,0,0.20712684094905853,"Spencer Hastings /Th> /Th> /Th> /Tr> /Tr> Tr> Td colspan=""2""> Pretty Little Liars character /Th> /Tr>",0.0,0.0,1.0,entailment,1,0.6972545385360718
254,deeper than the holler what is a holler,,False,Dutch - American dog,,,,contradiction,0,0.2681657075881958,Dutch dog,,,,contradiction,0,0.2736802399158478
255,who was the founder of chick fil a,S. Truett Cathy,True,I don't know,0.0,0.0,0.0,neutral,0,0.09085442870855331,The show often satirizes contemporary American popular culture and politics.,0.0,0.0,0.0,neutral,0,0.027975963428616524
256,when was asbestos first found to be dangerous,began with the 20th century and escalated during the 1920s and 1930s,True,I don't know,0.0,0.0,0.0,neutral,0,0.005131278187036514,"The Marsh test is a highly sensitive method in the detection of arsenic, especially useful in the field of forensic toxicology when arsenic was used as a poison.",0.0,0.1,0.0,neutral,0,0.0033471682108938694
257,where is the black box located on an airplane,usually mounted in the aircraft's tail section,True,I don't know,0.0,0.0,0.0,contradiction,0,0.17372703552246094,The B - 29 Super,0.0,0.18181818181818182,0.0,neutral,0,0.17834927141666412
258,who signed kevin de bruyne for man city,,False,I don't know,,,,neutral,0,0.296071857213974,"Kevin De Bruyne /Tr> /Tr> Th colspan=""4""> /Th> /Th> /Th> /Th> /Th> /Th> /Th> ",,,,entailment,1,0.7106951475143433
259,the organ of excretion in the earthworm and other annelids,,False,I don't know,,,,neutral,0,0.10666771978139877,the egg.,,,,neutral,0,0.09198805689811707
260,which ikea store is the largest in uk,,False,I don't know,,,,contradiction,0,0.05880986899137497,The first store location /Th> Th> Th> First store location /Th> Th> No. of stores /Th> Th> Notes /Th> /Th> /Th> /Tr,,,,entailment,1,0.8751082420349121
261,who does rocky end up with in shake it up,,False,Bobeck,,,,neutral,0,0.03951461240649223,Drew Carey is the main protagonist of the series.,,,,entailment,1,0.9827119708061218
262,salto ángel is the tallest waterfall in the world,,False,I don't know,,,,contradiction,0,0.3418581485748291,"Angel Falls /Th> /Tr> Tr> Td colspan=""2""> Salto ngel Kerepakupai Vená /Tr> /Tr> Td colspan=""2",,,,entailment,1,0.7517760992050171
263,how old is jane in return to neverland,,False,I don't know,,,,contradiction,0,0.1464255005121231,"Jane the Virgin is an American comedy - drama television series that premiered on The CW on October 13, 2014.",,,,contradiction,0,0.10414537042379379
264,sons and daughters of greek gods and goddesses,,False,I don't know,,,,neutral,0,0.21616050601005554,"Apollo Belvedere, ca. 120 -- 140 CE /Td> /Tr> Tr> Tr> Th> Abode /Th> Mount Olympus /Tr> /Tr",,,,contradiction,0,0.3298393189907074
265,how many states comprised the united states before the purchase,,False,I don't know,,,,neutral,0,0.20849715173244476,The land west of the Appalachian,,,,neutral,0,0.3847629427909851
266,where is the special music contest being held in coco,,False,I don't know,,,,contradiction,0,0.08027003705501556,The album is a studio album by Ariana Grande.,,,,entailment,1,0.9716323018074036
267,when did the brewers go to national league,1998,True,I don't know,0.0,0.0,1.0,contradiction,0,0.20670726895332336,The Milwaukee Brewers are a professional baseball team that has played in the National League since 1998.,0.0,0.1111111111111111,1.0,neutral,0,0.2538764476776123
268,who are the songwriters for the greatest showman,Benj Pasek,True,I don't know,0.0,0.0,0.0,contradiction,0,0.08381730318069458,The Greatest Showman,0.0,0.0,0.0,entailment,1,0.4489803612232208
269,who plays dylan in now you see me,Mark Ruffalo,True,I don't know,0.0,0.0,0.0,neutral,0,0.0064847515895962715,"The first season aired on April 25, 2013.",0.0,0.0,0.0,neutral,0,0.06568221002817154
270,where was the ark of the covenant taken,Kiriath-Jearim,True,Israel,0.0,0.0,0.0,neutral,0,0.2197391241788864,"Admah, Zeboim and Bela.",0.0,0.0,0.0,neutral,0,0.0930669754743576
271,harrow on the hill height above sea level,124 metres (408 ft),True,I don't know,0.0,0.0,0.0,contradiction,0,0.2840767502784729,A City upon a Hill.,0.0,0.0,0.0,entailment,1,0.7630224227905273
272,who plays hitler in man in the high castle,Wolf Muser,True,I don't know,0.0,0.0,0.0,contradiction,0,0.1525483876466751,The film was directed by J.K. Rowling.,0.0,0.0,0.0,neutral,0,0.006722635123878717
273,lowest city below sea level in the world,"Jericho, West Bank",True,I don't know,0.0,0.0,0.0,contradiction,0,0.12930837273597717,Mariana Trench is located in the western Pacific Ocean approximately 200 kilometres ( 124 mi ) east of the Mariana Islands.,0.0,0.0,0.0,contradiction,0,0.46248531341552734
274,who all did lebron play in the finals,,False,I don't know,,,,contradiction,0,0.1510297656059265,The 2016 NBA Finals are scheduled to take place on June 2 -- 19.,,,,entailment,1,0.9825144410133362
275,who voiced jack in rise of the guardians,Chris Pine,True,I don't know,0.0,0.0,1.0,contradiction,0,0.1767473667860031,Rise of the Guardians /Th> /Th> /Th> /Th> /Th> /Th> /Th> /Th> /Th> /Th> /Th> /Th,0.0,0.0,1.0,entailment,1,0.8026414513587952
276,what led to the formation of the 54th massachusetts regiment,,False,I don't know,,,,contradiction,0,0.14882220327854156,"The 54th Massachusetts at the Second Battle of Fort Wagner, July 18, 1863 /Tr> /Tr> Tr> Th> Active /Th> March 13, 1863 -- August 4, 1865 /Tr",,,,entailment,1,0.8555928468704224
277,what type of hybrid is the ford fusion,gasoline-electric,True,I don't know,0.0,0.0,0.0,neutral,0,0.26762327551841736,American English.,0.0,0.0,0.0,neutral,0,0.32003945112228394
278,who speaks in the poem song by james joyce,,False,I don't know,,,,neutral,0,0.035012245178222656,Poems.,,,,neutral,0,0.14235590398311615
279,write a short note on tdma & cdma,,False,I don't know,,,,neutral,0,0.33741167187690735,This article is written like a manual or guidebook.,,,,neutral,0,0.10229239612817764
280,how many states is there in united states,50,True,I don't know,0.0,0.0,1.0,neutral,0,0.07982586324214935,The United States is a country in the continental United States.,0.0,0.0,1.0,entailment,1,0.735529363155365
281,what is the first harry potter book called in england,Harry Potter and the Philosopher's Stone,True,Frederick Warne & Company,0.0,0.0,0.0,contradiction,0,0.17384439706802368,The Tale of Jemima Puddle - Duck was published by Frederick Warne & Co.,0.0,0.1111111111111111,0.0,neutral,0,0.009485783986747265
282,when did montgomery ward's go out of business,2001,True,I don't know,0.0,0.0,1.0,contradiction,0,0.157710462808609,The company was founded in 1872.,0.0,0.0,1.0,entailment,1,0.7469700574874878
283,who won series 7 of great british bake off,Candice Brown,True,I don't know,0.0,0.0,0.0,neutral,0,0.3702833950519562,Paul Hollywood.,0.0,0.0,0.0,entailment,1,0.8274148106575012
284,who does the voice of special ed on crank yankers,Jim Florentine,True,I don't know,0.0,0.0,0.0,contradiction,0,0.007447378244251013,Drew Carey is the main protagonist of the series.,0.0,0.0,0.0,contradiction,0,0.1795320361852646
285,hich of the article is related to constitutional amendments,,False,I don't know,,,,contradiction,0,0.22935043275356293,The text of the preamble and articles of the Constitution is based on the preamble and articles of the Constitution.,,,,entailment,1,0.8380165696144104
286,according to the hierarchy of controls which of the following is least likely to fail,,False,I don't know,,,,neutral,0,0.08664342761039734,Behaviorism is a systematic approach to understanding the behavior of humans and other animals.,,,,neutral,0,0.12159153819084167
287,what does the ministry of trade and industry do,directs the formulation of policies related to the development of trade and industry in Singapore,True,I don't know,0.0,0.0,0.0,neutral,0,0.0683257207274437,"The Commonwealth is an international organisation in which countries with diverse social, political, and economic backgrounds are regarded as equal in status, and cooperate within a framework of common values and goals, as outlined in the Singapore Declaration issued in 1971.",0.0,0.21428571428571425,0.0,neutral,0,0.06271585822105408
288,what is the meaning of yanny and laurel,,False,1907,,,,contradiction,0,0.3490034341812134,1855,,,,contradiction,0,0.24405699968338013
289,who sings nothings gonna hurt you baby,Cigarettes After Sex,True,I don't know,0.0,0.0,0.0,neutral,0,0.15592969954013824,"I'm the One Mama Warned You About '' /Th> /Tr> Tr> Th colspan=""2""> Single by Mickey Gilley /Th> /Tr> Th> ",0.0,0.0,0.0,entailment,1,0.6775557994842529
290,where in the bible does it talk about manna from heaven,Exodus 16:1–36,True,I don't know,0.0,0.0,0.0,neutral,0,0.03679899498820305,Sodom and Gomorrah,0.0,0.0,0.0,neutral,0,0.05087597668170929
291,winds that blow predominantly from the northeast and the southeast are the,The trade winds,True,I don't know,0.0,0.0,1.0,neutral,0,0.0787612572312355,occur.,0.0,0.0,1.0,contradiction,0,0.03345891833305359
292,what was germany like between ww1 and ww2,,False,I don't know,,,,neutral,0,0.007237943820655346,P>,,,,neutral,0,0.013373596593737602
293,where did the term cold war come from,,False,I don't know,,,,contradiction,0,0.13038663566112518,"The Cold War was a state of geopolitical tension after World War II between powers in the Eastern Bloc ( the Soviet Union and its satellite states ) and powers in the Western Bloc ( the United States, its NATO allies and others and others ).",,,,entailment,1,0.9894172549247742
294,where did agriculture develop in the americas about 7000 bp,,False,I don't know,,,,contradiction,0,0.06006686016917229,"grains were collected and eaten from at least 20,000 BC",,,,entailment,1,0.9833215475082397
295,explain the power and function of election commission of india,,False,I don't know,,,,neutral,0,0.23757816851139069,The Lok Sabha is the lower house of Parliament of India.,,,,neutral,0,0.09725389629602432
296,who sang the famous song you'll never walk alone,,False,I don't know,,,,neutral,0,0.037812285125255585,The song was written on a train journey from London by Campbell and Connelly.,,,,entailment,1,0.8953372240066528
297,what is the use of symbolic link in linux,to reorder the file system hierarchy,True,I don't know,0.0,0.0,0.0,neutral,0,0.00990914087742567,Symbolic links are the nickname for any file that contains a reference to another file or directory in the form of an absolute or relative path and that affects pathname resolution.,0.0,0.16216216216216214,0.0,entailment,1,0.6539686322212219
298,examine why the great depression was a catastrophic event for usa,,False,I don't know,,,,neutral,0,0.08031804114580154,The Dust Bowl.,,,,entailment,1,0.942050039768219
299,time after time song was in what movie,John Tucker Must Die,True,"Kilmer's work is often disparaged by critics and dismissed by scholars as being too simple and overly sentimental, and that his style was far too traditional and even archaic.",0.0,0.0,0.0,contradiction,0,0.17971515655517578,Kilmer's work is that his style was far too traditional and even archaic.,0.0,0.0,0.0,entailment,1,0.8562334179878235
300,when did the plane crash happen in greys anatomy,,False,I don't know,,,,neutral,0,0.17749091982841492,Jason George as Dr. Ben Warren.,,,,neutral,0,0.08401210606098175
301,24th screen actors guild awards nominees and winners in order,,False,I don't know,,,,neutral,0,0.2970815896987915,Diahann Carroll /Th> /Th> /Th> Bill Cosby /Th> /Th> /Th> /Th> /Th> /Th> /Th> /Th> ,,,,contradiction,0,0.38244566321372986
302,how long does it take for a blood cell to divide,,False,I don't know,,,,contradiction,0,0.08323600888252258,hemorrhage,,,,contradiction,0,0.11339585483074188
303,where do they hold the oscars in hollywood,,False,I don't know,,,,neutral,0,0.09686350077390671,N 81 ° 33 ′ 38 '' W / 28.356232 ° N 81.560483 ° W / 28.356232 ; - 81.560483 Coordinates: 28 ° 21 ′ 22 '' N,,,,contradiction,0,0.09873335808515549
304,how much bigger is venus than the moon,,False,I don't know,,,,neutral,0,0.024663425981998444,Earth to collide with the Moon,,,,neutral,0,0.012342916801571846
305,who sings i'm the one your mother warned you about,Mickey Gilley,True,I don't know,0.0,0.0,1.0,neutral,0,0.23498234152793884,"2""> Mickey Gilley /Th> /Tr> Tr> Th colspan=""2"">  I'm the One Mama Warned You About '' /Th> /Tr> T",0.0,0.19999999999999998,1.0,entailment,1,0.5347685813903809
306,who had a huge empire in north america,,False,I don't know,,,,neutral,0,0.011427824385464191,be able to stretch west past the Proclamation Line to the Mississippi River.,,,,entailment,1,0.5903184413909912
307,who is considered a foreign official under fcpa,"any officer or employee of a foreign government or any department, agency, or instrumentality thereof, or of a public international organization, or any person acting in an official capacity for or on behalf of any such government or department, agency, or instrumentality, or for or on behalf of any such public international organization",True,Embassy in Liberia,0.0,0.03571428571428571,0.0,neutral,0,0.004419814329594374,embassies in Liberia and Haiti,0.0,0.034482758620689655,0.0,neutral,0,0.0037185493856668472
308,love till the end of summer chinese drama ep1,,False,I don't know,,,,contradiction,0,0.2010633945465088,"/Th> /Tr> Tr> Td colspan=""2""> Drama poster /Td> /Tr> Tr> Th> Also known as /Th> Td> Love",,,,contradiction,0,0.3926386833190918
309,who made the song london bridge is falling down,Unknown,True,I don't know,0.0,0.0,0.0,neutral,0,0.13927894830703735,Kilmer is most remembered for  Trees ''.,0.0,0.0,0.0,neutral,0,0.09847991168498993
310,when does love simon come out in canada,"March 16, 2018",True,I don't know,0.0,0.0,0.0,neutral,0,0.21047908067703247,"The single was released on September 19, 2018 ( 2018 - 09 - 19 ) /Td> /Tr> Tr> Tr> Th colspan=""2""> /Tr> Tr> ",0.0,0.09090909090909091,0.0,entailment,1,0.7318143844604492
311,who owned the majority of land in 18th century france,,False,I don't know,,,,contradiction,0,0.008903365582227707,Mythology and folklore.,,,,contradiction,0,0.034738387912511826
312,time stood still is an example of what type of figurative language,,False,I don't know,,,,neutral,0,0.016364986076951027,"The movement was a literary, literary, musical and intellectual movement that originated in Europe toward the end of the 18th century, and in most areas was at its peak in the approximate period from 1800 to 1850.",,,,neutral,0,0.05099495127797127
313,what do you need to open carry in texas,,False,I don't know,,,,neutral,0,0.007645436562597752,The gun laws of California are some of the most restrictive in the United States.,,,,entailment,1,0.9364120960235596
314,who says you can't go home bon jovi,,False,I don't know,,,,neutral,0,0.038238219916820526,The proverb is a common English - language proverb of Welsh origin.,,,,neutral,0,0.10480697453022003
315,who did the song bird bird bird bird is the word,,False,tradition,,,,neutral,0,0.15103039145469666,"Kilmer is most remembered for  Trees '', which has been the subject of frequent parodies and references in popular culture.",,,,entailment,1,0.5109103322029114
316,kings wife but not queen of his heart,,False,England,,,,neutral,0,0.4183070659637451,The last monarch of a distinct kingdom of England was Anne.,,,,neutral,0,0.101905457675457
317,what were the major components of clays american system,a tariff to protect and promote American industry,True,"Ancient Egypt, breadmaking was central to the formation of early human societies.",0.0,0.1,0.0,entailment,1,0.9778904318809509,"New World, agriculture began independently in different parts of the globe.",0.0,0.0,0.0,entailment,1,0.8872928619384766
318,where was pirates of the carribean on stranger tides filmed,"Principal photography began on June 14, 2010, in Hawaii.[17][47] Filming was moved to California in August 2010,[48] primarily at the Long Beach shore[33] and a recreation of Whitecap Bay done in the Universal Studios backlot,[17] as the original Hawaiian location on Halona Cove was plagued with strong tides.[22] After a brief shoot in Puerto Rico,[33] with locations in both Palomino Island and the Fort of San Cristóbal in San Juan,[49] production moved to the United Kingdom in September, where principal photography wrapped on November 18 after 106 days of shooting.[17] Locations included Hampton Court Palace in London,[23] Knole House in Kent,[33] and Old Royal Naval College at Greenwich.[50] Interiors were shot at London's Pinewood Studios, and a replica of an 18th-century London street was built on the backlot alongside the soundstages",True,I don't know,0.0,0.0,0.0,contradiction,0,0.24964556097984314,"Pirates of the Caribbean /Th> /Tr> Tr> Td colspan=""2""> /Tr> /Tr> Tr> Th> Directed by /Th> ",0.0,0.027210884353741496,0.0,entailment,1,0.8523526787757874
319,what does the hr diagram tell us about the life cycle of stars,,False,I don't know,,,,contradiction,0,0.057445645332336426,The age of Aquarius follows the age of Pisces.,,,,contradiction,0,0.2926311492919922
320,when was just before the battle mother written,,False,I don't know,,,,neutral,0,0.11717644333839417,"Poems : Series 1 in 1890, the persona of Dickinson's poem meets personified Death.",,,,neutral,0,0.09788968414068222
321,when did the egyptian god cards come out,,False,I don't know,,,,contradiction,0,0.18642283976078033,The French company that launched EuroMillions was Frenche des J.,,,,contradiction,0,0.15788325667381287
322,do they have the little mermaid on netflix,,False,I don't know,,,,contradiction,0,0.018563441932201385,YouTube ),,,,neutral,0,0.04292111098766327
323,why is florida panhandle not part of alabama,,False,I don't know,,,,neutral,0,0.036179348826408386,"The Texas annexation was the 1845 incorporation of the Republic of Texas into the United States of America, which was admitted to the Union as the 28th state on December 29, 1845.",,,,neutral,0,0.049608632922172546
324,how high can a black tailed deer jump,,False,I don't know,,,,neutral,0,0.13985583186149597,The musical is a musical.,,,,neutral,0,0.2810761034488678
325,who sings i wanna be like you jungle book,Louis Prima,True,I don't know,0.0,0.0,0.0,neutral,0,0.2050878405570984,Here Today '' ( 1966 ) /Tr> Tr> Tr> Tr> Tr> Tr> Tr> Tr> Tr> Tr> Tr,0.0,0.0,0.0,contradiction,0,0.19039416313171387
326,tom and jerry song is you my baby,,False,I don't know,,,,contradiction,0,0.07915501296520233,The song was later sung by John Denver and Robin the Frog in the 1979 television special John Denver and the Muppets : A Christmas Together.,,,,neutral,0,0.19269955158233643
327,who wrote the book of philippians in the bible,Paul of Tarsus,True,I don't know,0.0,0.0,0.0,contradiction,0,0.07488298416137695,"Thomas Bab is the author of the book "" Lays of Ancient Rome"".",0.0,0.13333333333333333,0.0,neutral,0,0.06612332910299301
328,little big town i wish you were a better man,,False,I don't know,,,,contradiction,0,0.1621999442577362,Annie Get Your Gun.,,,,contradiction,0,0.11377660185098648
329,what is it like in a turkish prison,,False,I don't know,,,,neutral,0,0.11800908297300339,The Philistines had captured the Ark of the covenant.,,,,neutral,0,0.03272457420825958
330,who sold more albums carrie underwood vs kelly clarkson,Carrie Underwood,True,I don't know,0.0,0.0,0.0,neutral,0,0.03251729533076286,P>,0.0,0.0,0.0,neutral,0,0.09402725100517273
331,who is the oldest child in queen sugar,Nova Bordelon,True,I don't know,0.0,0.0,0.0,contradiction,0,0.24490979313850403,No. of seasons /Th>,0.0,0.0,0.0,neutral,0,0.1560569852590561
332,when did second world war start and end,1 September 1939 – 2 September 1945,True,I don't know,0.0,0.0,0.0,contradiction,0,0.16703476011753082,"The map shows the territories held by Allied ( green ), Axis ( orange ), and neutral ( grey ) powers at the outbreak of hostilities in the Mediterranean /Td> /Tr> /Tr> Td col",0.0,0.0,0.0,entailment,1,0.9662554860115051
333,when was the last time a composite volcano erupted,,False,I don't know,,,,neutral,0,0.06963397562503815,a mountain,,,,neutral,0,0.1685480922460556
334,pll when does spencer join the a team,,False,I don't know,,,,contradiction,0,0.20712684094905853,"Spencer Hastings /Th> /Th> /Th> /Tr> /Tr> Tr> Td colspan=""2""> Pretty Little Liars character /Th> /Tr>",,,,entailment,1,0.6972545385360718
335,who sings i only want to be with you on the abc,,False,I don't know,,,,neutral,0,0.2058698832988739,"Dusty Springfield /Th> /Th> /Tr> /Tr> /Tr> /Th> Th colspan=""2""> /Tr> /Tr> /Th> ",,,,entailment,1,0.6188106536865234
336,who tabled banking and financial dealings act 1971,,False,I don't know,,,,neutral,0,0.16878411173820496,"The Sugar Act 1764 Tr> /Tr> /Tr> Tr> Th> Long title /Th> An act for granting certain duties in the British colonies and plantations in America, for continuing, amending,",,,,entailment,1,0.9328458309173584
337,who is often credited as the first modern director,,False,I don't know,,,,neutral,0,0.016759108752012253,"The method is a range of training and rehearsal techniques that seek to encourage sincere and emotionally expressive performances, as formulated by a number of different theatre practitioners, principally in the United States, where it is among the most popular -- and controversial -- approaches to acting.",,,,neutral,0,0.009236305020749569
338,google who's the tallest person in the world,,False,I don't know,,,,neutral,0,0.13185572624206543,67 people.,,,,neutral,0,0.04649369418621063
339,where are members of little big town from,,False,I don't know,,,,contradiction,0,0.19439421594142914,"Little Big Town /Th> /Th> /Th> /Tr> Tr> Td colspan=""2""> Little Big Town /Th> /Th> /Tr> Td col",,,,contradiction,0,0.37408798933029175
340,a spider with a skull on its back,Steatoda nobilis,True,I don't know,0.0,0.0,0.0,neutral,0,0.07701148837804794,The telson is the posterior-most division of the body of an arthropod.,0.0,0.0,0.0,entailment,1,0.9835995435714722
341,dr. seuss the simplest seuss for youngest use,,False,I don't know,,,,contradiction,0,0.1622600555419922,"Theodor Seuss Geisel was born in Springfield, Massachusetts, U.S. /Td> /Tr> Th> Th> Th> Td> Theodor Seuss Geisel ( 1904 ",,,,entailment,1,0.8914235830307007
342,where does the chief minister of maharashtra live,,False,I don't know,,,,neutral,0,0.07341612875461578,The state bird and state animal of Karnataka are Indian roller and the Indian elephant respectively.,,,,entailment,1,0.9854066371917725
343,what do the colors on the pan african flag mean,,False,I don't know,,,,neutral,0,0.25752606987953186,Ghana Tr> /Tr> /Tr> /Tr> /Tr> /Tr> /Tr> /Tr> Th> Use /Th> Td> National,,,,entailment,1,0.8530080914497375
344,who sings i believe when i fall in love,,False,I don't know,,,,contradiction,0,0.17829571664333344,I 'll Search My Heart and Other Great Hits 1964 /Td> /Tr> Tr> Tr> Tr> Tr> Tr> Tr> Tr> Tr,,,,neutral,0,0.07370688021183014
345,when did the movie the wiz come out,,False,I don't know,,,,neutral,0,0.1689082235097885,"The first systematic Hollywood blacklist was instituted on November 25, 1947, the day after ten writers and directors were cited for contempt of Congress for refusing to testify to the House Un-American Activities Committee.",,,,entailment,1,0.9764641523361206
346,the legend of the monkey king tv series,,False,I don't know,,,,neutral,0,0.03474216163158417,a rating of /P>,,,,neutral,0,0.2242858111858368
347,what public holidays do they have in france,,False,United Kingdom,,,,entailment,1,0.5986474752426147,United Kingdom.,,,,entailment,1,0.7941502332687378
348,where is the host of america's test kitchen,,False,I don't know,,,,contradiction,0,0.1997833251953125,Christopher Kimball's show P> Breaking Bad /Th> /Th> /Th> /Th> /Th> /Th> /Th> /Th> /Th> /Th>,,,,entailment,1,0.4747229516506195
349,when did the waltz become popular in england,the Regency period,True,I don't know,0.0,0.0,0.0,entailment,1,0.4913264513015747,waltz,0.0,0.0,0.0,entailment,1,0.6811792850494385
350,who followed little red riding hood in jungle,,False,I don't know,,,,neutral,0,0.03119189292192459,The Doll's version of the story was a pre-Perrault version of the story.,,,,neutral,0,0.057632751762866974
351,a picture of me without you vern gosdin,,False,I don't know,,,,neutral,0,0.27640876173973083,The album A Picture of Me ( Without You ) /Th> /Th> /Tr> /Tr> Th> B - side /Th> Td>  Man Worth Loving You '' /,,,,entailment,1,0.7071360945701599
352,what is expelled out of the body as faeces through the anus,"solid, semisolid, or liquid waste material",True,Urethra,0.0,0.0,0.0,neutral,0,0.3496328592300415,excretes waste products.,0.0,0.2222222222222222,0.0,entailment,1,0.6808143258094788
353,factors that decrease the rate of a chemical reaction,,False,I don't know,,,,neutral,0,0.08401274681091309,Increased.,,,,entailment,1,0.7131080627441406
354,when was the last time lsu was unranked,,False,I don't know,,,,contradiction,0,0.2255207896232605,The LSU Tigers football team represented LSU in the 2017 NCAA Division I football season.,,,,neutral,0,0.35841837525367737
355,who won the hundred years war and why,,False,Great Britain,,,,entailment,1,0.4496856927871704,Britain /Li> Li> Kingdom of France /Li> Spanish Empire /Li> /Li> /Td> /Tr> Th> Parties /Th> Td> ,,,,contradiction,0,0.25963979959487915
356,who doesn't need a visa for russia,,False,I don't know,,,,neutral,0,0.11888714879751205,"FCO has stated, the mission was closed in 2004.",,,,contradiction,0,0.0029298642184585333
357,who was the chief guest of the official ceremony in the republic day,Crown Prince Mohammed bin Zayed Al Nahyan,True,I don't know,0.0,0.0,0.0,contradiction,0,0.10190260410308838,Narendra Modi /Tr> /Tr> /Tr> /Tr> Th> Tr> Th> Tr> Th> Tr> Th> Tr>,0.0,0.0,0.0,contradiction,0,0.025166653096675873
358,when is whose line is it anyway on tv 2017,,False,I don't know,,,,neutral,0,0.10858741402626038,"The series was renewed for an eleventh season of 13 episodes by ABC, but was canceled on May 29, 2018 due to a racist joke made by Roseanne on Twitter about Obama aide Valerie Jarrett.",,,,entailment,1,0.5915780067443848
359,who says you can't go home bon jovi lyrics,,False,I don't know,,,,contradiction,0,0.0026330589316785336,"The song is in common use in England, Ireland, Scotland, Wales and North America.",,,,entailment,1,0.9621471762657166
360,the duke edward kennedy ellington and his orchestra,,False,I don't know,,,,contradiction,0,0.24023325741291046,"Duke Ellington /Th> /Th> /Tr> Th colspan=""2"">  Don't Get Around Much Anymore '' /Th> /Th> /Tr> Th col",,,,entailment,1,0.4378087818622589
361,discuss the main features of the economy of the mauryan empire,,False,I don't know,,,,contradiction,0,0.02500895783305168,"The fourth great river civilization emerged around 1700 BCE along the Yellow River in China, also known as the Huang - He River Civilization.",,,,contradiction,0,0.04617251455783844
362,guinness world record for the longest living dog in history,,False,I don't know,,,,neutral,0,0.2061789482831955,"The following is a list of episodes from the Disney Channel Original Series Phineas and Ferb, which ran from August 17, 2007 to June 12, 2015.",,,,neutral,0,0.32641857862472534
363,five finger death punch- wrong side of heaven,,False,I don't know,,,,neutral,0,0.14187303185462952,"Five Finger Death Punch /Th> /Th> /Th> Th colspan=""2"">  Wrong Side of Heaven '' /Th> /Tr> /Th> Th colspan=""2",,,,entailment,1,0.5624228119850159
364,animal that looks like a hyena and fox,,False,I don't know,,,,neutral,0,0.2849494218826294,"mammals, the female is homogametic, with two X chromosomes ( XX ), while the male is heterogametic, with one X and one Y chromosome ( XY ).",,,,contradiction,0,0.15632615983486176
365,who wrote the practice of the presence of god,"Brother Lawrence (born Nicholas Herman), a 17th-century Carmelite monk",True,Church,0.0,0.0,0.0,neutral,0,0.3720422089099884,United States in 1978.,0.0,0.0,0.0,contradiction,0,0.07933804392814636
366,where is the nile river on a world map,,False,3500 BCE,,,,neutral,0,0.07666020095348358,3500 BCE,,,,neutral,0,0.07666020095348358
367,what cities have been capital of the united states,New York City,True,The Founding Fathers of the United States,0.0,0.0,0.0,entailment,1,0.43308568000793457,The Founding Fathers of the United States were individuals from the Thirteen Colonies in North America who led the American Revolution against the Kingdom of Great Britain and contributed to the establishment of the United States of America.,0.0,0.0,0.0,neutral,0,0.2783636450767517
368,riders to the sea by john millington synge summary,,False,I don't know,,,,neutral,0,0.026638995856046677,"The poem was published posthumously in 1890 in Poems : Series 1, a collection of Dickinson's poems assembled and edited by her friends Mabel Loomis Todd and Thomas Wentworth Higginson.",,,,contradiction,0,0.021252375096082687
369,when does alex come back on orange is the new black,,False,I don't know,,,,contradiction,0,0.11823628842830658,"Roseanne canceled on May 29, 2018 due to a racist joke made by Roseanne on Twitter about Obama aide Valerie Jarrett.",,,,entailment,1,0.9563075304031372
370,where were prisoners kept in the tower of london,,False,I don't know,,,,contradiction,0,0.3244267404079437,"The Pillory was a device made of a wooden or metal framework erected on a post, with holes for securing the head and hands, formerly used for punishment by public humiliation and often further physical abuse. The pillory is related to the stocks ",,,,entailment,1,0.9598610997200012
371,what was the outcome of operation pedro pan,,False,I don't know,,,,contradiction,0,0.04975970461964607,The Great Fire of Rome was an urban fire in the year AD 64.,,,,neutral,0,0.22922499477863312
372,when did india conduct the nuclear test at pokhran,May 1998,True,I don't know,0.0,0.0,1.0,contradiction,0,0.1619398295879364,The maximum yield of TNT ( 33 TJ ) was 8 kilotons of TNT ( 33 TJ ).,0.0,0.0,1.0,neutral,0,0.10518154501914978
373,nhl record for shots on goal in a game,"Ray Bourque (March 21, 1991), 19",True,scored,0.0,0.0,0.0,contradiction,0,0.11520424485206604,Goals scored in matches at the 21 final tournaments of the FIFA World Cup,0.0,0.1,0.0,neutral,0,0.20730392634868622
374,where does the sagging pants trend come from,1990s,True,I don't know,0.0,0.0,0.0,neutral,0,0.34048396348953247,The organisms are able to reproduce.,0.0,0.0,0.0,neutral,0,0.40144893527030945
375,who has played in the most nba finals games,Bill Russell,True,NBA,0.0,0.0,1.0,entailment,1,0.5119350552558899,NBA.,0.0,0.0,1.0,contradiction,0,0.2547510266304016
376,who has right of way at a t junction,,False,I don't know,,,,contradiction,0,0.12711717188358307,The only T junction,,,,contradiction,0,0.022410161793231964
377,rain water harvesting in different parts of india,,False,I don't know,,,,neutral,0,0.013941212557256222,The Western Ghats mountains are a biodiversity hotspot.,,,,neutral,0,0.06468386948108673
378,moment of inertia of a rod about a point,radius of gyration,True,rotation,0.0,0.0,0.0,neutral,0,0.1614934355020523,Rotating frame.,0.0,0.0,0.0,entailment,1,0.6495087742805481
379,how many times can you pass the ball in nfl,,False,I don't know,,,,neutral,0,0.244302898645401,The narrator cites the following records :,,,,neutral,0,0.08246169239282608
380,list of hum tv dramas based on novels,Dayar-e-Dil,True,Kasautii Zindagii Kay,0.0,0.0,0.0,entailment,1,0.7563328146934509,Kasautii Zindagii Kay,0.0,0.0,0.0,entailment,1,0.7563328146934509
381,when does mark show up in grey anatomy,season two,True,I don't know,0.0,0.0,0.0,entailment,1,0.4582848846912384,P>,0.0,0.0,0.0,entailment,1,0.9084252715110779
382,where were you were when the world stopped turning lyrics,,False,I don't know,,,,neutral,0,0.13498958945274353,"The song was written as a poem by the Canadian school teacher George Washington Johnson from Hamilton, Ontario.",,,,neutral,0,0.04954463243484497
383,the vietnamese led independence movements against the chinese,,False,Mexican-American War,,,,neutral,0,0.02301204949617386,Mexican-American War.,,,,neutral,0,0.015191946178674698
384,where is the iguazu falls located on a map,on the border of the Argentine province of Misiones and the Brazilian state of Paraná,True,I don't know,0.0,0.0,0.0,contradiction,0,0.16053807735443115,The coordinates for the location of the three overlapping trails are:,0.0,0.30769230769230765,0.0,neutral,0,0.07169605791568756
385,in the 1st century bc egypt became a colony of,the Roman Empire,True,I don't know,0.0,0.0,1.0,neutral,0,0.08992676436901093,Egypt.,0.0,0.0,1.0,neutral,0,0.07520235329866409
386,how to play on the pga champions tour,,False,I don't know,,,,contradiction,0,0.1745244264602661,"2""> Tournament information /Th> /Th> /Th> /Th> /Th> /Th> /Th> /Th> /Th> /Th> /Th> /Th",,,,entailment,1,0.7176775336265564
387,who is the cheif minister of uttar pradesh up,Yogi Adityanath,True,I don't know,0.0,0.0,1.0,neutral,0,0.2067919671535492,Yogi Adityanath since 19 March 2017 /Td> /Tr> Tr> Th> Appointer /Th> Td> Governor of Uttar Pradesh /Td> /Tr> Th,0.0,0.18181818181818182,1.0,entailment,1,0.5467423796653748
388,who played jono on star trek next generation,Chad Allen,True,I don't know,0.0,0.0,0.0,neutral,0,0.023466777056455612,"The series stars Clark Gregg, reprising his role of Phil Coulson from the films, as well as Ming - Na Wen, Brett Dalton, Chloe Bennet, Iain De Caestecker, and Elizabeth Henstridge ",0.0,0.0,0.0,neutral,0,0.12428932636976242
389,where were the colonists smuggling sugar and molasses from,,False,I don't know,,,,neutral,0,0.12822216749191284,"The colonial empire in the Western Hemisphere began in the 16th century, and continued on into the following centuries as France established a colonial empire in the Western Hemisphere.",,,,neutral,0,0.04539689049124718
390,this bear lives in the hundred acre wood,Winnie-the-Pooh,True,I don't know,0.0,0.0,0.0,neutral,0,0.1616375744342804,An apple a day keeps the doctor away.,0.0,0.0,0.0,neutral,0,0.10860425978899002
391,what do you mean by anemia in hindi,,False,I don't know,,,,neutral,0,0.08939190953969955,"1 million to 500,000.",,,,neutral,0,0.0156515222042799
392,who holds the record for most wins in major league baseball,,False,700,,,,neutral,0,0.04366622120141983,The only other player to have hit 700 or more is Babe Ruth with 714.,,,,neutral,0,0.005292386282235384
393,who sang the song my boyfriend's back,,False,I don't know,,,,neutral,0,0.27505138516426086,The Angels /Th> /Th> /Th> /Tr> /Th> /Tr> /Th> /Tr> /Th> /Tr> /Th> ,,,,entailment,1,0.44516587257385254
394,where did the st louis cardinals play before busch stadium,,False,I don't know,,,,contradiction,0,0.024753227829933167,The Raiders were unable to secure a new stadium in the Los Angeles area the Raiders moved back to Oakland.,,,,entailment,1,0.4873507022857666
395,the basal ganglia are a related cluster of cell bodies,,False,I don't know,,,,neutral,0,0.06285594403743744,Chromatin is only found in eukaryotic cells.,,,,entailment,1,0.8958779573440552
396,where can you get a tattoo at 14 with a parental consent,,False,I don't know,,,,neutral,0,0.042002130299806595,California legal.,,,,neutral,0,0.07899221032857895
397,13th amendment vote house of representatives roll call,,False,I don't know,,,,contradiction,0,0.021126899868249893,"The most common voting age is 18 years ; however, voting ages as low as 16 and as high as 25 exist ( see list below ).",,,,neutral,0,0.044349946081638336
398,what is the holy book of lslam called,Quran,True,I don't know,0.0,0.0,1.0,neutral,0,0.21936143934726715,The three types of Rihla are:,0.0,0.0,1.0,entailment,1,0.9435355067253113
399,who sings proud mary in the movie proud mary,,False,I don't know,,,,neutral,0,0.1531154364347458,The Proud Family Movie /Th> /Th> /Tr> Tr> Tr> Tr> Tr> Th> Genre /Th> Td> Comedy Animated ,,,,entailment,1,0.8739396929740906
400,when did the bmw 2 series come out,,False,I don't know,,,,contradiction,0,0.3015863299369812,The Aventador was a sports car ( S ) /Td> /Tr> /Tr> /Tr> /Tr> /Tr> /Tr> /Tr> /,,,,neutral,0,0.04660845175385475
401,who is the actor that plays tommy in power,,False,I don't know,,,,contradiction,0,0.013820369727909565,"Marvel Cinematic Universe films and Marvel One - Shots also appear throughout the series, along with other characters based on various Marvel Comics properties.",,,,neutral,0,0.2999492585659027
402,how many types of page orientation are there in ms word,,False,I don't know,,,,neutral,0,0.21405987441539764,"The most common letter in English, the letter  E '', has the shortest code, a single dot.",,,,neutral,0,0.017886226996779442
403,where is super bowl played at this year,,False,I don't know,,,,neutral,0,0.0647270679473877,"The Super Bowl LII halftime show will be held on February 4, 2018.",,,,entailment,1,0.9805724620819092
404,chief starr and the raiders of the galaxy,,False,I don't know,,,,neutral,0,0.15038295090198517,Star vs. the Forces of Evil,,,,neutral,0,0.24376420676708221
405,does president have to be born in usa,,False,I don't know,,,,neutral,0,0.038109734654426575,"President of the United States, John F. Kennedy Assuming office Chief Justice of the United States, Earl Warren Administering oath Vice President of the United States Lyndon B. Johnson As President",,,,neutral,0,0.07992453128099442
406,when did saudi arabia became a member of the un,,False,Croatia,,,,contradiction,0,0.08748098462820053,Croatia.,,,,contradiction,0,0.11870580166578293
407,where does the phrase up and adam come from,,False,I don't know,,,,neutral,0,0.09915246814489365,The phrase entered the American lexicon early in its colonial history through the 1630 sermon  A Model of Christian Charity '' preached by Puritan John Winthrop while still aboard the ship.,,,,contradiction,0,0.031587883830070496
408,who influenced the pure food and drug act,,False,I don't know,,,,contradiction,0,0.036196764558553696,Stat. 416 ( 1912 ) ( Sherley Amendment ) /Li> 37 U.S. Stat. 732 ( 1913 ) ( Gould Amendment ) /Li> 41 U.S. Stat. 271 ( 1919 ) ( Ken,,,,contradiction,0,0.24048355221748352
409,who won the women's championship at wimbledon this year,Garbiñe Muguruza,True,I don't know,0.0,0.0,1.0,contradiction,0,0.1474703848361969,The following players were not in the Wimbledon Ladies'Singles Champions Tr> Th> Location /Th> Tr> Th> Venue /Th> AELTC /Tr> /Tr> Th> ,0.0,0.0,1.0,neutral,0,0.048795007169246674
410,what's the difference between flank steak and round steak,,False,I don't know,,,,contradiction,0,0.2431502640247345,The French fries are a type of French fries.,,,,entailment,1,0.8713233470916748
411,this must be the place talking heads naive melody,,False,I don't know,,,,neutral,0,0.22167286276817322,"Kilmer is most remembered for  Trees '', which has been the subject of frequent parodies and references in popular culture.",,,,neutral,0,0.05525200814008713
412,how to find the molar mass of copper ii nitrate,,False,I don't know,,,,contradiction,0,0.14806899428367615,"/Tr> /Tr> /Tr> /Tr> Th colspan=""2""> Names /Th> /Tr> Tr> Td colspan=""2""> ",,,,entailment,1,0.5639155507087708
413,where are the non metals located on the periodic table,,False,I don't know,,,,neutral,0,0.08626243472099304,/Td> /Tr> /Tr> /Tr> /Tr> /Tr> /Tr> /Tr> /Tr> /Tr> /T,,,,entailment,1,0.37325146794319153
414,how many verses in each chapter of the bible,,False,I don't know,,,,neutral,0,0.03402085229754448,/P> P>,,,,neutral,0,0.14703813195228577
415,who won second place in miss universe 2017,Laura González,True,I don't know,0.0,0.0,0.0,neutral,0,0.1579379290342331,"The pageant has awarded a top - five finalists from 1952 to 1989 and from 2001 up to 2014, with the first, second, third and fourth runner - up being awarded.",0.0,0.0,0.0,entailment,1,0.781290590763092
416,did the milwaukee brewers ever won a world series,,False,Larry O'Brien Championship Trophy,,,,contradiction,0,0.08166325837373734,Rings.,,,,neutral,0,0.2745266556739807
417,when does the new wheel of fortune season start,"September 10, 2018",True,I don't know,0.0,0.0,0.0,neutral,0,0.06614512205123901,"The second half of the season aired entirely in February 2017 on weekdays, with either a half - episode segment or a full episode premiering each day.",0.0,0.0,0.0,neutral,0,0.006200155708938837
418,when does ricky find out adrian is pregnant,,False,I don't know,,,,contradiction,0,0.08555088937282562,The series follows Jane Villanu.,,,,contradiction,0,0.022377990186214447
419,the justice for victims of trafficking act of 2015,,False,I don't know,,,,neutral,0,0.14439085125923157,2016 /Th> /Tr> Table> Victims of Trafficking and Violence Protection Act of 2000 /Tr> /Tr> /Tr> /Tr> /Tr> /Tr>,,,,entailment,1,0.5613245964050293
420,where have you gone charming billy by tim o'brien,,False,Aram and Mourad met at a schoolhouse.,,,,neutral,0,0.006707215681672096,Aram Garoghlanian was a young Armenian boy who was a student at the school of George Washington Johnson.,,,,entailment,1,0.7801889777183533
421,tom and jerry movie the fast and the furry,,False,I don't know,,,,contradiction,0,0.24735035002231598,"The Fast and the Furious /Th> /Th> /Th> /Th> /Th> /Tr> Th colspan=""2""> The Fast and the Furious /Th> /Th> ",,,,entailment,1,0.4968407154083252
422,who has been elected next president of united nations 2018,María Fernanda Espinosa,True,I don't know,0.0,0.0,0.0,neutral,0,0.24145059287548065,Miroslav Laják since 12 September 2017 /Tr> /Tr> /Tr> Tr> Tr> Th> Style /Th> Td> His Excellency /Td,0.0,0.0,0.0,entailment,1,0.8323886394500732
423,names of governors of all 29 indian states,,False,I don't know,,,,contradiction,0,0.04596169292926788,In the Republic of India,,,,entailment,1,0.5179250836372375
424,when was the myers briggs type indicator developed,during World War II,True,Marsh,0.0,0.0,0.0,neutral,0,0.28561845421791077,"The Marsh test is a highly sensitive method in the detection of arsenic, especially useful in the field of forensic toxicology when arsenic was used as a poison.",0.0,0.0,0.0,neutral,0,0.042108505964279175
425,when was the last time australia won the rugby world cup,1999,True,I don't know,0.0,0.0,1.0,neutral,0,0.1694067418575287,The 2018 FIFA World Cup is a tournament in which 79 national teams have entered the competition.,0.0,0.0,1.0,contradiction,0,0.022204075008630753
426,what are the commonwealth countries of the united kingdom,,False,I don't know,,,,contradiction,0,0.3245986998081207,The Commonwealth of Nations is a voluntary association of 53 sovereign states.,,,,entailment,1,0.9749954342842102
427,why is the bible called the king james version,,False,I don't know,,,,contradiction,0,0.20416180789470673,/Tr> /Tr> /Tr> /Tr> /Tr> /Tr> /Tr> /Tr> /Tr> /Tr> /T,,,,contradiction,0,0.4087243378162384
428,where was the movie it's complicated filmed,New York City,True,I don't know,0.0,0.0,0.0,contradiction,0,0.0143445348367095,"The first season premiered on April 17, 2011, on HBO.",0.0,0.0,0.0,entailment,1,0.8363347053527832
429,how many flights to the top of the eiffel tower,,False,I don't know,,,,contradiction,0,0.18589408695697784,"The Eiffel Tower /Th> /Tr> Tr> Td colspan=""2""> The Eiffel Tower /Th> /Tr> Td colspan=""2""> Tour Eiffel /Th",,,,entailment,1,0.6784611344337463
430,who plays the coach's daughter in friday night lights,,False,I don't know,,,,neutral,0,0.09020671993494034,"Jenner ), their half - sisters Kendall and Kylie Jenner, and Kourtney's now ex-boyfriend, Scott Disick.",,,,entailment,1,0.6336191296577454
431,how many episodes of pretty little liars on netflix,,False,I don't know,,,,contradiction,0,0.14521761238574982,"The tenth season debuted on March 27, 2018.",,,,entailment,1,0.9778792262077332
432,where are radar detectors illegal in the us,,False,I don't know,,,,neutral,0,0.1355583369731903,"The agency was formed on June 19, 1934.",,,,neutral,0,0.0030647171661257744
433,what is the purpose of sinners in the hands of an angry god,,False,will,,,,neutral,0,0.13373000919818878,weakened but not destroyed by original sin,,,,neutral,0,0.05180365964770317
434,where did the term how's tricks come from,,False,"I don't know) is a proverb that originated in Wales, and was particularly prevalent in Pembrokshire.",,,,contradiction,0,0.08518998324871063,P> P> /P> /P> /P> /P> /P> /P> /P> /P> /P> /P> /P> ,,,,contradiction,0,0.050509944558143616
435,who wrote the story for the shape of water,Guillermo del Toro,True,Constitutional Convention,0.0,0.0,0.0,neutral,0,0.15972545742988586,States.,0.0,0.0,0.0,neutral,0,0.1864483654499054
436,what is vouching how would you vouch the cash book,,False,I don't know,,,,neutral,0,0.20455536246299744,Occam's razor.,,,,entailment,1,0.820421040058136
437,when do fifty shades of freed come out,"February 9, 2018",True,I don't know,0.0,0.0,0.0,neutral,0,0.21047908067703247,"The single was released on September 19, 2018 ( 2018 - 09 - 19 ) /Td> /Tr> Tr> Tr> Th colspan=""2""> /Tr> Tr> ",0.0,0.09090909090909091,0.0,entailment,1,0.7318143844604492
438,when you find a fork in the road take it meaning,,False,I don't know,,,,contradiction,0,0.025533711537718773,"The past success of radar detectors was based on the fact that radio - wave beam can not be narrow - enough, so the detector usually senses stray and scattered radiation",,,,neutral,0,0.004496060311794281
439,who did the royals play in the world series,,False,I don't know,,,,contradiction,0,0.1886509358882904,"The Kansas City Royals /Th> /Tr> Tr> Tr> Td colspan=""2""> Kansas City Royals /Th> /Tr> Tr> Td colspan",,,,entailment,1,0.768709123134613
440,what happened to the first danny on full house,,False,I don't know,,,,contradiction,0,0.12200756371021271,"The proverb "" All work and no play makes Jack a dull boy "" is a proverb.",,,,entailment,1,0.6576107740402222
441,why they call new york the big apple,,False,I don't know,,,,neutral,0,0.10612176358699799,"The proverb originated in Wales, and was particularly prevalent in Pembrokshire.",,,,entailment,1,0.9598566889762878
442,when were hungry love will keep us alive lyrics,,False,I don't know,,,,neutral,0,0.016393810510635376,The song was inducted into the Canadian Songwriters Hall of Fame.,,,,neutral,0,0.005155679304152727
443,why does the eye of a hurricane have low pressure,,False,I don't know,,,,neutral,0,0.0970361977815628,The trade winds can cause a lot of damage.,,,,neutral,0,0.01075249444693327
444,where is the lighthouse in lighthouse point fl,Hillsboro Beach,True,I don't know,0.0,0.0,0.0,contradiction,0,0.25809141993522644,"Lighthouse Point is located in Broward County, Florida, United States of America.",0.0,0.0,0.0,entailment,1,0.9677135944366455
445,who founded the first university in the world,Fatima bint Muhammad Al-Fihriya Al-Qurashiya,True,I don't know,0.0,0.0,0.0,neutral,0,0.136195570230484,"The first Western European institutions generally considered universities were established in the Kingdom of Italy, then part of the Holy Roman Empire, the Kingdom of England, the Kingdom of France, the Kingdom of Spain, and the Kingdom of Portugal between the 11th and 15th centuries for the study of the Arts and",0.0,0.0,0.0,entailment,1,0.9850881695747375
446,when do you stop growing new facial hair,,False,I don't know,,,,neutral,0,0.2902034819126129,big hair icon.,,,,entailment,1,0.493338406085968
447,if you ever want to be in love song download,,False,I don't know,,,,contradiction,0,0.1709449589252472,James Bay /Li> Li> Jimmy Hogarth /Li> Steve McEwan /Li> /Tr> Th>,,,,neutral,0,0.25015494227409363
448,when did tiger win his last pga tournament,2007,True,I don't know,0.0,0.0,1.0,contradiction,0,0.17879918217658997,Tiger Woods /Th> /Th> /Th> /Th> /Th> /Th> /Th> /Th> /Th> /Th> /Th> /Th> ,0.0,0.0,1.0,entailment,1,0.5230657458305359
449,how many book are there of fifty shades of grey,,False,I don't know,,,,neutral,0,0.04084903746843338,The series contains some songs making their first CD appearance ( in some rare cases ).,,,,neutral,0,0.02317172661423683
450,who wrote aerosmith i don't want to miss a thing,Diane Warren,True,I don't know,0.0,0.0,1.0,contradiction,0,0.20313508808612823,Aerosmith /Th> /Th> /Tr> /Tr> /Tr> /Tr> /Th> /Th> /Th> /Th> /Th> /,0.0,0.0,1.0,entailment,1,0.7391864061355591
451,who were the characters on dukes of hazzard,,False,I don't know,,,,contradiction,0,0.2350786179304123,Year - old in HP7,,,,contradiction,0,0.22299614548683167
452,artists with top 40 hits in 4 decades,,False,I don't know,,,,neutral,0,0.01631968840956688,"/P> P> All artists included on this list, which have begun charting on official albums or singles charts have their available claimed figures supported by at least 20 % in certified units.",,,,entailment,1,0.9370962381362915
453,cast of i can be bad all by myself,,False,I don't know,,,,contradiction,0,0.13266652822494507,Theatrical release poster /Td> /Tr> /Tr> /Tr> Th> Directed by /Th> Td> Tyler Perry /Td> /Tr> ,,,,entailment,1,0.6058371663093567
454,when does season two of i am frankie come out,,False,"season aired entirely in February 2017 on weekdays, with either a half - episode segment or a full episode premiering each day.",,,,neutral,0,0.4484046399593353,"The second half of the season aired entirely in February 2017 on weekdays, with either a half - episode segment or a full episode premiering each day.",,,,neutral,0,0.009667126461863518
455,the day after we broke up korean drama,,False,"Japan between April 2 and July 2, 2006.",,,,contradiction,0,0.1654438078403473,"The first season, consisting of 14 episodes, aired in Japan between April 2 and July 2, 2006, airing in a nonlinear order in its original broadcast.",,,,neutral,0,0.02412964589893818
456,which country won the last south pacific games 2017,,False,I don't know,,,,contradiction,0,0.15856848657131195,The 2018 FIFA World Cup /Th> /Th> /Th> /Th> /Th> /Th> /Th> /Th> /Th> /Th> /Th> /Th,,,,entailment,1,0.722234845161438
457,what is the point of a bloody mary,,False,I don't know,,,,entailment,1,0.488668292760849,The Bloody Mary is a mixed drink containing 4.5 cl ( 3 parts ) Vodka /Li> /Ul> /Td> /Tr> /Tr> /Tr> /T,,,,neutral,0,0.15556646883487701
458,when did virgin active start in south africa,,False,I don't know,,,,neutral,0,0.13724280893802643,"The cover of Calvin and Hobbes, the first collection of comic strips, released in April 1987 /Td> /Tr> /Tr> /Tr> Tr> Td> Current status / schedule /",,,,entailment,1,0.5279678106307983
459,what was the capital of brazil before brasilia,Rio de Janeiro,True,I don't know,0.0,0.0,1.0,neutral,0,0.3214030861854553,"The annexation of the Republic of Texas in 1845 led directly to the Mexican -- American War, after which the victorious United States obtained the northern half of Mexico's",0.0,0.0,1.0,neutral,0,0.020081544294953346
460,where was the kath and kim movie filmed,Positano,True,I don't know,0.0,0.0,0.0,contradiction,0,0.004582737106829882,"Ireland, Iceland and Spain.",0.0,0.0,0.0,contradiction,0,0.004535655491054058
461,who is responsible for setting up the configuration libraries,,False,I don't know,,,,neutral,0,0.35173898935317993,The schema is a set of formulas ( sentences ) called integrity constraints imposed on a database.,,,,entailment,1,0.6328303217887878
462,what is red's real name on that 70's show,"Reginald Albert ""Red"" Forman",True,Scott Disick,0.0,0.0,0.0,neutral,0,0.2607071101665497,Scott Disick.,0.0,0.0,0.0,contradiction,0,0.21388569474220276
463,oranhe is the new black season 5 cast,,False,I don't know,,,,contradiction,0,0.21176941692829132,"Orange Is the New Black ( season 5 ) /Th> /Th> /Th> Td colspan=""2""> Promotional poster /Th> /Tr> Tr> Th> Starring ",,,,entailment,1,0.6840271353721619
464,where does the saying you can't have your cake and eat it too come from,,False,I don't know,,,,neutral,0,0.02642027847468853,The proverb is a common English idiomatic proverb of Welsh origin.,,,,neutral,0,0.07982931286096573
465,when is the new pitch perfect coming out,,False,I don't know,,,,contradiction,0,0.08027003705501556,The album is a studio album by Ariana Grande.,,,,entailment,1,0.9716323018074036
466,when was the demonetization first time done in india,,False,I don't know,,,,contradiction,0,0.15723448991775513,/Tr> /Tr> Th> Date /Th> Td> 8 November 2016 /Tr> /Tr> Th> Time /Th> Td> 20 : 15 IST (,,,,contradiction,0,0.27642759680747986
467,how much money did blink 182 get for rock show,,False,Pearl Jam,,,,entailment,1,0.44722193479537964,Justin Tour,,,,neutral,0,0.2516340911388397
468,where are the lobes of the brain located,,False,I don't know,,,,contradiction,0,0.1142820492386818,The human brain is the brain of the human body.,,,,neutral,0,0.2429816573858261
469,what will you do about me randy travis,,False,I don't know,,,,neutral,0,0.15060479938983917,"The sentence "" I'm Only Human '' is a quotation from the comic book character Superman.",,,,neutral,0,0.1838727444410324
470,when did nhl start 3 on 3 overtime,2015–16 NHL season,True,I don't know,0.0,0.0,0.0,neutral,0,0.41502195596694946,The number of championships won by NBA superstars is often used as a measurement of their greatness.,0.0,0.0,0.0,neutral,0,0.05894986167550087
471,who is the founder of red cross society,Henry Dunant,True,I don't know,0.0,0.0,1.0,contradiction,0,0.1460733413696289,"The Geneva Conventions'three emblems in use : Red Cross, Red Crescent, Red Crystal /Td> /Tr> Tr> Tr> Th> Founded /Th> Ul> L",0.0,0.0,1.0,entailment,1,0.8228268027305603
472,what are the three rivers of pittsburgh pennsylvania,Allegheny,True,I don't know,0.0,0.0,0.0,neutral,0,0.17084291577339172,Three Rivers Park /Th> /Tr> Tr> Th> Type /Th> Td> Municipal Park /Tr> Th> Location /Th> Td> Td> ,0.0,0.0,0.0,entailment,1,0.36601582169532776
473,who was involved in the 1992 la gang truce and peace talks,,False,I don't know,,,,neutral,0,0.08086733520030975,"The Watts truce was a 1992 peace agreement among rival street gangs in Los Angeles, California, declared in the neighborhood of Watts.",,,,entailment,1,0.542569100856781
474,is italy an example of a unitary government,,False,I don't know,,,,neutral,0,0.25001007318496704,The European Union ( EU ) has expanded a number of times throughout its history by way of the accession of new member states to the Union.,,,,entailment,1,0.97971510887146
475,what happened after the battle at lexington and concord,,False,Great Britain,,,,entailment,1,0.4496856927871704,Britain /Li> Li> Kingdom of France /Li> Spanish Empire /Li> /Li> /Td> /Tr> Th> Parties /Th> Td> ,,,,contradiction,0,0.25963979959487915
476,what were the two super powers during the cold war,Soviet Union,True,I don't know,0.0,0.0,1.0,neutral,0,0.013764393515884876,"The Cold War was a state of geopolitical tension after World War II between powers in the Eastern Bloc ( the Soviet Union and its satellite states ) and powers in the Western Bloc ( the United States, its NATO allies and others ).",0.0,0.09523809523809523,1.0,neutral,0,0.01687861606478691
477,at present who is the speaker of lok sabha,Sumitra Mahajan,True,I don't know,0.0,0.0,0.0,contradiction,0,0.1470290720462799,Yogi Adityanath since 19 March 2017 /Td> /Tr> Tr> Tr> Th> Appointer /Th> Td> Governor of Uttar Pradesh /Td> /T,0.0,0.0,0.0,entailment,1,0.48376405239105225
478,who voices the faceless old woman who secretly lives in your home,Mara Wilson,True,I don't know,0.0,0.0,0.0,contradiction,0,0.007447378244251013,Drew Carey is the main protagonist of the series.,0.0,0.0,0.0,contradiction,0,0.1795320361852646
479,throw the baby out with the bathwater example,,False,I don't know,,,,neutral,0,0.21043157577514648,"The trigger time to optical stimulus is, in spite of the low temperatures, only 55 milliseconds.",,,,neutral,0,0.13620799779891968
480,who played the mother in my big fat greek wedding,,False,Leah became recurring cast members,,,,entailment,1,0.9507772922515869,Leah became recurring cast members.,,,,entailment,1,0.968686044216156
481,when did sweet dreams are made of this come out,1983,True,I don't know,0.0,0.0,1.0,neutral,0,0.2801525592803955,"Eurythmics /Th> /Tr> Tr> Tr> Th colspan=""2""> /Tr> /Tr> Th colspan=""2""> Single by Eurythmic",0.0,0.0,1.0,entailment,1,0.7253166437149048
482,when were catholic churches allowed back in england,Dioceses (replacing districts) were re-established by Pope Pius IX in 1850,True,I don't know,0.0,0.0,0.0,contradiction,0,0.3592709004878998,"Westminster Cathedral, City of Westminster, London /Td> /Tr> /Tr> /Tr> Th> Classification /Th> Catholic /Td> /Tr> /Tr>",0.0,0.0,0.0,entailment,1,0.5381816029548645
483,where is biltmore estate located and what is it famous for,,False,United Kingdom countries.,,,,neutral,0,0.17663295567035675,"The first is the method of calculating the location of the geographical centre of the United Kingdom, and the second is the method of determining the location of the geographical centre of the United Kingdom, and the third is the method of determining the location of the geographical centre of the United Kingdom.",,,,entailment,1,0.3538958430290222
484,who plays wendy the waitress in how i met your mother,Charlene Amoia,True,I don't know,0.0,0.0,0.0,contradiction,0,0.18015460669994354,"The Mindy Project is an American comedy television series which aired on Fox for three seasons from on September 25, 2012, to March 24, 2015.",0.0,0.0,0.0,entailment,1,0.974821150302887
485,stevie wonder i don't know why i love you,,False,I don't know,,,,contradiction,0,0.1398511528968811,"The call - and - answer is potentially infinitely recursive, limited only by the number of participants or the amount of time the participants wish to spend on it.",,,,neutral,0,0.2608211934566498
486,where did the night at the museum take place,New York City's American Museum of Natural History,True,Sparta is not near any interstate highway or state boundary,0.0,0.0,0.0,contradiction,0,0.04029741883277893,Sparta is not near any interstate highway or state boundary.,0.0,0.0,0.0,contradiction,0,0.04650816321372986
487,a capacitor that transfers an ac signal from one stage to another is called a,,False,I don't know,,,,neutral,0,0.14797228574752808,"Synthesizers without built - in controllers are often called sound modules, and synthesizers without built - in controllers are often called sound modules.",,,,entailment,1,0.8552098274230957
488,which episode does pam and jim get together,,False,I don't know,,,,contradiction,0,0.1455230861902237,"The Office ( U.S. season 8 ) /Th> /Th> Table> Tr> Th colspan=""2"">  New Guys '' /Th> /Tr> Tr> ",,,,entailment,1,0.48331964015960693
489,what's the difference between windows 7 home basic and ultimate,,False,I don't know,,,,contradiction,0,0.1636354774236679,"The first release of the first version of the game was on September 13, 2016.",,,,contradiction,0,0.058066174387931824
490,colonialism and nationalism in india meaning in hindi,,False,I don't know,,,,neutral,0,0.0925765335559845,The Mughals ( 1526 -- 1540 ) Suris ( 1540 - 1553 ) Hindu - Hemu ( 1553 -- 56 ) Mughals ( 1556 - 1757 ) Marat,,,,neutral,0,0.1065969318151474
491,list of food items of different regions of india,,False,Members of Parliament),,,,neutral,0,0.03396514430642128,The Lok Sabha is made up of Members of Parliament ( MPs ).,,,,neutral,0,0.0873369425535202
492,what are freshmen called at the air force academy,Fourth class cadets,True,I don't know,0.0,0.0,0.0,contradiction,0,0.10843649506568909,"The United States Air Force Academy, Colorado, U.S. /Td> /Tr> Tr> Th> motto is Integrity First, Service Before Self, Excellence in All We Do /Td> /Tr",0.0,0.0,0.0,neutral,0,0.06129879131913185
493,who played rosario on will & grace and is she still alive,,False,Lana Parrilla,,,,entailment,1,0.5173725485801697,Lana Parrilla /Th> /Tr> Tr> Tr> Tr> Tr> Tr> Tr> Tr> Tr> Tr> Tr,,,,contradiction,0,0.0601595975458622
494,who's had the most number one singles,,False,I don't know,,,,neutral,0,0.08513820171356201,are likely to have more number - one singles.,,,,neutral,0,0.38592323660850525
495,who began the religious change in england and who carried out the change over several years,,False,I don't know,,,,contradiction,0,0.22671224176883698,"Christianity is the major religion, followed by Islam, Hinduism, Sikhism, Judais, and Judais.",,,,contradiction,0,0.00902178417891264
496,who is the voice of smokey the bear,,False,I don't know,,,,neutral,0,0.34145912528038025,"Mark L. Young ( born Markell V. Efimoff January 1, 1991 ) is an American actor.",,,,entailment,1,0.9449872374534607
497,mai rahoon ya na rahoon song movie name,,False,I don't know,,,,neutral,0,0.007094166241586208,The music of Mohammed Rafi is the music of Laxmikant Pyarelal.,,,,entailment,1,0.6454192399978638
498,how old was jordan when he played for wizards,,False,I don't know,,,,contradiction,0,0.23487046360969543,Emsley A. Laney /Td> /Tr> /Tr> Th> College /Th> North Carolina /Td> North Carolina /Td> High school /Th> Emsley A. Laney ,,,,contradiction,0,0.19934241473674774
499,what kind of gin for long island iced tea,,False,I don't know,,,,neutral,0,0.3553577959537506,The Long Island Iced Tea was named for its visual resemblance to non-alcoholic Iced tea.,,,,entailment,1,0.909084677696228
500,how many gold medals did nz win in the 2018 commonwealth,46,True,I don't know,0.0,0.0,1.0,contradiction,0,0.0726877823472023,The medals were ranked 5th in the medals table.,0.0,0.0,1.0,neutral,0,0.003750166855752468
501,who is the actor playing terry on general hospital,Cassandra James,True,Breaking Bad,0.0,0.0,0.0,contradiction,0,0.09849339723587036,"Breaking Bad is an American television drama series created by Vince Gilligan, which premiered in 2008 on the cable network AMC.",0.0,0.0,0.0,contradiction,0,0.03175351768732071
502,which of the following is not a mental change that takes place during young adulthood,,False,I don't know,,,,neutral,0,0.09605865180492401,"The term emerging adulthood is highly controversial within the developmental field, with developmental psychologists contested over the legitimacy of Arnett's theories and methods.",,,,neutral,0,0.014791131019592285
503,how many characters are there in coronation street,,False,United Kingdom,,,,contradiction,0,0.02794775925576687,United Kingdom.,,,,contradiction,0,0.02717575617134571
504,which group took control of the middle east from the arab,,False,I don't know,,,,neutral,0,0.16755656898021698,The Carolingian Empire.,,,,contradiction,0,0.09475179761648178
505,who is the leader of the state government in australia,the Queen of Australia,True,India,0.0,0.0,0.0,contradiction,0,0.16612301766872406,Constitutional powers.,0.0,0.0,0.0,contradiction,0,0.28178200125694275
506,when was national food security act introduced in rajasthan,22 December 2011,True,Saka calendar,0.0,0.0,0.0,contradiction,0,0.014903461560606956,Nepal Sambat.,0.0,0.0,0.0,contradiction,0,0.018023574724793434
507,good morning america what time does it start,7:00 to 9:00 a.m. in all U.S. time zones (live in the Eastern Time Zone and on tape delay elsewhere across the country),True,I don't know,0.0,0.0,0.0,contradiction,0,0.10297360271215439,VideoHelper ( 2004 -- 06 ) /Li>,0.0,0.0,0.0,contradiction,0,0.10839061439037323
508,what kind of peppers are in dave's insanity sauce,,False,Mimi Bobeck,,,,neutral,0,0.05586671456694603,Mimi Bobeck is a prankster.,,,,neutral,0,0.05941615626215935
509,who sang the song late december back in 63,,False,I don't know,,,,neutral,0,0.1092374175786972,The song was written by George Johnson.,,,,contradiction,0,0.07737159729003906
510,beginning in the 1820s which type of deference characterized american politics,,False,U.S. television channels,,,,neutral,0,0.16040392220020294,The address is now broadcast live across the country on many networks.,,,,neutral,0,0.003713067853823304
511,list the iso 9000 series of quality management standards,,False,I don't know,,,,contradiction,0,0.10752624273300171,NAIRU ).,,,,neutral,0,0.1916455328464508
512,what happened to the equal rights amendment quizlet,,False,You 'll Never Make Love In This Town Again.,,,,neutral,0,0.06063280627131462,"The Watts truce was a 1992 peace agreement among rival street gangs in Los Angeles, California, declared in the neighborhood of Watts.",,,,entailment,1,0.9765719771385193
513,what are the main sources of vitamin k,green leafy vegetables,True,I don't know,0.0,0.0,0.0,neutral,0,0.09575538337230682,Manna.,0.0,0.0,0.0,neutral,0,0.13513731956481934
514,when did the edwardian era start and end,1901 to 1910,True,I don't know,0.0,0.0,0.0,contradiction,0,0.11041126400232315,The Middle Ages or Medieval Period lasted from the 5th to the 15th century.,0.0,0.11764705882352941,0.0,contradiction,0,0.09069390594959259
515,impact of trade unions on the south african economy,,False,I don't know,,,,contradiction,0,0.061867617070674896,"Table> Trade unions in South Africa Tr> Th> COSATU, FEDUSA, NACTU, CONSAWU /Td> /Tr> Tr> Tr> Tr> ",,,,contradiction,0,0.07476146519184113
516,who sang put one foot in front of the other,,False,I don't know,,,,contradiction,0,0.17538830637931824,The song was first performed in Annie Get Your Gun by Ethel Merman and Ray Middleton.,,,,contradiction,0,0.02553587220609188
517,what type of sharks can you have as pets,,False,I don't know,,,,contradiction,0,0.060502514243125916,"The sentence "" Several attempts to keep a Great White Shark in captivity have been attempted, but most specimens died or had to be released after a short time.",,,,entailment,1,0.883735179901123
518,in step 1 of the reid technique interrogation,,False,I don't know,,,,contradiction,0,0.15587928891181946,"The Reid technique is a registered trademark of John E. Reid and Associates, and is widely used by law - enforcement agencies in North America.",,,,entailment,1,0.9767986536026001
519,what was the copperheads position on fighting the war,opposed the American Civil War and wanted an immediate peace settlement with the Confederates,True,I don't know,0.0,0.0,0.0,neutral,0,0.010094798170030117,The British paid little attention to the war.,0.0,0.2727272727272727,0.0,neutral,0,0.007440845016390085
520,where was the film call me by your name filmed,,False,I don't know,,,,contradiction,0,0.08641911298036575,The theatre was dismantled and the timbers used in the construction of the Globe Theatre on Bankside.,,,,neutral,0,0.04038525000214577
521,when was rudolph the red nosed reindeer written,1939,True,I don't know,0.0,0.0,0.0,contradiction,0,0.16804499924182892,"The work's image has been maintained and reinforced through song, radio, television, children's books, films, and advertising.",0.0,0.0,0.0,neutral,0,0.007538394071161747
522,of the three vastus muscle of the quadriceps which is the largest,,False,I don't know,,,,contradiction,0,0.2116604745388031,The quadriceps femoris muscle is a muscle in the quadriceps femoris family.,,,,entailment,1,0.8454878330230713
523,game of thrones who's who season 1,,False,I don't know,,,,neutral,0,0.22841374576091766,The Secret Life of the American Teenager ),,,,entailment,1,0.6781932711601257
524,what is the haunting of whaley house about,,False,I don't know,,,,contradiction,0,0.16527855396270752,"The Whaley House is located at 2476 San Diego Avenue in San Diego, California.",,,,entailment,1,0.8549092411994934
525,describe the powers that the president has in the role of commander in chief,,False,President,,,,neutral,0,0.36958014965057373,"The United States presidential line of succession follows the order of Vice President, Speaker of the House of Representatives, President pro tempore of the Senate, and then the heads of federal executive departments who form the Cabinet of the United States.",,,,contradiction,0,0.011929407715797424
526,mere jane ke baad mujhe yaad karoge mp3 download,,False,I don't know,,,,contradiction,0,0.1345108300447464,Armaan Malik /Th> /Th> Tr> Th> Th> Single by Armaan Malik /Th> /Th> Tr> Th> Released /Th> T,,,,entailment,1,0.6103313565254211
527,when does season 3 of lucifer come out,"October 2, 2017",True,I don't know,0.0,0.0,0.0,contradiction,0,0.139406219124794,tenth season of Lucifer,0.0,0.0,0.0,contradiction,0,0.08857306838035583
528,who wrote the music for the moody blues,,False,I don't know,,,,contradiction,0,0.10261569172143936,"The song was first recorded by Corinne Morgan and Frank C. Stanley in 1905 and has been recorded since by many famous artists including opera tenors John McCormack and Jan Peerce, early country singer Fiddlin'John Carson, country singer Slim Whitman,",,,,neutral,0,0.15811772644519806
529,what kind of currency is used in new zealand,New Zealand dollar,True,I don't know,0.0,0.0,1.0,contradiction,0,0.21768319606781006,The New Zealand dollar is a New Zealand dollar.,0.0,0.5,1.0,entailment,1,0.9466907978057861
530,when are wales playing in the world cup,,False,I don't know,,,,neutral,0,0.12297962605953217,UEFA Group D,,,,contradiction,0,0.29003259539604187
531,when was the last time mount shasta was active,about two centuries ago,True,I don't know,0.0,0.0,0.0,contradiction,0,0.11222561448812485,a third season.,0.0,0.0,0.0,neutral,0,0.13848507404327393
532,south park pandemic 2 the startling full episode,,False,I don't know,,,,contradiction,0,0.25089317560195923,Pandemic 2 : The Startling /Th> /Th> /Tr> Tr> Tr> Tr> Tr> Tr> Tr> Tr> Tr,,,,entailment,1,0.4999954104423523
533,who sings the song fly me to the moon,,False,I don't know,,,,contradiction,0,0.0795331597328186,America '' is a song from the musical West Side Story.,,,,entailment,1,0.8422364592552185
534,is the great barrier reef the biggest reef in the world,,False,dormant volcanoes,,,,contradiction,0,0.08613267540931702,"The Mariana Trench or Marianas Trench, located in the western Pacific Ocean approximately 200 kilometres ( 124 mi ) east of the Mariana Islands, is the deepest point in the world's oceans.",,,,entailment,1,0.771157443523407
535,who played laura palmers mom in twin peaks,,False,I don't know,,,,neutral,0,0.09020671993494034,"Jenner ), their half - sisters Kendall and Kylie Jenner, and Kourtney's now ex-boyfriend, Scott Disick.",,,,entailment,1,0.6336191296577454
536,who does lucy hale play in secret of the wings,,False,Walt Disney Studios Motion Pictures,,,,contradiction,0,0.08762355148792267,Walt Disney Studios Motion Pictures ( Thea ),,,,contradiction,0,0.10394059121608734
537,who was the oldest of the bee gees,,False,I don't know,,,,contradiction,0,0.006965331267565489,Bee Gees.,,,,contradiction,0,0.007867714390158653
538,triple h vs shawn michaels bad blood 2004,,False,I don't know,,,,neutral,0,0.10485861450433731,The title was reactivated in July 2003.,,,,contradiction,0,0.01860504038631916
539,which is first dawn of the planet of the apes or rise of the planet of the apes,Rise of the Planet of the Apes,True,Christmas,0.0,0.0,1.0,contradiction,0,0.3231452405452728,Christmas.,0.0,0.0,1.0,contradiction,0,0.06710018217563629
540,who visited niagra falls twice before becoming president,,False,I don't know,,,,neutral,0,0.10245805233716965,"The Associated Press reporter Robert E. Geiger happened to be in Boise City, Oklahoma, to witness the  Black Sunday '' black blizzard",,,,neutral,0,0.025813264772295952
541,who has the power to veto a bill,,False,Constitutional powers has increased,,,,neutral,0,0.0644514411687851,"The Constitution of India also empowers the governor to act upon his or her own discretion, such as the ability to appoint or dismiss a ministry, recommend President's rule, or reserve bills for the President's assent.",,,,neutral,0,0.00495685450732708
542,when is the next season of americas got talent,,False,I don't know,,,,neutral,0,0.25504109263420105,"2""> America's Got Talent /Th> /Th> /Th> /Tr> Tr> Td colspan=""2""> Promotional poster for the season. /Td> /T",,,,entailment,1,0.6524456143379211
543,coriolosis component of acceleration can be found in,the Earth,True,I don't know,0.0,0.0,1.0,neutral,0,0.22899770736694336,The Coriolis force is proportional to the mass of the object.,0.0,0.15384615384615385,1.0,entailment,1,0.9852862358093262
544,which of the following is a high biological value food for protein,,False,I don't know,,,,neutral,0,0.005445149727165699,Biomass is measured as the mass of organically bound carbon ( C ) that is present.,,,,neutral,0,0.005216021556407213
545,according to thomas hobbes in leviathan what does the term leviathan mean in a biblical sense,,False,Icarus),,,,contradiction,0,0.11111461371183395,Icarus ) is a mythological figure.,,,,contradiction,0,0.057098232209682465
546,evaluation of moore’s in the semiconductor industry,,False,I don't know,,,,neutral,0,0.06175306439399719,The crystalline silicon is a type of silicon.,,,,neutral,0,0.23057565093040466
547,who sings i always feel like somebody's watching me,TRU,True,I don't know,0.0,0.0,1.0,neutral,0,0.26698482036590576,Rockwell /Th> /Th> /Th> /Th> /Th> /Th> /Th> /Th> /Th> /Th> /Th> /Th> ,0.0,0.0,1.0,entailment,1,0.44734853506088257
548,where is lebron on the all time scoring list,7,True,I don't know,0.0,0.0,1.0,contradiction,0,0.00760099058970809,The NBA has been proposed to merge LeBron James Jr. into this article.,0.0,0.0,1.0,contradiction,0,0.041775863617658615
549,who wrote there's nothing holdin me back,Shawn Mendes,True,I don't know,0.0,0.0,1.0,contradiction,0,0.20875678956508636,"Shawn Mendes /Th> /Th> Tr> Th colspan=""2""> /Th> /Tr> Tr> Th colspan=""2""> Single by Shawn Mendes /",0.0,0.2222222222222222,1.0,entailment,1,0.6582978367805481
550,when was silicon added to the periodic table,1823,True,I don't know,0.0,0.0,1.0,contradiction,0,0.27377164363861084,"/Tr> /Tr> Tr> Th colspan=""2""> /Tr> /Tr> Th colspan=""2""> General properties /Th> /Th> /",0.0,0.0,1.0,contradiction,0,0.34373071789741516
551,what was going on in the world in 1500 ad,,False,Middle Ages,,,,neutral,0,0.23966358602046967,"Middle Ages, the Middle Ages or Medieval Period lasted from the 5th to the 15th century.",,,,entailment,1,0.9197415113449097
552,where are ligand gated channels found on a neuron,,False,obstructing factor),,,,contradiction,0,0.07323720306158066,obstructing factor).,,,,neutral,0,0.07923004031181335
553,where was the movie the killing fields filmed,,False,I don't know,,,,contradiction,0,0.011853073723614216,"The focus was primarily on Klaus ( Joseph Morgan ), Elijah ( Daniel Gillies ), and Rebekah ( Claire Holt ) who found out in the backdoor pilot, aired on April 25, 2013, how Hayley Marshall ( Pho",,,,neutral,0,0.003948581870645285
554,the whole is greater than the sum of it's parts,,False,I don't know,,,,neutral,0,0.08086489886045456,The term atomism was first used in the early 19th century.,,,,entailment,1,0.7970291376113892
555,where do the golden knights hockey team play,"at T-Mobile Arena on the Las Vegas Strip in Paradise, Nevada",True,I don't know,0.0,0.0,0.0,contradiction,0,0.12294413149356842,The 2018 NCAA Division I Men's Basketball Tournament /Th> /Tr> /Tr> /Tr> /Tr> /Tr> /Tr> /Tr> /Tr>,0.0,0.07142857142857142,0.0,entailment,1,0.7430366277694702
556,where is black sea located in the world,"between Eastern Europe, the Caucasus, and Western Asia",True,I don't know,0.0,0.0,0.0,contradiction,0,0.14022353291511536,"The Mariana Trench is located in the western Pacific Ocean approximately 200 kilometres ( 124 mi ) east of the Mariana Islands, is the deepest point in the world's oceans.",0.0,0.11111111111111112,0.0,contradiction,0,0.4190443456172943
557,how many volts does a wind-powered power station produce each day,,False,I don't know,,,,neutral,0,0.047416966408491135,Wind shear.,,,,neutral,0,0.18196189403533936
558,when can a person be held for a capital crime without benefit of presentment,"in cases arising in the land or naval forces, or in the Militia, when in actual service in time of War or public danger",True,dozens of members) is a more informal and less formal method of examining criminal cases.,0.0,0.10256410256410255,0.0,neutral,0,0.25805094838142395,grand juries) is more likely to be a criminal trial.,0.0,0.0,0.0,neutral,0,0.15603408217430115
559,is it an offence to take a picture of someone,,False,I don't know,,,,contradiction,0,0.005858617834746838,States.,,,,neutral,0,0.014972777105867863
560,when was central statistical organisation of india established,2 May 1951,True,I don't know,0.0,0.0,0.0,neutral,0,0.031555090099573135,"The Central Statistics Office ( CSO ) is a governmental agency in India under the Ministry of Statistics and Programme Implementation responsible for co-ordination of statistical activities in India, and evolving and maintaining statistical standards.",0.0,0.0,0.0,entailment,1,0.9291868805885315
561,what are the three parts of this url,,False,I don't know,,,,neutral,0,0.10222125053405762,The mode is a binary sequence.,,,,neutral,0,0.09218423068523407
562,when does the first 48 come back on,,False,I don't know,,,,contradiction,0,0.19062300026416779,"The first season of Blue Bloods aired on September 26, 2014 ( 2014 - 09 - 26 ) -- May 1, 2015 ( 2015 - 05 - 01 )",,,,contradiction,0,0.02592947892844677
563,when does jane the vigin season 5 come out,,False,"The show was ordered to series on May 8, 2014",,,,entailment,1,0.9663658142089844,"The show was ordered to series on May 8, 2014, followed by a full season order on October 21, 2014.",,,,entailment,1,0.9705532193183899
564,who plays red's voice in angry birds,Jason Sudeikis,True,I don't know,0.0,0.0,0.0,contradiction,0,0.04734222963452339,The show is set in New Orleans which the Mikaelson family and original vampires helped to build.,0.0,0.0,0.0,entailment,1,0.5053645372390747
565,what was the track of hurricane camille in 1969,,False,I don't know,,,,contradiction,0,0.15925897657871246,Camille was a Category 5 hurricane that weakened to Category 5 status on August 16.,,,,contradiction,0,0.15726245939731598
566,who has been to the bottom of the marianas trench,,False,I don't know,,,,neutral,0,0.11224065721035004,Sara Evans,,,,neutral,0,0.16571806371212006
567,smith and wesson model 19 serial number database,,False,I don't know,,,,neutral,0,0.15658007562160492,"Model 19 /Th> /Th> /Tr> Tr> Td colspan=""2""> Smith & Wesson Model 19 /Th> /Tr> Td> Td cols",,,,entailment,1,0.529397189617157
568,what was the first book that charles dickens published,The Pickwick Papers,True,I don't know,0.0,0.0,0.0,neutral,0,0.10278552025556564,"The book was written by Jonathan Swift, who was most famous for his book Gulliver's Travels.",0.0,0.10526315789473684,0.0,contradiction,0,0.4134964942932129
569,which major layer of the digestive tract consists of an epithelium and a lamina propria,,False,I don't know,,,,neutral,0,0.059337690472602844,"The basic function of xylem is to transport water from roots to shoots and leaves, but it also transports nutrients.",,,,entailment,1,0.9454650282859802
570,the figures from ain ghazal embody the centrality of the,,False,I don't know,,,,neutral,0,0.259472519159317,The theme of failure at the hands of hubris contains similarities.,,,,neutral,0,0.261273056268692
571,how many episodes is there in season 14 of greys anatomy,24,True,I don't know,0.0,0.0,1.0,contradiction,0,0.20144528150558472,"The number of episodes /Th> Td> 24 /Td> Tr> Tr> Th colspan=""2""> Grey's Anatomy ( season 14 ) /Th> /Tr>",0.0,0.10526315789473684,1.0,neutral,0,0.10731206089258194
572,how much fuel does the us military use,,False,I don't know,,,,contradiction,0,0.0433594211935997,"The Department of Defense uses 4,600,000,000 US gallons ( 1.7  10 L ) of fuel annually, an average of 12,600,000 US gallons ( 48,000,000 L ) of fuel per day.",,,,entailment,1,0.9178628325462341
573,who is the highest paid nba player in 2016,LeBron James,True,I don't know,0.0,0.0,1.0,neutral,0,0.15750433504581451,"The NBA Finals are held on February 7, 2016.",0.0,0.0,1.0,neutral,0,0.019309738650918007
574,why do ice cubes get smaller over time,,False,I don't know,,,,neutral,0,0.06836123019456863,"The sentence "" brain size usually increases with body size in animals "" means that the brain size of animals is not linear.",,,,entailment,1,0.4795231223106384
575,who has been on the throne the longest in england,Queen Elizabeth II,True,I don't know,0.0,0.0,1.0,contradiction,0,0.04992270842194557,"The last monarch of a distinct kingdom of England was Anne, who became Queen of Great Britain when England merged with Scotland to form a union in 1707.",0.0,0.06451612903225806,1.0,neutral,0,0.05523441359400749
576,where is earth within the milky way galaxy,Orion Arm,True,I don't know,0.0,0.0,0.0,neutral,0,0.3351215720176697,The Milky Way Galaxy is a galaxy in the night sky above Paranal Observatory.,0.0,0.0,0.0,entailment,1,0.8962559700012207
577,who plays shiv's ex boyfriend on succession,Ashley Zukerman,True,I don't know,0.0,0.0,0.0,entailment,1,0.5983723998069763,"The focus was primarily on Klaus ( Joseph Morgan ), Elijah ( Daniel Gillies ), and Rebekah ( Claire Holt ) who found out in the backdoor pilot",0.0,0.0,0.0,contradiction,0,0.008422616869211197
578,what is the population of yukon in 2017,"35,874 people",True,I don't know,0.0,0.0,0.0,neutral,0,0.17297343909740448,Inuit religion /Tr> /Tr> /Tr> /Tr> /Tr> /Tr> /Tr> /Tr> /Tr> /Tr> ,0.0,0.0,0.0,contradiction,0,0.2081426978111267
579,when was a whiter shade of pale recorded,1967,True,I don't know,0.0,0.0,0.0,contradiction,0,0.07535820454359055,are standardized on the PAL format until the 1960s.,0.0,0.0,0.0,neutral,0,0.011301957070827484
580,where did you sleep last night song wiki,,False,I don't know,,,,neutral,0,0.008452714420855045,"The song was written by a local George Johnson, in 1864, for his Maggie, the truth is that its lyrics were written as a poem by the Canadian school teacher George Washington Johnson from Hamilton, Ontario.",,,,entailment,1,0.8451789617538452
581,the three classes of fire most common in healthcare settings,,False,I don't know,,,,neutral,0,0.11420189589262009,The purpose of the codes is to communicate essential information quickly and with minimal misunderstanding to staff while preventing stress and panic among visitors to the hospital.,,,,neutral,0,0.011213703081011772
582,where is love it or list it shot,,False,I don't know,,,,neutral,0,0.09068714827299118,"The little black dress is a black evening or cocktail dress, cut simply and often quite short.",,,,neutral,0,0.06828709691762924
583,early blues musicians used which combination of instruments,,False,I don't know,,,,contradiction,0,0.3093356490135193,The Moody Blues /Th> /Th> /Tr> /Tr> /Tr> /Tr> /Tr> /Th> Typical instruments /Th> Td> ,,,,entailment,1,0.5139994621276855
584,who is the killer in the alienist based on,,False,I don't know,,,,contradiction,0,0.16398751735687256,War for the Planet of the Apes is a play.,,,,entailment,1,0.9719011187553406
585,who won the us women's figure skating championship,,False,I don't know,,,,neutral,0,0.14472360908985138,"The 2018 U.S. Figure Skating Championships /Th> /Th> /Tr> Table> Tr> Th colspan=""2""> 2018 U.S. Figure Skating Championships /Th> /",,,,entailment,1,0.7684154510498047
586,what is often called the advertising department within the firm,,False,I don't know,,,,contradiction,0,0.1953609734773636,"The Universal Product Code ( UPC ) is a barcode symbology that is widely used in the United States, Canada, United Kingdom, Australia, New Zealand, in Europe and other countries for tracking trade items in stores.",,,,neutral,0,0.04656621441245079
587,who went home on the challenge champs vs pros,,False,I don't know,,,,contradiction,0,0.18887220323085785,"The Challenge : Champs vs. Pros /Th> /Tr> Th colspan=""2""> The Challenge : Vendettas /Th> /Tr> Table> Tr> Th",,,,contradiction,0,0.2795756757259369
588,the song i want a man with a slow hand,,False,I don't know,,,,contradiction,0,0.033184271305799484,The poem is a lyrical poem by Emily Dickinson.,,,,contradiction,0,0.024915998801589012
589,when did the song all by myself come out,in 1975,True,I don't know,0.0,0.0,0.0,contradiction,0,0.16998395323753357,Irving King,0.0,0.0,0.0,entailment,1,0.6168810725212097
590,of the types of rights associated with the growth of citizenship,,False,Freedom of the City,,,,entailment,1,0.5847719311714172,"Freedom of the City is an honour bestowed by a municipality upon a valued member of the community, or upon a visiting celebrity or dignitary.",,,,neutral,0,0.19844281673431396
591,an antibaryon composed of two anti up quarks and one anti down quark would have a charge of,,False,I don't know,,,,contradiction,0,0.12264285981655121,SLAC ( c. 1968 ) /Td> /Tr> Th> Types /Tr>,,,,neutral,0,0.06451071053743362
592,are there snakes in the new jumanji 2017,,False,I don't know,,,,contradiction,0,0.17713172733783722,The movie was based on the book Orange Is the New Black : My Year in a Women's Prison by Piper Kerman.,,,,entailment,1,0.7570968866348267
593,what is the meaning of region in english,"areas that are broadly divided by physical characteristics (physical geography), human impact characteristics (human geography), and the interaction of humanity and the environment (environmental geography)",True,I don't know,0.0,0.0,1.0,neutral,0,0.21603423357009888,"academic study, cultural geography became interested in cultural landscapes.",0.0,0.058823529411764705,1.0,neutral,0,0.025188423693180084
594,what type of colony was virginia in 1607,,False,I don't know,,,,neutral,0,0.01513549406081438,Florida,,,,neutral,0,0.4489805996417999
595,where is the only way is marbs filmed,,False,I don't know,,,,neutral,0,0.015558027662336826,Keeping Up with the Kardashians is an American reality television series.,,,,entailment,1,0.8882348537445068
596,where does the monarch butterfly go during the winter months,,False,I don't know,,,,contradiction,0,0.0513698048889637,"The trade winds blow predominantly from the northeast in the Northern Hemisphere and from the southeast in the Southern Hemisphere, strengthening during the winter and when the Arctic oscillation is in its warm phase.",,,,neutral,0,0.016962729394435883
597,when does arrow season 6 episode 21 air,"May 3, 2018",True,I don't know,0.0,0.0,0.0,neutral,0,0.12389858067035675,HBO.,0.0,0.0,0.0,neutral,0,0.04506703093647957
598,who starred in the original movie cape fear,Robert Mitchum,True,I don't know,0.0,0.0,1.0,neutral,0,0.19294355809688568,The Ten Commandments /Th> /Th> /Th> /Th> /Th> /Th> /Th> /Th> /Th> /Th> /Th> /Th>,0.0,0.0,1.0,entailment,1,0.42351478338241577
599,who is the bloke in the go compare advert,Wynne Evans,True,I don't know,0.0,0.0,0.0,contradiction,0,0.007447378244251013,Drew Carey is the main protagonist of the series.,0.0,0.0,0.0,contradiction,0,0.1795320361852646
600,where does a jury of her peers take place,"fictional Dickson County (representing Dickinson County, Iowa)",True,I don't know,0.0,0.0,0.0,neutral,0,0.17280614376068115,"The United States is one of only two common law jurisdictions in the world, along with Liberia, that continues to use the grand jury to screen criminal indictments.",0.0,0.0,0.0,entailment,1,0.8860905766487122
601,where did our love go in the middle of nowhere,,False,Springtown,,,,neutral,0,0.16587504744529724,Niagara Falls was like.,,,,contradiction,0,0.0674002394080162
602,how far is knoxville tn from memphis tn,,False,"States, speed limits in the United States vary depending on jurisdiction.",,,,neutral,0,0.21113893389701843,"States, speed limits in the United States vary depending on jurisdiction.",,,,neutral,0,0.21113893389701843
603,what language do they speak in the czech republic,Czech,True,I don't know,0.0,0.0,1.0,contradiction,0,0.018143778666853905,The language family includes Indo - European Ul> Li> Balto - Slavic Ul> Slavic Li> Slavic Ul> Slavic Ul> Slavic Ul> Sla,0.0,0.0,1.0,contradiction,0,0.037657663226127625
604,who is el senor de los cielos based on,Amado Carrillo Fuentes,True,I don't know,0.0,0.0,1.0,contradiction,0,0.10903000086545944,El Seor de los Cielos,0.0,0.0,1.0,entailment,1,0.6296358108520508
605,who proposed that all matter is composed of indivisible particles called atoms,,False,I don't know,,,,neutral,0,0.08086489886045456,The term atomism was first used in the early 19th century.,,,,entailment,1,0.7970291376113892
606,numerical methods for finding the roots of a function,,False,I don't know,,,,neutral,0,0.0216060858219862,The Y -  transform is a mathematical technique.,,,,neutral,0,0.06592850387096405
607,what year did the drummer lose his arm,1985,True,I don't know,0.0,0.0,1.0,neutral,0,0.20531563460826874,Def Leppard,0.0,0.0,1.0,entailment,1,0.5175588130950928
608,prime minister of india from first to now,,False,I don't know,,,,contradiction,0,0.13397927582263947,"The first was Jawaharlal Nehru of the Indian National Congress party, who was sworn - in on 15 August 1947, when India gained independence from the British.",,,,entailment,1,0.9497264623641968
609,where is redding california located on a map,"along the Sacramento River, 162 miles (261 kilometers) north of Sacramento, and 120 miles (190 km) south of California's northern border, shared with the state of Oregon",True,I don't know,0.0,0.0,0.0,contradiction,0,0.2482786476612091,"Redding is located in Shasta County, California.",0.0,0.0,0.0,entailment,1,0.9851264953613281
610,what role did the free corps play in the early history of the weimar republic,,False,I don't know,,,,neutral,0,0.09318214654922485,"The Freikorps were widely seen as a precursor to Nazism, and many of their volunteers ended up joining the Nazi militia, the Sturmabteilung ( SA ).",,,,neutral,0,0.006743735633790493
611,when did the last christmas eve fall on a sunday,,False,I don't know,,,,contradiction,0,0.0033899489790201187,The Christmas decorations are removed on the first day of Advent.,,,,contradiction,0,0.002178012393414974
612,how does an oyster break down its food,,False,I don't know,,,,neutral,0,0.03970951959490776,"The proverb originated in Wales, and was particularly prevalent in Pembrokshire.",,,,entailment,1,0.5478187203407288
613,when does celebs go dating series 3 start,4 September 2017,True,I don't know,0.0,0.0,0.0,neutral,0,0.2212732881307602,"On June 28, 2012, the second season began on June 28, 2012.",0.0,0.0,0.0,contradiction,0,0.23996193706989288
614,which is the third tier of federalism in india,,False,I don't know,,,,neutral,0,0.13639459013938904,The Prime Minister of India is the chief executive of the Government of India.,,,,entailment,1,0.9792434573173523
615,who played drew carey's girlfriend on his show,,False,I don't know,,,,contradiction,0,0.007447378244251013,Drew Carey is the main protagonist of the series.,,,,contradiction,0,0.1795320361852646
616,when is the wind of winter coming out,,False,I don't know,,,,neutral,0,0.20752695202827454,"The date of Groundhog Day 2005 in Punxsutawney, Pennsylvania, U.S.",,,,entailment,1,0.8211643099784851
617,who dies in season 2 of walking dead,,False,I don't know,,,,neutral,0,0.24290621280670166,"The Walking Dead ( season 2) /Th> /Th> /Tr> Td colspan=""2""> Promoal poster and home media cover art /Td> /Tr> Tr> Th> Starring",,,,entailment,1,0.937252938747406
618,morse code 3 dots 3 dashes 3 dots,,False,I don't know,,,,neutral,0,0.07609955221414566,"The International Morse Code encodes the ISO basic Latin alphabet, some extra Latin letters, the Arabic numerals and a small set of punctuation and procedural signals ( prosigns ) as standardized sequences of short and long signals called  dots '' and ",,,,neutral,0,0.055584680289030075
619,what is the newest jurassic park movie called,Jurassic World: Fallen Kingdom,True,Marvel,0.0,0.0,1.0,neutral,0,0.11429174989461899,"The only films in the top ten that are not adapted from a pre-existing property or a sequel are the top two, Avatar and Titan.",0.0,0.0,1.0,neutral,0,0.01975282095372677
620,identify the religious movement/new religious ideas of the medieval period,,False,I don't know,,,,neutral,0,0.24970994889736176,"It was characterized by its emphasis on emotion and individualism as well as glorification of all the past and nature, preferring the medieval rather than the classical.",,,,entailment,1,0.9481722712516785
621,st thomas more catholic school and sixth form college,,False,I don't know,,,,contradiction,0,0.12709103524684906,"St. John's /Th> /Th> /Th> Table> University of Santo Tomas /Th> Td colspan=""2""> /Td> /Tr> Tr",,,,entailment,1,0.6537723541259766
622,who wrote the song one wing from sparkle,R. Kelly,True,I don't know,0.0,0.0,1.0,neutral,0,0.2469518929719925,"Various Artists /Th> /Th> Tr> Th colspan=""2""> Sparkle : Original Motion Picture Soundtrack /Th> /Th> /Tr> Td colspan=""2""",0.0,0.0,1.0,entailment,1,0.6073318719863892
623,who sang wish you were here pink floyd,David Gilmour,True,I don't know,0.0,0.0,1.0,contradiction,0,0.19641678035259247,The song was written by David Gilmour and Roger Waters.,0.0,0.33333333333333337,1.0,neutral,0,0.03630832955241203
624,who can be buried in arlington national cemetary,,False,I don't know,,,,neutral,0,0.047275446355342865,/Tr> /Tr> Th> /Th> Tr> Th> /Th> Tr> Th> /Th> Tr> Th> /Th> ,,,,contradiction,0,0.0959358811378479
625,meaning of three colours of indian national flag in english,,False,I don't know,,,,neutral,0,0.23023192584514618,The Jain flag in India /Td> /Tr> Tr> Tr> Tr> Tr> Tr> Tr> Tr> Tr> Tr> ,,,,entailment,1,0.6212103962898254
626,which of the following is not one of the roles of the federal communications​ commission,,False,I don't know,,,,contradiction,0,0.14758329093456268,The FCC is the predecessor agency to the Federal Radio Commission.,,,,entailment,1,0.9409700632095337
627,who won the women's 400 meter dash in the olympics,Shaunae Miller,True,I don't know,0.0,0.0,1.0,contradiction,0,0.19487135112285614,"The 2012 Olympic men's 400 m final was held on March 3, 2012.",0.0,0.0,1.0,neutral,0,0.010384758934378624
628,who has the most points in nba history career,LeBron James,True,I don't know,0.0,0.0,1.0,contradiction,0,0.009915603324770927,Bill Russell.,0.0,0.0,1.0,contradiction,0,0.05925052613019943
629,who is paige on days of our lives,True O'Brien,True,Iungerich) is a teen playboy,0.0,0.0,0.0,contradiction,0,0.29418182373046875,Queen ) receives help from the Lance family ; Laurel ( Katie ) receives help from the Lance family ;,0.0,0.0,0.0,contradiction,0,0.06540494412183762
630,who was the team captain for the us during the 2006 fifa world cup,,False,I don't know,,,,contradiction,0,0.17529910802841187,The tournament was held in South Africa.,,,,neutral,0,0.003349139355123043
631,why blue green algae are classified along with bacteria and placed in the kingdom monera,,False,I don't know,,,,neutral,0,0.05818271264433861,Endosperm is a source of protein.,,,,contradiction,0,0.15338793396949768
632,who sings get me to the church on time,,False,I don't know,,,,neutral,0,0.02907835878431797,The first three of the seven petitions in Matthew address God ; the other four are related to human needs and concerns.,,,,neutral,0,0.01237095519900322
633,what is the legal drinking age in ontario,,False,Canada,,,,neutral,0,0.34076395630836487,Canada legislature.,,,,neutral,0,0.040862612426280975
634,bible verse if your hand causes you sin cut off,Matthew 5:30,True,I don't know,0.0,0.0,0.0,neutral,0,0.0814400315284729,The word amen is a declaration of affirmation found in the Hebrew Bible and the New Testament.,0.0,0.0,0.0,neutral,0,0.3498871922492981
635,when was i born if i'm 18,,False,federal law,,,,contradiction,0,0.012337647378444672,The state that has the law requiring a person to be 18 years of age or older to receive a tattoo is the District of Columbia.,,,,contradiction,0,0.10445882380008698
636,who has won the most masters 1000 titles,,False,I don't know,,,,contradiction,0,0.010010729543864727,Britney Spears,,,,contradiction,0,0.009284909814596176
637,where and when do electoral college electors vote,,False,I don't know,,,,neutral,0,0.031583789736032486,The Twentieth Amendment requires each elector to cast one vote for president and another vote for vice president.,,,,contradiction,0,0.06028715521097183
638,when did the first slender game come out,2012,True,I don't know,0.0,0.0,0.0,neutral,0,0.23682406544685364,sexagesimal system.,0.0,0.0,0.0,neutral,0,0.24210940301418304
639,nasa conducted a poll with 9 names to choose the name of the rover which landed on mars recently,,False,I don't know,,,,neutral,0,0.12276896834373474,The show has 309 celebrities competing.,,,,neutral,0,0.039507534354925156
640,when do the red sox play sweet caroline,in the middle of the eighth inning,True,Fox,0.0,0.0,0.0,contradiction,0,0.09790300577878952,"The series began airing on the Hallmark Channel in the United States on January 11, 2014, and on April 16, 2014 on Super",0.0,0.2,0.0,contradiction,0,0.021506715565919876
641,who has the biggest arsenal in the world,,False,numbers of people.,,,,neutral,0,0.05848748981952667,human and financial resources available.,,,,neutral,0,0.07991015911102295
642,which country emerged the winner of this second tournament,,False,I don't know,,,,neutral,0,0.18803538382053375,The 2018 FIFA World Cup qualification Tr> /Th> /Tr> /Tr> /Tr> /Tr> /Tr> /Tr> /Tr> /Tr>,,,,neutral,0,0.23046047985553741
643,who had appointed first prime minister of india,,False,I don't know,,,,contradiction,0,0.13397927582263947,"The first was Jawaharlal Nehru of the Indian National Congress party, who was sworn - in on 15 August 1947, when India gained independence from the British.",,,,entailment,1,0.9497264623641968
644,who plays the black knight in monty python,John Cleese,True,I don't know,0.0,0.0,1.0,neutral,0,0.01903192140161991,"The show was renewed for a second season, which premiered on September 28, 2016.",0.0,0.0,1.0,neutral,0,0.0014428457943722606
645,secreted by cells in the walls of the hearts atria,Atrial natriuretic peptide (ANP),True,Excretion,0.0,0.0,0.0,contradiction,0,0.19245441257953644,Excretion is an essential process in all forms of life.,0.0,0.0,0.0,neutral,0,0.03419242054224014
646,west virginia take me home to the place i belong,,False,I don't know,,,,neutral,0,0.02578633278608322,"The Homestead Acts were several United States federal laws that gave an applicant ownership of land, typically called a  homestead, '' at no cost.",,,,neutral,0,0.07697020471096039
647,what kinds of domestic investments did the government make as a result of the cold war,,False,I don't know,,,,neutral,0,0.08640281856060028,"The United States, Soviet Union, Western European and East Asian countries in particular experienced unusually high and sustained growth, together with full employment.",,,,contradiction,0,0.0034138273913413286
648,who wrote the book modern constitution and when,,False,I don't know,,,,neutral,0,0.08541028946638107,"The following seven figures are the key Founding Fathers : John Adams, Benjamin Franklin, Alexander Hamilton, John Jay, Thomas Jefferson, James Madison, and George Washington",,,,entailment,1,0.9772862792015076
649,which nba player has scored the most points,Kareem Abdul-Jabbar,True,I don't know,0.0,0.0,0.0,contradiction,0,0.009915603324770927,Bill Russell.,0.0,0.0,0.0,contradiction,0,0.05925052613019943
650,who are the 12 remaining on the voice,,False,I don't know,,,,contradiction,0,0.1194721981883049,The first contestant to pass away after appearing on the show is Florence Henderson.,,,,contradiction,0,0.0900702252984047
651,who did the soviet union support in china civil war,the CCP,True,I don't know,0.0,0.0,0.0,neutral,0,0.013764393515884876,"The Cold War was a state of geopolitical tension after World War II between powers in the Eastern Bloc ( the Soviet Union and its satellite states ) and powers in the Western Bloc ( the United States, its NATO allies and others ).",0.0,0.047619047619047616,0.0,neutral,0,0.01687861606478691
652,who was roy rogers sidekick that drove the jeep,,False,I don't know,,,,neutral,0,0.02695377729833126,Drew Carey is the main protagonist of the series.,,,,entailment,1,0.9494444727897644
653,when was the last time a total eclipse happened,"August 21, 2017",True,I don't know,0.0,0.0,0.0,neutral,0,0.2590482831001282,tornadoes ) are based on the information in this article.,0.0,0.0,0.0,entailment,1,0.6497724056243896
654,what happens at the end of ps i love you,,False,I don't know,,,,contradiction,0,0.035783085972070694,The Seven Deadly Sins) is a Japanese manga series written and illustrated by Nakaba Suzuki.,,,,entailment,1,0.8614440560340881
655,where is vitamin c synthesized in the body,,False,I don't know,,,,neutral,0,0.06281296163797379,H CO is a chemical compound that is a metabolite of carbon dioxide.,,,,neutral,0,0.12420108169317245
656,who played the scare crow in wizard of oz,Raymond Wallace Bolger,True,I don't know,0.0,0.0,0.0,contradiction,0,0.14370699226856232,The wizard /Tr> is a fictional character in the Harry Potter series.,0.0,0.0,0.0,entailment,1,0.6128859519958496
657,when does ant man 2 come out in canada,,False,I don't know,,,,neutral,0,0.11175959557294846,"The first episode of the series premiered on January 18, 2015, on Disney Channel.",,,,entailment,1,0.9879507422447205
658,who sang the mermaid song in harry potter,,False,I don't know,,,,neutral,0,0.07455387711524963,"The song was first recorded by Corinne Morgan and Frank C. Stanley in 1905 and has been recorded since many famous artists including opera tenors John McCormack and Jan Peerce, early country singer Fiddlin'John Carson, country singer Slim Whitman, country",,,,neutral,0,0.012569013051688671
659,why is iron is alloyed with other metals to produce alloy steels,,False,I don't know,,,,contradiction,0,0.19761529564857483,The inner core is made of solid iron.,,,,entailment,1,0.9598002433776855
660,who is responsible for paying estate taxes levied by a state,,False,I don't know,,,,neutral,0,0.41992151737213135,"The monarch, is the ruler of the United States.",,,,contradiction,0,0.08960763365030289
661,who does mark marry in parks and rec,,False,I don't know,,,,entailment,1,0.5983723998069763,The fourth season of the show focuses on the Kardashians.,,,,neutral,0,0.4186146557331085
662,how much area is covered under forest in india,,False,I don't know,,,,neutral,0,0.07341612875461578,The 2011 Census of India figures were based on the 2011 Census of India.,,,,neutral,0,0.24058957397937775
663,where do monarch butterflies live in the world,,False,I don't know,,,,contradiction,0,0.029568640515208244,"The All England Lawn Tennis and Croquet Club is a private members'club based in Wimbledon, London, England.",,,,neutral,0,0.12575437128543854
664,the clean air act of 1970 successfully accomplished all of the following through regulation except,,False,I don't know,,,,neutral,0,0.2249061018228531,The Clean Air Act of 1963 was enacted by the 88th United States Congress.,,,,entailment,1,0.9854265451431274
665,who led the american army in the battle of saratoga,,False,I don't know,,,,contradiction,0,0.015025250613689423,/Tr> Table> Treaty of Paris ( 1763 ),,,,contradiction,0,0.018310347571969032
666,what would happen if a nucleus emitted three alpha particles,,False,I don't know,,,,contradiction,0,0.26219022274017334,Theorized /Th> Td> Ul> Li> Murray Gell - Mann ( 1964 ) /Li>,,,,entailment,1,0.4191855192184448
667,where is the femur located on the human body,proximal (closest to the hip joint) bone of the leg,True,I don't know,0.0,0.0,0.0,contradiction,0,0.18875567615032196,The femur is a round ligament.,0.0,0.125,0.0,entailment,1,0.971834123134613
668,who said truth justice and the american way,the comic-book character Superman,True,Boston,0.0,0.0,0.0,neutral,0,0.22790786623954773,Boston people.,0.0,0.0,0.0,neutral,0,0.17866015434265137
669,who won the first stage of the 2018 tour de france,Fernando Gaviria of Quick-Step Floors,True,I don't know,0.0,0.0,0.0,contradiction,0,0.22716447710990906,Geraint Thomas ( GBR ) /Td> Td> ( Team Sky ) /Td> Td> ( Team Sky ) /Td> Td> Td> ( Geraint Thomas ),0.0,0.0,0.0,contradiction,0,0.35295283794403076
670,when was king of the road season 3 filmed,,False,I don't know,,,,entailment,1,0.3842400908470154,The first six seasons are available on DVD and Blu - ray.,,,,entailment,1,0.4933849573135376
671,who did robin date on how i met your mother,,False,2011,,,,neutral,0,0.23806506395339966,"The Mindy Project is an American comedy television series which aired on Fox for three seasons from on September 25, 2012, to March 25, 2012.",,,,neutral,0,0.07008107006549835
672,where is kuala lumpur located on a map,3°8′N 101°41′E﻿ / ﻿3.133°N 101.683°E,True,I don't know,0.0,0.0,0.0,contradiction,0,0.16352412104606628,"Kuala Lumpur /Tr> /Tr> Tr> Th colspan=""2""> Kuala Lumpur /Tr> /Tr> Tr> Td colspan=""2""",0.0,0.0,0.0,entailment,1,0.5396484732627869
673,when did falcon first appear in the mcu,in the 2014 film Captain America: The Winter Soldier,True,I don't know,0.0,0.0,0.0,contradiction,0,0.22731180489063263,Captain America # 117 ( September 1969 ) /Td> /Tr> Tr> Tr> Th> First appearance /Th> Td> Captain America # 117 ( September 1969 ) /Td>,0.0,0.13793103448275865,0.0,entailment,1,0.6684249639511108
674,england's last semi-final in the world cup,,False,I don't know,,,,contradiction,0,0.009034868329763412,The date of the 2018 FIFA World Cup qualification is 12 March 2015.,,,,contradiction,0,0.004359585233032703
675,when did the battle of bannockburn take place,24 June 1314,True,I don't know,0.0,0.0,0.0,neutral,0,0.15018212795257568,The Gadsden flag is a historical American flag with a yellow field depicting a rattlesnake coiled and ready to strike.,0.0,0.0,0.0,entailment,1,0.9873687624931335
676,can police officers carry guns across state lines,,False,I don't know,,,,contradiction,0,0.06740822643041611,Texas has no provision in its state constitution that explicitly guarantees an individual right to keep and bear arms.,,,,contradiction,0,0.009230990894138813
677,who does danny end up with in just go with it,Katherine,True,I don't know,0.0,0.0,0.0,neutral,0,0.3385177552700043,"The series stars Clark Gregg, reprising his role of Phil Coulson from the films, as well as Ming - Na Wen, Brett Dalton, Clark Gregg",0.0,0.0,0.0,neutral,0,0.007072467356920242
678,who played tj on head of the class,Rain Pryor,True,I don't know,0.0,0.0,0.0,contradiction,0,0.32378703355789185,"Mark L. Young ( born Markell V. Efimoff January 1, 1991 ) is an American actor.",0.0,0.0,0.0,entailment,1,0.6075236797332764
679,song this is the last song i ll ever write for you,,False,I don't know,,,,neutral,0,0.0469132699072361,The Last Song /Th> /Th> /Th> /Th> /Th> /Th> /Th> /Th> /Th> /Th> /Th> /Th> ,,,,neutral,0,0.11725156754255295
680,where is the largest ball of yarn located,,False,Twine Ball has,,,,entailment,1,0.7616806626319885,Twine - a-thon.,,,,entailment,1,0.5081559419631958
681,petition for a writ of certiorari and motion for leave to proceed in forma pauperis filed,,False,I don't know,,,,contradiction,0,0.15448813140392303,a police officer.,,,,neutral,0,0.13460415601730347
682,3. what are outrigger canoes why are they important in oceania,,False,I don't know,,,,neutral,0,0.007773654535412788,"The paddle is single sided, with either a straight or a double - bend shaft.",,,,neutral,0,0.011090978048741817
683,when is your birthday if you are born on february 29th,,False,I don't know,,,,contradiction,0,0.006943505257368088,The Twelve Days of Christmas.,,,,contradiction,0,0.021152932196855545
684,what is free trade area of the americas,agreement to eliminate or reduce the trade barriers,True,Americas,0.0,0.0,1.0,neutral,0,0.39565542340278625,"The trade winds are the prevailing pattern of easterly surface winds found in the tropics, within the lower portion of the Earth's atmosphere, in the lower section of the troposphere near the Earth's equator.",0.0,0.09523809523809523,1.0,neutral,0,0.30896472930908203
685,who was the first to suggest an atom existed,the ancient Greek philosophers Leucippus and his pupil Democritus,True,I don't know,0.0,0.0,0.0,contradiction,0,0.1470026671886444,The atomists theorized that nature consists of two fundamental principles : atom and void.,0.0,0.18181818181818185,0.0,neutral,0,0.2359362542629242
686,what percentage of the us population is east of the mississippi,58.28%,True,I don't know,0.0,0.0,0.0,neutral,0,0.1424713283777237,"The total area of the Panhandle is 9,826,675 km ( 3,794,100 sq mi ) /Td> /Tr> /Tr> Th> Total land area is 9,826,675 km ( 3,794,100 sq mi ",0.0,0.0,0.0,entailment,1,0.7560819387435913
687,who is gertrude bell queen of the desert,"an English writer, traveller, political officer, administrator, and archaeologist",True,I don't know,0.0,0.0,0.0,neutral,0,0.00465416070073843,"The sentence ""Kasem at the 1989 Emmy Awards /Tr> /Th> /Th> Tr> Th> /Th> Tr> Tr> Th> Tr> ",0.0,0.0,0.0,neutral,0,0.11779750883579254
688,what is the name given to the rows in the periodic table,periods,True,I don't know,0.0,0.0,0.0,contradiction,0,0.14485175907611847,helium - 4 it is a little more symmetric.,0.0,0.0,0.0,neutral,0,0.07299812883138657
689,who is the current director of the national park service,"Mike Reynolds, Acting Director",True,I don't know,0.0,0.0,1.0,contradiction,0,0.16306807100772858,The National Park Service is the parent agency of the Department of the Interior.,0.0,0.0,1.0,neutral,0,0.007681670598685741
690,when was the first legend of zelda game released,,False,I don't know,,,,contradiction,0,0.16265954077243805,The Legend of Zelda /Th> /Th> /Tr> Tr> Tr> Th> Genres /Th> Td> Action - adventure /Td> /Tr,,,,entailment,1,0.8452609181404114
691,who was the first person who discovered gravitational pull,Aryabhata,True,I don't know,0.0,0.0,0.0,neutral,0,0.043103769421577454,The Coriolis force is an inertial force that acts on objects that are in motion relative to a rotating reference frame.,0.0,0.0,0.0,entailment,1,0.6404439806938171
692,when was the old mount gambier hospital built,,False,I don't know,,,,neutral,0,0.13198494911193848,"The sentence "" Tuberculosis ( TB ) vaccines are vaccinations intended for the prevention of tuberculosis.",,,,neutral,0,0.16056546568870544
693,i thought the astros were in the national league,,False,I don't know,,,,entailment,1,0.422484427690506,The Giants won 37 of their last 44 games to catch the first - place Dodgers and force a playoff series to decide the NL champion.,,,,entailment,1,0.9877947568893433
694,who are the world health organisation and what do they do,,False,I don't know,,,,neutral,0,0.19918985664844513,"The head of the World Health Organization is Tedros Adhanom, Director - General of the World Health Organization.",,,,neutral,0,0.016472266986966133
695,can't help falling in love who wrote it,Hugo Peretti,True,I don't know,0.0,0.0,0.0,neutral,0,0.16579139232635498,"Kilmer is most remembered for  Trees '', which has been the subject of frequent parodies and references in popular culture.",0.0,0.0,0.0,contradiction,0,0.009578621946275234
696,which one is calvin and which one is hobbes,,False,I don't know,,,,neutral,0,0.18683338165283203,The text is written in Hebrew.,,,,neutral,0,0.027392078191041946
697,where is finland located on a map of europe,Northern Europe,True,I don't know,0.0,0.0,0.0,contradiction,0,0.16639097034931183,The capital and largest city /Th> Copenhagen 55 ° 43 ′ N 12 ° 34 ′ E / 55.717 ° N 12.567 ° E / 55.717 ; 12.567 /Td>,0.0,0.0,0.0,neutral,0,0.014551092870533466
698,wallace stevens the emperor of ice cream pdf,,False,I don't know,,,,neutral,0,0.0031859467271715403,"The address is an annual message presented by the President of the United States to a joint session of the United States Congress, except in the first year of a new president's term.",,,,neutral,0,0.026669902727007866
699,how many light years to the end of the universe,,False,I don't know,,,,neutral,0,0.10723191499710083,"The Age of Aquarius is a astrological term denoting either the current or forthcoming astrological age, depending on the method of calculation.",,,,entailment,1,0.8964570760726929
700,who wrote the i had a dream speech,Martin Luther King Jr.,True,Jefferson,0.0,0.0,0.0,neutral,0,0.011315219104290009,Jefferson.,0.0,0.0,0.0,neutral,0,0.017159145325422287
701,who is the highest paid player in all of sports,Cristiano Ronaldo,True,I don't know,0.0,0.0,1.0,neutral,0,0.08724218606948853,are the highest paid athletes in the world,0.0,0.0,1.0,entailment,1,0.7124823927879333
702,what was the closest finish in nascar history,,False,I don't know,,,,neutral,0,0.06306993216276169,"The most  extreme '' tornado in recorded history was the Tri-State Tornado, which spread through parts of Missouri, Illinois, and Indiana on March 18, 1925.",,,,neutral,0,0.06897818297147751
703,the tale of the beedle and the bard,,False,I don't know,,,,neutral,0,0.11652678996324539,"The play was first performed on 25 February 1904 at the Molesworth Hall, Dublin, by the Irish National Theater Society.",,,,contradiction,0,0.021385082975029945
704,hamara dil aapke paas hai (2000) - hindi full movie,,False,I don't know,,,,contradiction,0,0.16037249565124512,The film was released on 25 August 2000.,,,,neutral,0,0.002162507502362132
705,when do blaine and kurt kiss for the first time,,False,Grey's Anatomy,,,,entailment,1,0.5283476114273071,"The show's central character is teenager Jenna Hamilton ( Ashley Rickards ), who struggles with her identity, especially after an accident is misconstrued as a suicide attempt.",,,,entailment,1,0.9813528656959534
706,who won the battle of charleston in the revolutionary war,the British,True,I don't know,0.0,0.0,1.0,neutral,0,0.18840961158275604,The Siege of Charleston was part of the American Revolutionary War.,0.0,0.15384615384615385,1.0,entailment,1,0.9761863946914673
707,who has scored the most own goals ever,,False,I don't know,,,,neutral,0,0.152351975440979,Wilt Chamberlain holds the rookie records for points per game when he averaged 37.6 points in the 1959 -- 60 season.,,,,neutral,0,0.08544157445430756
708,what is the longest bridge in the western hemisphere,,False,I don't know,,,,neutral,0,0.09769801050424576,Andes,,,,neutral,0,0.2462230920791626
709,who is in the video god's gonna cut you down,,False,I don't know,,,,neutral,0,0.11719074845314026,The film.,,,,entailment,1,0.6430799961090088
710,which of the following are components of the pns,nerves and ganglia outside the brain and spinal cord,True,I don't know,0.0,0.0,0.0,neutral,0,0.1125403419137001,The Philippines was the first country to have Internet in the United States.,0.0,0.09090909090909093,0.0,neutral,0,0.028351087123155594
711,who wrote the song come thou fount of every blessing,18th century pastor and hymnist Robert Robinson,True,Matthew,0.0,0.0,0.0,entailment,1,0.5549643635749817,"The poem was published posthumously in 1890 in Poems : Series 1, a collection of Dickinson's poems assembled and edited by her friends Mabel Loomis Todd and Thomas Wentworth Higginson.",0.0,0.05555555555555555,0.0,neutral,0,0.0055681196972727776
712,the little drummer boy bing crosby david bowie,,False,I don't know,,,,neutral,0,0.39183422923088074,The single is from the album Bowie & Bing Crosby.,,,,neutral,0,0.0065187676809728146
713,festivals in the philippines with dates and places,,False,I don't know,,,,neutral,0,0.09902799874544144,The Philippines used to apply the Saka calendar as well as suggested by the Laguna Copperplate Inscription.,,,,entailment,1,0.9677394032478333
714,what number book is mark in the bible,,False,I don't know,,,,neutral,0,0.018521377816796303,"The Bible is a compilation of many shorter books written at different times by a variety of authors, and later assembled into the biblical canon.",,,,entailment,1,0.919104814529419
715,who was the last british monarch to be born abroad,,False,I don't know,,,,contradiction,0,0.15329194068908691,"The monarchs of the United Kingdom of Great Britain and Northern Ireland ( 1927 -- present ), the United Kingdom of Great Britain and Ireland ( 1707 -- 1801 ), the Kingdom of Great Britain and Ireland ( 1707 -- 1801 ), the Kingdom of England ( 871",,,,entailment,1,0.9191955327987671
716,a series of unfortunate events season 1 episode 2,The Bad Beginning: Part Two,True,I don't know,0.0,0.0,0.0,neutral,0,0.00465416070073843,The series was directed by Chloe Thomas and Steve Connelly.,0.0,0.13333333333333333,0.0,neutral,0,0.0023905241396278143
717,if u liked it then u should of put a ring on it lyrics,,False,I don't know,,,,contradiction,0,0.07277385145425797,Beyoncé,,,,contradiction,0,0.09101841598749161
718,when was the last everybody loves raymond made,,False,I don't know,,,,contradiction,0,0.14162778854370117,"The series was renewed for an eleventh season of 13 episodes by ABC, but was canceled on May 29, 2018 due to a racist joke made by Roseanne on Twitter about Obama aide Valerie Jarrett.",,,,contradiction,0,0.00809948518872261
719,who is the present speaker in lok sabha,Sumitra Mahajan of the Bharatiya Janata Party,True,I don't know,0.0,0.0,0.0,contradiction,0,0.1470290720462799,Yogi Adityanath since 19 March 2017 /Td> /Tr> Tr> Tr> Th> Appointer /Th> Td> Governor of Uttar Pradesh /Td> /T,0.0,0.07407407407407408,0.0,entailment,1,0.48376405239105225
720,who is said be the father of volleyball,William George Morgan,True,I don't know,0.0,0.0,0.0,contradiction,0,0.008376043289899826,"The first recorded indoor ice hockey game took place at the Victoria Skating Rink in Montreal, Quebec, Canada.",0.0,0.0,0.0,contradiction,0,0.014795043505728245
721,which king died from a surfeit of lampreys,,False,I don't know,,,,contradiction,0,0.09455928206443787,The last monarch of a distinct kingdom of England was Anne.,,,,neutral,0,0.05997556075453758
722,who has the most medals in this year's winter olympics,Norway,True,I don't know,0.0,0.0,0.0,contradiction,0,0.14481180906295776,Great Britain at the 2018 Winter Olympics /Th> /Th> /Th> /Th> /Th> /Th> /Th> /Th> /Th> /Th> /Th> ,0.0,0.0,0.0,neutral,0,0.2951466143131256
723,when was the internet introduced in the philippines,"on March 29, 1994",True,I don't know,0.0,0.0,1.0,contradiction,0,0.12826550006866455,The Public Telecommunications Act of the Philippines was made into law.,0.0,0.0,1.0,entailment,1,0.9674946069717407
724,what is 2s class in rajya rani express,,False,I don't know,,,,contradiction,0,0.20563088357448578,"The service type is Superfast, Rajya Rani Express /Td> /Tr> /Tr> /Tr> Th> First service /Th> Td> 11 March 2012 ( 1 ) ( 2 ",,,,entailment,1,0.9351216554641724
725,what seasons of prison break are on netflix,,False,I don't know,,,,neutral,0,0.13618242740631104,"The first season aired from August 29, 2005 to May 15, 2006, with a four - month break after Thanksgiving.",,,,contradiction,0,0.12626062333583832
726,when does children's work become child labor,,False,I don't know,,,,neutral,0,0.04271426051855087,UNCRC is a legal'aspirational'only.,,,,contradiction,0,0.06605256348848343
727,how do you represent each genotype​ in hardy weinberg,,False,evolution influences,,,,contradiction,0,0.21604421734809875,The Hardy -- Weinberg principle states that allele and genotype frequencies in a population will remain constant from generation to generation in the absence of other evolutionary influences.,,,,entailment,1,0.9840574860572815
728,songs with cant get you out of my head,,False,I don't know,,,,contradiction,0,0.20083607733249664,The album + /Th> /Th> /Th> /Th> /Th> /Th> /Th> /Th> /Th> /Th> /Th> /Th> ,,,,neutral,0,0.17466934025287628
729,who is the heroine of quit india movement,Aruna Asaf Ali,True,I don't know,0.0,0.0,0.0,neutral,0,0.17025621235370636,Prime Minister of India,0.0,0.0,0.0,neutral,0,0.06891532987356186
730,he-man & the masters of the universe episode 12,,False,I don't know,,,,entailment,1,0.4800690710544586,The first seven seasons are available on DVD and Blu - ray.,,,,contradiction,0,0.3283339738845825
731,when can a med student be called doctor,Upon successful completion of medical school,True,I don't know,0.0,0.0,0.0,neutral,0,0.03178652003407478,The University of Vienna Tr> Tr> Tr> Tr> Tr> Tr> Th> Tr> Th> Tr> Th> Tr> Th,0.0,0.08695652173913045,0.0,neutral,0,0.18734967708587646
732,difference between an o ring and x ring chain,,False,DNA strand,,,,entailment,1,0.6513538360595703,DNA strands.,,,,entailment,1,0.835155189037323
733,yeh pyar nahi to kya hai cast real name,,False,I don't know,,,,contradiction,0,0.18756142258644104,Theatrical release poster /Td> /Tr> /Tr> Th> Directed by /Th> Td> Shakun Batra /Td> /Tr> Tr>,,,,entailment,1,0.7736467123031616
734,expansion of idea on blood is thicker than water,,False,telson is inserted into the tail of a lobster.,,,,contradiction,0,0.018470807000994682,lobster is able to escape from a crowded restaurant.,,,,contradiction,0,0.0166008360683918
735,how far is herrington ks from wichita ks,,False,I don't know,,,,neutral,0,0.03170286491513252,Cape Hatteras is most affected by storms within the state.,,,,neutral,0,0.04785371199250221
736,who played piggy in lord of the flies,Hugh Edwards,True,I don't know,0.0,0.0,1.0,contradiction,0,0.12890377640724182,"The film, King Arthur ( Graham Chapman ), accompanied by his trusty squire Patsy ( Terry Gilliam ), is travelling through a forest when he enters a clearing and observes a fight taking place between a Black Knight",0.0,0.0,1.0,entailment,1,0.9452033638954163
737,large objects ( 10 m) in space originating from a region between jupiter and mars,,False,magnitudes to be disintegrated,,,,neutral,0,0.07608946412801743,density to be disintegrated.,,,,neutral,0,0.05390028655529022
738,who is buried at hebron in the bible,,False,I don't know,,,,contradiction,0,0.0926973968744278,"The Midianites were the descendants of Midian, who was a son of Abraham and his wife Keturah.",,,,neutral,0,0.008541841991245747
739,the economic boom and social transformation of postwar united states,,False,I don't know,,,,neutral,0,0.40517911314964294,The timing of the Great Depression varied across nations.,,,,entailment,1,0.5213637351989746
740,where did the name three 6 mafia come from,,False,I don't know,,,,neutral,0,0.205612912774086,alcoholics achieve sobriety.,,,,neutral,0,0.0948738157749176
741,when did disney's 101 dalmations come out,"January 25, 1961",True,"Regions 1, 2 and 4",0.0,0.0,0.0,neutral,0,0.05053185299038887,1.,0.0,0.0,0.0,contradiction,0,0.011190515011548996
742,when did they stop putting cigarettes in rations,1975,True,I don't know,0.0,0.0,1.0,neutral,0,0.006865459494292736,United States military personnel,0.0,0.0,1.0,neutral,0,0.0070655164308846
743,when did reese's peanut butter cups first come out,1928,True,I don't know,0.0,0.0,1.0,neutral,0,0.1228749081492424,"The proverb originated in Wales, and was particularly prevalent in Pembrokshire.",0.0,0.0,1.0,neutral,0,0.057811204344034195
744,best day to go to a cricket test match,,False,I don't know,,,,neutral,0,0.2458837479352951,The sport in which national representative teams compete in matches of up to five days'duration,,,,neutral,0,0.043267395347356796
745,how deep is your love song by bee gees,,False,I don't know,,,,contradiction,0,0.18486066162586212,The song was released in 1977.,,,,entailment,1,0.8988401293754578
746,metallica jump in the fire album song list,,False,I don't know,,,,neutral,0,0.1949470341205597,Metallica,,,,entailment,1,0.6382815837860107
747,a requirement of the internet protocol version 6 that allows encryption is called,,False,Tattoos,,,,neutral,0,0.037021443247795105,Tattoos are not allowed in public schools.,,,,contradiction,0,0.01813885010778904
748,there is a million ways to die in the west,,False,I don't know,,,,contradiction,0,0.15249492228031158,"A Million Ways to Die in the West /Th> /Th> /Tr> Tr> Td colspan=""2""> Theatrical release poster /Td> /Tr> Tr>",,,,entailment,1,0.8867475390434265
749,who does christopher walken play in the jungle book,King Louie,True,Black Knight defeats the Green one by throwing his sword straight through the eye slot of the Green Knight's great helm,0.0,0.0,0.0,entailment,1,0.9579001069068909,Rip Van Winkle is a fictional character who appears in a scene of the film Monty Python and the Holy Grail.,0.0,0.0,0.0,neutral,0,0.3494296371936798
750,is there an australian version of i'm a celebrity,,False,2,,,,entailment,1,0.7209638953208923,"The series was officially picked up on May 6, 2015, and received a full season order on November 30, 2015.",,,,entailment,1,0.8149019479751587
751,what is the name of the island of haiti and dominican republic,Hispaniola,True,I don't know,0.0,0.0,1.0,contradiction,0,0.19801168143749237,The highest elevation /Tr> Tr> Tr> Tr> Tr> Tr> Tr> Tr> Tr> Tr> Tr> Tr>,0.0,0.0,1.0,contradiction,0,0.09489782899618149
752,where was the star spangled banner written and under what conditions,,False,American Civil War,,,,contradiction,0,0.0034893990959972143,American Civil War.,,,,contradiction,0,0.005493605509400368
753,national lampoon's attack of the 5'2 woman,,False,Gender-Based Violence,,,,neutral,0,0.005392693914473057,Gender.,,,,neutral,0,0.005006818100810051
754,where have the mescalero apache settled in new mexico,Mescalero Apache Reservation,True,I don't know,0.0,0.0,0.0,neutral,0,0.31877925992012024,The Mescalero Apache Tribal Administrative Offices and Community Center is located within Mesoamerica.,0.0,0.25,0.0,neutral,0,0.15748189389705658
755,do you require a visa for st lucia,,False,I don't know,,,,neutral,0,0.06291128695011139,"The FCO closed its missions in Nassau ( in the Bahamas ), Asunción ( Paraguay ), Dili ( East Timor ), Maseru ( Lesotho ), Mbabane ( Swaziland ) ",,,,contradiction,0,0.020528288558125496
756,where is the new texas rangers stadium being built,Arlington,True,I don't know,0.0,0.0,1.0,neutral,0,0.24352823197841644,The AT&T Stadium is visible in the background.,0.0,0.0,1.0,entailment,1,0.8904709815979004
757,though he has retired as a professional football receiver,,False,I don't know,,,,contradiction,0,0.135652095079422,1960.,,,,contradiction,0,0.13220234215259552
758,teams who won back to back stanley cups,,False,I don't know,,,,neutral,0,0.1372334212064743,The 2017 season was the tenth season in which the trophy has been won 100 times.,,,,neutral,0,0.22603638470172882
759,who plays gandolf in lord of the rings,,False,Star Wars: Episode I -- The Phantom Menace,,,,contradiction,0,0.15297044813632965,Star Wars : Episode I -- The Phantom Menace ) /Li> Li> Li> Li> Li> Tr> Tr> Tr> Tr> Tr>,,,,entailment,1,0.44183385372161865
760,how to do a balloon in a balloon,,False,I don't know,,,,neutral,0,0.07059064507484436,The 900 is a 212 - revolution ( 900 degrees ) aerial spin performed on a skateboard ramp.,,,,contradiction,0,0.17470423877239227
761,where was mash 4077 supposed to be in korea,"Uijeongbu, South Korea",True,I don't know,0.0,0.0,0.0,neutral,0,0.12281199544668198,                               ,0.0,0.0,0.0,contradiction,0,0.07837281376123428
762,what happened to sasuke in naruto shippuden the movie,,False,I don't know,,,,contradiction,0,0.12137611955404282,"Goku presents his son to Roshi, Krillin, and Bulma.",,,,neutral,0,0.00376155786216259
763,theme of the movie akeelah and the bee,overcoming obstacles despite difficult challenges along the way,True,I don't know,0.0,0.0,0.0,neutral,0,0.13288143277168274,The film used pop music and other oldies to make the story more forward.,0.0,0.09090909090909091,0.0,neutral,0,0.3856866657733917
764,who has the most nba championships in nba history,Bill Russell,True,NBA,0.0,0.0,1.0,entailment,1,0.5119350552558899,NBA.,0.0,0.0,1.0,contradiction,0,0.2547510266304016
765,when will ios 10 be released for ipad mini,"September 13, 2016",True,I don't know,0.0,0.0,1.0,contradiction,0,0.15283960103988647,iOS 10 Tr> Tr> Tr> Tr> Tr> Tr> Tr> Tr> Tr> Tr> Tr> Tr> ,0.0,0.0,1.0,contradiction,0,0.23728704452514648
766,former research institute for experimental medicine berlin germany,,False,I don't know,,,,neutral,0,0.21785931289196014,/Td> /Tr> /Tr> Th> Abbreviation /Th> Td> MPIEM /Td> /Tr> Th> Predecessor /Th>,,,,entailment,1,0.5611098408699036
767,when did the song i love rock and roll come out,,False,I don't know,,,,contradiction,0,0.17968903481960297,The song was released in April 1979.,,,,entailment,1,0.9642513990402222
768,two similar wooden blocks are tied one behind the other,,False,I don't know,,,,contradiction,0,0.14979428052902222,"The ball of twine has a circumference of 40 feet ( 12 m ), 8.06 feet ( 2.46 m ) in diameter and 10.83 feet ( 3.30 m ) in height.",,,,contradiction,0,0.31021782755851746
769,who is buried in peter and paul fortress,,False,I don't know,,,,neutral,0,0.05453925207257271,"The current building, the first stone church in St. Petersburg, was designed by Trezzini and built between 1712 and 1733.",,,,entailment,1,0.9788951873779297
770,when did north america arrive at the location it is in today,mid-Cretaceous period,True,I don't know,0.0,0.0,0.0,neutral,0,0.005399889312684536,The Norse were a group of Europeans who inhabited North America.,0.0,0.0,0.0,entailment,1,0.9446769952774048
771,cues provide information regarding changes in lighting that occur during a performance,,False,Social perception.,,,,neutral,0,0.4087102711200714,Social perception is the study of how people form impressions of others as sovereign personalities.,,,,neutral,0,0.09785082191228867
772,who said off with their heads in alice in wonderland,The Queen of Hearts,True,I don't know,0.0,0.0,0.0,neutral,0,0.10818300396203995,"Test cricket, the phrase was used to refer to the score of the match.",0.0,0.22222222222222224,0.0,neutral,0,0.018589477986097336
773,what was where the wild things are about,,False,Dutch,,,,contradiction,0,0.3030710816383362,Dutch songs,,,,contradiction,0,0.1682204306125641
774,who devised the first test for detection of arsenic in 1775,Carl Wilhelm Scheele,True,I don't know,0.0,0.0,0.0,contradiction,0,0.16970185935497284,The iodine clock reaction is a classical chemical clock demonstration experiment to display chemical clocks.,0.0,0.0,0.0,neutral,0,0.11707223951816559
775,take me out to the ballgame youtube lyrics,,False,I don't know,,,,neutral,0,0.23320870101451874,"/Th> /Th> /Tr> Th colspan=""2"">  Take Me Out to the Ball Game '' /Th> /Tr> /Th> /Th> /Th>",,,,contradiction,0,0.2938135266304016
776,who plays nikki green in dawson's creek,,False,I don't know,,,,neutral,0,0.00465416070073843,"Season 4 premiered on April 15, 2014.",,,,neutral,0,0.0015225704992190003
777,who plays the bad guy in looney tunes back in action,Steve Martin,True,I don't know,0.0,0.0,1.0,contradiction,0,0.24284523725509644,/Th> /Th> /Th> /Th> /Th> /Th> /Th> /Th> /Th> /Th> /Th> /Th> /Th,0.0,0.0,1.0,contradiction,0,0.11496488004922867
778,you are the apple of my eye (2011 taiwan),,False,I don't know,,,,contradiction,0,0.16081911325454712,You Are the Apple of My Eye /Th> /Th> /Th> /Th> /Th> /Th> /Th> /Th> /Th> /Th> /Th> ,,,,entailment,1,0.4115484952926636
779,when did dr seuss wrote his first book,1936,True,I don't know,0.0,0.0,1.0,contradiction,0,0.1650327742099762,Dale Carnegie /Td> /Tr> /Tr> /Tr> Th> Country /Th> Td> United States /Td> /Tr> Th> Language /,0.0,0.0,1.0,entailment,1,0.7209441661834717
780,the form of the forgetting curve and the fate of memories,,False,I don't know,,,,neutral,0,0.17090807855129242,Ribot's Law of Regression.,,,,entailment,1,0.5331739783287048
781,new tv show with dwight from the office,,False,I don't know,,,,contradiction,0,0.15126152336597443,The Office ( U.S. season 8 ) /Th> /Th> /Th> /Th> /Tr> /Tr> /Tr> /Tr> /Tr> /,,,,contradiction,0,0.2274613231420517
782,the power of the necessary and proper clause are,,False,Insurance,,,,entailment,1,0.4676738679409027,insurance proposal.,,,,entailment,1,0.8339717984199524
783,what is the average age to die in the uk,81.2,True,minimum,0.0,0.0,0.0,contradiction,0,0.08466127514839172,"In a number of countries voting is compulsory for those eligible to vote, while in most countries it is optional.",0.0,0.0,0.0,contradiction,0,0.020692314952611923
784,when do we use the process of centrifugation,"to separate two miscible substances, but also to analyze the hydrodynamic properties of macromolecules",True,I don't know,0.0,0.0,0.0,neutral,0,0.09277475625276566,"The Egyptians divided the day into two 12 - hour periods, and used large obelisks to track the movement of the sun.",0.0,0.22857142857142854,0.0,neutral,0,0.23256242275238037
785,who went to world cup instead of usa,,False,I don't know,,,,neutral,0,0.03667955473065376,"The 2018 FIFA World Cup, a total of 79 national teams have entered the competition.",,,,entailment,1,0.9849717020988464
786,when do they announce the cy young award winner,,False,I don't know,,,,contradiction,0,0.028505994006991386,"The 40 - man roster includes the players on the team's seven - or 10 - day disabled list, who are on paternity leave for up to three days, or who are in the franchise's farm teams in Minor League Baseball.",,,,neutral,0,0.1618642359972
787,sharp pain in lower abdomen with sudden movement,,False,I don't know,,,,neutral,0,0.056038547307252884,"The narrator explains that inflammation is a generic response, and therefore it is considered as a mechanism of innate immunity, as compared to adaptive immunity, which is specific for each pathogen.",,,,entailment,1,0.6041339039802551
788,what is the difference between hamartoma and choristoma,,False,I don't know,,,,contradiction,0,0.02693377248942852,Xylem is different from hamartoma.,,,,entailment,1,0.592301607131958
789,poison ivy is not a relative to which plant,,False,I don't know,,,,neutral,0,0.11504914611577988,France.,,,,contradiction,0,0.2595100998878479
790,who sings the theme song for miami vice,Jan Hammer,True,I don't know,0.0,0.0,0.0,neutral,0,0.09413766860961914,The show features a two - tiered cast.,0.0,0.0,0.0,entailment,1,0.9892116785049438
791,where is red dog mine located in alaska,68°04′19″N 162°52′34″W﻿ / ﻿68.071989°N 162.876044°W,True,I don't know,0.0,0.0,0.0,neutral,0,0.27277126908302307,"Red Dog Mine, Alaska /Th> /Th> /Tr> Tr> Tr> Td colspan=""2""> Census - designated place /Td> /Tr> /T",0.0,0.0,0.0,entailment,1,0.6410926580429077
792,who did the voices for the movie coco,,False,I don't know,,,,contradiction,0,0.0738021582365036,/P> P> /P> /P> /P> /P> /P> /P> /P> /P> /P> /P> /P>,,,,neutral,0,0.007674877066165209
793,where are the genes for antibiotic resistance located,,False,I don't know,,,,contradiction,0,0.12029693275690079,Allosteric activators are the most common type of effectors.,,,,neutral,0,0.0054540433920919895
794,world war 1 gas warfare tactics and equipment,,False,I don't know,,,,neutral,0,0.0814104676246643,Tuberculosis is a disease that causes a viral infection in humans.,,,,neutral,0,0.2367442548274994
795,where does the name iron maiden come from,iron maiden torture device,True,I don't know,0.0,0.0,0.0,contradiction,0,0.14184963703155518,"Iron Maiden /Th> /Tr> Tr> Td colspan=""2""> Top : Steve Harris ( L ), Dave Murray ( R ) Middle : Adrian Smith ( L ), Bruce Dickinson ( R",0.0,0.16,0.0,entailment,1,0.8917658925056458
796,where is orange county choppers located in new york,"the town of Newburgh, located in Orange County, New York",True,Los Angeles,0.0,0.0,0.0,contradiction,0,0.06272020936012268,Los Angeles area,0.0,0.0,0.0,neutral,0,0.06351900100708008
797,when did my girl by the temptations come out,"December 21, 1964",True,I don't know,0.0,0.0,0.0,contradiction,0,0.1794918179512024,"/Th> /Tr> /Tr> /Tr> /Tr> Th colspan=""2""> /Tr> /Tr> Th colspan=""2""> Single by Tyler",0.0,0.0,0.0,entailment,1,0.36002182960510254
798,where is the upc number located on a product,,False,I don't know,,,,contradiction,0,0.10369647294282913,"The Universal Product Code ( UPC ) is a barcode symbology that is widely used in the United States, Canada, United Kingdom, Australia, New Zealand, in Europe and other countries for tracking trade items in stores.",,,,entailment,1,0.8850648403167725
799,when did the first winter olympic games take place,1924,True,I don't know,0.0,0.0,1.0,neutral,0,0.11156134307384491,"The 2018 Pyeongchang Winter Games are scheduled to take place in Beijing, China.",0.0,0.0,1.0,neutral,0,0.048382677137851715
800,love is god tamil movie with english subtitles,,False,I don't know,,,,contradiction,0,0.10885042697191238,"The Legend of Bhagat singh /Th> /Th> /Tr> Tr> Td colspan=""2""> Theatrical release poster /Th> /Th> /Tr> ",,,,contradiction,0,0.18008588254451752
801,when was the godfather supposed to take place,,False,I don't know,,,,contradiction,0,0.20118960738182068,The Godfather Part II ( 1974 ) was the second part of the play.,,,,neutral,0,0.17968571186065674
802,when is the raiders first game in las vegas,2020,True,Raiders moved to Las Vegas,0.0,0.0,1.0,entailment,1,0.7685419917106628,moved to Las Vegas.,0.0,0.0,1.0,entailment,1,0.7277203798294067
803,in which one of the following states do you not have to register to vote brainly,,False,I don't know,,,,neutral,0,0.2401064783334732,"The sentence "" suffrage is often conceived in terms of elections for representatives. However, suffrage applies equally to referenda and initiatives.",,,,entailment,1,0.9851182699203491
804,maxwell school of citizenship and public affairs ranking,,False,I don't know,,,,contradiction,0,0.1227445974946022,"The Maxwell School of Citizenship and Public Affairs is a private school in Syracuse, NY, USA.",,,,entailment,1,0.9705615639686584
805,who is chief executive of marks and spencer,Stephen Joseph Rowe,True,I don't know,0.0,0.0,1.0,neutral,0,0.0902467668056488,a decade.,0.0,0.0,1.0,entailment,1,0.8071295022964478
806,who wrote my candle burns at both ends,,False,I don't know,,,,neutral,0,0.07568883895874023,They were not married until 1864.,,,,contradiction,0,0.026080897077918053
807,where was the battle of the sexes played,,False,I don't know,,,,contradiction,0,0.0750940591096878,"Margaret Court vs. Bobby Riggs /Tr> /Tr> Td colspan=""2""> Table> Tr> Th> Set /Th> Th> Th> Th>",,,,entailment,1,0.8514906167984009
808,why did germany want to sign an alliance with austria hungary and italy,,False,I don't know,,,,neutral,0,0.0686175748705864,"The Cold War was a state of geopolitical tension after World War II between powers in the Eastern Bloc ( the Soviet Union and its satellite states ) and powers in the Western Bloc ( the United States, its NATO allies and others and others ).",,,,neutral,0,0.2712031602859497
809,what race is aaron judge of the new york yankees,African-American,True,I don't know,0.0,0.0,0.0,neutral,0,0.21964773535728455,"Aaron Judge /Th> /Tr> /Tr> Th colspan=""2""> Aaron Judge /Th> /Tr> Th colspan=""2""> Aaron Judge /Th> /Tr",0.0,0.0,0.0,entailment,1,0.7008717656135559
810,when is the delta connection of resistors equivalent to the wye connected resistors,,False,I don't know,,,,neutral,0,0.07505583018064499,The Y -  transform is a mathematical technique to simplify the analysis of an electrical network.,,,,entailment,1,0.7273759245872498
811,when did the secret service start guarding the president,After the 1901 assassination of President William McKinley,True,I don't know,0.0,0.0,0.0,contradiction,0,0.11538564413785934,"The Secret Service Special Agent badge /Td> /Tr> Tr> Td colspan=""2""> U.S. Secret Service flag /Td> /Tr> Tr> Th> Common name",0.0,0.06896551724137931,0.0,entailment,1,0.5794018507003784
812,what percent of the english language is greek,5.32%,True,I don't know,0.0,0.0,0.0,neutral,0,0.03714171424508095,Musical scales or mode with five notes per octave in contrast to a heptatonic ( seven - note ) scale such as the major scale and minor scale.,0.0,0.0,0.0,neutral,0,0.01892281323671341
813,who played alice in seven brides for seven brothers,Nancy Kilgas,True,7,0.0,0.0,1.0,entailment,1,0.4645058214664459,The number of episodes /Th> Tr> Tr> Tr> Th> is 7,0.0,0.0,1.0,neutral,0,0.28260523080825806
814,who wants to date a millionaire tv show,,False,I don't know,,,,neutral,0,0.16977132856845856,20 was the youngest contestant to compete on the show.,,,,neutral,0,0.015411951579153538
815,when does the 2018 mn legislative session end,"January 7, 2019",True,I don't know,0.0,0.0,1.0,contradiction,0,0.1664251685142517,"Minnesota Legislature /Th> /Tr> Tr> Td colspan=""2""> Table> Tr> Tr> Td>  /Tr> Td> 89th",0.0,0.0,1.0,entailment,1,0.6740545034408569
816,when was the most recent amendment and what was it,,False,I don't know,,,,contradiction,0,0.203433096408844,"The Constitution ( Forty - second Amendment ) Act, 1976 /Th> /Tr> /Tr> /Tr> /Tr> /Tr> /Tr> /Tr> ",,,,neutral,0,0.07793382555246353
817,who does the voice of sarah in land before time,,False,I don't know,,,,contradiction,0,0.07839666306972504,Thea Queen,,,,entailment,1,0.48224759101867676
818,which statement is true regarding the gate control theory (gct) of pain,,False,I don't know,,,,neutral,0,0.19969095289707184,The results of the study showed that social inhibition can be determined by one's sensitivity to different social cues throughout the day.,,,,neutral,0,0.012605970725417137
819,when did dallas cowboys go to the superbowl,1970,True,I don't know,0.0,0.0,1.0,neutral,0,0.0480784997344017,AFL World Championship Game.,0.0,0.0,1.0,neutral,0,0.05691995099186897
820,when did the last episode of code black air,"July 18, 2018",True,I don't know,0.0,0.0,0.0,contradiction,0,0.19014927744865417,The Blacklist ( season 5 ) /Th> /Th> /Tr> /Tr> /Tr> /Tr> /Tr> /Tr> /Tr> /T,0.0,0.0,0.0,entailment,1,0.8461415767669678
821,differentiate between and describe examples of the four ways of knowing identified by carper,,False,I don't know,,,,neutral,0,0.2520354092121124,in the way of the individual's pursuit of a goal or end state.,,,,neutral,0,0.27443838119506836
822,who plays marnie in bring it on again,Bethany Joy Lenz,True,I don't know,0.0,0.0,0.0,contradiction,0,0.08232413977384567,The first appearance /Th> /Th> Td> /Tr> /Tr> /Tr> /Tr> /Tr> /Tr> /Tr> /T,0.0,0.0,0.0,contradiction,0,0.051623743027448654
823,who sang lady first kenny rogers or lionel richie,,False,I don't know,,,,neutral,0,0.23269419372081757,"The song was released on September 29, 1980 ( U.S. ) /Td> /Tr> Tr> Tr> Th> B - side /Tr> Td>  Sweet Music Man ",,,,entailment,1,0.8949686884880066
824,list of animals by brain to body ratio,,False,I don't know,,,,neutral,0,0.31632575392723083,The physical characteristics of animals are often not reliable indicators of whether an animal has the ability to obtain energy and nutrients from both plant and animal matter,,,,neutral,0,0.287784606218338
825,pulmonary congestion is when the blood from the ventricle flows back into the,,False,I don't know,,,,neutral,0,0.09179483354091644,"Inflammation is part of the complex biological response of body tissues to harmful stimuli, such as pathogens, damaged cells, or irritants.",,,,neutral,0,0.1987278312444687
826,pga tour at&t pebble beach national pro am,,False,I don't know,,,,neutral,0,0.2357131540775299,"The AT&T Pebble Beach Pro-Am is a professional golf tournament that is played at Pebble Beach, California.",,,,entailment,1,0.554746150970459
827,when was the last time byu won utah,"November 28, 2009",True,"Utah leads, 60 -- 34 -- 4",0.0,0.0,0.0,contradiction,0,0.0979931652545929,"Utah leads, 60 -- 34 -- 4 /Td> /Tr> /Tr> /Tr> /Tr> /Tr> /Tr> /Tr> /Tr> ",0.0,0.0,0.0,contradiction,0,0.04005405679345131
828,who flew to close to the sun and his wings melted,Icarus,True,I don't know,0.0,0.0,1.0,contradiction,0,0.1221909299492836,The B - 29 Superfortress),0.0,0.0,1.0,contradiction,0,0.08442997932434082
829,a glimpse in the mind of charles swan,,False,I don't know,,,,contradiction,0,0.16120119392871857,"A Glimpse Inside the Mind of Charles Swan III /Th> /Th> /Tr> Tr> Td colspan=""2""> Movie poster /Th> /Th> /Tr> ",,,,entailment,1,0.7015526294708252
830,is the western wall in east or west jerusalem,,False,I don't know,,,,neutral,0,0.036022212356328964,The coordinates of the two cities are:,,,,contradiction,0,0.025615064427256584
831,where does the oil for frying potato chips come from,,False,I don't know,,,,neutral,0,0.09804262220859528,Inventions of deep frying have been around for millennia.,,,,entailment,1,0.9051017761230469
832,new york new york song on the town,,False,On the Town,,,,contradiction,0,0.20386886596679688,The song was written by Leonard Bernstein and the lyrics by Betty Comden and Adolph Green.,,,,contradiction,0,0.35088208317756653
833,where are the sweet 16 games being played in 2018,,False,I don't know,,,,contradiction,0,0.12294413149356842,The 2018 NCAA Division I Men's Basketball Tournament /Th> /Tr> /Tr> /Tr> /Tr> /Tr> /Tr> /Tr> /Tr>,,,,entailment,1,0.7430366277694702
834,when was amen first used in the bible,Numbers 5:22,True,I don't know,0.0,0.0,0.0,neutral,0,0.11725109815597534,The Israelites were instructed to eat only the manna they had gathered for each day.,0.0,0.0,0.0,neutral,0,0.0031584149692207575
835,ub40 and chrissie hynde i got you babe,,False,I don't know,,,,neutral,0,0.15828634798526764,"Sonny & Cher /Tr> Tr> Tr> Th colspan=""2"">  I Got You Babe '' /Th> /Tr> Tr> Tr> ",,,,neutral,0,0.3714429438114166
836,when did the anaheim ducks change their logo,,False,I don't know,,,,contradiction,0,0.1876908540725708,The Mighty 1090 is owned by Henry.,,,,neutral,0,0.04456285014748573
837,the hero of san jacinto became the first president of the texas republic,,False,I don't know,,,,contradiction,0,0.020653070881962776,"Sam Houston arranged talks with Mexico to explore the possibility of securing official recognition of independence, with the United Kingdom mediating.",,,,contradiction,0,0.13231261074543
838,who sings don't get around much anymore,Duke Ellington,True,I don't know,0.0,0.0,1.0,neutral,0,0.17476193606853485,The song was written by Duke Ellington and Bob Russell.,0.0,0.33333333333333337,1.0,entailment,1,0.5166271328926086
839,how many episodes per series in breaking bad,,False,Bryan Cranston),,,,contradiction,0,0.05463399365544319,Jesse Pinkman),,,,contradiction,0,0.06397365778684616
840,who was compared unfavorably to the lilies of the field,,False,Trees,,,,entailment,1,0.7609502673149109,"The remembrance poppy is an artificial flower that has been used since 1921 to commemorate military personnel who have died in war, and represents a common or field poppy, Papaver rhoeas.",,,,entailment,1,0.9827872514724731
841,what were some of the dangers on the oregon trail,,False,I don't know,,,,contradiction,0,0.1982804834842682,"The United States, the Black Hills Gold Rush took place in Dakota Territory in the United States.",,,,contradiction,0,0.062032945454120636
842,when did the battle of fort sumter happen,"April 12–13, 1861",True,I don't know,0.0,0.0,0.0,contradiction,0,0.2802111804485321,Lexington : 42 ° 26 ′ 58.7 '' N 71 ° 13 ′ 51.0 '' W / 42.449639 ° N 71.230833 ° W / 42.449639 ; - 71.230,0.0,0.0,0.0,entailment,1,0.612204909324646
843,tallest person in the world guinness world record,Robert Wadlow,True,I don't know,0.0,0.0,0.0,neutral,0,0.1295773684978485,"The ball of twine with the largest circumference is located in Cawker City, Kansas.",0.0,0.0,0.0,neutral,0,0.4851926565170288
844,at what output is marginal product of labour the highest,at the point of diminishing returns,True,range '' of possible unemployment rates.,0.0,0.1818181818181818,0.0,entailment,1,0.586609959602356,/P> P>.,0.0,0.0,0.0,entailment,1,0.5910723209381104
845,just let it go let it be james bay,,False,I don't know,,,,contradiction,0,0.1867537647485733,/Th> /Th> /Th> /Th> /Th> /Th> /Th> /Th> /Th> /Th> /Th> /Th> /Th,,,,entailment,1,0.5744361281394958
846,who did they find at the end of matrix reloaded,,False,"Oliver Queen as a team, Queen's team receives help from the Lance family.",,,,entailment,1,0.8529727458953857,Queen returned home to fight crime.,,,,neutral,0,0.04653355851769447
847,how did the middle passage affect british colonial culture,,False,I don't know,,,,neutral,0,0.3815925717353821,The Middle Passage was considered a time of in - betweenness for those being traded from Africa to America.,,,,entailment,1,0.9775072932243347
848,where will the next winter olympics be held in 2019,,False,I don't know,,,,contradiction,0,0.16975310444831848,The medals were ranked 19th.,,,,neutral,0,0.007088576443493366
849,where is the liver situated in a human body,,False,I don't know,,,,contradiction,0,0.1824456751346588,The human liver is located in the upper right abdomen.,,,,entailment,1,0.9623068571090698
850,who sing the theme song for good times,Jim Gilstrap,True,I don't know,0.0,0.0,0.0,neutral,0,0.14853481948375702,"The album Have a Nice Day was released on January 30, 2006.",0.0,0.0,0.0,entailment,1,0.9789162278175354
851,where did they film american horror story cult,,False,Walmart,,,,neutral,0,0.10004635155200958,"Walmart, the store is a shopping mall.",,,,neutral,0,0.07413151860237122
852,how old are the turtles in tmnt 2012,,False,I don't know,,,,contradiction,0,0.21765866875648499,Angie Jones ( Mother ),,,,entailment,1,0.42215949296951294
853,archaeologists believe vinland was located on the continent of,,False,I don't know,,,,neutral,0,0.09730514883995056,Europeans began to arrive in the Americas in large numbers and to develop colonial ambitions for both North and South America.,,,,neutral,0,0.07666682451963425
854,tu cheez badi hai mast mast tu cheez badi hai mast old song,,False,I don't know,,,,neutral,0,0.010037750005722046,"The music of Mohammed Rafi is a collection of songs, performed, sung and / or recorded by him between 1942 and 1980.",,,,entailment,1,0.9752970337867737
855,how many nights is the block on tv,,False,Washington's Birthday and Veterans Day,,,,neutral,0,0.11134310811758041,"Washington's Birthday ( February 22 ), Memorial Day ( May 30 ), and Veterans Day ( November 11 ) from fixed dates to designated Mondays, and established as a federal holiday Columbus Day",,,,neutral,0,0.08031503856182098
856,where is the world juniors being held this year,,False,I don't know,,,,contradiction,0,0.12693648040294647,"The 2018 IIHF World U20 Championships were held at KeyBank Center, Buffalo HarborCenter, Buffalo New Era Field, Orchard Park ( in 2 host cities ) /Td> /Tr> /Tr> Th> Cols",,,,entailment,1,0.8781382441520691
857,what is area code 01446 in the uk,Barry,True,I don't know,0.0,0.0,0.0,neutral,0,0.009108172729611397,The EC Number is a unique seven - digit identifier that was assigned to substances for regulatory purposes within the European Union by the European Commission.,0.0,0.0,0.0,neutral,0,0.013708388432860374
858,when is halley's comet coming around again,mid-2061,True,I don't know,0.0,0.0,0.0,contradiction,0,0.20652158558368683,The comet was discovered by Edmond Halley.,0.0,0.0,0.0,entailment,1,0.6992021799087524
859,what is no slip condition in fluid mechanics,,False,solid boundary,,,,neutral,0,0.4103471338748932,The inner core.,,,,neutral,0,0.166304349899292
860,where are the 7 natural wonders of the world located,,False,I don't know,,,,neutral,0,0.12817245721817017,"The Seven Churches of Revelation are seven major churches of Early Christianity, as mentioned in the New Testament Book of Revelation.",,,,neutral,0,0.16372112929821014
861,johnny mathis the wonderful world of make believe,,False,Search My Heart and Other Great Hits,,,,neutral,0,0.13627639412879944,My Heart and Other Great Hits ( 1964 ) is a 1964 American musical film directed by Johnny Mathis.,,,,neutral,0,0.19005800783634186
862,what is the significance of the dust bowl,,False,Dust Bowl,,,,contradiction,0,0.3514661490917206,The Cookie Jar Song is a sing along and game of children's music.,,,,neutral,0,0.22809486091136932
863,is tomato a fruit or vegetable us supreme court,vegetable,True,Miranda v. State of Arizona,0.0,0.0,1.0,entailment,1,0.5200889706611633,"Arizona. 1965 ) ; cert. granted, 382 U.S. 925 ( 1965 ) /Td> /Tr> Tr> Th> Subsequent history /Th> Td> Ret",0.0,0.0,1.0,contradiction,0,0.15520882606506348
864,where do silk and bamboo ensembles usually play,,False,I don't know,,,,neutral,0,0.30188095569610596,is a type of instrument,,,,entailment,1,0.8539862036705017
865,when was palm oil first used in food,,False,Palm oil,,,,entailment,1,0.7691993117332458,The natural occurrence of fermentation means it was probably first observed long ago by humans.,,,,neutral,0,0.017398912459611893
866,who plays dean and sam dad in supernatural,Jeffrey Dean Morgan,True,I don't know,0.0,0.0,1.0,contradiction,0,0.009475715458393097,The show is set in New Orleans which the Mikaelson family and original vampires helped to build.,0.0,0.0,1.0,contradiction,0,0.03973091393709183
867,the first railway line between karachi and kotri was constructed in,April 1858,True,I don't know,0.0,0.0,0.0,entailment,1,0.44735488295555115,"Kotri Junction Station     /Th> /Tr> Table> Tr> Th colspan=""2""> Kotri Junction Station     /Th> /Tr",0.0,0.0,0.0,entailment,1,0.5891019701957703
868,do you have to be canadian to be prime minister,,False,I don't know,,,,neutral,0,0.12232276797294617,Canada was originally a British colony.,,,,neutral,0,0.12004992365837097
869,what are the characters in avengers infinity war,,False,I don't know,,,,contradiction,0,0.17542453110218048,Captain America # 117 ( September 1969 ) /Tr> /Tr> Tr> Tr> Th> First appearance /Th> Td> Captain America # 117 ( September 1969 ) /Tr>,,,,entailment,1,0.747254490852356
870,when does jacob find out he's a werewolf,In the second book of the series (New Moon),True,I don't know,0.0,0.0,0.0,neutral,0,0.07354437559843063,"The focus was primarily on Klaus ( Joseph Morgan ), Elijah ( Daniel Gillies ), and Rebekah ( Claire Holt ) who found out in the backdoor pilot, aired on April 25, 2013, how Hayley Marshall ( Pho",0.0,0.15000000000000002,0.0,entailment,1,0.9236744046211243
871,ed sheeran you need me and i don't need you,,False,retains its shape,,,,neutral,0,0.14106398820877075,retained.,,,,neutral,0,0.1858070194721222
872,describe the roof of the cathedral of st. basil in moscow,,False,I don't know,,,,contradiction,0,0.08022233098745346,The coordinates of the cathedral are: 55 ° 45 ′ 9 '' N 37 ° 37 ′ 23 '' E / 55.75250 ° N 37.62306 ° E / 55.75250 ; 37.62306 Coordinates:,,,,contradiction,0,0.22827887535095215
873,who is the creator of star vs the forces of evil,Daron Nefcy,True,I don't know,0.0,0.0,1.0,neutral,0,0.03474216163158417,The Hunter  Hunter manga and anime series features an extensive cast of characters created by Yoshihiro Togashi.,0.0,0.0,1.0,neutral,0,0.14987270534038544
874,meaning of the song cry by mandy moore,,False,I don't know,,,,contradiction,0,0.006520812399685383,The song was later sung by John Denver and Robin the Frog in the 1979 television special John Denver and the Muppets : A Christmas Together.,,,,neutral,0,0.019731013104319572
875,the words of the song 12 days of christmas,,False,Victorian era,,,,neutral,0,0.12991033494472504,The song was later sung by John Denver and Robin the Frog in the 1979 television special John Denver and the Muppets : A Christmas Together.,,,,neutral,0,0.003729434683918953
876,kapoor and sons lets nacho mp3 song download,,False,I don't know,,,,contradiction,0,0.1345108300447464,Armaan Malik /Th> /Th> Tr> Th> Th> Th>  Main Rahoon Ya Na Rahoon '' /Th> /Th> /Tr> ,,,,entailment,1,0.5931381583213806
877,what group of trading kingdoms ruled southern india,,False,Byzantine Empire,,,,contradiction,0,0.13502418994903564,"The fourth great river civilization emerged around 1700 BCE along the Yellow River in China, also known as the Huang - He River Civilization.",,,,entailment,1,0.9858765006065369
878,where does it always sunny in philadelphia take place,Philadelphia,True,I don't know,0.0,0.0,1.0,neutral,0,0.1572715789079666,The prevailing winds blew away in huge clouds that sometimes blackened the sky.,0.0,0.0,1.0,entailment,1,0.9767813682556152
879,who is the longest reigning wwe united states champion,Lex Luger,True,I don't know,0.0,0.0,0.0,neutral,0,0.029187873005867004,Kim Zolciak - Biermann from dancing,0.0,0.0,0.0,neutral,0,0.009581579826772213
880,when did we start the pledge of allegiance,1942,True,I don't know,0.0,0.0,0.0,neutral,0,0.018128812313079834,"The United States Declaration of Independence was drafted by Thomas Jefferson, and then edited by the Committee of Five, which consisted of Jefferson, John Adams, Benjamin Franklin, Roger Sherman, and Robert Livingston.",0.0,0.0,0.0,entailment,1,0.7329844832420349
881,goosebumps tv show night of the living dummy,,False,Horrible Histories,,,,entailment,1,0.9211835861206055,The show will be moving from Disney XD to Disney Channel for its fourth season.,,,,entailment,1,0.852056086063385
882,what does the o in e. coli o157h7 refer to,,False,I don't know,,,,neutral,0,0.17016570270061493,"ABO blood group system can cause a serious, potentially fatal, adverse reaction after a transfusion, or a contra - indicated immune response to an organ transplant.",,,,neutral,0,0.045073941349983215
883,who plays the girl in harry potter and the goblet of fire,,False,I don't know,,,,contradiction,0,0.18906427919864655,The film is a spoof of the Harry Potter series.,,,,contradiction,0,0.04825215041637421
884,total number of articles in indian constitution at present,448,True,I don't know,0.0,0.0,0.0,contradiction,0,0.026696644723415375,The original text of the Preamble /Td> /Tr> /Tr> Tr> Tr> Tr> Td> Ratified /Tr> /Tr> Tr,0.0,0.0,0.0,contradiction,0,0.06517108529806137
885,i hope i don't die in alabama song,,False,I don't know,,,,contradiction,0,0.19269859790802002,"Just before the Battle, Mother '' was a popular song during the American Civil War, particularly among troops in the Union Army.",,,,entailment,1,0.7985883355140686
886,who served during the mexican war and as commander of the union forces,,False,I don't know,,,,neutral,0,0.006661931052803993,The Mexican -- American War lasted from 1846 until 1848.,,,,entailment,1,0.8754106760025024
887,who teaches defense against the dark arts after snape,Amycus Carrow,True,I don't know,0.0,0.0,0.0,neutral,0,0.01687348447740078,The idea is attributed to William of Ockham.,0.0,0.0,0.0,neutral,0,0.046478256583213806
888,who does the voice for the aflac duck,Gilbert Gottfried,True,I don't know,0.0,0.0,0.0,neutral,0,0.14299990236759186,"The show's sketches have been developed into feature films, including The Blues Brothers, Wayne's World, A Night at the Roxbury, Superstar, Coneheads, and MacGruber.",0.0,0.0,0.0,contradiction,0,0.009787503629922867
889,when was the last time celtics won nba championship,2008,True,Larry O'Brien,0.0,0.0,0.0,contradiction,0,0.04365632310509682,The NBA Finals is the championship series for the NBA and the conclusion of the sport's postseason.,0.0,0.0,0.0,contradiction,0,0.013309107162058353
890,when does the sun set in london in september,,False,I don't know,,,,neutral,0,0.0846187174320221,The Tropic of Cancer is the most northerly circle of latitude on Earth at which the Sun can be directly overhead.,,,,entailment,1,0.9904760122299194
891,when is new year celebrated according to indian national calendar,,False,I don't know,,,,neutral,0,0.08380237966775894,The term may also ambiguously refer to the Hindu calendar ; the Shalivahana era is also commonly used by other calendars.,,,,neutral,0,0.03193653002381325
892,which of the following is a tributry of beas river,,False,Krishna river gorge,,,,entailment,1,0.6878576278686523,Krishna /Tr> /Tr> /Tr> /Tr> /Tr> /Tr> /Tr> /Tr> /Tr> /Tr> /,,,,entailment,1,0.570187509059906
893,pirates of the caribbean how many movies will there be,,False,Disney,,,,neutral,0,0.3396666646003723,James Cameron.,,,,entailment,1,0.5297703742980957
894,who wrote when you and i were young maggie,,False,I don't know,,,,neutral,0,0.18899957835674286,"The song was first recorded by Corinne Morgan and Frank C. Stanley in 1905 and has been recorded since many famous artists including opera tenors John McCormack and Jan Peerce, early country singer Fiddlin'John Carson, country singer Slim Whitman, blue",,,,neutral,0,0.007520922925323248
895,when was the national world war ii memorial built,"April 29, 2004",True,United States Holocaust Memorial Museum,0.0,0.0,0.0,entailment,1,0.4547272324562073,"The United States Holocaust Memorial Museum is located in Washington, D.C. and is located at 100 Raoul Wallenberg Place, SW Washington, D.C. The museum was established on April 22, 1993 and is located at 100 Raoul Wallenberg Place, SW Washington, D.",0.0,0.04545454545454545,0.0,entailment,1,0.9156322479248047
896,where was the final episode of the bachelor filmed,,False,I don't know,,,,contradiction,0,0.1194721981883049,The first contestant to pass away after appearing on the show is Florence Henderson.,,,,contradiction,0,0.0900702252984047
897,how much money did it take to make skyrim,,False,Wind,,,,neutral,0,0.006531232036650181,"The solar wind is a stream of charged particles released from the upper atmosphere of the Sun, called the corona.",,,,neutral,0,0.03722823038697243
898,who wrote the book of obadiah in the bible,Obadiah,True,I don't know,0.0,0.0,0.0,neutral,0,0.2619410455226898,The Lord's Prayer,0.0,0.0,0.0,entailment,1,0.9189215898513794
899,the summer of the beautiful white horse summary in hindi language,,False,Indian economy,,,,neutral,0,0.1625547856092453,The examples and perspective in this article deal primarily with India and do not represent a worldwide view of the subject.,,,,contradiction,0,0.010288018733263016
900,in wabash v. illinois the supreme court ruled that states could not regulate,,False,I don't know,,,,neutral,0,0.193226158618927,"The Interstate Commerce Act of 1887 was a United States federal law that was designed to regulate the railroad industry, particularly its monopolistic practices.",,,,entailment,1,0.9618393778800964
901,who plays janine's mom on house of payne,Anne-Marie Johnson,True,I don't know,0.0,0.0,0.0,neutral,0,0.1931493878364563,The children became recurring cast members.,0.0,0.0,0.0,entailment,1,0.9767281413078308
902,what effect did the scientific revolution have on some philosophers,,False,Romanticism,,,,contradiction,0,0.07046535611152649,Romanticism was characterized by its emphasis on emotion and individualism as well as glorification of all,,,,contradiction,0,0.020489638671278954
903,where was the lowest temperature ever recorded on earth,Soviet Vostok Station in Antarctica,True,I don't know,0.0,0.0,1.0,neutral,0,0.020133716985583305,Earth.,0.0,0.0,1.0,neutral,0,0.026518337428569794
904,who sings the song nobody knows but me,,False,I don't know,,,,contradiction,0,0.21076622605323792,The song was written in 1925 by Jimmy Campbell and Reg Connelly.,,,,entailment,1,0.9468636512756348
905,when the term price is used in the law of demand price is referring to,,False,I don't know,,,,neutral,0,0.27222031354904175,"The law of demand states that,  conditional on all else being equal, as the price of a good increases (  ), quantity demanded decreases (  ) ; conversely, as the price of a good decreases (  ",,,,entailment,1,0.48661962151527405
906,pete seeger - this land is your land,,False,I don't know,,,,neutral,0,0.13924841582775116,"The Land Ordinance of 1785 was adopted by the United States Congress of the Confederation on May 20, 1785.",,,,contradiction,0,0.02894669584929943
907,who was put in charge of the volunteers and the regular army,,False,I don't know,,,,neutral,0,0.17197130620479584,The Constitutional Convention was created by George Washington.,,,,entailment,1,0.5523155927658081
908,who wrote the strange case of dr jekyll and mr hyde,Robert Louis Stevenson,True,I don't know,0.0,0.0,1.0,neutral,0,0.21796658635139465,The first London edition of Rip Van Winkle was published on 5 January 1886.,0.0,0.0,1.0,contradiction,0,0.03073953464627266
909,who sang from the cradle to the grave,,False,I don't know,,,,contradiction,0,0.0664820745587349,Frank Dumont was the first person to sing the song.,,,,contradiction,0,0.0031275406945496798
910,a large collection of servers is called a(n),server farm or server cluster,True,programmatic way in which a computer program requests a service from the kernel of the operating system it is executed on,0.0,0.0,0.0,neutral,0,0.13674579560756683,programmatic way in which a computer program requests a service from the kernel of the operating system it is executed on.,0.0,0.0,0.0,neutral,0,0.13834181427955627
911,when the allies began bombing the japanese mainland casualties were high because the bombings,,False,I don't know,,,,contradiction,0,0.2299506813287735,/Th> /Tr> /Tr> /Tr> /Tr> /Tr> /Tr> /Tr> /Tr> /Tr> /Tr,,,,contradiction,0,0.27029529213905334
912,when does masterchef australia 2016 start in south africa,,False,I don't know,,,,contradiction,0,0.1179504245519638,The original language ( s ) /Th> Td> English /Td>,,,,contradiction,0,0.22772926092147827
913,nba's list of career three-point field goals made,,False,I don't know,,,,neutral,0,0.024557383731007576,Wilt Chamberlain,,,,neutral,0,0.05482101812958717
914,when did the first rocket launched into space,1944,True,I don't know,0.0,0.0,0.0,neutral,0,0.18167802691459656,"The asteroid was discovered by Galileo Galilei on January 7, 1610.",0.0,0.0,0.0,neutral,0,0.03420719876885414
915,who came up with the idea of milk and cereal,,False,I don't know,,,,neutral,0,0.10753340274095535,"The Puritans'community in New England would set an example of communal charity, affection, and affection.",,,,neutral,0,0.07852763682603836
916,daniel bedingfield if you're not the one album,Gotta Get Thru This,True,Daniel Bedingfield,0.0,0.0,1.0,entailment,1,0.7325102090835571,"If You're Not the One '' /Th> /Tr> Tr> Td colspan=""2""> /Tr> /Tr> Tr> Th colspan=""2""",0.0,0.0,1.0,entailment,1,0.6662777662277222
917,compare the election procedure followed in india with the united kingdom,,False,I don't know,,,,neutral,0,0.011506574228405952,/P>,,,,neutral,0,0.01286663394421339
918,when did winning colors win the kentucky derby,1988,True,I don't know,0.0,0.0,1.0,contradiction,0,0.1807548701763153,Winning Colors at 1988 Kentucky Derby /Td> /Tr> /Tr> Th> Sire /Th> Td> Caro /Td> /Tr> Tr> Th,0.0,0.10526315789473684,1.0,entailment,1,0.7333349585533142
919,when was the last time the la kings made the playoffs,2017–18,True,I don't know,0.0,0.0,0.0,neutral,0,0.10090308636426926,The Mavericks were dreadful : they bottomed out with an 11 -- 71 record and the worst average point differential in NBA history during the 1992 -- 93 season.,0.0,0.0,0.0,entailment,1,0.9904090166091919
920,how far is wilson nc from fayetteville nc,,False,I don't know,,,,neutral,0,0.020036926493048668,North Carolina has caused a lot of damage.,,,,entailment,1,0.9043451547622681
921,cyndi lauper girl wanna have fun youtube,,False,I don't know,,,,neutral,0,0.3049915134906769,"The series was officially picked up on May 6, 2015, and received a full season order on November 30, 2015.",,,,neutral,0,0.022466711699962616
922,list three offices included in the executive office of the president,Office of Administration,True,I don't know,0.0,0.0,0.0,neutral,0,0.007443914655596018,The United States presidential line of succession is set by the United States Constitution and the Presidential Succession Act of 1947 as subsequently amended to include newly created cabinet offices.,0.0,0.0606060606060606,0.0,entailment,1,0.5249287486076355
923,how many national parks are there in karnataka,five,True,I don't know,0.0,0.0,1.0,contradiction,0,0.0668327584862709,The state of Karnataka has five national parks.,0.0,0.2222222222222222,1.0,entailment,1,0.9871883988380432
924,what is the 7th month of the jewish calendar,,False,I don't know,,,,neutral,0,0.18146878480911255,"The first sign is Aries, followed by Taurus, Gemini, Cancer, Leo, Virgo, Libra, Scorpio, Sagittarius, Capricorn, Aquarius, and Pisces, whereupon the cycle returns to",,,,entailment,1,0.9484511017799377
925,when does how i met your mother take place,,False,I don't know,,,,contradiction,0,0.003228798508644104,The first six seasons are available on DVD and Blu - ray.,,,,neutral,0,0.008781987242400646
926,what movies has the song to build a home been in,,False,I don't know,,,,contradiction,0,0.10158445686101913,fabricated in the prefabricated building.,,,,neutral,0,0.14476613700389862
927,where was the french connection car chase filmed,"in Bensonhurst, Brooklyn roughly running under the BMT West End Line (currently the D train, then the B train) which runs on an elevated track above Stillwell Avenue, 86th Street and New Utrecht Avenue in Brooklyn, with the chase ending just north of the 62nd Street station.",True,I don't know,0.0,0.0,0.0,neutral,0,0.23636755347251892,"The first season premiered on April 17, 2011, on HBO.",0.0,0.07017543859649122,0.0,entailment,1,0.7689506411552429
928,what season does the airplane crash in grey's anatomy,,False,I don't know,,,,neutral,0,0.17749091982841492,Jason George as Dr. Ben Warren.,,,,neutral,0,0.08401210606098175
929,what is the main authority of data protection law in the uk,,False,Data Protection Act 1998,,,,entailment,1,0.5144641995429993,"Data Protection Act 1998 Tr> Td colspan=""2""> Act of Parliament /Td> /Tr> /Tr> Tr> Tr> Tr> Th> Long title ",,,,entailment,1,0.44156238436698914
930,what did the french fry say to the potato,,False,I don't know,,,,entailment,1,0.7295508980751038,The proverb originated in Wales.,,,,entailment,1,0.9084081649780273
931,what is the movie the secret garden about,,False,wizards,,,,neutral,0,0.17892736196517944,magic muggles ( British English ),,,,neutral,0,0.18149489164352417
932,how much do you win on family feud,,False,Lamar Odom,,,,entailment,1,0.6159622669219971,"Lamar Odom developed a major position as part of the supporting cast in the fourth season, though he was not a regular cast member in following seasons, and rarely appeared in season eight while attempting to fix his marriage with Khloé.",,,,neutral,0,0.2224900722503662
933,which of the following indian groups was most closely related to the karankawas,,False,I don't know,,,,neutral,0,0.15800274908542633,United States.,,,,neutral,0,0.17644506692886353
934,who is commentating hockey night in canada tonight,,False,I don't know,,,,contradiction,0,0.2079429179430008,The 2018 Stanley Cup Finals /Th> /Th> /Th> /Th> /Th> /Th> /Th> /Th> /Th> /Th> /Th> /,,,,entailment,1,0.8876064419746399
935,when do the new england patriots play in london,,False,I don't know,,,,neutral,0,0.04622773081064224,The 2018 FIFA World Cup qualification UEFA Group F was one of the nine UEFA groups for 2018 FIFA World Cup qualification.,,,,neutral,0,0.026906505227088928
936,the translation of old norse alfheim in english,,False,I don't know,,,,neutral,0,0.06664226204156876,"The main ingredients are Sheep's heart, liver and lungs, and stomach ( or sausage casing ), onion, and sheep's heart, liver and lungs, and stomach ( or sausage casing ) ; onion.",,,,neutral,0,0.1535717248916626
937,when does a series of unfortunate events come on netflix,,False,I don't know,,,,contradiction,0,0.2053099423646927,"The tenth season debuted on March 27, 2018.",,,,entailment,1,0.9706145524978638
938,how thick is the steel on a water tower,,False,I don't know,,,,neutral,0,0.04459062218666077,"The twine ball had reached 17,886 pounds ( 8,111 kg, 8.9 US tons ), a circumference of 40 feet ( 12 m ), and a length of 7,80",,,,neutral,0,0.03963370993733406
939,what is the prefix for new in medical terminology,,False,I don't know,,,,contradiction,0,0.16214300692081451,The codes vary widely by location.,,,,neutral,0,0.018477849662303925
940,countries that have already qualified for russia 2018 world cup,,False,I don't know,,,,contradiction,0,0.166241854429245,UEFA Group D was one of the nine UEFA groups for 2018 FIFA World Cup qualification.,,,,entailment,1,0.8193231225013733
941,who plays henry's daughter in once upon a time,,False,I don't know,,,,contradiction,0,0.23564212024211884,"Once Upon a Time /Th> /Th> /Tr> Tr> Td colspan=""2""> Promo poster /Th> /Tr> Tr> Th> Starring ",,,,entailment,1,0.6887852549552917
942,when do you get a criminal record uk,,False,I don't know,,,,contradiction,0,0.02814578264951706,Stop and identify laws.,,,,contradiction,0,0.01865207590162754
943,what is significant about the canada act of 1982,,False,I don't know,,,,contradiction,0,0.14882627129554749,The Constitution Act of 1982 /Li> /Tr> /Tr> /Tr> /Tr> /Tr> /Tr> /Tr> /Tr> /Tr,,,,contradiction,0,0.07041647285223007
944,beauty and the beat victoria's secret fashion show,,False,I don't know,,,,neutral,0,0.1169322058558464,"The show featured performances by Rihanna, Bruno Mars and Justin Bieber.",,,,neutral,0,0.003064875490963459
945,how many sports are there in the 2018 commonwealth games,19 Commonwealth sports,True,I don't know,0.0,0.0,0.0,neutral,0,0.1798340082168579,The opening ceremony was held on 4 April and the closing ceremony was held on 15 April.,0.0,0.0,0.0,entailment,1,0.8815830945968628
946,important cases decided by the permanent court of international justice,,False,I don't know,,,,neutral,0,0.07730003446340561,The term '' peacekeeping '' is not found in the United Nations Charter.,,,,contradiction,0,0.019841348752379417
947,queer eye for the straight guy catch phrase,American reality television series,True,I don't know,0.0,0.0,0.0,contradiction,0,0.058026645332574844,1287.,0.0,0.0,0.0,contradiction,0,0.19956852495670319
948,beethoven sonata for cello and piano in a major,,False,I don't know,,,,contradiction,0,0.12147270888090134,"The cello sonata was composed in the same year as the Piano Trios Op. 70 and the Choral Fantasy, and the same year the Fifth and Sixth Symphonies, which were begun earlier.",,,,entailment,1,0.5597748160362244
949,catching a foul ball at a baseball game,,False,nine innings).,,,,neutral,0,0.008964408189058304,nine innings).,,,,neutral,0,0.008964408189058304
950,why is the wet adiabatic lapse rate less than the dry adiabatic lapse rate,,False,I don't know,,,,contradiction,0,0.05392419174313545,lapse rate,,,,entailment,1,0.5907651782035828
951,who played the twins in everybody loves raymond,,False,I don't know,,,,contradiction,0,0.03760603442788124,Everybody Loves Raymond /Tr> /Tr> /Tr> /Tr> /Tr> /Tr> /Tr> Th> Genre /Th> Td> Si,,,,contradiction,0,0.0713629201054573
952,who won britain's got talent 2012 winner,Ashleigh and Pudsey,True,I don't know,0.0,0.0,1.0,contradiction,0,0.24337138235569,The series 6 of Britain's Got Talent was broadcast from 24 March ( 2012 - 03 - 24 ) -- 12 May 2012 ( 2012 - 05 - 12 ) /Td> /Tr> Tr> Th> Judges ,0.0,0.0,1.0,entailment,1,0.9221341013908386
953,what three offices made up virginia's representative government,lieutenant governor and attorney general,True,constitution,0.0,0.0,0.0,contradiction,0,0.09719468653202057,state.,0.0,0.0,0.0,contradiction,0,0.032955143600702286
954,who wins in the movie batman versus superman,,False,I don't know,,,,neutral,0,0.19512219727039337,"Batman v Superman : Dawn of Justice /Th> /Th> /Th> /Tr> Tr> Td colspan=""2""> Theatrical release poster /Th> /Tr>",,,,entailment,1,0.5811821222305298
955,who sings hey now hey now the dream is over,,False,I don't know,,,,contradiction,0,0.23640158772468567,The single was released in October 1986.,,,,entailment,1,0.9668060541152954
956,if you get subbed out in soccer can you come back in,,False,I don't know,,,,contradiction,0,0.03554249554872513,the ball is thrown forward.,,,,contradiction,0,0.05942526459693909
957,who plays the evil queen on once upon a time,Lana Maria Parrilla,True,I don't know,0.0,0.0,0.0,neutral,0,0.00465416070073843,The first appearance /Th> in 1937 /Tr> Tr> Tr> Tr> Tr> Tr> Tr> Tr> Tr> Tr> T,0.0,0.0,0.0,neutral,0,0.0037042656913399696
958,plot of the flying machine by ray bradbury,,False,I don't know,,,,neutral,0,0.12065712362527847,"The book is a collection of narrative poems, or lays, by Thomas Babington.",,,,contradiction,0,0.0046787746250629425
959,notes on a doll's house henrik ibsen,,False,I don't know,,,,neutral,0,0.06192093342542648,The man wearing antiquated Dutch clothing is carrying a keg up the mountain and requires help.,,,,neutral,0,0.01079538557678461
960,who won the nascar race in north carolina,,False,I don't know,,,,neutral,0,0.08329901099205017,The WWE United States Championship /Th>,,,,contradiction,0,0.0492037869989872
961,sawai man singh medical college and controller associated hospital,,False,I don't know,,,,contradiction,0,0.1833031326532364,The full name /Th> Td> Sachin Ramesh Tendulkar /Td> /Tr> Th> /Th> /Th> /Th> /Th> /Th>,,,,entailment,1,0.850507378578186
962,what children's book was set in camp green lake texas,Holes,True,New York Times bestseller,0.0,0.0,0.0,neutral,0,0.01692010648548603,New York Times Notable Novel.,0.0,0.0,0.0,neutral,0,0.05069606751203537
963,when did college football go to 15 minute quarters,,False,"The first two were marketed as the  AFL -- NFL World Championship Game '', but were also casually referred to as  the Super Bowl game '' during the television broadcast.",,,,neutral,0,0.2788566052913666,"Before the 1970 merger between the American Football League ( AFL ) and the National Football League ( NFL ), the two leagues met in four such contests.",,,,entailment,1,0.36369338631629944
964,where was the first battle of the mexican american war fought,,False,I don't know,,,,contradiction,0,0.1135534793138504,The location of the battles of the Mexican -- American War is:,,,,neutral,0,0.17833590507507324
965,a national delicacy this sauce is found on most tables in south america,,False,I don't know,,,,contradiction,0,0.1286810040473938,McDonald's ) are fast food chains.,,,,contradiction,0,0.06024319678544998
966,when was the united states holocaust memorial museum built,,False,United States Holocaust Memorial Museum,,,,entailment,1,0.4547272324562073,"The United States Holocaust Memorial Museum is located in Washington, D.C. and is located at 100 Raoul Wallenberg Place, SW Washington, D.C. The museum was established on April 22, 1993 and is located at 100 Raoul Wallenberg Place, SW Washington, D.",,,,entailment,1,0.9156322479248047
967,the first hit record for motown from 1959 was,,False,I don't know,,,,neutral,0,0.13007070124149323,"The album Sell Your Dope and The Good Times was released on September 6, 2001.",,,,entailment,1,0.976855993270874
968,who sings the song hey ho let's go,Ramones,True,"New York, New York",0.0,0.0,0.0,neutral,0,0.018942812457680702,The song was written in 1925 by Jimmy Campbell and Reg Connelly.,0.0,0.0,0.0,entailment,1,0.8439012765884399
969,where does the last name javier come from,,False,I don't know,,,,contradiction,0,0.1351616233587265,Ochoa or Otxoa is a Basque surname,,,,entailment,1,0.9240162968635559
970,when was harry potter first published in the us,1 September 1998,True,I don't know,0.0,0.0,0.0,contradiction,0,0.1650327742099762,Dale Carnegie /Td> /Tr> /Tr> /Tr> /Tr> /Tr> /Tr> /Tr> /Tr> /Tr> ,0.0,0.0,0.0,entailment,1,0.6661609411239624
971,causes of soviet invasion of hungary in 1956,,False,I don't know,,,,contradiction,0,0.12459158152341843,"The Cold War was a state of geopolitical tension after World War II between powers in the Eastern Bloc ( the Soviet Union and its satellite states ) and powers in the Western Bloc ( the United States, its NATO allies and others and others ).",,,,entailment,1,0.5528988838195801
972,why is the blue mountains called the blue mountains,,False,I don't know,,,,contradiction,0,0.09765735268592834,"The Three Sisters sandstone rock formation is located in the Blue Mountains of New South Wales, Australia.",,,,entailment,1,0.7893491983413696
973,when was oman given the official name sultanate of oman,9 August 1970,True,I don't know,0.0,0.0,1.0,neutral,0,0.1322280317544937,Oman /Tr> /Tr> /Tr> /Tr> /Tr> /Tr> /Tr> /Tr> /Tr> /Tr> ,0.0,0.0,1.0,entailment,1,0.4543343186378479
974,nothing gonna stop us now chinese version,,False,I don't know,,,,contradiction,0,0.12137611955404282,"Goku presents his son to Roshi, Krillin, and Bulma.",,,,neutral,0,0.00376155786216259
975,where will game 2 of the world series be played,,False,Sox,,,,contradiction,0,0.3706437349319458,The Yankees won the series 12 -- 11.,,,,contradiction,0,0.2852942943572998
976,who sang backing vocals on you're so vain,Mick Jagger,True,I don't know,0.0,0.0,0.0,neutral,0,0.20555251836776733,"Carly Simon /Td> /Tr> /Tr> /Tr> Th colspan=""2""> /Tr> /Tr> Th colspan=""2""> Single by Carly Simon",0.0,0.0,0.0,entailment,1,0.690412700176239
977,what episode did jim die on ghost whisperer,"""Imaginary Friends and Enemies""",True,I don't know,0.0,0.0,0.0,contradiction,0,0.18804019689559937,Family /Th> /Th> /Th> Parents /Th> /Th> Parents /Th> /Th> Parents /Th> /Th> Parents /Th> /Th> Parents /,0.0,0.0,0.0,contradiction,0,0.3534967005252838
978,where did virtually all deep focus earthquakes (in the whole world) occur in last 15 years,,False,Pacific Ocean,,,,neutral,0,0.3487531840801239,Pacific Ocean.,,,,neutral,0,0.28398406505584717
979,who plays becky on the us cellular commercial,Darien Sills-Evans,True,Agents of S.H.I.E.L.D. : Slingshot,0.0,0.0,0.0,neutral,0,0.3298589289188385,Agents of S.H.I.E.L.D. : Slingshot.,0.0,0.0,0.0,entailment,1,0.525737464427948
980,which city in florida is closest to georgia,,False,I don't know,,,,neutral,0,0.08071496337652206,The Florida Panhandle.,,,,entailment,1,0.6591089367866516
981,what was the time period of indus civilisation,,False,I don't know,,,,neutral,0,0.1360604465007782,Human societies.,,,,neutral,0,0.3073236048221588
982,what does shaggy from scooby doo look like now,,False,I don't know,,,,neutral,0,0.16967922449111938,"The show ended with a total of 222 episodes, ending as the longest Disney Channel series ever at 7 years and 10 months.",,,,neutral,0,0.0012294197222217917
983,when does the show awkward come back on,,False,I don't know,,,,neutral,0,0.044153932482004166,"The fourth season, consisting of 22 episodes, began airing in September 2008, stopped in December 2008, and resumed on April 17, 2009",,,,neutral,0,0.04078034684062004
984,what was the final medal standings at the olympics,,False,I don't know,,,,contradiction,0,0.14481180906295776,Great Britain at the 2018 Winter Olympics /Th> /Th> /Th> /Th> /Th> /Th> /Th> /Th> /Th> /Th> /Th> ,,,,neutral,0,0.2951466143131256
985,who is the first living indian to feature on the postage stamp,,False,I don't know,,,,contradiction,0,0.24294081330299377,"Bajirao Mastani /Th> /Th> /Th> Th colspan=""2""> Pandit Jawaharlal Nehru /Th> /Th> Table> Tr> ",,,,contradiction,0,0.4250636100769043
986,where do the tomatoes for la tomatina come from,,False,I don't know,,,,neutral,0,0.1453278362751007,The Hebrew Bible.,,,,entailment,1,0.751841127872467
987,where does battle of the gods fit in,during the time skip in chapter 517 of the original manga,True,I don't know,0.0,0.0,0.0,contradiction,0,0.08519606292247772,The series takes place on the fictional continents of Westeros and Essos and chronicles the power struggles among noble families as they fight for control of the Iron Throne of the Seven Kingdoms.,0.0,0.13636363636363635,0.0,entailment,1,0.7911354899406433
988,who plays jack abbott's mother on the young and the restless,,False,I don't know,,,,neutral,0,0.011562720872461796,"The show was aired on April 25, 2013.",,,,entailment,1,0.6704704165458679
989,how long does it take carbon to turn into a diamond,,False,I don't know,,,,contradiction,0,0.021823400631546974,"Gold is the most expensive and most common coating, and has a reflectivity of 95 % - 99 % even into the far infrared.",,,,neutral,0,0.023196108639240265
990,what is an example of a natural climate record/proxy,ice cores,True,Fahrenheit,0.0,0.0,1.0,neutral,0,0.031201064586639404,The average temperature of Earth's surface would be about  18 °C.,0.0,0.0,1.0,neutral,0,0.0039509376510977745
991,where does the book of daniel take place,Babylon,True,"The Hebrew Bible states that the temple was constructed under Solomon, king of the United Kingdom of Israel and Judah and that during the Kingdom of Judah, the temple was dedicated to Yahweh and is said to have housed the Ark of the Covenant.",0.0,0.0,0.0,entailment,1,0.9245187640190125,"cities were allied with the cities of Admah, Zeboim and Bela.",0.0,0.0,0.0,neutral,0,0.008641651831567287
992,what is in the tower bridge of london,,False,I don't know,,,,contradiction,0,0.21129894256591797,/Tr> Tr> Th> Location /Th> Tr> Tr> Th> Location /Th> Tr> Th> Location /Th> Tr> Th,,,,entailment,1,0.5102084279060364
993,what best describes representation within the united states national political structure today,,False,I don't know,,,,neutral,0,0.013465231284499168,The committee was composed of delegates from the states.,,,,neutral,0,0.05083168298006058
994,who starred in back to the future 2,,False,I don't know,,,,contradiction,0,0.11246000230312347,Back to the Future /Th> /Th> /Th> /Tr> Tr> Th> Directed by /Th> Td> Robert Zemeckis /Td> /Tr,,,,entailment,1,0.7949914336204529
995,how many seasons total of game of thrones,,False,I don't know,,,,neutral,0,0.16857409477233887,The original network of HBO /Td> /Td> HBO /Td> /Td> HBO /Td> HBO /Td> HBO /Td> HBO /Td> HBO /Td,,,,neutral,0,0.18802668154239655
996,how old do you have to be to get an abortion without parental consent uk,,False,I don't know,,,,neutral,0,0.19539181888103485,"laws cover a wide range of issues and behaviors, addressing when and where alcohol can be consumed.",,,,neutral,0,0.1059841588139534
997,who plays victoria in young and the restless,Amelia Heinle Luckinbill,True,I don't know,0.0,0.0,0.0,neutral,0,0.3235419988632202,"The Young and the Restless /Th> /Th> /Tr> Tr> Th colspan=""2""> Kyle Abbott /Th> /Tr> Tr> Tr> Th col",0.0,0.0,0.0,entailment,1,0.5785233974456787
998,i can hear your voice in the wind,,False,I don't know,,,,neutral,0,0.3878636956214905,Blowin'in the Wind,,,,neutral,0,0.13599364459514618
999,where did the name eggs benedict come from,,False,Eggs Benedict,,,,entailment,1,0.9202948212623596,"The proverb originated in Wales, and was particularly prevalent in Pembrokshire.",,,,entailment,1,0.7813987731933594
1000,what do we with a drunken sailor lyrics,,False,I don't know,,,,neutral,0,0.00867374800145626,"The outrigger canoe is a type of canoe featuring one or more lateral support floats known as outriggers, which are fastened to one or both sides of the main hull.",,,,entailment,1,0.9808214902877808
1001,who won the cfp national championship last year,Alabama,True,I don't know,0.0,0.0,0.0,neutral,0,0.18085934221744537,The 2017 FIFA U-17 World Cup was held from 6 to 28 October.,0.0,0.0,0.0,entailment,1,0.9750443696975708
1002,what triggered the growth of cities in west africa,,False,I don't know,,,,neutral,0,0.020600585266947746,The United States.,,,,neutral,0,0.24356955289840698
1003,how many tenses are in the english language,,False,I don't know,,,,neutral,0,0.2656265199184418,"The letters of a word are separated by a space equal to three dots ( one dash ), and the words are separated by a silence equal to three times the duration of a dot ( one dash ).",,,,neutral,0,0.10231253504753113
1004,where was last song filmed on tybee island,on the island's beach and pier,True,I don't know,0.0,0.0,0.0,contradiction,0,0.014558213762938976,"The Florida Panhandle, an informal, unofficial term for the northwestern part of the U.S. state of Florida, is a strip of land roughly 200 miles long and 50 to 100 miles wide ( 320 km by 80 to 160 km ), lying between Alabama on the",0.0,0.12000000000000001,0.0,contradiction,0,0.03217408433556557
1005,what does lcm scm scy mean in swimming,,False,I don't know,,,,contradiction,0,0.1445380598306656,The length of the pool is 25 metres ( 27.34 yd ) in length.,,,,entailment,1,0.9596379399299622
1006,how do forces in the earth cause earthquakes,,False,I don't know,,,,neutral,0,0.15637238323688507,"Ring of Fire volcano is the Mariana Islands, the Philippines, Bougainville, Tonga, and New Zealand.",,,,entailment,1,0.8235757946968079
1007,what is the meaning of the song leather and lace,,False,I don't know,,,,neutral,0,0.11584176123142242,"Kilmer is most remembered for  Trees '', which has been the subject of frequent parodies and references in popular culture.",,,,entailment,1,0.9795357584953308
1008,who led the brewers in home runs in 1982,Gorman Thomas,True,I don't know,0.0,0.0,0.0,contradiction,0,0.13110968470573425,"The 300 win club gained six members between 1982 and 1990 : Gaylord Perry, Phil Niekro",0.0,0.0,0.0,neutral,0,0.051913630217313766
1009,how many democratic presidents has the united states had,,False,Theodore Roosevelt,,,,contradiction,0,0.23830585181713104,Gar was the first Vice President of the United States.,,,,contradiction,0,0.0459541417658329
1010,who won season 3 rupaul's drag race all stars,Trixie Mattel,True,I don't know,0.0,0.0,1.0,contradiction,0,0.18905332684516907,"2""> RuPaul's Drag Race All Stars /Th> /Th> /Th> /Th> /Th> /Th> /Th> /Th> /Th> /Th> ",0.0,0.0,1.0,contradiction,0,0.363273561000824
1011,who is the white guy in who dat boy,,False,I don't know,,,,contradiction,0,0.10577396303415298,"Mark L. Young ( born Markell V. Efimoff January 1, 1991 ) is an American actor.",,,,entailment,1,0.5827483534812927
1012,how far is the horsehead nebula from earth,approximately 1500 light years,True,I don't know,0.0,0.0,0.0,neutral,0,0.15518738329410553,The nebula is located in the center of the Horsehead Nebula.,0.0,0.0,0.0,entailment,1,0.4441681206226349
1013,who wrote the song there is a river,,False,They wrote the music and lyrics,,,,entailment,1,0.8244832754135132,The music and lyrics were written in 1925 by Jimmy Campbell and Reg Connelly.,,,,contradiction,0,0.00226417975500226
1014,who was the song i'll be missing you about,"Christopher ""The Notorious B.I.G."" Wallace",True,I don't know,0.0,0.0,0.0,contradiction,0,0.26939693093299866,/Th> Td> Ul> Li> We 'll Always Love Big Poppa '' /Li> Li> Cry On '' /Li> /U,0.0,0.09523809523809523,0.0,entailment,1,0.4634324908256531
1015,when does the criminal law punish a failure to act,,False,I don't know,,,,neutral,0,0.05006357654929161,A criminal record.,,,,neutral,0,0.16048979759216309
1016,the secret life of the american teenager season 1 recap,,False,I don't know,,,,neutral,0,0.34637558460235596,The Secret Life of the American Teenager ( season 1) /Th> /Tr> /Tr> /Th> /Th> /Th> /Th> /Th> /Th> /Th> ,,,,entailment,1,0.695922315120697
1017,a credit card is an example of which type of credit,,False,I don't know,,,,contradiction,0,0.17545518279075623,/Td> /Tr> Tr> Th> Personal finance /Th> /Tr> Tr> Th> Credit Debt /Th> /Tr> Tr> ,,,,entailment,1,0.46796199679374695
1018,3 types of seismic waves and its meaning,,False,I don't know,,,,neutral,0,0.14579732716083527,volcanic eruptions occurred at volcanoes in the Ring of Fire.,,,,neutral,0,0.3342704772949219
1019,who played sunshine in the movie harlem nights,Rochon,True,I don't know,0.0,0.0,0.0,contradiction,0,0.1856348067522049,Ghost in the Invisible Bikini /Th> /Th> /Th> /Th> /Th> /Th> /Th> /Th> /Th> /Th> /Th> ,0.0,0.0,0.0,entailment,1,0.4882645010948181
1020,who wrote most of the songs for queen,,False,I don't know,,,,neutral,0,0.2348058521747589,"The Shrek Soundtracks are a collection of soundtracks from all four movies of the Shrek series, including separate editions for the movie score.",,,,entailment,1,0.5744848251342773
1021,what age do you have to be to work in a supermarket,,False,I don't know,,,,neutral,0,0.12661272287368774,The minimum age for a person to legally purchase tobacco products is 18 years.,,,,entailment,1,0.848042368888855
1022,where do the chicago white sox play spring training,Camelback Ranch–Glendale,True,I don't know,0.0,0.0,0.0,neutral,0,0.2771645784378052,"/Td> /Tr> /Tr> Table> Globe Life Field /Tr> Td colspan=""2""> Construction site in 2017. The AT&T Stadium is visible in the background.",0.0,0.0,0.0,entailment,1,0.9553025364875793
1023,what do you do at a hindu temple,,False,I don't know,,,,neutral,0,0.08380237966775894,The term may also ambiguously refer to the Hindu calendar ; the Shalivahana era is also commonly used by other calendars.,,,,neutral,0,0.03193653002381325
1024,when did china and japan go to war,,False,I don't know,,,,contradiction,0,0.16683009266853333,"The Cold War was a state of geopolitical tension after World War II between powers in the Eastern Bloc ( the Soviet Union and its satellite states ) and powers in the Western Bloc ( the United States, its NATO allies and others and others ).",,,,entailment,1,0.9758541584014893
1025,which of these works from the italian renaissance exhibits contrapposto,,False,I don't know,,,,contradiction,0,0.23177970945835114,"The Last Supper /Th> /Tr> Tr> Td colspan=""2""> Il Cenacolo or L'Ultima Cena /Tr> /Tr> Td cols",,,,entailment,1,0.7814757823944092
1026,who won the first ever football world cup match,,False,I don't know,,,,contradiction,0,0.16781362891197205,Uruguay /Td> /Tr> /Tr> /Tr> Th> Dates /Th> /Th> 13 -- 30 July ( 18 days ) /Td> /Tr> ,,,,contradiction,0,0.4201732277870178
1027,what are the dates for the 2018 winter olympics,,False,I don't know,,,,contradiction,0,0.19811823964118958,"The 2018 FIFA World Cup Tr> Th colspan=""2""> /Tr> Tr> Tr> Tr> Tr> Tr> Tr> Tr> T",,,,entailment,1,0.7992084622383118
1028,where did industrial capitalism originate and what advantages did this location have,,False,I don't know,,,,neutral,0,0.06284943222999573,"The United States, Soviet Union, Western European and East Asian",,,,neutral,0,0.07908167690038681
1029,when does star wars last jedi come out in australia,,False,I don't know,,,,contradiction,0,0.19178390502929688,Valt Aoi is a member of the Beyblade team BC Sol.,,,,entailment,1,0.7540673017501831
1030,what is the difference between duplex and doppler ultrasound,,False,I don't know,,,,neutral,0,0.25199174880981445,The invention of color television was conceived as early as the 1880s.,,,,neutral,0,0.0022238173987716436
1031,where does the last name haugen come from,the old Norse word haugr,True,Light Elves,0.0,0.0,1.0,entailment,1,0.7153733372688293,The origin of Haugen is Norwegian.,0.0,0.1818181818181818,1.0,entailment,1,0.5631816983222961
1032,the netherlands in europe is more than 60 percent near or below sea level,,False,I don't know,,,,neutral,0,0.0492122508585453,the most northerly circle of latitude on Earth at which the Sun can be directly overhead,,,,neutral,0,0.02418874204158783
1033,national film award for best non feature film music direction,,False,I don't know,,,,contradiction,0,0.16764132678508759,The National Film Award for Best Non-Feature Film Music Direction was awarded in 1993.,,,,entailment,1,0.8828201293945312
1034,is the civic holiday in august a statutory holiday,,False,I don't know,,,,contradiction,0,0.0014746349770575762,"The term is colloquially used for Good Friday and Christmas Day which were already public holidays under common law and therefore not official bank holidays in England, Wales, and the Republic of Ireland.",,,,neutral,0,0.08931952714920044
1035,do you have to show id in oklahoma,,False,Gun laws,,,,entailment,1,0.5927286744117737,The state has no provision for the sale of firearms.,,,,contradiction,0,0.00041242828592658043
1036,when does i caught myself play in twilight,,False,I don't know,,,,neutral,0,0.2525116503238678,Snow,,,,entailment,1,0.6346431374549866
1037,when can we use a subjective standard when measuring whether a defendant’s actions are offensive,,False,thoughts,,,,contradiction,0,0.20757532119750977,Social perception is the study of how people form impressions of and make inferences about other people as sovereign personalities.,,,,neutral,0,0.10718106478452682
1038,when was the last time north korea fired a missile,September 15,True,I don't know,0.0,0.0,0.0,contradiction,0,0.20242032408714294,North Korea crisis,0.0,0.0,0.0,entailment,1,0.646675705909729
1039,youtube future sound of london papua new guinea,,False,I don't know,,,,contradiction,0,0.28436774015426636,The song was written by Rihanna and Calvin Harris.,,,,entailment,1,0.9259545207023621
1040,where is the tv show castle rock filmed,,False,I don't know,,,,contradiction,0,0.20559009909629822,"The Three Sisters sandstone rock formation is located in the Blue Mountains, New South Wales, Australia.",,,,entailment,1,0.8798746466636658
1041,who played professor wilder on dawson's creek,"Kenneth Joseph ""Ken"" Marino",True,I don't know,0.0,0.0,0.0,neutral,0,0.2509665787220001,The show is set in New Orleans which the Mikaelson family and original vampires helped to build.,0.0,0.0,0.0,neutral,0,0.12484495341777802
1042,information about the musical instrument called jaltarang and how the different notes are produced,,False,I don't know,,,,contradiction,0,0.12326782941818237,The Indian national calendar is used.,,,,neutral,0,0.08507422357797623
1043,who sang can't get enough of your love baby,Barry White,True,I don't know,0.0,0.0,1.0,contradiction,0,0.2578238546848297,"The song was released on July 25, 1974.",0.0,0.0,1.0,entailment,1,0.9700970649719238
1044,who is nana saheb in bajirao mastani movie,Ayush Tandon,True,I don't know,0.0,0.0,0.0,contradiction,0,0.14245763421058655,Bajirao Mastani /Th> /Th> /Tr> Tr> Tr> Th> Directed by /Th> Td> Sanjay Leela Bhansali /,0.0,0.0,0.0,entailment,1,0.8715885877609253
1045,what is the color of hyperlink in html,blue,True,I don't know,0.0,0.0,0.0,neutral,0,0.11442754417657852,Symbolic links were already present by 1978 in minicomputer operating systems from DEC and Data General's RDOS.,0.0,0.0,0.0,neutral,0,0.0019158953800797462
1046,what is the control unit function in the cpu,"tells the computer's memory, arithmetic/logic unit and input and output devices how to respond to the instructions that have been sent to the processor",True,I don't know,0.0,0.0,0.0,contradiction,0,0.2675381302833557,The control unit is a component of a computer's central processing unit ( CPU ) that directs the operation of the processor.,0.0,0.31818181818181823,0.0,entailment,1,0.8996495604515076
1047,who sings i got a new girl now,,False,I don't know,,,,contradiction,0,0.1794918179512024,"/Th> /Tr> /Tr> /Tr> /Tr> Th colspan=""2""> /Tr> /Tr> Th colspan=""2""> Single by Tyler",,,,entailment,1,0.36002182960510254
1048,who is the managing director of hdfc bank,Aditya Puri,True,I don't know,0.0,0.0,1.0,contradiction,0,0.14230243861675262,Commerce major.,0.0,0.0,1.0,neutral,0,0.14597514271736145
1049,short story ray bradbury all summer in a day,,False,I don't know,,,,contradiction,0,0.15080049633979797,Aram Garoghlanian.,,,,entailment,1,0.7025928497314453
1050,how old do you have to be to run for the president of the united states,thirty-five Years,True,President,0.0,0.0,0.0,neutral,0,0.049350347369909286,President of the United States.,0.0,0.0,0.0,contradiction,0,0.049527496099472046
1051,what is the jelly stuff in vienna sausages,,False,I don't know,,,,contradiction,0,0.10326024144887924,/P> P>,,,,entailment,1,0.5252545475959778
1052,haydn string quartet in g major op 76 no 1,,False,I don't know,,,,neutral,0,0.06549520045518875,"The six String Quartets, Op. 76 by Joseph Haydn were composed in 1797 or 1798 and dedicated to the Hungarian count Joseph Georg von Erddy ( 1754 -- 1824 ). They form the last complete set of string quartets that Haydn composed",,,,entailment,1,0.951191246509552
1053,when did israel adopt the star of david,"October 28, 1948",True,Seal of Solomon,0.0,0.0,0.0,contradiction,0,0.007756843697279692,The Star of David was a symbol of modern Jewish identity and Judaism.,0.0,0.0,0.0,entailment,1,0.9684475064277649
1054,how many episodes does barney wear the ducky tie,,False,I don't know,,,,neutral,0,0.19056108593940735,a closing monologue.,,,,neutral,0,0.04407757893204689
1055,who did france give the statue of liberty to first,,False,I don't know,,,,contradiction,0,0.04241737723350525,Britain.,,,,contradiction,0,0.04534388333559036
1056,the idea that the moons development began when a large object collided with earth is called the,"The giant-impact hypothesis, sometimes called the Big Splash, or the Theia Impact",True,Galileo,0.0,0.0,0.0,contradiction,0,0.02770351804792881,The  grand synthesis '' was a scientific revolution that culminated in 1632.,0.0,0.08695652173913043,0.0,contradiction,0,0.03264034166932106
1057,who played toby in the first episode of pll,,False,Spencer Hastings,,,,entailment,1,0.6600813865661621,Spencer Hastings /Th> /Th> /Th> /Th> /Th> /Th> /Th> /Th> /Th> /Th> /Th> /Th>,,,,entailment,1,0.4756523668766022
1058,does trump tower in las vegas have a casino,,False,I don't know,,,,contradiction,0,0.28263911604881287,The Trump International Hotel Las Vegas was completed in January 2017.,,,,entailment,1,0.7169783711433411
1059,where are the ascii characters found in the utf-8 code points,The first 128 characters,True,I don't know,0.0,0.0,0.0,contradiction,0,0.19789376854896545,"The International Morse Code is a method of transmitting text information as a series of on - off tones, lights, or clicks that can be directly understood by a skilled listener or observer without special equipment.",0.0,0.05128205128205128,0.0,entailment,1,0.986240565776825
1060,when was the last time a category 4 hurricane hit nc,,False,I don't know,,,,neutral,0,0.007414004299789667,F5.,,,,neutral,0,0.009124104864895344
1061,who won an oscar for best supporting actress,,False,I don't know,,,,neutral,0,0.242040753364563,first ever nominee ( male or female ) in 1963.,,,,neutral,0,0.2252209335565567
1062,who was the founder of pre fabricated housing districts,,False,"Hollywood blacklist, were cited for contempt of Congress for refusing to testify to the House Un-American Activities Committee.",,,,neutral,0,0.045074328780174255,"The first systematic Hollywood blacklist was instituted on November 25, 1947, the day after ten writers and directors were cited for contempt of Congress for refusing to testify to the House Un-American Activities Committee.",,,,neutral,0,0.03893157094717026
1063,who made thor's hammer for the movie,,False,Matthew F. Leonetti,,,,contradiction,0,0.1933850198984146,Matthew F. Leonetti /Td> /Tr> Tr> Th>,,,,contradiction,0,0.14832206070423126
1064,where can you not carry a concealed weapon in michigan,,False,"California, which has stricter gun laws, California has a higher percentage of gun sales.",,,,neutral,0,0.015295515768229961,"California laws, private sales of firearms must be recorded by the state.",,,,neutral,0,0.2591148018836975
1065,when is mockingjay part 2 going to be on tv,,False,"10th season, the series was renewed for a fourth season.",,,,entailment,1,0.6758699417114258,"episode 10th season revival of the series, the original cast returned.",,,,entailment,1,0.8987264037132263
1066,which of the following increases the political independence of the federal reserve,,False,"Washington, D.C. /Td> /Tr> /Tr> /Tr> /Tr> Th> Employees /Th> 8,713 ( December 2012 ) /Td> ",,,,entailment,1,0.6929322481155396,"Washington, D.C. /Td> /Tr> /Tr> /Tr> Th> Employees /Th> 8,713 ( December 2012 ) /Td> /Tr> ",,,,entailment,1,0.8204172253608704
1067,common characteristics of philippine folktales and japanese folktales,,False,I don't know,,,,neutral,0,0.025783266872167587,"The term comes from Heian period literature, but was picked up and used by 18th century Edo period Japanese cultural scholar Motoori Norinaga in his literary criticism of The Tale of Genji, and later to other seminal Japanese works including the Man'ysh.",,,,entailment,1,0.9453569650650024
1068,who won a tony emmy oscar and grammy,,False,I don't know,,,,neutral,0,0.03164703771471977,"The  E '' should only stand for the Primetime Emmy Award, and not a Daytime Emmy or any of the awards presented at the other types of Emmy ceremonies.",,,,neutral,0,0.02691851556301117
1069,is an encoding for english alphanumeric characters as 7-bit numbers,ASCII,True,I don't know,0.0,0.0,0.0,neutral,0,0.1375117003917694,"The International Morse Code encodes the ISO basic Latin alphabet, some extra Latin letters, the Arabic numerals and a small set of punctuation and procedural signals ( prosigns ) as standardized sequences of short and long signals called  dots '' and ",0.0,0.0,0.0,neutral,0,0.33260294795036316
1070,which filibuster army captured nacogdoches goliad and san antonio before being defeated,,False,I don't know,,,,contradiction,0,0.03495970740914345,"The battles of the Mexican -- American War include all major engagements and most reported skirmishes, including Thornton's Defeat, the Battle of Palo Alto, and the Battle of Resaca de la Palma, which took place prior to the",,,,neutral,0,0.0021542704198509455
1071,who played lucky on king of the hill,Tom Petty,True,I don't know,0.0,0.0,0.0,contradiction,0,0.1259859949350357,The first contestant to pass away after appearing on the show is Florence Henderson.,0.0,0.0,0.0,contradiction,0,0.04533784091472626
1072,i never cried when old yeller died at least not in front of my friends,,False,I don't know,,,,neutral,0,0.089511439204216,Kilmer is a satire of the war.,,,,neutral,0,0.12753474712371826
1073,where does you can do it come from,,False,I don't know,,,,contradiction,0,0.2596064507961273,The 900 is a 212 - revolution ( 900 degrees ) aerial spin performed on a skateboard ramp.,,,,contradiction,0,0.08778861910104752
1074,when did they start the draft for the vietnam war,"December 1, 1969",True,I don't know,0.0,0.0,0.0,neutral,0,0.027728764340281487,The National Football League Draft consists of seven rounds.,0.0,0.0,0.0,neutral,0,0.013966530561447144
1075,speech on independence day of pakistan in english pdf,,False,President,,,,neutral,0,0.2864120304584503,The address is now broadcast live across the country on many networks.,,,,entailment,1,0.9679287672042847
1076,the fibrous capsule of a synovial joint is composed of,,False,I don't know,,,,neutral,0,0.11758679151535034,The round ligament of the uterus is the only one in the human body that is not a synovial joint.,,,,contradiction,0,0.026704993098974228
1077,who plays the mother in a monster calls,Felicity Jones,True,I don't know,0.0,0.0,1.0,neutral,0,0.008821501396596432,The show is set in New Orleans which the Mikaelson family and original vampires helped to build.,0.0,0.0,1.0,neutral,0,0.013086631894111633
1078,when does the 16 days of activism campaign start,25 November,True,I don't know,0.0,0.0,1.0,entailment,1,0.47292599081993103,"As of July 11, 2018, 46 episodes of Code Black have aired.",0.0,0.0,1.0,neutral,0,0.12683269381523132
1079,when did bud lose his leg in jag,2002,True,I don't know,0.0,0.0,1.0,contradiction,0,0.18360638618469238,/Tr> /Tr> /Tr> /Tr> /Tr> /Tr> /Tr> /Tr> /Tr> /Tr> /T,0.0,0.0,1.0,entailment,1,0.4216114282608032
1080,who does mary camden marry in 7th heaven,Carlos Rivera,True,I don't know,0.0,0.0,0.0,neutral,0,0.004490857012569904,The focus was primarily on Klaus ( Joseph Morgan ).,0.0,0.0,0.0,contradiction,0,0.0030751475133001804
1081,list the phonetic environments for all oral stop consonants,,False,I don't know,,,,neutral,0,0.16071172058582306,The majority of style guides that use a Latin - derived alphabet as a language base now prescribe or recommend the use of a single space after the concluding punctuation of a sentence.,,,,entailment,1,0.9640169143676758
1082,what does bruno mars look like in 2018,,False,melanocytes,,,,neutral,0,0.38111862540245056,skin.,,,,entailment,1,0.44588735699653625
1083,who wrote the music for dances with wolves,John Barry Prendergast,True,I don't know,0.0,0.0,0.0,neutral,0,0.07167399674654007,"The Andy Williams Christmas Album was released on October 14, 1963.",0.0,0.0,0.0,neutral,0,0.01843523234128952
1084,who did the donkey talk to in the bible,Balaam,True,I don't know,0.0,0.0,0.0,contradiction,0,0.09025876224040985,Jacob wrestling with the angel.,0.0,0.0,0.0,contradiction,0,0.0544184148311615
1085,what movie has the song here comes the sun,Sgt. Pepper's Lonely Hearts Club Band,True,Frank Sinatra,0.0,0.0,0.0,entailment,1,0.3855245113372803,Frank Sinatra.,0.0,0.0,0.0,entailment,1,0.5340068340301514
1086,what is the name of wonder womans sword,,False,Publisher /Th> Td> Marvel Comics /Td> /Tr> Tr> Th> First appearance /Th> Td> Journey into Mystery # 83 ( August 1962 ) /Td>,,,,entailment,1,0.4068922698497772,/Th> /Tr> Tr> Th> Publisher /Th> Td> Marvel Comics /Td> /Tr> Tr> Th> First appearance /Th> ,,,,entailment,1,0.5336591601371765
1087,briefly describe the content or focus of the vedas,,False,I don't know,,,,contradiction,0,0.21815387904644012,The Vedas ( show) are a series of Vedas ( show) that are based on the Vedas ( show) of the Hindu religion.,,,,entailment,1,0.4074402153491974
1088,i'm working my way back to you babe four seasons,,False,I don't know,,,,neutral,0,0.10263746231794357,The book was published in January 1996 which describes the stories of three prostitutes and one actress about their sexual encounters with various Hollywood celebrities.,,,,neutral,0,0.0481950081884861
1089,when did the song colt 45 come out,"September 6, 2001",True,I don't know,0.0,0.0,0.0,neutral,0,0.06097790598869324,The song was written in 1925 by Jimmy Campbell and Reg Connelly.,0.0,0.0,0.0,entailment,1,0.9786229133605957
1090,what is the main train station in milan,Milan Central,True,I don't know,0.0,0.0,0.0,contradiction,0,0.1757020354270935,"The station is located at Piazza Duca d'Aosta, Italy.",0.0,0.0,0.0,entailment,1,0.7331414222717285
1091,character played by michael richards in sitcom about nothing,,False,I don't know,,,,neutral,0,0.2087782770395279,Code Black was a medical drama starring Marcia Gay Harden and Rob Lowe.,,,,contradiction,0,0.028298666700720787
1092,who handles the money in the us government,Department of the Treasury,True,I don't know,0.0,0.0,1.0,contradiction,0,0.269980788230896,"The United States Secret Service /Th> /Th> Table> United States Department of the Treasury /Th> Td colspan=""2""> Seal of the U.S. Department of the Treasury /Td> /Tr>",0.0,0.25806451612903225,1.0,entailment,1,0.9035617113113403
1093,in human populations in africa two common alleles,,False,I don't know,,,,contradiction,0,0.08961469680070877,Human genetic variation,,,,entailment,1,0.9009591341018677
1094,person variables concerned with what a person is able to do,,False,I don't know,,,,neutral,0,0.12913110852241516,The Big Five personality traits are used to describe the personality traits of people.,,,,entailment,1,0.7395259737968445
1095,where was life liberty and the pursuit of happiness said,,False,society,,,,neutral,0,0.10497070103883743,"The Scientific Revolution took place in Europe towards the end of the Renaissance period and continued through the late 18th century, influencing the intellectual social",,,,neutral,0,0.35275161266326904
1096,describe the character of angel in stand and deliver,,False,I don't know,,,,neutral,0,0.258400559425354,The word amen is a declaration of affirmation found in the Hebrew Bible and the New Testament.,,,,entailment,1,0.9824124574661255
1097,when did the center of the roman empire moved from rome to constantinople,11 May 330 AD,True,I don't know,0.0,0.0,0.0,neutral,0,0.21883393824100494,"Julius Caesar, the Roman Empire came to dominate the entire Mediterranean basin.",0.0,0.0,0.0,entailment,1,0.8129907846450806
1098,what is the difference in terms of who is enclosed in protective cages or structures,,False,I don't know,,,,neutral,0,0.12073058634996414,ABO blood group system,,,,neutral,0,0.1896703541278839
1099,who had the infinity stones in infinity war,,False,I don't know,,,,contradiction,0,0.3244282305240631,"The Infinity Gauntlet /Th> /Tr> /Tr> Th colspan=""2""> Rise of the Guardians /Th> /Tr> Th colspan=""2""> Avengers : In",,,,entailment,1,0.5701879262924194
1100,what is the day of the dead festival in mexico,"a Mexican holiday celebrated throughout Mexico, in particular the Central and South regions, and by people of Mexican ancestry living in other places, especially the United States",True,Day of the Dead,0.0,0.12903225806451613,0.0,neutral,0,0.39626190066337585,Day of the Dead /Tr> /Tr> /Tr> /Tr> /Tr> /Tr> /Tr> /Tr> /Tr> /Tr>,0.0,0.0975609756097561,0.0,neutral,0,0.39127570390701294
1101,which is true of america immediately after the war of 1812 ended,,False,New York,,,,contradiction,0,0.018826350569725037,"The British paid little attention to the war, concentrating instead on their final defeat of Napoleon in 1815.",,,,contradiction,0,0.11717574298381805
1102,can u play xbox 360 games on a xbox one,,False,I don't know,,,,neutral,0,0.2443496286869049,"The Xbox One gaming console has received updates from Microsoft since its launch in 2013 that enable it to play select games from its two predecessor consoles, Xbox and Xbox 360 games.",,,,neutral,0,0.029876232147216797
1103,the day the earth stood still 2008 spoiler,,False,I don't know,,,,contradiction,0,0.18153586983680725,"The Act moved Washington's Birthday ( February 22 ), Memorial Day ( May 30 ), and Veterans Day ( November 11 ) from fixed dates to designated Mondays, and established as a federal holiday Columbus Day -- which had previously been celebrated in some states on October 12 -- to",,,,contradiction,0,0.08243832737207413
1104,will a xbox 360 game work in a xbox one,"The Xbox One gaming console has received updates from Microsoft since its launch in 2013 that enable it to play select games from its two predecessor consoles, Xbox and Xbox 360.",True,I don't know,0.0,0.0,1.0,neutral,0,0.019204415380954742,"The Xbox One gaming console has received updates from Microsoft since its launch in 2013 that enable it to play select games from its two predecessor consoles, Xbox and Xbox 360.",1.0,1.0,1.0,neutral,0,0.22675207257270813
1105,what type of ammo does an ar-15 use,,False,"Colt AR - 15 /Th> /Th> /Tr> Tr> Td colspan=""2"">. 30 - 06 Springfield /Th> /Tr> Tr> T",,,,entailment,1,0.5664798617362976,"Colt AR - 15 /Th> /Th> /Tr> Tr> Td colspan=""2"">. 30 - 06 Springfield /Th> /Tr> Td colspan=""",,,,entailment,1,0.5197725892066956
1106,where did they film the first twilight movie,"primarily in Portland, Oregon",True,I don't know,0.0,0.0,0.0,neutral,0,0.10605793446302414,The Black Hills Gold Rush took place in Dakota Territory in the United States.,0.0,0.11111111111111112,0.0,entailment,1,0.6919261813163757
1107,how many members in vidhan parishad in maharashtra,,False,I don't know,,,,neutral,0,0.08631841093301773,The maximum size of the Lok Sabha as outlined in the Constitution of India is 552 members made up of up to 530 members representing people of the states of India and up to 20 members representing people from the Union Territories on the basis of their population and 2 Anglo - Indians are no,,,,entailment,1,0.5421906113624573
1108,when does disney's zombies come out on dvd,,False,episode segment or a full episode premiering each day,,,,entailment,1,0.9477844834327698,episode segment or a full episode premiering each day.,,,,entailment,1,0.8993849754333496
1109,which of the following is not a name of a typical division of an investment bank,,False,I don't know,,,,contradiction,0,0.07498831301927567,/Tr> /Tr> /Tr> /Tr> /Tr> /Tr> /Tr> /Tr> /Tr> /Tr> /T,,,,entailment,1,0.5701857209205627
1110,ooh boy i love you so rose royce,,False,I don't know,,,,neutral,0,0.18899957835674286,The song was inducted into the Canadian Songwriters Hall of Fame.,,,,neutral,0,0.0071778264828026295
1111,what is the average height of a man in germany,,False,I don't know,,,,contradiction,0,0.13470643758773804,The Eiffel Tower is the tallest building in the world from 1889 to 1930.,,,,neutral,0,0.01904192753136158
1112,the evil queen's name in snow white,Queen Grimhilde,True,I don't know,0.0,0.0,1.0,neutral,0,0.00465416070073843,Iduna is greeted warmly.,0.0,0.0,1.0,neutral,0,0.0035238403361290693
1113,who was the ruler of india when east india company was set up,Queen Elizabeth I,True,Coat of arms ( 1698,0.0,0.0,0.0,entailment,1,0.8339771032333374,Coat of arms ( 1698 ) /Td> /Tr> Tr> Th> Former type /Th> Td> Public /Th> /Tr> /Tr> Th>,0.0,0.0,0.0,entailment,1,0.6323155760765076
1114,who is considered to be the first pope,St Peter,True,I don't know,0.0,0.0,1.0,contradiction,0,0.008164167404174805,"In the Catholic Church, Lutheranism and Anglicanism.",0.0,0.0,1.0,contradiction,0,0.010422615334391594
1115,who played mick wolf on one tree hill,,False,I don't know,,,,contradiction,0,0.21770034730434418,"The episode titled "" Breaking Bad"" was aired on January 11, 2010.",,,,entailment,1,0.9182021021842957
1116,when did ibm design the first personal computer and why did it fail,,False,I don't know,,,,contradiction,0,0.17010726034641266,IBM Personal Computer XT IBM PCjr IBM Portable Personal Computer,,,,contradiction,0,0.1791727989912033
1117,the sound source of the synthesizer is an oscillator,,False,I don't know,,,,neutral,0,0.004553542472422123,The FDR is a computer program that records flight data.,,,,neutral,0,0.025152087211608887
1118,who sings im only happy when it rains,,False,I don't know,,,,neutral,0,0.2080869972705841,The original music was written by Richie Webb ( music ) and Dave Cohen ( lyrics ).,,,,contradiction,0,0.005501258186995983
1119,where does the red river begin and end,"Harmon County, Oklahoma",True,I don't know,0.0,0.0,1.0,neutral,0,0.22426776587963104,The Atchafalaya River is located in the Atchafalaya Mountains in the United States.,0.0,0.0,1.0,contradiction,0,0.07375077903270721
1120,when did sachin tendulkar win the world cup,2011,True,I don't know,0.0,0.0,0.0,contradiction,0,0.18195004761219025,Sachin Tendulkar /Tr> /Tr> Th> /Th> /Th> /Th> /Th> /Th> /Th> /Th> /Th> ,0.0,0.0,0.0,entailment,1,0.6979395747184753
1121,what is the difference between natural greenhouse gases and anthropogenic greenhouse gases,,False,I don't know,,,,neutral,0,0.049942415207624435,.,,,,neutral,0,0.42504170536994934
1122,when did beverly hills cop 2 come out,1987,True,I don't know,0.0,0.0,0.0,contradiction,0,0.12630823254585266,The 1992 Los Angeles riots were caused by a reaction to acquittal of four policemen on trial in the beating of Rodney King ;,0.0,0.0,0.0,neutral,0,0.012032967992126942
1123,who did they kill in i know what you did last summer,,False,I don't know,,,,neutral,0,0.00465416070073843,"The focus was primarily on Klaus ( Joseph Morgan ), Elijah ( Daniel Gillies ), and Rebekah ( Claire Holt ) who found out in the backdoor pilot, aired on April 25, 2013, how Hayley Marshall",,,,contradiction,0,0.0021718586795032024
1124,which leader halted the muslim invasion of western europe at the battle of tours,Charles Martel,True,I don't know,0.0,0.0,1.0,neutral,0,0.07162068039178848,The Great Fire of Rome was an urban fire in the year AD 64.,0.0,0.0,1.0,entailment,1,0.9778403639793396
1125,where is milan located on the world map,,False,I don't know,,,,neutral,0,0.34242719411849976,Milan is located in Lombardy.,,,,entailment,1,0.8039796352386475
1126,what is the largest state in america by size,Alaska,True,I don't know,0.0,0.0,1.0,contradiction,0,0.0960632711648941,"The ball of twine with the largest circumference is located in Cawker City, Kansas.",0.0,0.0,1.0,entailment,1,0.9672170877456665
1127,actor who plays jack in will and grace,Sean Patrick Hayes,True,I don't know,0.0,0.0,0.0,contradiction,0,0.05450599640607834,"Mark L. Young ( born Markell V. Efimoff January 1, 1991 ) is an American actor.",0.0,0.0,0.0,contradiction,0,0.34748920798301697
1128,college basketball teams that have never made the ncaa tournament,,False,I don't know,,,,neutral,0,0.00479461345821619,The school whose names are listed in the last table is the one that is currently affiliated with the NCAA.,,,,neutral,0,0.014258947223424911
1129,who was the first person to die in romeo and juliet,Mercutio,True,I don't know,0.0,0.0,1.0,neutral,0,0.11536538600921631,Romeo and Juliet,0.0,0.0,1.0,neutral,0,0.39872950315475464
1130,when was the first color tv sold in the us,,False,I don't know,,,,neutral,0,0.13385145366191864,The earliest feature - length movies with recorded sound included only music and effects.,,,,contradiction,0,0.02984870783984661
1131,who does chris griffin's voice on family guy,Seth Green,True,I don't know,0.0,0.0,0.0,contradiction,0,0.21413135528564453,"The show's central character is teenager Jenna Hamilton ( Ashley Rickards ), who struggles with her identity, especially after an accident is misconstrued as a suicide attempt.",0.0,0.0,0.0,entailment,1,0.9880075454711914
1132,what is the most selling movie of all time,,False,21st century,,,,entailment,1,0.714606523513794,21st century,,,,entailment,1,0.714606523513794
1133,what classification is used in mims to classify the medicine,,False,I don't know,,,,neutral,0,0.12147323042154312,Hypersalivation,,,,neutral,0,0.1372772455215454
1134,who makes the federal laws in the united states,,False,I don't know,,,,neutral,0,0.21889539062976837,The United States Constitution /P> /Th> /Tr> Tr> Tr> Tr> Tr> Tr> Tr> Tr> Tr> Tr,,,,entailment,1,0.8112491965293884
1135,how many republicans are in the senate in 2018,51,True,I don't know,0.0,0.0,1.0,neutral,0,0.33207160234451294,/Th> /Tr> /Tr> /Tr> /Tr> /Tr> /Tr> /Tr> /Tr> /Tr> /Tr,0.0,0.0,1.0,contradiction,0,0.2600862979888916
1136,what are two other names for a muscle fiber,,False,I don't know,,,,contradiction,0,0.09527643769979477,a long chain polymer of N - acetylglucosamine,,,,entailment,1,0.8149101138114929
1137,who is the writer of first haryana novel,,False,I don't know,,,,neutral,0,0.13453839719295502,"The Lays were composed by Macaulay in his thirties, during his spare time while he was the  legal member '' of the Governor - General of India's Supreme Council from 1834 to 1838.",,,,entailment,1,0.8310897946357727
1138,what was the first lord of the rings movie,,False,I don't know,,,,neutral,0,0.14759273827075958,The Lord of the Rings /Th> /Th> /Th> /Th> /Th> /Th> /Th> /Th> /Th> /Th> /Th> /,,,,entailment,1,0.6282815337181091
1139,dragon ball z movie the tree of might,,False,I don't know,,,,neutral,0,0.01655922457575798,"sent to Earth by her parents the Queen and King Butterfly, when they decide she should learn to wield magic away from their kingdom.",,,,contradiction,0,0.015441044233739376
1140,how many season are there of days of our lives,,False,I don't know,,,,neutral,0,0.09726500511169434,The show aired one TV film and a stand - alone special.,,,,neutral,0,0.014124033972620964
1141,who has been the lead singer for journey,,False,I don't know,,,,contradiction,0,0.23460792005062103,"Man of the Woods Tour Tr> Td colspan=""2""> Tour by Justin Timberlake /Td> /Tr> Tr> Tr> Tr> Tr> Tr>",,,,entailment,1,0.45961397886276245
1142,who did cleveland play in the finals last year,Golden State Warriors,True,I don't know,0.0,0.0,1.0,contradiction,0,0.1510297656059265,The 2016 NBA Finals are scheduled to take place on June 2 -- 19.,0.0,0.0,1.0,entailment,1,0.9825144410133362
1143,what is the joint commission and what do they do,"a United States-based nonprofit tax-exempt 501(c) organization[1] that accredits more than 21,000 US health care organizations and programs",True,The State of the Union Address,0.0,0.0,0.0,neutral,0,0.21557696163654327,The Gang of Eight is a colloquial term for a set of eight leaders within the United States Congress who are briefed on classified intelligence matters by the executive branch.,0.0,0.08333333333333334,0.0,entailment,1,0.9730679988861084
1144,the two earliest examples of the university where at,,False,I don't know,,,,neutral,0,0.0981055423617363,"The fourth great river civilization emerged around 1700 BCE along the Yellow River in China, also known as the Huang - He River Civilization.",,,,neutral,0,0.009464512579143047
1145,how many athletes does great britain have in the 2018 olympics,58,True,I don't know,0.0,0.0,1.0,contradiction,0,0.14481180906295776,Great Britain at the 2018 Winter Olympics /Th> /Th> /Th> /Th> /Th> /Th> /Th> /Th> /Th> /Th> /Th> ,0.0,0.0,1.0,neutral,0,0.2951466143131256
1146,2018 belgian first division a europa league play-offs scores,,False,I don't know,,,,contradiction,0,0.0733434185385704,/Tr> /Tr> Th> Dates /Th> Td> 28 July 2017 -- 20 May 2018 /Td> /Tr> /Tr> Th> Champions /Th> ,,,,contradiction,0,0.27151045203208923
1147,a million ways to die in th west,,False,I don't know,,,,contradiction,0,0.2189236879348755,A Million Ways to Die in the West /Th> /Th> /Th> /Th> /Th> /Th> /Th> /Th> /Th> /Th> /Tr,,,,entailment,1,0.5243106484413147
1148,what breed of dog is on cesar dog food,,False,I don't know,,,,neutral,0,0.18971170485019684,"Westie ( or Westy ) /Td> /Tr> Tr> Tr> Th> Coat /Th> Td colspan=""3""> Double /Td> /T",,,,neutral,0,0.22757762670516968
1149,who got the highest paid contract in the nba,Stephen Curry,True,I don't know,0.0,0.0,1.0,neutral,0,0.22401010990142822,George Mikan won two championships.,0.0,0.0,1.0,contradiction,0,0.0419263057410717
1150,who was involved in the global financial crisis,,False,economy,,,,neutral,0,0.00763745978474617,The failure of a bank is generally considered to be of more importance than the failure of other types of business.,,,,contradiction,0,0.004905089735984802
1151,the south african institute of tax practitioners was constituted as,a Not for Profit professional body,True,I don't know,0.0,0.0,0.0,contradiction,0,0.2040935456752777,The Indian Civil Service ( ICS ) was the elite higher civil service of the British Empire in British India during British rule in the period between 1858 and 1947.,0.0,0.0,0.0,neutral,0,0.32675135135650635
1152,which president was the president of columbia university,Dwight D. Eisenhower,True,I don't know,0.0,0.0,0.0,contradiction,0,0.16036725044250488,Luis Guillermo Sols /Th> /Tr> /Tr> /Tr> /Tr> /Tr> /Tr> /Tr> /Tr> ,0.0,0.0,0.0,entailment,1,0.6372531652450562
1153,who played spur in man from snowy river,Kirk Douglas,True,I don't know,0.0,0.0,1.0,contradiction,0,0.10485187917947769,Banjo Paterson.,0.0,0.0,1.0,entailment,1,0.5132041573524475
1154,what is the main music street in nashville,,False,I don't know,,,,neutral,0,0.00891921203583479,"The key of a piece is the group of pitches, or scale, that forms the basis of a music composition in classical, Western art.",,,,neutral,0,0.2422516644001007
1155,where is xanthophyll found in a plant's cell,leaves,True,I don't know,0.0,0.0,1.0,neutral,0,0.0440668910741806,The xanthophylls are more polar than the carotenes.,0.0,0.0,1.0,neutral,0,0.021467702463269234
1156,who pioneered the little black dress or lbd back in 1926,Coco Chanel,True,I don't know,0.0,0.0,1.0,neutral,0,0.07312635332345963,Farrah Fawcett poster.,0.0,0.0,1.0,neutral,0,0.11191011220216751
1157,who was the last person executed in the uk,,False,I don't know,,,,contradiction,0,0.08323287218809128,"The last executions in the United Kingdom were by hanging, and took place in 1964, prior to capital punishment being abolished for murder ( in 1965 in Great Britain and in 1973 in Northern Ireland ).",,,,entailment,1,0.9311525225639343
1158,what are the 10 largest cities in the united states by area,,False,I don't know,,,,neutral,0,0.07982586324214935,The United States is a country in the continental United States.,,,,entailment,1,0.735529363155365
1159,poverty alleviation and employment generation programme in india,,False,cyclical types of unemployment,,,,contradiction,0,0.1489550620317459,Non-Acc,,,,contradiction,0,0.16768646240234375
1160,which is not a climate zone found in india,,False,human activities,,,,neutral,0,0.299136221408844,The main cause of the urban heat island effect is from the modification of land.,,,,neutral,0,0.02305441163480282
1161,who were the first to start a company to trade with india,the Portuguese Estado da Índia,True,I don't know,0.0,0.0,0.0,contradiction,0,0.005888016428798437,Europeans.,0.0,0.0,0.0,contradiction,0,0.056357491761446
1162,pay scale of section officer in central secretariat,Junior Time Scale,True,I don't know,0.0,0.0,0.0,neutral,0,0.08396414667367935,"The Central Statistics Office ( CSO ) is a governmental agency in India under the Ministry of Statistics and Programme Implementation responsible for co-ordination of statistical activities in India, and evolving and maintaining statistical standards.",0.0,0.0,0.0,entailment,1,0.887468159198761
1163,who is the actor that plays jax in sons of anarchy,Charles Matthew Hunnam,True,I don't know,0.0,0.0,0.0,neutral,0,0.03350158408284187,"Marvel Cinematic Universe films and Marvel One - Shots also appear throughout the series, along with other characters based on various Marvel Comics properties.",0.0,0.0,0.0,entailment,1,0.9470885992050171
1164,six of one half a dozen of the other etymology,,False,"Six of One, Half Dozen of the Other or Six of One may also refer to one of the following:",,,,neutral,0,0.28647083044052124,"The phrase is related to the expression the whole six yards, used around the same time in Kentucky and South Carolina.",,,,entailment,1,0.9786509275436401
1165,what does it mean to archive a story on wattpad,,False,Wikipedia's norms and practices.,,,,entailment,1,0.6240361928939819,The lead section of this article may need to be rewritten.,,,,entailment,1,0.967276394367218
1166,what is the longest tennis match at wimbledon,,False,I don't know,,,,neutral,0,0.12194789201021194,"The All England Lawn Tennis and Croquet Club, also known as the All England Club, based at Church Road, Wimbledon, London, England, is a private members'club.",,,,entailment,1,0.8912145495414734
1167,what kind of car does jack irish drive,,False,"years, the Russian Empire was a major industrial power.",,,,neutral,0,0.3219253122806549,"Empire, the Russian Empire developed machinery.",,,,contradiction,0,0.18449535965919495
1168,what is the distinction between the virgin birth and the immaculate conception,,False,I don't know,,,,contradiction,0,0.25612977147102356,"The concept of original sin was first alluded to in the 2nd century by Irenaeus, Bishop of Lyon in his controversy with certain dualist Gnostics.",,,,neutral,0,0.001344603137113154
1169,who is the yankees all-time leader in pitching wins,Roger Clemens,True,I don't know,0.0,0.0,0.0,neutral,0,0.032628919929265976,The 300 win club gained the following milestones :,0.0,0.0,0.0,neutral,0,0.20048344135284424
1170,where did the 2010 world cup take place,South Africa,True,I don't know,0.0,0.0,1.0,contradiction,0,0.1774437576532364,The 2010 FIFA World Cup was held in South Africa from 11 June to 11 July.,0.0,0.2222222222222222,1.0,entailment,1,0.9237374663352966
1171,who plays the character dog in game of thrones,Rory McCann,True,I don't know,0.0,0.0,0.0,neutral,0,0.14005041122436523,Ned '' Stark,0.0,0.0,0.0,neutral,0,0.13981865346431732
1172,travis tritt i am going to be somebody,,False,I don't know,,,,neutral,0,0.2922026813030243,Jill Colucci Stewart Harris /Tr> Tr> Tr> Tr> Tr> Tr> Tr> Tr> Tr> Tr> Tr> ,,,,neutral,0,0.18278639018535614
1173,what are the highest mountains in the usa,,False,Mount Shasta,,,,entailment,1,0.6528478860855103,"Mount Shasta is located in North Palisa, California.",,,,neutral,0,0.007120252121239901
1174,the president of the united states is a member of what branch of government,the executive branch of the federal government,True,Lok Sabha.,0.0,0.0,0.0,neutral,0,0.10625912249088287,"The Prime Minister of India is usually the leader of the party or alliance that has a majority in the Lok Sabha, the lower house of parliament, the lower house of parliament.",0.0,0.15384615384615383,0.0,neutral,0,0.14127151668071747
1175,when does consolidation of new memories primarily happen,,False,I don't know,,,,contradiction,0,0.05361567437648773,a single night occurs.,,,,entailment,1,0.8596092462539673
1176,an anion is any atom or group of atoms with a positive charge,,False,unpaired electrons,,,,entailment,1,0.7306193709373474,valence electron.,,,,neutral,0,0.41173234581947327
1177,what is the moral of the story the ant and the cricket,,False,I don't know,,,,neutral,0,0.3155418932437897,- play,,,,entailment,1,0.4938545823097229
1178,who was aragorn in lord of the rings,,False,I don't know,,,,contradiction,0,0.008565768599510193,The Witch - king of Angmar is the name of the Witch - king of Angmar.,,,,contradiction,0,0.01043014507740736
1179,who sings the song ain't no stopping us now,McFadden & Whitehead,True,I don't know,0.0,0.0,1.0,neutral,0,0.21626149117946625,The album Too Good to Stop Now /Tr> /Tr> Tr> Tr> Th> B - side /Tr> Th>  You Can Lie to Me Tonight /Tr> ,0.0,0.0,1.0,entailment,1,0.4409876763820648
1180,what impact did the indian ocean trade have on southern china,,False,I don't know,,,,neutral,0,0.14473041892051697,"The Columbian Exchange was the widespread transfer of plants, animals, culture, human populations, technology, and ideas between the Americas and the Old World in the 15th and 16th centuries, related to European colonization and trade after Christopher Columbus's 1492 voyage.",,,,neutral,0,0.21052154898643494
1181,who drove the number 33 car in nascar,"Harold Phil Gant[1] (born January 10, 1940), better known as ""Handsome Harry""",True,I don't know,0.0,0.0,0.0,contradiction,0,0.011787738651037216,"The 2018 PowerShares QQQ 300 produced the closest finish in NASCAR touring series history of all three Top series when Tyler Reddick edged Elliott Sadler by a tiny margin of 0.0004 s, making it the closest finish in NASCAR history.",0.0,0.0,0.0,neutral,0,0.01924874261021614
1182,how many chelsea players are in 2018 world cup,,False,I don't know,,,,contradiction,0,0.11370427906513214,The 2018 FIFA World Cup qualification UEFA Group F was one of the nine UEFA groups for 2018 FIFA World Cup qualification.,,,,contradiction,0,0.09373380243778229
1183,what kind of boat is used in the everglades,Airboats,True,Florida Panhandle,0.0,0.0,1.0,neutral,0,0.34808698296546936,Florida Panhandle,0.0,0.0,1.0,neutral,0,0.34808698296546936
1184,has there ever been a 5 star marine general,,False,Army colonel is senior to captain and captain senior to lieutenant,,,,neutral,0,0.07014783471822739,military commanders,,,,neutral,0,0.37846583127975464
1185,where are the protons of the electron transport chain located,,False,I don't know,,,,neutral,0,0.3055308163166046,electron transport chains are not specified.,,,,contradiction,0,0.01079239509999752
1186,how many countries have been in a world cup final,,False,I don't know,,,,neutral,0,0.200850710272789,"Brazil are the only team to have appeared in all 21 tournaments to date, with Germany having participated in 19, Italy in 18, Argentina in 17 and Mexico in 16.",,,,entailment,1,0.9834875464439392
1187,where will the 2020 and 2024 olympics be held,,False,I don't know,,,,contradiction,0,0.16975310444831848,The medals were ranked 19th.,,,,neutral,0,0.007088576443493366
1188,where is the american conference tournament being played,,False,I don't know,,,,neutral,0,0.004751961678266525,"The 2018 American Athletic Conference Men's Basketball Tournament /Th> /Tr> Table> Tr> Th colspan=""2""> 2018 American Athletic Conference Men's Basketball Tournament /Th> /Tr> ",,,,neutral,0,0.00555789889767766
1189,why is rifling present in the bore of the barrel,for the purpose of exerting torque and thus imparting a spin to a projectile around its longitudinal axis during shooting,True,I don't know,0.0,0.0,1.0,neutral,0,0.15148359537124634,Carburate or carburettor is to blend air and fuel for an internal combustion engine in the proper ratio for combustion.,0.0,0.20000000000000004,1.0,neutral,0,0.2791043221950531
1190,how did educational opportunities expand following the civil war,,False,Southern slaves,,,,entailment,1,0.8057523369789124,Southern slaves.,,,,entailment,1,0.8663002252578735
1191,what are the 5 waves in the 5th wave,,False,I don't know,,,,contradiction,0,0.14689242839813232,"Orange Is the New Black ( season 5 ) /Th> /Th> /Tr> Tr> Td colspan=""2""> /Tr> Tr> Tr> Tr>",,,,entailment,1,0.4379122257232666
1192,when did alcoholics anonymous start in the uk,,False,I don't know,,,,contradiction,0,0.043145552277565,The FA Cup Final Tie is the final tie of the English football league season.,,,,neutral,0,0.09175250679254532
1193,where do the amino acids come from in protein synthesis,tRNA molecules,True,I don't know,0.0,0.0,0.0,neutral,0,0.12610116600990295,The process whereby biological cells generate new proteins ; it is balanced by the loss of cellular proteins via degradation or export.,0.0,0.0,0.0,entailment,1,0.9660564064979553
1194,did germany have any aircraft carriers during world war ii,,False,I don't know,,,,contradiction,0,0.18202051520347595,The Graf Zeppelin was a class aircraft carrier.,,,,neutral,0,0.06184950843453407
1195,who replaced ringo starr on thomas the tank engine,Michael Angelis,True,I don't know,0.0,0.0,0.0,contradiction,0,0.1751684844493866,"The World tour by Pearl Jam /Td> /Tr> Tr> Th colspan=""2""> The Beatles /Th> /Th> /Th> /Th> /Th> /Th",0.0,0.0,0.0,neutral,0,0.03797827288508415
1196,where is the beginning of the shining filmed,,False,I don't know,,,,neutral,0,0.007293009199202061,The real Sparta is not near any interstate highway or state boundary.,,,,neutral,0,0.006190330721437931
1197,who was the first president born a citizen of the united states,Martin Van Buren,True,I don't know,0.0,0.0,1.0,neutral,0,0.12401586771011353,"The founding fathers of the United States were John Adams, Benjamin Franklin, Alexander Hamilton, John Jay, Thomas Jefferson, James Madison, and George Washington.",0.0,0.0,1.0,entailment,1,0.9712972640991211
1198,general land office of the state of texas,,False,I don't know,,,,contradiction,0,0.1799924671649933,Texas.,,,,entailment,1,0.4808329641819
1199,who sings the song reunited and it feels so good,Peaches & Herb,True,I don't know,0.0,0.0,0.0,neutral,0,0.2325194627046585,"The single was released on January 30, 2006.",0.0,0.0,0.0,entailment,1,0.9695394039154053
1200,where do the st louis cardinals do spring training,Roger Dean Stadium,True,I don't know,0.0,0.0,1.0,neutral,0,0.0120810242369771,"The Raiders'move to Las Vegas comes after years of failed efforts to renovate or replace the Oakland -- Alameda County Coliseum, which has been rated by multiple sources as one of the worst stadiums in the NFL.",0.0,0.0,1.0,neutral,0,0.0008771735010668635
1201,when was the last time the mavericks made the playoffs,2015–16,True,I don't know,0.0,0.0,0.0,contradiction,0,0.1916636824607849,Super Bowls.,0.0,0.0,0.0,contradiction,0,0.04886922612786293
1202,when did quill pens go out of use,,False,VINs,,,,neutral,0,0.10894060134887695,VINs.,,,,neutral,0,0.06720183044672012
1203,who died on say yes to the dress,,False,I don't know,,,,contradiction,0,0.16581644117832184,The first contestant to pass away after appearing on the show is Florence Henderson.,,,,contradiction,0,0.08277013897895813
1204,which is the largest country in eastern africa,,False,I don't know,,,,contradiction,0,0.1630784124135971,Sudan /Td> /Tr> Th> Rank /Th> Th> Flag /Th> Th> Name /Th> Th> Area /Th> /Tr> /T,,,,entailment,1,0.6864150166511536
1205,when did the age of majority change from 21 to 18 in the uk,1970,True,I don't know,0.0,0.0,1.0,neutral,0,0.2264227271080017,"The 2011 Census, according to the 2011 Census, is the most populous religion in the United Kingdom, followed by Islam, Hinduism, Sikhism, Judaism, and Judaism.",0.0,0.0,1.0,neutral,0,0.1113344356417656
1206,who plays taylor on bold and the beautiful,Hunter Tylo,True,emphasis on their brother Rob Kardashian,0.0,0.0,0.0,neutral,0,0.44025009870529175,"their brother Rob Kardashian, their mother Kris Jenner, their step - parent Bruce Jenner ( now known as Caitlyn Jenner ), their half - sisters Kendall and Kylie Jenner, and Kourtney's now ex-boyfriend, Scott",0.0,0.0,0.0,neutral,0,0.0866643413901329
1207,who played phil in phil of the future,Raviv Ullman,True,Agents of S.H.I.E.L.D. : Slingshot,0.0,0.0,0.0,entailment,1,0.7289196252822876,Agents of S.H.I.E.L.D. : Slingshot.,0.0,0.0,0.0,entailment,1,0.6494855284690857
1208,where does the north (or south) celestial pole appear in charleston,,False,I don't know,,,,neutral,0,0.0040589142590761185,the United States.,,,,neutral,0,0.004343261476606131
1209,what is the clean up hitter in baseball,fourth player in the batting order,True,I don't know,0.0,0.0,0.0,contradiction,0,0.00825617928057909,No pitcher has ever thrown more than one.,0.0,0.0,0.0,entailment,1,0.8986381888389587
1210,what is the song anything you can do from,Annie Get Your Gun,True,I don't know,0.0,0.0,1.0,neutral,0,0.06210394203662872,The song was first performed in Annie Get Your Gun by Ethel Merman and Ray Middleton.,0.0,0.4,1.0,entailment,1,0.6582942605018616
1211,wilt chamberlain stats in the 100 point game,,False,I don't know,,,,contradiction,0,0.008172464556992054,169 /Td> /Tr> /Tr> /Tr> /Tr> /Tr> /Tr> /Tr> /Tr> /Tr> ,,,,contradiction,0,0.02792622335255146
1212,what is the most popular car in russia,the classic Lada Riva,True,Marvel,0.0,0.0,0.0,neutral,0,0.24283744394779205,The market for drivetrain components is economically important and is estimated to reach US $314.4 billion by 2019.,0.0,0.0909090909090909,0.0,neutral,0,0.006972521543502808
1213,how many african american pilots were trained at tuskegee,,False,I don't know,,,,neutral,0,0.12093576788902283,Tuskegee Airmen ( unofficial ) /Th> /Tr> Tr> Tr> Tr> Tr> Tr> Tr> Tr> Tr> ,,,,entailment,1,0.4794849157333374
1214,what was mrs howell's first name on gilligan's island,Lovey,True,Englishwoman,0.0,0.0,0.0,contradiction,0,0.0065292599610984325,She is a poor person.,0.0,0.0,0.0,contradiction,0,0.0072878883220255375
1215,which of the following was one of the major causes of the cold war,,False,I don't know,,,,neutral,0,0.013764393515884876,"The Cold War split the temporary wartime alliance against Nazi Germany, leaving the Soviet Union and the United States as two superpowers with profound economic and political differences.",,,,neutral,0,0.18243679404258728
1216,when is the other team allowed to sweep in curling,,False,I don't know,,,,contradiction,0,0.099739670753479,"The game consists of nine innings ( in softball and high school baseball games there are typically seven innings ; in Little League, six ), each of which is divided into halves : the visiting team bats first, after which the home team takes its turn at bat.",,,,entailment,1,0.9813544750213623
1217,what flag has green white and red stripes,,False,I don't know,,,,neutral,0,0.25752606987953186,Ghana Tr> /Tr> /Tr> /Tr> /Tr> /Tr> /Tr> /Tr> Th> Use /Th> Td> National,,,,entailment,1,0.8530080914497375
1218,who plays ruby on anne with an e,Kyla Matthews,True,Code Black,0.0,0.0,0.0,neutral,0,0.005306405946612358,"The fourth season began on September 15, 2015, on Hulu.",0.0,0.0,0.0,neutral,0,0.0018040657741948962
1219,sierra leone ministry of foreign affairs and international cooperation,,False,I don't know,,,,neutral,0,0.00904795527458191,"In 2014, all services at the former UK Consulate in Orlando were transferred to the nearby UK Consulate - General in Miami.",,,,neutral,0,0.0023647472262382507
1220,what are the features of green revolution in india,,False,I don't know,,,,contradiction,0,0.2530635893344879,Organic /Li> Ranching /Li> Sharecropping /Li>,,,,entailment,1,0.6078177094459534
1221,the only way i know jason aldean luke bryan,,False,P>,,,,contradiction,0,0.15634071826934814,P>,,,,contradiction,0,0.15634071826934814
1222,how many points did robert parish score in his career,"23,334",True,I don't know,0.0,0.0,1.0,contradiction,0,0.1612280309200287,The Golden State Warriors selected Parish as the eighth pick in the 1976 NBA draft.,0.0,0.0,1.0,neutral,0,0.002797096036374569
1223,when does england play its first world cup match,,False,England national football team has competed at the FIFA World Cup since 1950,,,,neutral,0,0.043835561722517014,FIFA World Cup was held in the United States.,,,,neutral,0,0.006335700862109661
1224,why did the participants obey in milgram's study,,False,I don't know,,,,neutral,0,0.1345381736755371,The person is being detained.,,,,neutral,0,0.14217738807201385
1225,cisco certified network associate (ccna) routing and switching,,False,I don't know,,,,contradiction,0,0.038318827748298645,The website of Alcoholics Anonymous is www.agbell.com.,,,,neutral,0,0.01621139794588089
1226,who sings when they think of me they think of you,,False,music,,,,entailment,1,0.5711044073104858,The meaning of the word phrasing is: /P> P> P>  When the River Meets the Sea '' is a song written by composer and lyricist Paul Williams for Jim Henson's 1977 HBO special Emmet Ott,,,,neutral,0,0.31048721075057983
1227,who sings boss baby back in business theme song,,False,I don't know,,,,contradiction,0,0.18242086470127106,"The Boss Baby : Back in Business /Th> /Tr> Tr> Td colspan=""2""> /Tr> /Tr> Tr> Th> Genre /Th",,,,entailment,1,0.6829319596290588
1228,who won the 2017 women's final wimbledon,,False,I don't know,,,,contradiction,0,0.2852948307991028,The results of the 2017 Wimbledon Championships are as follows:,,,,entailment,1,0.5940269827842712
1229,discuss the composition and function of the major circulating lipoproteins,,False,I don't know,,,,neutral,0,0.055338889360427856,"The bicarbonate buffer system is an acid - base homeostatic mechanism involving the balance of carbonic acid ( H CO ), bicarbonate ion ( HCO ), and carbon dioxide ( CO ) in order to maintain pH in the blood and duodenum",,,,neutral,0,0.1681969165802002
1230,the insolvency of a bank can spread and cause a financial crisis due to,,False,I don't know,,,,neutral,0,0.006993013899773359,The depression started in the 1930s.,,,,neutral,0,0.00981243047863245
1231,where is folic acid absorbed in the body,intestine,True,Petrichor,0.0,0.0,1.0,neutral,0,0.11540497094392776,Petrichor is a smelt of a smelt of a smelt of a smelt of a smelt of a smelt of a smelt of a smelt of a s,0.0,0.0,1.0,contradiction,0,0.1263446807861328
1232,which of the following formulated the doctrine of original sin,,False,I don't know,,,,entailment,1,0.3559799790382385,Jansenist,,,,neutral,0,0.11826938390731812
1233,number of lok sabha seats in each state in india,,False,I don't know,,,,neutral,0,0.07674301415681839,The maximum size of the Lok Sabha as outlined in the Constitution of India is 552 members made up of up to 530 members representing people of the states of India and up to 20 members representing people from the Union Territories on the basis of their population and 2 Anglo - Indians are no,,,,entailment,1,0.5614307522773743
1234,why did they kill off fran on mama's family,"Rue McClanahan (Aunt Fran) and Betty White (Ellen Jackson) had both gone on to star in the NBC sitcom The Golden Girls, rendering them unavailable to return",True,I don't know,0.0,0.0,0.0,neutral,0,0.37496453523635864,I'm the One Mama Warned You About '' /Th> /Tr> P>,0.0,0.05405405405405406,0.0,entailment,1,0.9369211196899414
1235,what is the website for the united states postal service,www.usps.com,True,I don't know,0.0,0.0,1.0,contradiction,0,0.09094575047492981,"The United States Postal Service /Tr> /Tr> /Tr> Th colspan=""2""> The United States Postal Service /Tr> /Tr> Th> /Tr> ",0.0,0.0,1.0,entailment,1,0.8737121224403381
1236,who owns the rio casino in las vegas,Caesars Entertainment Corporation,True,Rio Las Vegas in 2014,0.0,0.0,1.0,entailment,1,0.8670743703842163,Rio Las Vegas in 2014 /Tr> /Tr> /Tr> /Tr> /Tr> /Tr> /Tr> /Tr> /Tr> /Tr,0.0,0.0,1.0,contradiction,0,0.33999720215797424
1237,who has scored the most goals in the world cup final,Geoff Hurst,True,I don't know,0.0,0.0,0.0,contradiction,0,0.030548367649316788,The Republic of Ireland have appeared in the finals of the FIFA World Cup on three occasions.,0.0,0.0,0.0,contradiction,0,0.038468748331069946
1238,identify the type of government created by the national convention,,False,Declaration of Independence,,,,neutral,0,0.1260918825864792,The Constitutional Convention was created by the Convention.,,,,entailment,1,0.7387384176254272
1239,who played the most number of matches for mi in the first 10 ipl season,,False,I don't know,,,,contradiction,0,0.004335857927799225,Cricket format /Th> Twenty20 /Th> /Th> /Th> /Th> Tournament format /Th> Double round - robin and knockout /Th> /Th> /Th> /,,,,contradiction,0,0.006089182570576668
1240,who is called a grey beard loon and why,,False,I don't know,,,,neutral,0,0.32485902309417725,Apple is a common apple.,,,,neutral,0,0.3339499831199646
1241,essay on proverb an apple a day keeps doctor away,,False,I don't know,,,,neutral,0,0.14717645943164825,English.,,,,entailment,1,0.5614627599716187
1242,degrassi the next generation season 1 episode 1 cast,,False,I don't know,,,,neutral,0,0.3032524287700653,The Orange Is the New Black character was a character in the television series Degrassi : The Next Generation.,,,,neutral,0,0.20946139097213745
1243,what was the name of the last planet of the apes movie,War for the Planet of the Apes,True,I don't know,0.0,0.0,1.0,neutral,0,0.038926899433135986,The first significant changes were made in 1997 with the release of a Special Edition remaster in commemoration of the franchise's twentieth anniversary.,0.0,0.2,1.0,neutral,0,0.46574878692626953
1244,who spoke about america being a city on a hill,,False,I don't know,,,,entailment,1,0.3946899473667145,"The land west of the Appalachian Mountains, north of the Ohio River and east of the Mississippi River was to be divided into ten separate states.",,,,neutral,0,0.00529255298897624
1245,what does turtleback school library binding edition mean,,False,I don't know,,,,contradiction,0,0.11695833504199982,Harry Potter and the Philosopher's Stone Tr> /Tr> /Tr> Th> Series /Th> Td> Harry Potter /Td> /Tr> Th> Release number ,,,,entailment,1,0.666323721408844
1246,where are sensory neurons located in the body,,False,I don't know,,,,contradiction,0,0.11678402870893478,"/P> Tr> Th colspan=""2""> Identifiers /Th> /Th> /Th> /Th> /Th> /Th> /Th> /Th>",,,,contradiction,0,0.3515409231185913
1247,the condemnation of private property for public use is allowed under the state's right of,Eminent domain,True,I don't know,0.0,0.0,1.0,neutral,0,0.017821945250034332,Eminent domain.,1.0,1.0,1.0,neutral,0,0.19946594536304474
1248,how long did it take pioneers on the oregon trail,about 160 days in 1849 to 140 days 10 years later,True,Warmiwausqa),0.0,0.0,0.0,contradiction,0,0.22080275416374207,Mollepata is the longest of the three routes with the highest mountain pass and intersects with the Classic route before crossing Warmiwausqa (  dead woman '' ),0.0,0.0,0.0,neutral,0,0.014440526254475117
1249,when is kasauti zindagi ki season 2 starting,,False,I don't know,,,,contradiction,0,0.10171249508857727,The fifth season will be the show's last and will bring the series to 100 total episodes.,,,,entailment,1,0.9846565127372742
1250,when did a change in the weather slow down the craft crossword clue,,False,As I was going to St Ives,,,,neutral,0,0.02898276038467884,As I was going to St Ives '',,,,neutral,0,0.07657785713672638
1251,writing on the wall album destiny's child,,False,Destiny's Child,,,,entailment,1,0.6813844442367554,Destiny's Child /Th> /Th> /Tr> /Tr> /Tr> /Tr> /Th> Studio album by Destiny's Child /Th> /Th>,,,,entailment,1,0.8682757019996643
1252,who does seol end up with in cheese in the trap,,False,I don't know,,,,contradiction,0,0.1965685933828354,Park Ho - sik Kang Ho is the executive producer of the movie.,,,,neutral,0,0.08068013936281204
1253,what is a levite according to the bible,a Jewish male whose descent is traced by tradition to Levi,True,I don't know,0.0,0.0,0.0,neutral,0,0.174751877784729,"Levites are descendants of the Tribe of Levi, one of the twelve tribes.",0.0,0.08333333333333334,0.0,neutral,0,0.03519730642437935
1254,how much is a table spoon in ounces,0.50 US fl oz,True,I don't know,0.0,0.0,1.0,contradiction,0,0.04953352361917496,"The ball was estimated to weigh 19,973 pounds.",0.0,0.0,1.0,neutral,0,0.02580239251255989
1255,cast of the ghost in the invisable bikini,,False,I don't know,,,,contradiction,0,0.1856348067522049,Ghost in the Invisible Bikini /Th> /Th> /Th> /Th> /Th> /Th> /Th> /Th> /Th> /Th> /Th> ,,,,entailment,1,0.4882645010948181
1256,when is a child's neck fully developed,,False,I don't know,,,,neutral,0,0.4107259213924408,The moustache forms its own stage in the development of facial hair in males.,,,,entailment,1,0.9457794427871704
1257,who played in the movie walk the line,,False,7,,,,entailment,1,0.4645058214664459,The number of episodes /Th> Tr> Tr> Tr> Th> is 7,,,,neutral,0,0.28260523080825806
1258,what is the wimbledon runner up prize money,"£1,125,000",True,I don't know,0.0,0.0,0.0,neutral,0,0.1538882851600647,"The All England Lawn Tennis and Croquet Club, also known as the All England Club, based at Church Road, Wimbledon, London, England, is a private members'club.",0.0,0.0,0.0,entailment,1,0.9489455223083496
1259,in 1945 who won the federal elections in brazil,,False,I don't know,,,,contradiction,0,0.17844022810459137,The Supreme Court of Justice.,,,,contradiction,0,0.06892477720975876
1260,who is considered the father of american history,,False,I don't know,,,,contradiction,0,0.014122461900115013,"The seven Founding Fathers are John Adams, Benjamin Franklin, Alexander Hamilton, John Jay, Thomas Jefferson, James Madison, and George Washington.",,,,entailment,1,0.8871588110923767
1261,athol fugard's sizwe bansi is dead pdf,,False,I don't know,,,,neutral,0,0.22501777112483978,"( October 2017 ) ( Learn how and when to remove this template message ) /Td> /Tr> /Table> Table> Tr> Td> /Td> This article may require copy editing for grammar,",,,,contradiction,0,0.37572425603866577
1262,what is the highest grossing movie in the united states,,False,I don't know,,,,neutral,0,0.013070143759250641,The top ten films are those that are not adapted from a pre-existing property or a sequel.,,,,neutral,0,0.03005961701273918
1263,who stars in the man in the high castle,Alexa Davalos,True,I don't know,0.0,0.0,0.0,contradiction,0,0.1525483876466751,The film was directed by J.K. Rowling.,0.0,0.0,0.0,neutral,0,0.006722635123878717
1264,when does luke find out he is leia's brother,,False,I don't know,,,,contradiction,0,0.12137611955404282,"Goku presents his son to Roshi, Krillin, and Bulma.",,,,neutral,0,0.00376155786216259
1265,who sang the song i'm only human,,False,I don't know,,,,contradiction,0,0.22910748422145844,"The song was released on July 13, 1992 /Td> /Tr> Tr> Th> Td> Th> Td> Th> I'm So Miserable '' ",,,,entailment,1,0.8580181002616882
1266,chandrayan 1 indian first mission to moon was launched in,,False,Chandrayaan-1 /Tr> /Tr> /Tr> /Tr> /Tr> Th> Mission type /Th> Lunar orbiter /Td> /Tr> ,,,,entailment,1,0.680395245552063,Chandrayaan-1 /Td> /Tr> /Tr> /Tr> /Tr> Th> Mission type /Th> Lunar orbiter /Td> /Tr> ,,,,entailment,1,0.6180222630500793
1267,when was the lion the witch and the wardrobe first published,16 October 1950,True,I don't know,0.0,0.0,1.0,contradiction,0,0.11810518056154251,"The Lion, the Witch and the Wardrobe was published in hardcover and paperback on 16 October 1950.",0.0,0.3,1.0,neutral,0,0.002476911526173353
1268,monty python and the holy grail travel music,,False,I don't know,,,,neutral,0,0.22942137718200684,The Holy Grail,,,,entailment,1,0.6188754439353943
1269,this refers to an old ritual of formalizing an engagement to marry,Betrothal (also called espousal),True,I don't know,0.0,0.0,0.0,neutral,0,0.10005268454551697,a tribute to a fallen military leader or president.,0.0,0.0,0.0,neutral,0,0.12882420420646667
1270,what are the ski races in the olympics,,False,I don't know,,,,contradiction,0,0.22506724298000336,The following are the results of the Alpine skiing at the Winter Olympics:,,,,neutral,0,0.27582669258117676
1271,how many years is the term for a member of the house of representatives,two-year terms,True,line of succession,0.0,0.0,0.0,neutral,0,0.006277631036937237,The sentence is true because the sentence is true.,0.0,0.0,0.0,neutral,0,0.0021736465860158205
1272,where does hydrolysis take place in the body,,False,I don't know,,,,neutral,0,0.1406026929616928,"The process by which metabolic waste is eliminated from an organism is primarily carried out by the lungs, kidneys and skin.",,,,neutral,0,0.004292086232453585
1273,where did piss up a rope come from,a song by the band Ween in 1996 from the album 12 Golden Country Greats,True,I don't know,0.0,0.0,0.0,neutral,0,0.09656623750925064,Demoralize and injure defenders.,0.0,0.0,0.0,neutral,0,0.08021605759859085
1274,the wizard of oz 2011 london palladium recording,,False,I don't know,,,,contradiction,0,0.0946565568447113,"The Wizard of Oz /Th> /Tr> Tr> Td colspan=""2""> /Tr> /Tr> Tr> Th> Music /Th> Td> Harold",,,,entailment,1,0.8830176591873169
1275,the most common type of land tenure in australia,,False,I don't know,,,,contradiction,0,0.02053641527891159,"The Homestead Acts were several United States federal laws that gave an applicant ownership of land, typically called a  homestead, '' at no cost.",,,,neutral,0,0.005568007007241249
1276,compare and contrast nebular hypothesis and protoplanet hypothesis,,False,Kepler's laws of planetary motion,,,,entailment,1,0.8614677786827087,/P> Tr> Th> /Tr> /Tr> /Tr> /Tr> /Tr> /Tr> /Tr> /Tr> ,,,,contradiction,0,0.33987241983413696
1277,what is the moon festival called in chinese,Mid-Autumn Festival,True,I don't know,0.0,0.0,1.0,neutral,0,0.13810977339744568,The Chinese New Year is celebrated on the following days:,0.0,0.0,1.0,neutral,0,0.10067404061555862
1278,seven deadly sins episode season 2 episode 6,,False,I don't know,,,,contradiction,0,0.035783085972070694,"The first opening theme song is  Netsuj no Spectrum '' (   , Netsuj no Supekutoramu,  Spectrum of Passion '' ) performed by Ikimono - gakari for the",,,,entailment,1,0.8372411727905273
1279,why do you think tourist like to visit rajasthan,,False,Himalayas.,,,,neutral,0,0.09377526491880417,"The Gang is bounded in the north by the Himalayas, and in the south, west and east by the Himalayas.",,,,neutral,0,0.023741180077195168
1280,tory lanez - memories don't die tracklist,,False,I don't know,,,,neutral,0,0.21119146049022675,Ed Sheeran /Th> /Th> /Th> /Th> /Th> /Th> /Th> /Th> /Th> /Th> /Th> /Th>,,,,entailment,1,0.7108922004699707
1281,what are the powers of the three elven rings,,False,I don't know,,,,contradiction,0,0.2569250762462616,The Black Captain Lord of the Nazgûl Chieftain of the Ringwraiths.,,,,contradiction,0,0.03165927529335022
1282,names from the bible that start with b,,False,I don't know,,,,neutral,0,0.06058937683701515,The word amen is a declaration of affirmation found in the Hebrew Bible and the New Testament.,,,,entailment,1,0.9867634177207947
1283,spain and portugal divide the world between them in,The Treaty of Tordesillas,True,European colonization,0.0,0.0,0.0,entailment,1,0.5670874714851379,The passage is a list of the major events that occurred during the 15th and 16th centuries.,0.0,0.19047619047619047,0.0,entailment,1,0.5800186395645142
1284,when does ted meet the mother in how i met your mother,,False,I don't know,,,,neutral,0,0.04271426051855087,"The first celebration took place on April 22, 1993, and has since been celebrated on the fourth Thursday of April in order for the 37 million children, parents, schools in over 3.5 million workplaces across the country, in addition to participants in over 200 countries around the world, to plan",,,,neutral,0,0.24413034319877625
1285,which state of india was richest flora and fauna,,False,Rajasthan,,,,neutral,0,0.019621405750513077,Rajasthani cities,,,,neutral,0,0.026271233335137367
1286,what is meant by tri in adenosine triphosphate,,False,I don't know,,,,contradiction,0,0.16575992107391357,"The nucleotides are composed of one of four nitrogen - containing nucleobases ( cytosine ( C ), guanine ( G ), and a single nucleobase ( c ).",,,,neutral,0,0.08350217342376709
1287,who plays the clown in american horror story season 4,John Carroll Lynch,True,Josue Cervantes,0.0,0.0,1.0,neutral,0,0.0051686265505850315,Josue Cervantes,0.0,0.0,1.0,neutral,0,0.0051686265505850315
1288,when was dragon ball z first aired in the us,"September 13, 1996",True,I don't know,0.0,0.0,0.0,neutral,0,0.045155685395002365,The original book was written by Janette Oke.,0.0,0.0,0.0,neutral,0,0.02564765140414238
1289,who played the kangaroo in horton hears a who,Carol Burnett,True,I don't know,0.0,0.0,0.0,contradiction,0,0.1480536013841629,Theatrical release poster /Th> /Th> /Th> /Th> /Th> Directed by /Th> Td> Jimmy Hayward Steve Martino /Tr> /Tr> ,0.0,0.0,0.0,entailment,1,0.7678924798965454
1290,who sang the theme song to quantum of solace,Jack White,True,I don't know,0.0,0.0,0.0,contradiction,0,0.015656501054763794,"Kilmer is most remembered for  Trees '', which has been the subject of frequent parodies and references in popular culture.",0.0,0.0,0.0,entailment,1,0.7040784955024719
1291,how many episodes are in this season of the originals,,False,I don't know,,,,neutral,0,0.17874228954315186,"The first episode of the series premiered on January 18, 2015, on Disney Channel.",,,,entailment,1,0.9818892478942871
1292,where is cape verde located on the african map,570 kilometres (350 mi) west of the Cape Verde Peninsula in West Africa,True,I don't know,0.0,0.0,0.0,contradiction,0,0.23537132143974304,Cape Verde is located at Praia 14 ° 55 ′ N.,0.0,0.18181818181818185,0.0,neutral,0,0.04429014399647713
1293,who was the song hey jude written for,"John Lennon's son, Julian",True,I don't know,0.0,0.0,0.0,contradiction,0,0.1491657793521881,Show Me the Way to Go Home.,0.0,0.0,0.0,contradiction,0,0.14365392923355103
1294,who is the guy on the kentucky fried chicken commercial,,False,I don't know,,,,contradiction,0,0.007854864932596684,The character was originally a sexy and sexy girl.,,,,contradiction,0,0.006132337264716625
1295,what is the first novel in sri lanka,,False,I don't know,,,,neutral,0,0.017463726922869682,The Vedaranyam March (also called the Vedaranyam Satyagraha ) was a framework of the nonviolent civil disobedience movement.,,,,neutral,0,0.01647237315773964
1296,where is love it or list it filmed in north carolina,,False,Roseanne,,,,neutral,0,0.1975545883178711,Roseanne is an American television series.,,,,neutral,0,0.34610825777053833
1297,who said this quote ask not what your country can do for you,John F. Kennedy,True,I don't know,0.0,0.0,0.0,neutral,0,0.09536316990852356,The phrase entered the American lexicon early in its colonial history through the 1630 sermon  A Model of Christian Charity '' preached by Puritan John Winthrop while still aboard the ship Arbella.,0.0,0.0588235294117647,0.0,entailment,1,0.8589105010032654
1298,what is the highest point in portland oregon,,False,I don't know,,,,neutral,0,0.24576635658740997,The coordinates of Portland are: 45 ° 31 ′ 12 '' N 122 ° 40 ′ 55 '' W / 45.52000 ° N 122.68194 ° W / 45.5,,,,neutral,0,0.3061751127243042
1299,what was the last episode of bonanza called,,False,I don't know,,,,contradiction,0,0.22769318521022797,The Bonanza title screen /Th> /Tr> Tr> Tr> Th> Genre /Th> Td> Western /Td> /Tr> Tr> Th,,,,entailment,1,0.7300223708152771
1300,when did pokemon cards come out in america,,False,I don't know,,,,contradiction,0,0.10276789963245392,Congress,,,,neutral,0,0.08067896962165833
1301,the most hierarchical society in british north america was found in,,False,I don't know,,,,neutral,0,0.025229303166270256,torso.,,,,neutral,0,0.09493150562047958
1302,who won the battle of the kings mountain,,False,NBA championships,,,,neutral,0,0.34268635511398315,NBA championships.,,,,neutral,0,0.3483368456363678
1303,where did helium come from the early universe,Primordial nucleosynthesis,True,I don't know,0.0,0.0,0.0,neutral,0,0.2483363151550293,The Scientific Revolution took place in Europe towards the end of the Renaissance period.,0.0,0.0,0.0,neutral,0,0.3421083986759186
1304,how did the french and indian war lead to the proclamation of 1763,,False,I don't know,,,,neutral,0,0.1566801220178604,"The location of the 1763 Treaty of Paris was Paris, Kingdom of France /Td> /Tr> Tr> Tr> Th> Location /Tr> Tr> Th> Location /T",,,,neutral,0,0.3674759268760681
1305,what is meant by cyst in the ovary,a fluid-filled sac within the ovary,True,I don't know,0.0,0.0,0.0,contradiction,0,0.19877833127975464,A choristoma is a normal tissue growth in an abnormal location.,0.0,0.11764705882352942,0.0,entailment,1,0.9580855369567871
1306,what type of speech is the gettysburg address,,False,I don't know,,,,neutral,0,0.055509887635707855,is deceased,,,,neutral,0,0.062274396419525146
1307,who plays the little girl in field of dreams,Gabrielle Mary Hoffmann,True,I don't know,0.0,0.0,0.0,neutral,0,0.047997768968343735,"The focus was primarily on Klaus ( Joseph Morgan ), Elijah ( Daniel Gillies ), and Rebekah ( Claire Holt ) who found out in the backdoor pilot, aired on April 25, 2013, how Hayley Marshall ( Pho",0.0,0.0,0.0,contradiction,0,0.015407358296215534
1308,who played jimmy edwards on one tree hill,,False,I don't know,,,,neutral,0,0.08710108697414398,Keeping Up with the Kardashians is an American reality television series.,,,,entailment,1,0.6497564911842346
1309,who plays the kree on agents of shield,,False,I don't know,,,,neutral,0,0.15038295090198517,The third season.,,,,entailment,1,0.4459618330001831
1310,use a ph scale to indicate acid and alkaline soil,,False,I don't know,,,,neutral,0,0.007136453874409199,Soil pH is a measure of the acidity or basicity of a soil.,,,,neutral,0,0.08087439835071564
1311,who produced as long as you love me,"Rodney ""Darkchild"" Jerkins",True,I don't know,0.0,0.0,0.0,neutral,0,0.3018973171710968,Elvis Presley,0.0,0.0,0.0,neutral,0,0.30200597643852234
1312,when does megan die in life as we knew it,,False,I don't know,,,,contradiction,0,0.19043250381946564,"Roseanne is an American television sitcom that was originally broadcast on ABC from October 18, 1988 to May 20, 1997 with a revival season that premiered in 2018.",,,,contradiction,0,0.28407594561576843
1313,a major reason for the rapid rise in mexican foreign debt was,,False,I don't know,,,,contradiction,0,0.006636998150497675,The United States.,,,,contradiction,0,0.06921327114105225
1314,what does the speed of a lens mean,"maximum aperture diameter, or minimum f-number, of a photographic lens. A lens with a larger maximum aperture (that is, a smaller minimum f-number)",True,I don't know,0.0,0.0,0.0,neutral,0,0.17698419094085693,The Coriolis force is an inertial force that acts on objects that are in motion relative to a rotating reference frame.,0.0,0.13636363636363635,0.0,entailment,1,0.84782475233078
1315,when will it start getting hot in georgia,,False,I don't know,,,,neutral,0,0.23371928930282593,"Georgia has a humid subtropical climate with hot and humid summers, except at the highest elevations.",,,,entailment,1,0.976280927658081
1316,three years after its original ruling the supreme court reversed its opinion about which law,,False,Miranda v. State of Arizona,,,,entailment,1,0.7995207905769348,Miranda v. State of Arizona ; Westover v. United States ; Vignera v. State of New York ; State of California v. Stewart /Th> /Th> Tr> Tr> Th> Citations ,,,,entailment,1,0.5920285582542419
1317,when is season 3 of star vs the forces of evil come out,"July 15, 2017",True,I don't know,0.0,0.0,0.0,neutral,0,0.2881326675415039,Fox canceled the series after three seasons.,0.0,0.0,0.0,neutral,0,0.0015634984010830522
1318,most points ever averaged in a nba season,"1,389",True,championships,0.0,0.0,0.0,contradiction,0,0.012056642211973667,Bill Russell holds the record for the most NBA championships won with 11 titles during his 13 - year playing career.,0.0,0.0,0.0,contradiction,0,0.01142029743641615
1319,where was the titanic going when it sunk,New York City,True,I don't know,0.0,0.0,1.0,contradiction,0,0.17421527206897736,"The ship was built by /Td> Td> Harland and Wolff, Belfast /Td> /Tr> /Tr> Tr> Tr> Tr> Tr> ",0.0,0.0,1.0,contradiction,0,0.04058520868420601
1320,who sings it all started with a beer,Frankie Ballard,True,I don't know,0.0,0.0,0.0,neutral,0,0.13328032195568085,Yankees outfielder and third baseman,0.0,0.0,0.0,neutral,0,0.11076921969652176
1321,who was the first sri lankan politician who held the office of the prime minister for four times,Ranil Wickramasinghe,True,I don't know,0.0,0.0,0.0,contradiction,0,0.13397927582263947,"The first was Jawaharlal Nehru of the Indian National Congress party, who was sworn - in on 15 August 1947, when India gained independence from the British.",0.0,0.0,0.0,entailment,1,0.9497264623641968
1322,what is the relationship between measurement and quality control,,False,I don't know,,,,neutral,0,0.05103779956698418,"The sentence "" P> P> Educational assessment is the systematic process of documenting and using empirical data on the knowledge, skill, attitudes, and beliefs to refine programs and improve student learning.",,,,entailment,1,0.9784607291221619
1323,how many games did the cowboys win last year,9,True,I don't know,0.0,0.0,1.0,neutral,0,0.06399478763341904,"The Cowboys have played for 10 NFL Championships and have won 5, all five being Super Bowls.",0.0,0.0,1.0,entailment,1,0.815636396408081
1324,who are the presidents appointed by someone else other than the chief justice,,False,I don't know,,,,contradiction,0,0.0707630068063736,The United States presidential line of succession is set by the United States Constitution and the Presidential Succession Act of 1947 as subsequently amended to include newly created cabinet offices.,,,,entailment,1,0.6303187608718872
1325,what does the pacific ring of fire mean for our future,,False,I don't know,,,,neutral,0,0.13675715029239655,volcanic eruptions occurred at volcanoes in the Ring of Fire.,,,,neutral,0,0.3071445822715759
1326,how does mass marketing help the u.s. economy function,,False,I don't know,,,,neutral,0,0.2577652037143707,"The United States has unofficially regarded parts of Latin America as within its sphere of influence, and for much of the Cold War ( 1945 -- 1991 ), actively vied with the Soviet Union for influence in the Western Hemisphere.",,,,neutral,0,0.07578667998313904
1327,where is the aqueous humor located in a cow eye,ciliary epithelium,True,charity,0.0,0.0,0.0,neutral,0,0.003479511709883809,The grasshopper has been seen as the type of the artist and the question of the place of culture in society has also been included.,0.0,0.0,0.0,neutral,0,0.0037218169309198856
1328,where are the world juniors being played this year,,False,I don't know,,,,contradiction,0,0.12693648040294647,"The 2018 IIHF World U20 Championships were held at KeyBank Center, Buffalo HarborCenter, Buffalo New Era Field, Orchard Park ( in 2 host cities ) /Td> /Tr> /Tr> Th> Cols",,,,entailment,1,0.8781382441520691
1329,who signed the general order that recognized chief petty officer as an official navy rate,,False,I don't know,,,,contradiction,0,0.10580024123191833,The secretaries of each service may be commissioned officers.,,,,neutral,0,0.06977482885122299
1330,what book is the lake house movie based on,,False,I don't know,,,,neutral,0,0.07604159414768219,"The narrated by nine - year - old Aram Garoghlanian, a member of an Armenian community living among the lush fruit orchards and vineyards of California.",,,,entailment,1,0.9681738615036011
1331,list of top colleges in mumbai for commerce,,False,I don't know,,,,neutral,0,0.016088198870420456,Bhopal /Td> /Td> Madhya Pradesh /Td> Td> 2012 /Td> Td> AIIMS /Td> Td> Medicine /Td>,,,,neutral,0,0.005848410073667765
1332,malcolm in the middle high school play cast,,False,I don't know,,,,contradiction,0,0.19590984284877777,"The following characters had significant roles in the American television comedy series Malcolm in the Middle, which was originally televised from 2000 to 2006 on the Fox Network.",,,,entailment,1,0.9727927446365356
1333,what does the a113 mean in disney movies,,False,I don't know,,,,neutral,0,0.15404027700424194,The show was renewed for a second season.,,,,neutral,0,0.2746511697769165
1334,which item is not part of the ghs system,,False,phone,,,,neutral,0,0.1700940579175949,The primary enforcement type is the primary enforcement type.,,,,entailment,1,0.5033566355705261
1335,which branch of government commands the army and navy,executive branch,True,I don't know,0.0,0.0,0.0,contradiction,0,0.10699349641799927,"The coordinates of the Pentagon are: - 77.05583 Coordinates of the Pentagon Arlington County, Virginia, US 38 ° 52 ′ 16 '' N 77 ° 3 ′ 21 '' W / 38.87111 ° N 77.05583",0.0,0.0,0.0,entailment,1,0.4559379816055298
1336,who played lincoln in steven spielberg's lincoln,Daniel Day-Lewis,True,I don't know,0.0,0.0,0.0,contradiction,0,0.13097789883613586,"Mark L. Young ( born Markell V. Efimoff January 1, 1991 ) is an American actor.",0.0,0.0,0.0,entailment,1,0.5891905426979065
1337,who is the father of gon in hunter x hunter,,False,I don't know,,,,contradiction,0,0.18048103153705597,The title of the manga and anime series is P> P> Tr> Th> Th> Tr> Th> Td>  Prologue to Battle! The Return of Son Goku '' / ,,,,entailment,1,0.9293586611747742
1338,who played the guitar solo on the beatles taxman,,False,I don't know,,,,neutral,0,0.11021169275045395,"Kilmer is most remembered for  Trees '', which has been the subject of frequent parodies and references in popular culture.",,,,entailment,1,0.9865917563438416
1339,who plays the daughter of the president in designated survivor,,False,Agents of S.H.I.E.L.D. : Slingshot,,,,neutral,0,0.3298589289188385,Agents of S.H.I.E.L.D. : Slingshot.,,,,entailment,1,0.525737464427948
1340,how did make it or break it end,,False,Mexican-American War,,,,neutral,0,0.0745415911078453,The Mexican -- American War lasted from 1846 until 1848.,,,,neutral,0,0.03777472674846649
1341,when was a new hope added to star wars,,False,I don't know,,,,neutral,0,0.02404771000146866,Japan.,,,,neutral,0,0.3018456697463989
1342,grim adventures of billy and mandy live action,,False,Disney Television Animation,,,,neutral,0,0.13986675441265106,The series had been renewed for a second season a month before its Disney XD premiere.,,,,neutral,0,0.2873770594596863
1343,collect information about various observatories in india and present it in the class wikipedia,,False,I don't know,,,,neutral,0,0.02197400853037834,/Tr> Tr> Tr> Th> Tr> Th> Tr> Th> Tr> Tr> Th> Tr> Tr> ,,,,neutral,0,0.01721862517297268
1344,who plays daniel in descendants of the sun,Cho Tae-gwan,True,I don't know,0.0,0.0,0.0,neutral,0,0.03450668230652809,The show is set in New Orleans which the Mikaelson family and original vampires helped to build.,0.0,0.0,0.0,neutral,0,0.12484495341777802
1345,the history of the book of galatians in the bible,,False,I don't know,,,,neutral,0,0.25465133786201477,The Seven Churches of Revelation,,,,entailment,1,0.7435736656188965
1346,where did the first hominids settle in italy,,False,I don't know,,,,neutral,0,0.17045393586158752,"The Columbian Exchange was the widespread transfer of plants, animals, culture, human populations, technology, and ideas between the Americas and the Old World in the 15th and 16th centuries, related to European colonization and trade after Christopher Columbus's 1492 voyage.",,,,neutral,0,0.27892372012138367
1347,what does a new york accent sound like,,False,I don't know,,,,neutral,0,0.11460629850625992,The show features a two - tiered cast.,,,,entailment,1,0.985625684261322
1348,what is the song king and lionheart about,,False,I don't know,,,,neutral,0,0.03431958705186844,The first two books are based on the A Song of Ice and Fire novels.,,,,neutral,0,0.013331678695976734
1349,luke bryan - that's my kind of night,,False,I don't know,,,,neutral,0,0.18732242286205292,"Luke Bryan /Th> /Th> /Tr> Tr> Td colspan=""2""> /Tr> /Tr> /Tr> Th colspan=""2""> Single by",,,,entailment,1,0.5898264646530151
1350,i come from barcelona. i know nothing,,False,Icarus,,,,contradiction,0,0.1132383942604065,Crete.,,,,neutral,0,0.10632047057151794
1351,map of the united states divided into 5 regions,,False,I don't know,,,,contradiction,0,0.1527208685874939,The highest point is Mount McKinley.,,,,neutral,0,0.02174210362136364
1352,how many kinds of basidiocarps are recognised in polyporus,,False,I don't know,,,,contradiction,0,0.04580600932240486,P> P> is a fungus that grows in the form of multicellular filaments called hyphae.,,,,entailment,1,0.897072434425354
1353,who plays leonard snart in legends of tomorrow,Wentworth Earl Miller III,True,I don't know,0.0,0.0,0.0,neutral,0,0.03350158408284187,"Marvel Cinematic Universe films and Marvel One - Shots also appear throughout the series, along with other characters based on various Marvel Comics properties.",0.0,0.0,0.0,entailment,1,0.9470885992050171
1354,when was divorce legalized in the united states,,False,Miranda v. State of Arizona,,,,entailment,1,0.7995207905769348,Miranda v. State of Arizona ; Westover v. United States ; Vignera v. State of New York ; State of California v. Stewart /Th> /Th> Tr> Tr> Th> Citations ,,,,entailment,1,0.5920285582542419
1355,who plays lily bell on hell on wheels,,False,I don't know,,,,neutral,0,0.2071118801832199,"The Mindy Project is an American comedy television series which aired on Fox for three seasons from on September 25, 2012, to March 24, 2015.",,,,entailment,1,0.9753226637840271
1356,president of the largest steel company in 1923,,False,Garret Hobart,,,,contradiction,0,0.045625679194927216,Garret Hobart,,,,contradiction,0,0.045625679194927216
1357,how to get visa on arrival in pakistan,,False,I don't know,,,,neutral,0,0.1770392656326294,Saint Lucia.,,,,neutral,0,0.1925007551908493
1358,number of tube cells in the nucule of chara,,False,I run,,,,neutral,0,0.3919864594936371,"The sentence  I run '' is a single word, but  rhinoceros '' and  let's talk '' would both be two words.",,,,contradiction,0,0.12133081257343292
1359,where are semilunar valves to be found in the mammalian heart,,False,I don't know,,,,contradiction,0,0.1142820492386818,The round ligament of the uterus.,,,,contradiction,0,0.1270669847726822
1360,is antarctica totally situated in the antarctica circle,,False,I don't know,,,,neutral,0,0.14422978460788727,The Mariana Trench is located in the western Pacific Ocean approximately 200 kilometres ( 124 mi ) east of the Mariana Islands.,,,,neutral,0,0.08083450794219971
1361,list of political parties in pakistan with leaders,,False,I don't know,,,,contradiction,0,0.1577095240354538,/Th> /Th> /Tr> /Tr> /Tr> /Tr> /Tr> /Tr> /Tr> /Tr> /Tr>,,,,contradiction,0,0.14494122564792633
1362,koi wa ameagari no you ni second season,,False,I don't know,,,,contradiction,0,0.13077330589294434,"The first season, consisting of 14 episodes, aired in Japan between April 2 and July 2, 2006, airing in a nonlinear order in its original broadcast.",,,,entailment,1,0.7598761320114136
1363,where is passing certificate number on hsc certificate of maharashtra,,False,I don't know,,,,neutral,0,0.19784195721149445,"The 2010 Indian Premier League Tr> Td colspan=""2""> /Td> /Tr> /Tr> /Tr> Th> Dates /Th> Td> 12 March 2010",,,,entailment,1,0.6780034899711609
1364,interim national medical and dental council of south africa,,False,I don't know,,,,contradiction,0,0.2398659735918045,Governor of the Republic of India.,,,,contradiction,0,0.14636418223381042
1365,what are the sirens in o brother where art thou,,False,a snarl,,,,neutral,0,0.050841059535741806,The story is about the story of Little Red Riding Hood.,,,,entailment,1,0.6771407723426819
1366,what was the composition of the estate general of france,clergy,True,I don't know,0.0,0.0,0.0,contradiction,0,0.028539534658193588,"The ICS was headed by the Secretary of State for India, a member of the British cabinet.",0.0,0.0,0.0,neutral,0,0.00493874354287982
1367,when did the falcons last win the superbowl,,False,American football league,,,,entailment,1,0.6836053133010864,The Cowboys franchise was founded in 1960 as an expansion team.,,,,neutral,0,0.03719247505068779
1368,victims of trafficking and violence protection act 2000,,False,I don't know,,,,contradiction,0,0.1294187307357788,"The Act was passed by the House on May 9, 2000 ( Voice Vote ).",,,,contradiction,0,0.02091185562312603
1369,who sang nothing going on but the rent,,False,I don't know,,,,contradiction,0,0.2053234726190567,"Gwen Guthrie /Tr> /Tr> /Tr> /Tr> /Tr> Th colspan=""2""> /Tr> /Tr> Th colspan",,,,entailment,1,0.6377779841423035
1370,the largest freshwater lakes is in which continent,,False,I don't know,,,,neutral,0,0.08501587063074112,Pacific Ocean's ).,,,,neutral,0,0.38861989974975586
1371,who is responsible for resolving conflicts in a country,,False,I don't know,,,,neutral,0,0.1643487513065338,"The Central Statistics Office is responsible for co-ordination of statistical activities in the country, and evolving and maintaining statistical standards.",,,,neutral,0,0.27243897318840027
1372,who won season one of rupaul's drag race,BeBe Zahara Benet,True,I don't know,0.0,0.0,1.0,contradiction,0,0.1965290606021881,/Th> /Th> /Th> /Th> /Th> /Th> /Th> /Th> /Th> /Th> /Th> /Th> /Th,0.0,0.0,1.0,contradiction,0,0.20691800117492676
1373,who plays 15 cent in the proud family movie,Omarion,True,I don't know,0.0,0.0,1.0,neutral,0,0.1531154364347458,The Proud Family Movie /Th> /Th> /Tr> Tr> Tr> Tr> Tr> Th> Genre /Th> Td> Comedy Animated ,0.0,0.0,1.0,entailment,1,0.8739396929740906
1374,how did spain rule its empire in the americas,,False,Texas,,,,neutral,0,0.008932436816394329,Texas was a major event in the American Revolutionary War.,,,,neutral,0,0.032033517956733704
1375,who won the gold metal for men's ice hockey in 2014,Canada,True,I don't know,0.0,0.0,1.0,neutral,0,0.05213514715433121,The 2018 U.S. Figure Skating Championships /Th> /Th> /Th> /Th> /Th> /Th> /Th> /Th> /Th> /Th> /,0.0,0.0,1.0,neutral,0,0.025365550071001053
1376,what is the name of the pig in charlotte's web,Wilbur,True,I don't know,0.0,0.0,0.0,neutral,0,0.0091853691264987,an alternative story represented the ant's industry as mean and self - serving,0.0,0.0,0.0,neutral,0,0.09941691905260086
1377,when did women get the right to vote in england,,False,I don't know,,,,contradiction,0,0.2053128182888031,The United Kingdom /Td> /Tr> /Tr> /Tr> /Tr> /Tr> /Tr> /Tr> /Tr> /Tr> ,,,,entailment,1,0.6555898189544678
1378,where is the land rover discovery sport built,,False,I don't know,,,,neutral,0,0.21046994626522064,The Land Rover Discovery Sport is a 5 door SUV with a front-wheel drive or four-wheel drive platform.,,,,neutral,0,0.019028697162866592
1379,show me a map of denmark and sweden,,False,I don't know,,,,neutral,0,0.14434731006622314,The capital and largest city of Denmark is Copenhagen.,,,,entailment,1,0.981000542640686
1380,jaws show me the way to go home lyrics,,False,I don't know,,,,contradiction,0,0.0020910378079861403,"The first English version of the saying was  Eat an apple on going to bed, and you 'll keep the doctor from earning his bread. ''",,,,contradiction,0,0.003536601085215807
1381,who sang i want to change the world,Alvin Lee,True,I don't know,0.0,0.0,1.0,contradiction,0,0.25380831956863403,Let the Sky Fall '' /Td> /Tr> Tr> Tr> Th> B - side /Tr> Tr> Tr> Th> Released /Th>,0.0,0.0,1.0,entailment,1,0.7098124623298645
1382,who has won the race to liquefy helium,Heike Kamerlingh Onnes,True,I don't know,0.0,0.0,0.0,contradiction,0,0.17023511230945587,The first contestant to pass away after appearing on the show is Florence Henderson.,0.0,0.0,0.0,contradiction,0,0.09416116774082184
1383,who voices captain dog in puppy dog pals,Patrick Warburton,True,Dog /Td> /Tr> /Tr> /Tr> /Tr> /Tr> /Tr> /Tr> /Tr> /Tr> /,0.0,0.0,0.0,contradiction,0,0.33555686473846436,Dog /Td> /Tr> /Tr> /Tr> /Tr> /Tr> /Tr> /Tr> /Tr> /Tr> /,0.0,0.0,0.0,contradiction,0,0.33555686473846436
1384,what is the movie the secret scripture about,,False,I don't know,,,,neutral,0,0.10780347138643265,"The Philistines had captured the Ark of the covenant after defeating the Israelites in a battle at a location between Eben - ezer, where the Israelites encamped, and Aphek ( probably Antipatr ),",,,,neutral,0,0.007060354575514793
1385,how many times have england reached the world cup final,,False,FIFA World Cup since 1950,,,,neutral,0,0.24952691793441772,"The 2018 FIFA World Cup, a total of 79 national teams have entered the competition.",,,,entailment,1,0.9516483545303345
1386,who had the biggest hair in the 80s,,False,I don't know,,,,neutral,0,0.20041510462760925,The hairstyles are sometimes also associated with female country music performers.,,,,entailment,1,0.8654475212097168
1387,who is known as the father of the internet,Vinton Gray Cerf,True,I don't know,0.0,0.0,0.0,contradiction,0,0.22035817801952362,The Internet is a complex network of computers and networks that are governed by the Internet.,0.0,0.0,0.0,neutral,0,0.28814104199409485
1388,when was the first speed camera introduced in the uk,1991,True,I don't know,0.0,0.0,0.0,neutral,0,0.05850813165307045,GPS.,0.0,0.0,0.0,neutral,0,0.04553931578993797
1389,when is the new year day celebrated according to the indian national calendar,March 22/21,True,I don't know,0.0,0.0,0.0,neutral,0,0.08380237966775894,The term may also ambiguously refer to the Hindu calendar ; the Shalivahana era is also commonly used by other calendars.,0.0,0.0,0.0,neutral,0,0.03193653002381325
1390,how many numbers should a uk mobile have,,False,I don't know,,,,neutral,0,0.23131853342056274,The UK telephone numbering plan is based on the UK telephone numbering plan.,,,,entailment,1,0.7645230293273926
1391,when does the new legends of monkey season 2 come out,,False,renewed for a fourth season,,,,entailment,1,0.9059271216392517,"On January 11, 2015, the show was renewed for a second season.",,,,contradiction,0,0.07660195976495743
1392,who is going to play richard pryor in the movie,,False,I don't know,,,,contradiction,0,0.19112752377986908,"Mark L. Young ( born Markell V. Efimoff January 1, 1991 ) is an American actor.",,,,entailment,1,0.7210062742233276
1393,shape of you full song with lyrics download,,False,I don't know),,,,contradiction,0,0.21181520819664001,Ed Sheeran),,,,entailment,1,0.60264652967453
1394,who are the gang of eight in washington,,False,I don't know,,,,neutral,0,0.010714021511375904,The Gang of Eight is a colloquial term for a set of eight leaders within the United States Congress who are briefed on classified intelligence matters by the executive branch.,,,,neutral,0,0.01536037027835846
1395,what is the reason the declaration of independence was written,,False,I don't know,,,,neutral,0,0.06007150933146477,The first Secretary of the Treasury.,,,,neutral,0,0.09858639538288116
1396,the presence of too many individuals in an area,,False,I don't know,,,,contradiction,0,0.04468321427702904,"kinesics ), distance ( proxemics ) and physical environments / appearance, of voice ( paralanguage ) and of touch ( haptics ).",,,,neutral,0,0.1369379311800003
1397,willy wonka and the chocolate factory 1971 cast charlie,Peter Ostrum,True,I don't know,0.0,0.0,0.0,contradiction,0,0.03197067230939865,The first episode of Coronation Street was directed by Chloe Thomas and Steve Connelly.,0.0,0.0,0.0,contradiction,0,0.25397929549217224
1398,who sings the most wonderful time of the year,Andy Williams,True,MGM,0.0,0.0,1.0,neutral,0,0.07792556285858154,A.,0.0,0.0,1.0,contradiction,0,0.14092373847961426
1399,when have the bills been in the playoffs,,False,Super Bowl) has been the champion of the NFL.,,,,contradiction,0,0.0962163656949997,Super Bowl LII ) has been the champion of the NFL.,,,,contradiction,0,0.05775950476527214
1400,list and briefly describe two types of collisional mountain belts,,False,erupted material,,,,entailment,1,0.7844810485839844,material.,,,,neutral,0,0.10617539286613464
1401,what is the difference between los angeles and los angeles county,,False,I don't know,,,,contradiction,0,0.24807237088680267,Coordinates : 34 ° 3 ′ N 118 ° 15 ′ W / 34.050 ° N,,,,entailment,1,0.5205894112586975
1402,who won the series between the red sox and yankees,,False,Sox,,,,contradiction,0,0.3706437349319458,The Yankees won the series 12 -- 11.,,,,contradiction,0,0.2852942943572998
1403,hey girl hey boy superstar dj here we go,,False,I don't know,,,,contradiction,0,0.2907048761844635,"The show featured performances by Rihanna, Bruno Mars and Justin Bieber.",,,,entailment,1,0.9577776193618774
1404,the industrial revolution took place in england during,,False,Industrial Revolution,,,,entailment,1,0.4407311975955963,Industrial Revolution.,,,,contradiction,0,0.3084232211112976
1405,definition of freedom of speech in the constitution,,False,Thomas Jefferson,,,,neutral,0,0.05306282266974449,Thomas Jefferson.,,,,neutral,0,0.07782642543315887
1406,who plays alicia florrick's brother on the good wife,,False,I don't know,,,,neutral,0,0.011562720872461796,Jenner.,,,,neutral,0,0.011304594576358795
1407,in the kansas city style of jazz arrangements were based on,memory,True,I don't know,0.0,0.0,1.0,neutral,0,0.12338001281023026,The song was written by Leonard Bernstein and the lyrics by Betty Comden and Adolph Green.,0.0,0.0,1.0,neutral,0,0.005257763899862766
1408,who did the los angeles lakers pick up,,False,I don't know,,,,neutral,0,0.2166416347026825,Kobe Bryant ( eight times ),,,,neutral,0,0.12794943153858185
1409,when did they start putting vin numbers on cars,1954,True,I don't know,0.0,0.0,1.0,contradiction,0,0.1292981654405594,To carburate or carburet ( and thus carburation or carburetion ) is a device that blends air and fuel for an internal combustion engine in the proper ratio for combustion.,0.0,0.0,1.0,neutral,0,0.24380621314048767
1410,where did the concept of informed consent first appear officially,a medical malpractice United States court case in 1957,True,I don't know,0.0,0.0,0.0,neutral,0,0.3307463526725769,The process of getting permission before conducting a healthcare intervention on a person or for disclosing personal information.,0.0,0.07407407407407407,0.0,neutral,0,0.20433072745800018
1411,what was the oklahoma city bomb made out of,,False,I don't know,,,,neutral,0,0.213237002491951,"The Alfred P. Murrah Federal Building was located at the Alfred P. Murrah Federal Building in Oklahoma City, Oklahoma, U.S.",,,,entailment,1,0.9311730861663818
1412,what was the top of the empire state building for,,False,Empire State Building,,,,contradiction,0,0.37467262148857117,Empire State Building is an office building.,,,,neutral,0,0.05400291457772255
1413,who played roxy in the story of tracy beaker,Sophie Borja,True,I don't know,0.0,0.0,0.0,contradiction,0,0.0646350160241127,The first appearance /Th> Td> Td> Harry Potter and the Philosopher's Stone /Td> /Tr> Tr> Tr> Tr> Tr> Tr,0.0,0.0,0.0,neutral,0,0.09754784405231476
1414,when does the regular season start for the nfl 2018,"September 6, 2018",True,I don't know,0.0,0.0,1.0,contradiction,0,0.19423571228981018,"The 2018 National Football League season Tr> Th colspan=""2""> Regular season /Th> /Th> /Th> Th> Duration /Th> September 6, 2018 ( 2018 - 09 - 06 ) --",0.0,0.23076923076923078,1.0,entailment,1,0.7160506248474121
1415,who plays regina's mother in once upon a time,,False,I don't know,,,,neutral,0,0.00465416070073843,The first appearance /Th> in 1937 /Tr> Tr> Tr> Tr> Tr> Tr> Tr> Tr> Tr> Tr> T,,,,neutral,0,0.0037042656913399696
1416,a criminal's modus operandi is the details of,,False,I don't know,,,,neutral,0,0.12750720977783203,excessively complex.,,,,neutral,0,0.08596339821815491
1417,what is the source of the yangtze river,Qinghai,True,I don't know,0.0,0.0,1.0,contradiction,0,0.17696845531463623,The Yangtze River ( Three Gorges) /Td> /Tr> /Tr> /Tr> /Tr> /Tr> /Tr> /Tr> /Tr>,0.0,0.0,1.0,entailment,1,0.6307287812232971
1418,when does season 2 of spirit riding free come out,"September 8, 2017",True,Blue Mountain State was renewed for a third season,0.0,0.0,0.0,contradiction,0,0.3249000310897827,The series will continue to air on Disney XD.,0.0,0.0,0.0,contradiction,0,0.3311711549758911
1419,who does flag go to at a military funeral,the next of kin,True,I don't know,0.0,0.0,0.0,neutral,0,0.030691536143422127,"The motto :  In God We Trust '' Other traditional mottos ( show ) Ul> Li>  E pluribus unum '' ( Latin ) ( de facto )  Out of many, one '' ",0.0,0.15384615384615385,0.0,neutral,0,0.2153678834438324
1420,elvis presley vs. junkie xl a little less conversation,,False,I don't know,,,,neutral,0,0.03821954503655434,/P>,,,,neutral,0,0.10543699562549591
1421,when does the new mortal kombat come out,,False,I don't know,,,,neutral,0,0.11824595183134079,The first ending theme is  Beyxercise ''.,,,,entailment,1,0.4557167589664459
1422,whose voice is the robot on the orville,Rachael MacFarlane,True,I don't know,0.0,0.0,0.0,contradiction,0,0.22642670571804047,The Phantom Menace /Td> /Tr> /Tr> /Tr> /Tr> /Tr> /Tr> /Tr> /Tr> /Tr>,0.0,0.0,0.0,entailment,1,0.5187510848045349
1423,what is the difference between 30-06 and 30-06 springfield,,False,I don't know,,,,contradiction,0,0.21790745854377747,The parent case is a legal case in which the parents are the parents of the child.,,,,contradiction,0,0.25274747610092163
1424,every morning in africa a gazelle wakes up author,Abe Gubegna,True,New York Times Notable Book of the year,0.0,0.0,1.0,neutral,0,0.0952601432800293,"New York Times Notable Book of the year in 1997, and one of the Best Books of the Year by the Village Voice.",0.0,0.0,1.0,neutral,0,0.028166979551315308
1425,who played mr collins in bbc pride and prejudice,,False,I don't know,,,,contradiction,0,0.034580428153276443,"Connor Byrne, who plays Mike Milligan, is currently appearing in his tenth series and has been in all three programme.",,,,contradiction,0,0.017459791153669357
1426,which of the following states is an example of fragmented states,,False,Iowa,,,,contradiction,0,0.024914773181080818,Iowa.,,,,contradiction,0,0.008962077088654041
1427,is there a 500 dollar bill in us currency,,False,I don't know,,,,contradiction,0,0.06893956661224365,/Tr> /Tr> /Tr> /Tr> /Tr> /Tr> /Tr> /Tr> /Tr> /Tr> /T,,,,neutral,0,0.2508879005908966
1428,who did sweet pea belong to on popeye,Popeye,True,I don't know,0.0,0.0,0.0,contradiction,0,0.2663158178329468,"is a dog, she is a sexy and charming woman.",0.0,0.0,0.0,contradiction,0,0.0626184269785881
1429,average salary of a person in the united states,"$31,099",True,I don't know,0.0,0.0,0.0,neutral,0,0.05729991942644119,"The term ""full employment"" is a synonym for ""natural '' unemployment.",0.0,0.0,0.0,contradiction,0,0.0894840806722641
1430,big machine vodka 400 at the brickyard race weekend,,False,I don't know,,,,neutral,0,0.0852166935801506,"The 2018 PowerShares QQQ 300 produced the closest finish in NASCAR touring series history of all three Top series when Tyler Reddick edged Elliott Sadler by a tiny margin of 0.0004 s, making it the closest finish in NASCAR history.",,,,neutral,0,0.009004341438412666
1431,2006 gold medalist who's been a speed skating commentator for nbc olympic telecast,,False,I don't know,,,,contradiction,0,0.24363385140895844,The Wheel of Fortune was created by Merv Griffin.,,,,entailment,1,0.9656531810760498
1432,where did the saudi foreign minister go to school,University of North Texas,True,I don't know,0.0,0.0,1.0,contradiction,0,0.27827736735343933,/Th> /Th> /Tr> /Tr> /Tr> /Tr> /Tr> /Tr> /Tr> /Tr> /Tr>,0.0,0.0,1.0,entailment,1,0.4176918864250183
1433,who is bone thugs n harmony signed to,eOne Entertainment,True,I don't know,0.0,0.0,0.0,neutral,0,0.20135198533535004,/Th> /Tr> /Tr> /Tr> /Tr> /Tr> /Tr> /Th> Single by Tinchy Stryder & the Chuckle Brothers /Th>,0.0,0.0,0.0,entailment,1,0.4550849497318268
1434,take me to the river walk me on the water,,False,I don't know,,,,contradiction,0,0.3144375681877136,"The song was written by Al Green, Mabon /Th>, and Al Green, Mabon /Th>.",,,,contradiction,0,0.08863786607980728
1435,which country has qualified for the first time in 2018 fifa world cup,,False,I don't know,,,,contradiction,0,0.09356024116277695,/Td> /Tr> /Tr> /Tr> /Tr> /Tr> /Tr> /Tr> /Tr> /Tr> /T,,,,contradiction,0,0.26824501156806946
1436,winner of comedy circus ke ajoobe grand finale,Krishna Abhishek,True,I don't know,0.0,0.0,0.0,contradiction,0,0.1194721981883049,The first contestant to pass away after appearing on the show is Florence Henderson.,0.0,0.0,0.0,contradiction,0,0.0900702252984047
1437,what is the purpose of the us military,,False,I don't know,,,,contradiction,0,0.17664578557014465,The Department of Defense is the United States Department of Defense.,,,,entailment,1,0.9043496251106262
1438,who wrote the song don t want to miss a thing,Diane Warren,True,I don't know,0.0,0.0,1.0,contradiction,0,0.20313508808612823,Aerosmith /Th> /Th> /Tr> /Tr> /Tr> /Tr> /Th> /Th> /Th> /Th> /Th> /,0.0,0.0,1.0,entailment,1,0.7391864061355591
1439,who won the most fa cups in england,Arsenal,True,I don't know,0.0,0.0,1.0,neutral,0,0.06774815917015076,The football team has competed at the FIFA World Cup since 1950.,0.0,0.0,1.0,neutral,0,0.008578281849622726
1440,how long does it take grape juice to ferment into wine,from 5 to 14 days for primary fermentation and potentially another 5 to 10 days for a secondary fermentation,True,I don't know,0.0,0.0,1.0,neutral,0,0.11071459203958511,a slow reaction can take many years.,0.0,0.07692307692307693,1.0,neutral,0,0.1342640370130539
1441,when is groundhog day and how does it work,,False,I don't know,,,,contradiction,0,0.009369566105306149,Groundhog Day /Th> /Th> /Th> /Th> /Th> /Th> /Th> /Th> /Th> /Th> /Th> /Th> ,,,,contradiction,0,0.011755187064409256
1442,where do cherry blossom trees grow in the us,,False,I don't know,,,,neutral,0,0.37359270453453064,The poem was written in 1913.,,,,neutral,0,0.008221873082220554
1443,when is the last time an 11 seed made it to the elite 8,2018,True,I don't know,0.0,0.0,1.0,neutral,0,0.15340372920036316,The year listed is the last tournament year a school has reached a certain round of the NCAA Tournament.,0.0,0.0,1.0,entailment,1,0.7209160327911377
1444,what territory did germany lose in the treaty of versailles,,False,I don't know,,,,contradiction,0,0.19571436941623688,The Treaty of Zgorzele was signed in 1945.,,,,contradiction,0,0.03460032865405083
1445,where was avril lavigne's head above water video filmed,Iceland,True,I don't know,0.0,0.0,1.0,neutral,0,0.00465416070073843,The Bloukrans River.,0.0,0.0,1.0,neutral,0,0.008304707705974579
1446,is the movie brave based on a true story,,False,I don't know,,,,neutral,0,0.00465416070073843,The New Legends of Monkey /Th> /Th> /Th> Th> Th> Th> Th> Th> Th> Th> Th> Th> Th> ,,,,contradiction,0,0.11494112014770508
1447,where did the phrase red tape come from,,False,I don't know,,,,neutral,0,0.02419337071478367,"The first systematic Hollywood blacklist was instituted on November 25, 1947, the day after ten writers and directors were cited for contempt of Congress for refusing to testify to the House Un-American Activities Committee.",,,,neutral,0,0.19871404767036438
1448,who are the associate justices of the supreme court,Anthony Kennedy,True,I don't know,0.0,0.0,1.0,contradiction,0,0.23597097396850586,John Roberts /Dd> Dt> Associate Justices /Dt> Clarence Thomas /Dd> Ruth Bader Ginsburg /Dd> Stephen Breyer /Dd> Samuel Alito /Dd> Sonia So,0.0,0.0,1.0,entailment,1,0.455026239156723
1449,where is area code 705 in ontario canada,,False,I don't know,,,,neutral,0,0.007657939568161964,Canada and British Columbia,,,,neutral,0,0.006664565298706293
1450,where was the ishtar gate erected and what was its purpose,,False,I don't know,,,,neutral,0,0.143291637301445,The battle of Kadesh was part of the Second Syrian campaign of Ramesses II.,,,,contradiction,0,0.1882123053073883
1451,college that has produced the most nfl quarterbacks,Purdue,True,Dallas Cowboys,0.0,0.0,1.0,neutral,0,0.10815099626779556,Cowboys ).,0.0,0.0,1.0,neutral,0,0.10075182467699051
1452,who played tommy in monk and the kid,,False,I don't know,,,,neutral,0,0.007128972094506025,The character is a vampire.,,,,neutral,0,0.24154673516750336
1453,who is first military head of state in nigeria,,False,I don't know,,,,contradiction,0,0.15102817118167877,The following are the presidential and parliamentary elections in Nigeria since 2011:,,,,neutral,0,0.03716032952070236
1454,who's opening for justin timberlake in chicago,The Shadowboxers,True,I don't know,0.0,0.0,0.0,contradiction,0,0.22861933708190918,"The show was held on March 13, 2018.",0.0,0.2,0.0,entailment,1,0.8969101905822754
1455,lyrics to the raven by edgar allan poe,,False,I don't know,,,,neutral,0,0.04736920818686485,Dickinson's poems.,,,,entailment,1,0.9631800651550293
1456,who is representing mexico in little league world series,"Matamoros, Tamaulipas",True,I don't know,0.0,0.0,0.0,contradiction,0,0.10295092314481735,"The 2018 Little League World Series /Th> /Tr> Tr> Td colspan=""2""> /Tr> /Tr> Tr> Th> Dates /Th> T",0.0,0.0,0.0,entailment,1,0.6519120931625366
1457,the fa premier league is owned by 20 shareholders who are,the 20 member clubs,True,I don't know,0.0,0.0,0.0,neutral,0,0.039513446390628815,The club went public in 1990 and was the subject of takeover bids from property trader Michael Knighton and Rupert Murdoch's BSkyB corporation before Malcolm Glazer's stake was announced in September 2003.,0.0,0.05555555555555555,0.0,entailment,1,0.9204994440078735
1458,who plays jack on secret life of the american teenager,Gregory P. Finley II,True,main cast,0.0,0.0,0.0,neutral,0,0.019323186948895454,The Secret Life of the American Teenager ( season 3 ) /Th> /Th> /Th> /Th> /Th> /Th> /Th> /Th> /Th> /Th> ,0.0,0.0,0.0,neutral,0,0.010053830221295357
1459,who has the most grammys of all time,Sir Georg Solti,True,I don't know,0.0,0.0,0.0,neutral,0,0.05033516138792038,The 300 win club is the group of pitchers who have won 300 or more games.,0.0,0.0,0.0,entailment,1,0.9875125288963318
1460,toray pan pacific open 2018 order of play,,False,I don't know,,,,neutral,0,0.19040121138095856,The Toray Pan Pacific Open /Th> /Th> /Th> /Th> /Th> /Th> /Th> /Th> /Th> /Th> /Th> /,,,,entailment,1,0.7211691737174988
1461,what happened to the cast of george lopez show,,False,I don't know,,,,neutral,0,0.06248990818858147,Misty May - Treanor of season seven was forced to pull out after an ankle injury ; Tom DeLay of season nine reportedly withdrew  due to stress fractures in both of his feet '' ;,,,,neutral,0,0.00828746147453785
1462,the process of converting ac to dc is called,,False,I don't know,,,,neutral,0,0.08337065577507019,Reactions are chemical processes that involve the transformation of one set of chemical substances to another.,,,,neutral,0,0.36050891876220703
1463,what event pushed england to enter world war 1,,False,I don't know,,,,neutral,0,0.07601207494735718,"The Treaty of Amity and Commerce was a defensive alliance between France and the United States of America, formed in the midst of the American Revolutionary War, which promised mutual military support in case fighting should break out between French and British forces, as the result signing the previously concluded Treaty of",,,,contradiction,0,0.020635979250073433
1464,why are so many places in cornwall named after saints,,False,I don't know,,,,neutral,0,0.06900263577699661,"The terminology of the British Isles refers to the various words and phrases that are used to describe the different geographical and political areas of the islands of Great Britain, Ireland, and the smaller islands which surround them.",,,,neutral,0,0.4151061177253723
1465,bungee jumping in south africa of highest jump in world,,False,I don't know,,,,neutral,0,0.15964040160179138,"The first Test hat - trick was recorded on 2 January 1879, in only the third Test match to take place.",,,,contradiction,0,0.36274176836013794
1466,who wrote dr dre verse on forgot about dre,Eminem,True,I don't know,0.0,0.0,0.0,contradiction,0,0.1074073538184166,The persona of Dickinson's poem meets personified Death.,0.0,0.0,0.0,contradiction,0,0.33173999190330505
1467,how has folk culture clashed with pop culture in bhutan,,False,I don't know,,,,neutral,0,0.028984466567635536,Java and Bali among Indonesian Hindus.,,,,entailment,1,0.5057293772697449
1468,where did the term labor day come from,,False,expression,,,,neutral,0,0.305192232131958,"The phrase is related to the expression the whole six yards, used around the same time in Kentucky and South Carolina.",,,,contradiction,0,0.022405890747904778
1469,where are most of the gas molecules in the atmosphere found,,False,I don't know,,,,neutral,0,0.006574034690856934,The concentration of carbon dioxide has increased since the Industrial Revolution.,,,,neutral,0,0.0011223580222576857
1470,who does the voice of elsa on frozen,primarily by Broadway actress and singer Idina Menzel,True,I don't know,0.0,0.0,0.0,contradiction,0,0.2193240225315094,The character in both of her forms from Snow White and the Seven Dwarfs /Td> /Tr> /Tr> Th> First appearance /Th> Td> Snow White and the Seven Dwarfs ( 1937 ),0.0,0.05405405405405405,0.0,entailment,1,0.9037400484085083
1471,how many miles from new york to nebraska,,False,I don't know,,,,contradiction,0,0.1527208685874939,The highest point is Mount McKinley.,,,,neutral,0,0.02174210362136364
1472,9. which of these was not an atomic bomb dropped on either hiroshima or nagasaki,,False,I don't know,,,,contradiction,0,0.21231535077095032,"The bombings occurred on August 6 and August 9, 1945.",,,,entailment,1,0.9645817875862122
1473,the simple solution is usually the right one,,False,Simpler.,,,,neutral,0,0.48108166456222534,The simplest solution tends to be the correct one.,,,,entailment,1,0.7020156979560852
1474,the greatest thing you'll ever learn bowie,,False,I don't know,,,,neutral,0,0.24668626487255096,The Greatest Showman.,,,,entailment,1,0.49245485663414
1475,when humanism took root in the north it did so as french humanism,,False,I don't know,,,,neutral,0,0.01251970138400793,"The Scientific Revolution took place in Europe towards the end of the Renaissance period and continued through the late 18th century, influencing the intellectual social movement known as the Enlightenment.",,,,contradiction,0,0.23793353140354156
1476,what kind of hawks live on long island,,False,I don't know,,,,contradiction,0,0.024142105132341385,The Florida cracker refers to colonial - era English and American pioneer settlers and their descendants in what is now the U.S. state of Florida.,,,,entailment,1,0.9299428462982178
1477,what does code red mean in the emergency room,fire has broken out somewhere in the hospital facility,True,I don't know,0.0,0.0,1.0,neutral,0,0.040067024528980255,The use of codes is intended to convey essential information quickly and with minimal misunderstanding to staff while preventing stress and panic among visitors to the hospital.,0.0,0.1111111111111111,1.0,contradiction,0,0.36868083477020264
1478,where did most american troops fight in ww1,,False,I don't know,,,,neutral,0,0.1171143651008606,"The battles of the Mexican -- American War include all major engagements and most reported skirmishes, including Thornton's Defeat, the Battle of Palo Alto, and the Battle of Resaca de la Palma, which took place prior to the",,,,neutral,0,0.07424524426460266
1479,who played the frog in gnomeo and juliet,Ashley Jensen,True,I don't know,0.0,0.0,0.0,neutral,0,0.16670367121696472,Richard Harris).,0.0,0.0,0.0,contradiction,0,0.05880412459373474
1480,who did the warriors play in the 2017 playoffs,,False,I don't know,,,,contradiction,0,0.22692809998989105,/Tr> /Tr> /Tr> Th> Season /Th> Td> 2016 -- 17 /Td> /Tr> Tr> Th> Teams /Th> ,,,,entailment,1,0.6018059849739075
1481,http uses a request/response style of communication,,False,I don't know,,,,neutral,0,0.1646219938993454,"The narrator uses the term "" URL "" to refer to a web resource.",,,,entailment,1,0.7874476313591003
1482,what are the three numbers in nhl records,,False,I don't know,,,,contradiction,0,0.06967772543430328,"The Stanley Cup was donated by the Governor General of Canada Lord Stanley of Preston in 1892, and is the oldest professional sports trophy in North America.",,,,neutral,0,0.06258422881364822
1483,who plays the king in the walking dead,,False,I don't know,,,,neutral,0,0.15443532168865204,The Walking Dead ( season 7 ) /Th> /Th> /Tr> /Tr> /Tr> /Tr> /Tr> /Tr> /Tr> /T,,,,neutral,0,0.10815555602312088
1484,where does the french riviera start and end,,False,I don't know,,,,contradiction,0,0.21432432532310486,The Nile Delta was a major influence on the routes of the trade winds.,,,,neutral,0,0.0026858604978770018
1485,who played dr watson in sherlock holmes 2009,,False,I don't know,,,,contradiction,0,0.14697368443012238,"The Doctor /Tr> /Tr> /Tr> /Tr> Td colspan=""2""> The Tenth Doctor /Tr> /Tr> Td colspan=""2"">",,,,neutral,0,0.35228443145751953
1486,what is the type of reaction that produces iodine from iodate and iodide,,False,oxygen,,,,neutral,0,0.1358284056186676,The iodine clock reaction is a classical chemical clock demonstration experiment to display chemical kinetics in action ; it was discovered by Hans Heinrich Landolt in 1886.,,,,entailment,1,0.9912155866622925
1487,what is the score in the british open,,False,I don't know,,,,neutral,0,0.1504945605993271,The All England Lawn Tennis and Croquet Club is a private members'club.,,,,entailment,1,0.9621597528457642
1488,when is super girl season three coming out,"October 9, 2017",True,Supergirl,0.0,0.0,1.0,contradiction,0,0.24172145128250122,Supergirl series.,0.0,0.0,1.0,contradiction,0,0.30371662974357605
1489,who received the most electoral votes in the 2000 presidential election,George Walker Bush,True,I don't know,0.0,0.0,0.0,contradiction,0,0.1723703145980835,The Electoral College had 270 electoral votes needed to win the election.,0.0,0.0,0.0,entailment,1,0.965314507484436
1490,why can't we be friends why can't we be friends why can't we be friends,,False,I don't know,,,,neutral,0,0.2706215977668762,The first recorded use of a related phrase is by Frederick the Great of Prussia.,,,,entailment,1,0.992473840713501
1491,where did the battle of chattanooga take place,October and November 1863,True,I don't know,0.0,0.0,0.0,neutral,0,0.23944734036922455,The Chattanooga Campaign /Th> /Th> /Th> /Th> /Th> /Th> /Th> /Th> /Th> /Th> /Th> ,0.0,0.0,0.0,neutral,0,0.25978583097457886
1492,when did the cross become a symbol of christianity,from the 4th century,True,I don't know,0.0,0.0,0.0,neutral,0,0.03633671626448631,The symbol was a symbol of the apostles'creed.,0.0,0.16666666666666666,0.0,entailment,1,0.9444348216056824
1493,what does it mean to read with phrasing,,False,length,,,,neutral,0,0.05600304156541824,"The identity of the longest word in English depends upon the definition of what constitutes a word in the English language, as well as how length should be compared.",,,,neutral,0,0.12045370787382126
1494,when did anime become popular in the west,The 1960s,True,I don't know,0.0,0.0,0.0,contradiction,0,0.1754508763551712,The Dragon Ball manga was written by the manga author duo Peach - Pit.,0.0,0.13333333333333336,0.0,entailment,1,0.8119964003562927
1495,why does it make sense for the environmental protection agency,,False,I don't know,,,,entailment,1,0.8884546756744385,The European Community number ( EC Number ) is a unique seven - digit identifier that was assigned to substances for regulatory purposes within the European Union by the European Commission.,,,,neutral,0,0.17051947116851807
1496,where has the us manufacturing belt been traditionally located (specific cities),Chicago,True,economies,0.0,0.0,0.0,neutral,0,0.01679174043238163,"Capitalism has diverse and much debated roots, but fully - fledged capitalism is generally thought to have emerged in north - west Europe, especially in the Low Countries ( mainly present - day Flanders and Netherlands ) and Britain, in the sixteenth to seventeenth centuries",0.0,0.0,0.0,neutral,0,0.23701752722263336
1497,where can wind shear associated with a thunderstorm be found,,False,I don't know,,,,neutral,0,0.0970361977815628,The trade winds can cause a lot of damage.,,,,neutral,0,0.01075249444693327
1498,emily dickinson's because i could not stop for death,,False,I don't know,,,,neutral,0,0.13664793968200684,The personification of death changes from one of pleasantry to one of ambiguity and morbidity.,,,,neutral,0,0.3403603136539459
1499,who played young idgie in fried green tomatoes,,False,I don't know,,,,neutral,0,0.018205024302005768,"The Mindy Project is an American comedy television series which aired on Fox for three seasons from on September 25, 2012, to March 24, 2015.",,,,entailment,1,0.7016318440437317
1500,who plays cj in dawn of the dead,,False,I don't know,,,,neutral,0,0.23527725040912628,"The first season, the focus was primarily on Klaus ( Joseph Morgan ), Elijah ( Daniel Gillies ), and Rebekah ( Claire Holt ) who found out in the backdoor pilot, aired on April 25, 2013, how Hay",,,,entailment,1,0.8065511584281921
1501,how did many western settlers get their land,,False,North America,,,,neutral,0,0.2707027494907379,North America.,,,,entailment,1,0.5077183842658997
1502,which is the biggest bus stand in kerala,,False,I don't know,,,,neutral,0,0.07173842936754227,India.,,,,neutral,0,0.06633997708559036
1503,what is the drive train on a bmw,,False,I don't know,,,,contradiction,0,0.07737575471401215,Russia's largest production sector.,,,,neutral,0,0.00720084086060524
1504,punjab and haryana high court chief justice name,Krishna Murari,True,I don't know,0.0,0.0,0.0,contradiction,0,0.16308380663394928,"The Seal of the United States Department of Justice /Tr> /Tr> /Tr> Th colspan=""2""> Seal of the United States Department of Justice /Tr> /Tr> Th colspan=""",0.0,0.0,0.0,contradiction,0,0.23915374279022217
1505,who is the highest ranking member of the senate,president pro tempore,True,I don't know,0.0,0.0,1.0,contradiction,0,0.22947752475738525,The blue slip is a political term used to describe the state of the Senate.,0.0,0.0,1.0,neutral,0,0.2420406937599182
1506,in contrast to the romantic movement the victorian era may be characterized by a focus on,,False,I don't know,,,,neutral,0,0.2210974395275116,"The poem is one of several  Great Odes of 1819 '', which includes  Ode on Indolence '',  Ode on Melancholy '',  Ode to a Nightingale '',",,,,neutral,0,0.0046456134878098965
1507,who was the president when nafta was passed,Clinton,True,Franklin D. Roosevelt,0.0,0.0,0.0,neutral,0,0.029601626098155975,"Franklin D. Roosevelt's address on January 6, 1941, Roosevelt outlined the Four Freedoms.",0.0,0.0,0.0,neutral,0,0.030129609629511833
1508,fast and furious 7 who plays paul walker,,False,I don't know,,,,contradiction,0,0.22542528808116913,Paul Walker /Th> /Th> /Th> /Th> /Th> /Th> /Th> /Th> /Th> /Th> /Th> /Th> ,,,,entailment,1,0.4805361330509186
1509,panic a fever you can't sweat out lyrics,,False,"Th colspan=""2"">",,,,entailment,1,0.6277530193328857,/P> P> /P> /P> /P> /P> /P> /P> /P> /P> /P> /P> /P>,,,,entailment,1,0.5960301160812378
1510,christian name for baby boy starting with n,,False,I don't know,,,,contradiction,0,0.10954113304615021,The Apostles Creed is a series of /Td> /Tr> Tr> Td> /Tr> Tr> Th> stages /Th> /Th> /Tr,,,,entailment,1,0.8495426774024963
1511,what is the purpose of a probate court,,False,to find probable cause that a crime has been committed by a criminal suspect,,,,entailment,1,0.924804151058197,to be a criminal,,,,neutral,0,0.09556528180837631
1512,difference between a turn coordinator and a turn and slip indicator,,False,I don't know,,,,neutral,0,0.018444428220391273,The control unit is a component of a computer's central processing unit ( CPU ) that directs the operation of the processor.,,,,neutral,0,0.05524599552154541
1513,when is a breast cancer patient considered a survivor,"""living with or beyond cancer""",True,I don't know,0.0,0.0,0.0,neutral,0,0.07636766135692596,"Lana Parrilla was born July 15, 1977.",0.0,0.0,0.0,neutral,0,0.15092691779136658
1514,the st. lawrence river is one of the most important rivers to which country,,False,I don't know,,,,contradiction,0,0.020624689757823944,"The Red River takes its name from the red cedar ( Juniperus virginiana ) trees growing there, and was originally called the Red Cedar River by the Meskwaki.",,,,entailment,1,0.9272573590278625
1515,explain the process of development of state formation under the gupta period,,False,I don't know,,,,neutral,0,0.21035200357437134,The Tomara Dynasty.,,,,neutral,0,0.14459523558616638
1516,name four types of lymphocytes involved in cellular immunity,,False,I don't know,,,,neutral,0,0.1002940684556961,Chromatin is only found in eukaryotic cells.,,,,contradiction,0,0.017516346648335457
1517,where did system of a down come from,"Glendale, California",True,ABO blood group system.,0.0,0.0,0.0,neutral,0,0.16067756712436676,"The ABO blood group system is widely credited to have been discovered by the Austrian scientist Karl Landsteiner, who identified the O.",0.0,0.0,0.0,neutral,0,0.049263305962085724
1518,where does the last name quintanilla come from,,False,I don't know,,,,contradiction,0,0.28366631269454956,plants,,,,entailment,1,0.3919764459133148
1519,what is the hungarian name for cabbage and noodles,,False,n't have your cake and eat it ( too ),,,,neutral,0,0.19978255033493042,n't have your cake and eat it ( too ),,,,neutral,0,0.19978255033493042
1520,how many poisonous snakes are in the united states,,False,I don't know,,,,neutral,0,0.07951997220516205,The state of North Carolina is ranked fourth.,,,,neutral,0,0.006060725077986717
1521,who wants to be a millionaire mark labbett,,False,I don't know,,,,contradiction,0,0.25065869092941284,The Chase Australia ( 2016 -- ) /Td> /Tr> Tr> Th> Weight /Th> /Th> /Th> /Th> /Th> /Th> /Th,,,,neutral,0,0.10629094392061234
1522,list of duties of the president of the united states,,False,I don't know,,,,contradiction,0,0.1463056206703186,The United States presidential line of succession is set by the United States Constitution and the Presidential Succession Act of 1947 as subsequently amended to include newly created cabinet offices.,,,,neutral,0,0.3972162902355194
1523,who played katherine chancellor's son on y&r,Beau Kazer,True,I don't know,0.0,0.0,0.0,contradiction,0,0.2970922887325287,"season four season, Caitlyn's children Brody and Brandon, and Brandon's wife, Leah became recurring cast members.",0.0,0.0,0.0,contradiction,0,0.27721813321113586
1524,what are the major criticisms of the court system in the united states today,,False,I don't know,,,,neutral,0,0.024214794859290123,Red tape is an idiom that refers to excessive regulation or rigid conformity to formal rules that is considered redundant or bureaucratic and hinders or prevents action or decision - making.,,,,neutral,0,0.04133722186088562
1525,where did the medical model of disability come from,,False,I don't know,,,,neutral,0,0.03789108246564865,"The earliest derivatives of Behaviorism can be traced back to the late 19th century where Edward Thorndike pioneered the law of effect, a process that involved strengthening behavior through the use of reinforcement.",,,,neutral,0,0.036760129034519196
1526,what was the purpose of the underground rail road,,False,I don't know,,,,contradiction,0,0.11746429651975632,London Underground /Tr> /Tr> /Tr> /Tr> /Tr> /Tr> /Tr> /Tr> /Tr> /Tr> ,,,,contradiction,0,0.08825588971376419
1527,in another world with my smartphone touya kiss,,False,Haruhi Suzumiya,,,,contradiction,0,0.3559507727622986,"The Melancholy of Haruhi Suzumiya is an anime television series produced by Kyoto Animation and directed by Tatsuya Ishihara, based on the Haruhi Suzumiya series of light novels written by Nagaru Tanigawa and illustrated by",,,,entailment,1,0.8892853260040283
1528,who won in india vs south africa 2018,,False,I don't know,,,,contradiction,0,0.1763419657945633,AB de Villiers ( 211 ) /Td> Td> Virat Kohli ( 286 ) /Td> Td> Vernon Philander ( 15 ) Kagiso Rabada ( 15 ) /Td,,,,contradiction,0,0.10884343087673187
1529,what were some of the routes in the underground railroad,,False,New World,,,,contradiction,0,0.14479276537895203,The Middle Passage was the stage of the triangular trade in which millions of Africans were shipped to the New World as part of the Atlantic slave trade.,,,,contradiction,0,0.15368740260601044
1530,do you win with two numbers on euromillions,,False,I don't know,,,,neutral,0,0.023271780461072922,"The cost of playing in the UK increased from £ 1.50 to £ 2.50 per line on 7 November 2009, due to the combination of the EUR / GBP exchange rate, and an automatic entry in its Millionaire Raffle.",,,,neutral,0,0.0033721672371029854
1531,who is the original singer of sitting on the dock of the bay,Otis Redding,True,I don't know,0.0,0.0,1.0,neutral,0,0.23504909873008728,"Otis Redding /Th> /Tr> Tr> Tr> Th colspan=""2""> /Tr> /Tr> Th colspan=""2""> Single by Otis Re",0.0,0.2222222222222222,1.0,entailment,1,0.7292993664741516
1532,under 19 cricket world cup 2008indian team squad,,False,I don't know,,,,contradiction,0,0.17881600558757782,The following players were selected to play in the 2008 Under 19 Cricket World Cup.,,,,neutral,0,0.384302020072937
1533,the substances that most directly control the rate of these reactions are known as,,False,I don't know,,,,neutral,0,0.12696173787117004,reactants are converted into products.,,,,entailment,1,0.9602436423301697
1534,what types of artifacts have been found in herculaneum and pompeii,,False,I don't know,,,,contradiction,0,0.1456439346075058,The fall of the Roman Empire in AD 476 traditionally marks the start of the Middle Ages.,,,,neutral,0,0.04463240131735802
1535,a person's belly button is in which region of the abdomen,,False,I don't know,,,,contradiction,0,0.26260805130004883,The human urinary system is the system that holds the uterus suspended inside the abdominal cavity.,,,,entailment,1,0.9872180819511414
1536,who played topanga's aunt on boy meets world,,False,Tyler Perry,,,,entailment,1,0.705713152885437,Tyler Perry,,,,entailment,1,0.705713152885437
1537,when did the army switch to digital camo,,False,I don't know,,,,contradiction,0,0.14758329093456268,The FCC is the predecessor agency to the Federal Radio Commission.,,,,entailment,1,0.9409700632095337
1538,when does cassandra clares next book come out,,False,I don't know,,,,neutral,0,0.21047908067703247,"The single was released on September 19, 2018 ( 2018 - 09 - 19 ) /Td> /Tr> Tr> Tr> Th colspan=""2""> /Tr> Tr> ",,,,entailment,1,0.7318143844604492
1539,who owned most of the businesses in kenya at the time of independence,,False,I don't know,,,,neutral,0,0.05311812460422516,"The United States, Soviet Union, Western European and East Asian countries in particular experienced unusually high and sustained growth, together with full employment.",,,,entailment,1,0.9862820506095886
1540,where is bile made and what does it do,produced by the liver of most vertebrates,True,I don't know,0.0,0.0,0.0,neutral,0,0.03395457938313484,Palm oil is that it is a polymer chain made of amino acids linked together by peptide bonds.,0.0,0.16,0.0,neutral,0,0.3665364682674408
1541,film jason statham clive owen robert de niro,,False,I don't know,,,,contradiction,0,0.16872867941856384,The film was directed by /Th> Td> Andrew Adamson ( 1 -- 2 ) Michael Apted ( 3 ) Joe Johnston ( 4 ) /Td> /Tr> Tr> Tr> Tr,,,,entailment,1,0.9021067023277283
1542,who is dr altman on grey's anatomy,Kim Raver,True,I don't know,0.0,0.0,0.0,contradiction,0,0.007972246035933495,The supplemental digital series Marvel.,0.0,0.0,0.0,contradiction,0,0.005141260102391243
1543,when does the haunted mansion turn to nightmare before christmas,late summer,True,second season,0.0,0.0,0.0,contradiction,0,0.037386275827884674,Season.,0.0,0.0,0.0,contradiction,0,0.005566619802266359
1544,explain the resources on the basis of development,,False,I don't know,,,,neutral,0,0.16186641156673431,techniques for raising them productively,,,,neutral,0,0.09305674582719803
1545,when was the united states founded as a country,1776,True,Founding Father,0.0,0.0,1.0,neutral,0,0.09205376356840134,United States of America,0.0,0.0,1.0,neutral,0,0.022761007770895958
1546,who plays it in stephen king's it,Bill Skarsgård,True,I don't know,0.0,0.0,1.0,contradiction,0,0.20452488958835602,Graham Chapman,0.0,0.0,1.0,entailment,1,0.5562843084335327
1547,what advantage did the british have over the patriots at the beginning of the war,,False,France invaded Britain.,,,,contradiction,0,0.10670973360538483,France.,,,,entailment,1,0.7463904619216919
1548,when can we say that an object is at rest,When the position of a body with respect to its surroundings does not change with time,True,I don't know,0.0,0.0,0.0,neutral,0,0.16780588030815125,The reader will be able to identify the various variations on the theme.,0.0,0.13793103448275862,0.0,neutral,0,0.1638866364955902
1549,what did denis diderot encyclopedia contribute to the literature of the enlightenment,,False,I don't know,,,,contradiction,0,0.15161558985710144,France.,,,,contradiction,0,0.19959671795368195
1550,french declaration of the rights of man and citizen pdf,,False,I don't know,,,,neutral,0,0.2091858983039856,"8 of the European Convention on Human Rights provides a right to respect for one's  private and family life, his home and his correspondence '', subject to certain restrictions that are  in accordance with law '' and  necessary in a democratic society '",,,,neutral,0,0.07814303040504456
1551,compare the modern italian towns with those of the medieval towns,,False,I don't know,,,,neutral,0,0.34242719411849976,Milan is located in Lombardy.,,,,entailment,1,0.8039796352386475
1552,where do you find omega 3 fatty acids,,False,I don't know,,,,contradiction,0,0.11077871173620224,"Deoxyribonucleic acid ( ksirabonjklik, - kle. k / ( listen ) ; DNA ) is a thread - like chain of nucleotides",,,,neutral,0,0.18266046047210693
1553,who owns the yacht on below deck mediterranean,,False,I don't know,,,,contradiction,0,0.1971490979194641,Pirates of the Caribbean,,,,neutral,0,0.1935855597257614
1554,what happens in the battle between beowulf and the dragon,the dragon wounds Beowulf fatally,True,No,0.0,0.0,1.0,neutral,0,0.04008195176720619,The original airdate of the poem was 1937.,0.0,0.15384615384615385,1.0,neutral,0,0.010375826619565487
1555,ways to promote national consciousness integrity and unity,,False,be aware,,,,neutral,0,0.465442031621933,a person who is aware of the collective,,,,entailment,1,0.6172827482223511
1556,who plays the old lady in jackass 2,Spike Jonze,True,Mimi,0.0,0.0,0.0,contradiction,0,0.008226854726672173,Drew Carey a liar,0.0,0.0,0.0,contradiction,0,0.010613735765218735
1557,who wears short shorts freddie and the dreamers,,False,I don't know,,,,neutral,0,0.07087338715791702,"A balloon is a flexible bag that can be inflated with a fluid, such as helium, hydrogen, nitrous oxide, oxygen, air or water.",,,,neutral,0,0.10758586972951889
1558,john denver when the river meets the sea,,False,I don't know,,,,contradiction,0,0.18577279150485992,The song was later sung by John Denver and Robin the Frog in the 1979 television special John Denver and the Muppets : A Christmas Together.,,,,entailment,1,0.43417319655418396
1559,where did jordan spieth place in the masters,,False,I don't know,,,,contradiction,0,0.1194721981883049,The first contestant to pass away after appearing on the show is Florence Henderson.,,,,contradiction,0,0.0900702252984047
1560,who is the real mom on how i met your mother,,False,I don't know,,,,contradiction,0,0.08111339062452316,The Mother appearing in  The Locket '' /Td> /Tr> /Tr> Tr> Th> First appearance /Th> Td>  Lucky Penny ( unseen ) ,,,,contradiction,0,0.18050876259803772
1561,how many picks are in a nfl draft,,False,I don't know,,,,neutral,0,0.06994026899337769,"The draft was based on hearsay, print, and the like.",,,,neutral,0,0.032412271946668625
1562,where is the wheel and axle plant of indian railway situated,"Yelahanka, Bangalore in the Indian state of Karnataka",True,I don't know,0.0,0.0,0.0,entailment,1,0.44735488295555115,"Kotri Junction Station     /Th> /Tr> Table> Tr> Th colspan=""2""> Kotri Junction Station     /Th> /Tr",0.0,0.0,0.0,entailment,1,0.5891019701957703
1563,present chairman of public accounts committee of lok sabha,Mapanna Mallikarjun Kharge,True,I don't know,0.0,0.0,0.0,contradiction,0,0.14618729054927826,Ram Nath Kovind /Th> /Th> /Tr> /Tr> /Tr> /Tr> /Tr> /Tr> /Tr> /Tr>,0.0,0.0,0.0,entailment,1,0.46011799573898315
1564,according to erikson adolescence is the stage of,,False,I don't know,,,,neutral,0,0.09605865180492401,Emerging adulthood is a phase of the life span between adolescence and full - fledged adulthood which encompasses late adolescence and early adulthood,,,,neutral,0,0.4067527651786804
1565,when did india win the first t20 world cup,2007,True,I don't know,0.0,0.0,1.0,neutral,0,0.040604911744594574,India have never won the final of the Asian Championship but managed their best ever finish by making it to the final in the 1964 AFC Asian Cup.,0.0,0.0,1.0,entailment,1,0.9852244853973389
1566,who got the biggest contract in the nfl,"Johnson, Calvin",True,I don't know,0.0,0.0,1.0,neutral,0,0.21105508506298065,The Philadelphia Eagles are the most famous team in the NFL.,0.0,0.0,1.0,neutral,0,0.015412986278533936
1567,where was the salvation army founded in australia,"a small house in Lygon Street, Carlton",True,population,0.0,0.0,0.0,neutral,0,0.2403421401977539,New Zealand population.,0.0,0.0,0.0,entailment,1,0.4363107979297638
1568,what are the advantages and disadvantages of a solar cooker,,False,I don't know,,,,neutral,0,0.009065221063792706,The term photoautotrophs refers to organisms that perform photosynthesis.,,,,neutral,0,0.010147708468139172
1569,the average length of life of members of a species is called,mean life span,True,I don't know,0.0,0.0,0.0,neutral,0,0.08362187445163727,Maximum life span.,0.0,0.6666666666666666,0.0,neutral,0,0.2135196477174759
1570,actress who played aunt sally in worzel gummidge,,False,I don't know,,,,contradiction,0,0.06208404526114464,The characters created by J.M. Barrie.,,,,contradiction,0,0.06007615104317665
1571,where did they film war for planet of the apes,"in the Lower Mainland in Vancouver,",True,War for the Planet of the Apes,0.0,0.15384615384615383,0.0,entailment,1,0.4511227607727051,War for the Planet of the Apes /Th> /Th> /Th> /Th> /Th> /Th> /Th> /Th> /Th> /Th> /Th>,0.0,0.08333333333333333,0.0,neutral,0,0.4176476001739502
1572,where is weston super mare on the map,,False,I don't know,,,,neutral,0,0.28920650482177734,"/Th> /Tr> Tr> Td colspan=""2""> Weston - super-Mare /Th> /Tr> Tr> Td colspan=""2""> Weston",,,,contradiction,0,0.38396966457366943
1573,barney in how i met your mother real name,Neil Patrick Harris,True,I don't know,0.0,0.0,0.0,contradiction,0,0.10775162279605865,"The play begins with a framing device, often referred to as the induction, in which a mischievous nobleman tricks a drunken tinker named Christopher Sly into believing he is actually a nobleman himself.",0.0,0.0,0.0,entailment,1,0.9312606453895569
1574,how many cards do you get when you play uno,seven cards,True,I don't know,0.0,0.0,0.0,neutral,0,0.38363343477249146,The National Football League Draft is an annual event in which it serves as the league's most common source of player recruitment.,0.0,0.0,0.0,entailment,1,0.9197107553482056
1575,who provided the voice of the geico insurance company geico in its tv-ad debut,"Kelsey Grammer,",True,I don't know,0.0,0.0,0.0,neutral,0,0.034353889524936676,The EGOT was coined by Philip Michael Thomas.,0.0,0.0,0.0,entailment,1,0.9651405811309814
1576,who is the present captain of indian army,General Bipin Rawat,True,I don't know,0.0,0.0,1.0,contradiction,0,0.17901796102523804,Yogi Adityanath since 19 March 2017 /Td> /Tr> Tr> Th> Appointer /Th> /Tr> Governor of Uttar Pradesh /Tr> /Tr>,0.0,0.0,1.0,contradiction,0,0.07314002513885498
1577,funny game. the only way to win is not to play,,False,I don't know,,,,neutral,0,0.2460058480501175,The idea is attributed to William of Ockham.,,,,neutral,0,0.003674645908176899
1578,is reading pa the poorest city in america,,False,I don't know,,,,neutral,0,0.0723763108253479,"The Rust Belt begins in western New York and traverses west through Pennsylvania, West Virginia, Ohio, Indiana, and the Lower Peninsula of Michigan, ending in northern Illinois, eastern Iowa, and southeastern Wisconsin.",,,,contradiction,0,0.1801336705684662
1579,how much impact does the tourist industry have on the icelandic economy,10 percent to the Icelandic GDP,True,Iceland,0.0,0.0,1.0,contradiction,0,0.2040398269891739,Utta,0.0,0.0,1.0,contradiction,0,0.09685853123664856
1580,what are the classes of the phylum mollusca,,False,I don't know,,,,contradiction,0,0.20657557249069214,/P>,,,,entailment,1,0.5133777260780334
1581,how many books are there in ram chandra series,,False,I don't know,,,,neutral,0,0.07362192124128342,"The first five volumes were released on 21 June 1994, volumes 6 -- 10 on 18 October 1994, and the last five volumes on 20 June 1995.",,,,entailment,1,0.5136857628822327
1582,when did the african kingdom of mali win control of the gold-salt trade,,False,I don't know,,,,neutral,0,0.011567986570298672,"France established colonies in much of eastern North America, on a number of Caribbean islands, and in South America.",,,,neutral,0,0.36245185136795044
1583,what type of government do we have in the united states today,Republic,True,a key component).,0.0,0.0,1.0,neutral,0,0.3099559545516968,"The State of the Union Address is an annual message presented by the President of the United States to a joint session of the United States Congress, except in the first year of a new president's term.",0.0,0.0,1.0,neutral,0,0.05406211316585541
1584,it not the critic who counts it the man in the arena,,False,Hero,,,,neutral,0,0.37952035665512085,Hero.,,,,entailment,1,0.4961322546005249
1585,where is the ileum located in the body,the final section of the small intestine,True,I don't know,0.0,0.0,0.0,contradiction,0,0.24082159996032715,TA /Th> A05. 6.04. 001 /Td> /Tr> Tr> Th> FMA /Th> 7208 /Td> ,0.0,0.0,0.0,contradiction,0,0.22937534749507904
1586,where are the eucalyptus trees found in abundance in india,,False,I don't know,,,,neutral,0,0.07341612875461578,The state has five national parks.,,,,neutral,0,0.05056368559598923
1587,where does the last name nagel come from,,False,I don't know,,,,contradiction,0,0.1737070530653,"Heike Nagel ( born 1957 ), West German high jumper",,,,contradiction,0,0.05426565930247307
1588,when does season 2 a series of unfortunate events come out,"March 30, 2018",True,I don't know,0.0,0.0,1.0,contradiction,0,0.10218729823827744,"The second half of the season aired entirely in February 2017 on weekdays, with either a half - episode segment or a full episode premiering each day.",0.0,0.0,1.0,entailment,1,0.9648289680480957
1589,who plays the goblin in harry potter 8,Warwick Ashley Davis,True,I don't know,0.0,0.0,0.0,contradiction,0,0.18906427919864655,The film is a spoof of the Harry Potter series.,0.0,0.0,0.0,contradiction,0,0.04825215041637421
1590,how did american popular culture change around the turn of the 20th century,developed a series of new forms of music,True,I don't know,0.0,0.0,0.0,neutral,0,0.04731444641947746,"Raquel Welch, Brigitte.",0.0,0.0,0.0,neutral,0,0.04968272149562836
1591,how soon after death does rigamortis set in,as soon as 4 hours post mortem,True,Aram Garoghlanian,0.0,0.0,0.0,entailment,1,0.8431983590126038,The final act of the Anglo - Saxon poem Beowulf is about the hero Beowulf's fight with a dragon.,0.0,0.0,0.0,neutral,0,0.155022993683815
1592,who wrote the constitution and how old were they,,False,I don't know,,,,neutral,0,0.04997960478067398,"The Committee of Five consisted of Jefferson, John Adams, and Franklin.",,,,entailment,1,0.9537975788116455
1593,who played cotton in pirates of the caribbean,David Bailie,True,I don't know,0.0,0.0,0.0,neutral,0,0.22097544372081757,"Mark L. Young ( born Markell V. Efimoff January 1, 1991 ) is an American actor.",0.0,0.0,0.0,entailment,1,0.8869714736938477
1594,dragon ball z kai the final chapters episode 19 english dub,,False,I don't know,,,,contradiction,0,0.12137611955404282,"Goku presents his son to Roshi, Krillin, and Bulma.",,,,neutral,0,0.00376155786216259
1595,all england lawn tennis and croquet club map,,False,I don't know,,,,neutral,0,0.15119804441928864,The All England was cancelled because of World War I.,,,,entailment,1,0.9302505850791931
1596,who controlled the newspaper mr smith goes to washington,,False,I don't know,,,,neutral,0,0.1659124344587326,Radio and television.,,,,entailment,1,0.9327436089515686
1597,pro kabaddi season 5 pro kabaddi season 5,,False,5 ),,,,neutral,0,0.23803101480007172,The first tournament /Th> Td> /Tr> /Tr> /Tr> /Tr> /Tr> /Tr> /Tr> /Tr> /,,,,entailment,1,0.4024588465690613
1598,who is sasha on dancing with the stars engaged to,Emma Slater,True,I don't know,0.0,0.0,1.0,entailment,1,0.5983723998069763,The show is a reality show.,0.0,0.0,1.0,neutral,0,0.023519668728113174
1599,first to last prime minister name of india,,False,I don't know,,,,contradiction,0,0.13397927582263947,"The first was Jawaharlal Nehru of the Indian National Congress party, who was sworn - in on 15 August 1947, when India gained independence from the British.",,,,entailment,1,0.9497264623641968
1600,facing fearful odds protecting the bones of her fathers and the temples of her gods,,False,I don't know,,,,contradiction,0,0.18883958458900452,The city of Eden.,,,,contradiction,0,0.1330975741147995
1601,when does lucas find out about peyton and julian,,False,"Rob Kardashian, Lamar Odom and Khloé Kardashian",,,,entailment,1,0.6751917600631714,"seasons eight and nine, Caitlyn's children Brody and Brandon, and Brandon's wife, Leah became recurring cast members.",,,,entailment,1,0.8177081346511841
1602,who was an american naval hero in the war of 1812,,False,I don't know,,,,contradiction,0,0.14013133943080902,The battle of Queenston Heights.,,,,entailment,1,0.7949659824371338
1603,how to save a life song grey's anatomy episode,,False,Format /Th>,,,,neutral,0,0.24244484305381775,The song was released in the format of a CD.,,,,neutral,0,0.05426603928208351
1604,why did these changes in immigration occur between 1921 and 1925,,False,Immigration,,,,contradiction,0,0.16915129125118256,Americans.,,,,contradiction,0,0.08469567447900772
1605,is there a season 5 of phineas and ferb,,False,I don't know,,,,neutral,0,0.0369652658700943,"The show was ordered to series on May 8, 2014, followed by a full season order on October 21, 2014.",,,,entailment,1,0.5444725751876831
1606,when was the 22nd amendment proposed and ratified,"March 21, 1947",True,I don't know,0.0,0.0,0.0,contradiction,0,0.06422621756792068,/Td> /Tr> /Tr> Th> Nicknames /Th> Td> Johnson - Reed Act /Td> /Tr> Tr> Th> Enacted by,0.0,0.0,0.0,contradiction,0,0.24698218703269958
1607,what song is in the honda civic commercial,,False,I don't know,,,,contradiction,0,0.21380648016929626,The single was released on 29 April 2016 and was produced by Calvin Harris.,,,,entailment,1,0.6462588310241699
1608,who played little jack in meet the fockers,Spencer and Bradley Pickren,True,I don't know,0.0,0.0,0.0,contradiction,0,0.052370697259902954,"Mark L. Young ( born Markell V. Efimoff January 1, 1991 ) is an American actor.",0.0,0.0,0.0,contradiction,0,0.1435564011335373
1609,where does arabian sea and indian ocean meet,,False,I don't know,,,,contradiction,0,0.21248161792755127,The Arabian Sea /Th> /Tr> /Tr> /Tr> /Tr> /Tr> /Tr> /Tr> /Tr> /Tr> ,,,,entailment,1,0.8378339409828186
1610,when did the pixel 2 xl come out,"October 19, 2017",True,I don't know,0.0,0.0,1.0,contradiction,0,0.2282315194606781,/Td> /Tr> /Tr> /Tr> /Tr> /Tr> /Tr> /Th> Codename /Th> Td> Ul>,0.0,0.0,1.0,contradiction,0,0.39274951815605164
1611,eminem feat. rihanna love the way you lie,,False,I don't know,,,,contradiction,0,0.20749415457248688,"The show featured performances by Rihanna, Bruno Mars and Justin Bieber.",,,,entailment,1,0.9271396994590759
1612,who beat the carolina panthers in the super bowl,New England Patriots,True,I don't know,0.0,0.0,1.0,contradiction,0,0.21745310723781586,"Td colspan=""2""> Table> Tr> Th> Carolina Panthers ( NFC ) /Th> Th> New England Patriots ( AFC ) /Th> /Tr> T",0.0,0.3,1.0,entailment,1,0.7076097726821899
1613,when does oogenesis begin and end in females,,False,I don't know,,,,neutral,0,0.04679620638489723,"The female is homogametic, with two X chromosomes ( XX ), while the male is heterogametic, with one X and one Y chromosome ( XY ).",,,,neutral,0,0.19585193693637848
1614,who controlled west germany after world war 2,,False,I don't know,,,,contradiction,0,0.22898337244987488,The following are the territorial evolution of Germany in the 20th century:,,,,entailment,1,0.8530867695808411
1615,which of these are characteristics of two parallel lines,,False,I don't know,,,,neutral,0,0.04269398748874664,The greater - than sign is a mathematical symbol that denotes an inequality between two values.,,,,neutral,0,0.27593284845352173
1616,when does iron and wines new album come out,August 2017,True,I don't know,0.0,0.0,0.0,contradiction,0,0.08027003705501556,The album is a studio album by Ariana Grande.,0.0,0.0,0.0,entailment,1,0.9716323018074036
1617,who got eliminated in bigg boss season 5 kannada today,,False,I don't know,,,,contradiction,0,0.21176941692829132,"Orange Is the New Black ( season 5 ) /Th> /Th> /Th> Td colspan=""2""> Promotional poster /Th> /Tr> Tr> Th> Starring ",,,,entailment,1,0.6840271353721619
1618,when did the glazer family takeover manchester united,,False,I don't know,,,,neutral,0,0.010775587521493435,"The Dust Bowl, also known as the Dirty Thirties, was a period of severe dust storms that greatly damaged the ecology and agriculture of the American and Canadian prairies during the 1930s ; severe drought and a failure to apply dryland farming methods to prevent wind erosion ( the",,,,neutral,0,0.1285761445760727
1619,legend of bhagat singh ajay devgan full movie,,False,I don't know,,,,contradiction,0,0.1547107845544815,The Legend of Bhagat singh /Th> /Th> /Th> /Tr> Tr> Tr> Tr> Tr> Tr> Tr> Tr>,,,,entailment,1,0.789991021156311
1620,who plays diana's mom in wonder woman,,False,I don't know,,,,neutral,0,0.00465416070073843,"Arrow follows billionaire playboy Oliver Queen ( Stephen Amell ), who, after five years of being stranded on a hostile island, returns home to his mother, Moira Queen ( Susanna Thompson ) and sister, Thea Queen ( Willa Holland",,,,entailment,1,0.9859842658042908
1621,the joy of life was painted in which style,early modernism,True,1819 issue of the London Gazette,0.0,0.0,0.0,neutral,0,0.03298458456993103,"The poem is one of several  Great Odes of 1819 '', which includes  Ode on Indolence '',  Ode on Melancholy '',  Ode to a Nightingale '',",0.0,0.0,0.0,neutral,0,0.3559828996658325
1622,different varieties of silk moths found in india,,False,I don't know,,,,neutral,0,0.023754097521305084,The state of Karnataka in South India has a rich diversity of flora and fauna.,,,,neutral,0,0.1649671345949173
1623,lead conversion is not a major factor in determining sales performance and growth,,False,I don't know,,,,neutral,0,0.1762101799249649,The term full employment is defined by the term full employment.,,,,entailment,1,0.7743747234344482
1624,where is the geographical centre of great britain,,False,I don't know,,,,neutral,0,0.1481771320104599,The North Pole is defined as the point in the Northern Hemisphere where the Earth's axis of rotation meets the point in the Northern Hemisphere where the Earth's axis of rotation meets the point in the Northern Hemisphere where the Earth's ,,,,neutral,0,0.11595743149518967
1625,camila cabello - crying in the club album,Camila,True,I don't know,0.0,0.0,1.0,contradiction,0,0.20913782715797424,/Th> /Tr> Tr> Tr> Th>  Crying in the Club '' /Th> /Tr> Tr> Th>  Crying in the Club ',0.0,0.0,1.0,contradiction,0,0.4166594445705414
1626,who does jerome's voice on family guy,,False,I don't know,,,,neutral,0,0.04315952956676483,Awkward is an American teen sitcom series created by Lauren Iungerich currently on MTV.,,,,neutral,0,0.013638443313539028
1627,when did harry potter the movie come out,,False,I don't know,,,,contradiction,0,0.17220811545848846,The language of the story is English.,,,,neutral,0,0.25701019167900085
1628,like other parts of the west the cattle range was,,False,I don't know,,,,contradiction,0,0.09898600727319717,Louisiana was the first to be granted to the United States.,,,,contradiction,0,0.017264459282159805
1629,where did the salt come from in utah,,False,"Great Salt Lake /Th> /Th> /Th> /Tr> Tr> Tr> Td colspan=""2""> Great Salt Lake /Th> /Th> /Tr>",,,,entailment,1,0.6957923173904419,"Great Salt Lake /Th> /Th> /Th> /Tr> Tr> Tr> Tr> Td colspan=""2""> Great Salt Lake /Th> /Th> ",,,,entailment,1,0.7388132214546204
1630,what was the highest temperature in new jersey,,False,I don't know,,,,neutral,0,0.11039835214614868,most affected by storms.,,,,neutral,0,0.041779886931180954
1631,who wrote the kill by 30 seconds to mars,Jared Leto,True,I don't know,0.0,0.0,1.0,contradiction,0,0.1892722100019455,"Thirty Seconds to Mars /Li> /Li> /Tr> Td colspan=""2""> /Tr> Tr> Th colspan=""2""> Single by Thirty Seconds",0.0,0.0,1.0,entailment,1,0.49859750270843506
1632,batman the animated series volume 3 episode list,,False,I don't know,,,,contradiction,0,0.03506956994533539,"The first episode of the series premiered on January 18, 2015, on Disney Channel.",,,,neutral,0,0.006546001881361008
1633,as defined by ias 38 how are intangible assets unlike other assets,,False,I don't know,,,,contradiction,0,0.09811881929636002,proxies.,,,,neutral,0,0.31250831484794617
1634,when does pirates of the caribbean come out,,False,I don't know,,,,contradiction,0,0.19178390502929688,Valt Aoi is a member of the Beyblade team BC Sol.,,,,entailment,1,0.7540673017501831
1635,the color of the skin in different races is primarily caused by the,,False,I don't know,,,,neutral,0,0.18068118393421173,There are two major divisions of the carotenoid group.,,,,neutral,0,0.3517616093158722
1636,twinkle twinkle little star how i wonder what you are,,False,Amu Hinamori,,,,entailment,1,0.5985292792320251,Star vs. the Forces of Evil was released in Japan.,,,,contradiction,0,0.07681488990783691
1637,giuseppe verdi – messa da requiem dies irae – tuba mirum,,False,I don't know,,,,neutral,0,0.06196324899792671,The cellist was employed at the court of Prince Nicolaus Esterházy II and was composing the oratorio The Creation as well as Princess Maria Hermenegild Esterházy's annual mass.,,,,neutral,0,0.001308209146372974
1638,do you know the way to san jose song youtube,,False,I don't know,,,,neutral,0,0.03261769190430641,The song was written by Leonard Bernstein and Betty Comden and Adolph Green.,,,,entailment,1,0.7824110984802246
1639,who sings who you say i am by hillsong,,False,I don't know,,,,contradiction,0,0.15856480598449707,"Kilmer is most remembered for  Trees '', which has been the subject of frequent parodies and references in popular culture.",,,,entailment,1,0.972531795501709
1640,when is calum scott's album being released,,False,I don't know,,,,neutral,0,0.30559203028678894,Dropkick Murphys /Th> /Th> /Tr> /Tr> /Tr> /Tr> /Tr> /Tr> /Tr> /Tr> ,,,,entailment,1,0.5542166233062744
1641,who was the owner of the dodgers when jackie robinson played,Wesley Branch Rickey,True,I don't know,0.0,0.0,0.0,neutral,0,0.06377696990966797,"The 300 win club gained six members : Gaylord Perry, Phil Niekro, Steve Carlton, Nolan Ryan, Don Sutton and Tom Seaver.",0.0,0.0,0.0,neutral,0,0.09222651273012161
1642,the sahara desert covers almost one-third of what continent,,False,I don't know,,,,contradiction,0,0.192368745803833,The country with the largest area is Sudan.,,,,entailment,1,0.9382730722427368
1643,who figured out a way to determine the type of blood,Karl Landsteiner,True,I don't know,0.0,0.0,1.0,neutral,0,0.2560649514198303,the scientific study of cells.,0.0,0.0,1.0,entailment,1,0.9027689695358276
1644,what radio station is the michigan state ohio state football game on,,False,I don't know,,,,neutral,0,0.2299797087907791,"Michigan, 9 ( 1901 -- 1909 ) /Td> /Tr> /Tr> Th> Current win streak /Th>",,,,contradiction,0,0.11179579049348831
1645,to vote an election a person should be above the age of,18,True,I don't know,0.0,0.0,1.0,neutral,0,0.1605508178472519,Most countries have laws that restrict those below a minimum age from legally purchasing tobacco products.,0.0,0.0,1.0,neutral,0,0.025041673332452774
1646,under the constitution of india the official language of the union is,,False,administrator,,,,neutral,0,0.0204465351998806,Administrator.,,,,neutral,0,0.014901617541909218
1647,what year did the dodge durango body style change,,False,I don't know,,,,neutral,0,0.2816644608974457,Chrysler Corporation ( 1998 ) DaimlerChrysler ( 1999 - 2007 ) Chrysler LLC ( 2007 - 2009 ) Chrysler Group LLC ( 2009 and 2011 - 2014 ) Fiat Chrysler Automobiles US ( 2014 - present ) /Td> /,,,,entailment,1,0.4185798168182373
1648,who did roy dotrice play in game of thrones,,False,I don't know,,,,contradiction,0,0.03938411548733711,The Lance family is the family that receives help from Queen's team.,,,,contradiction,0,0.026910314336419106
1649,list of missile launched by india in 2017,,False,I don't know,,,,neutral,0,0.18085934221744537,The 2017 FIFA U-17 World Cup was held from 6 to 28 October.,,,,entailment,1,0.9750443696975708
1650,new hampshire restricts its primary election to party members,,False,A voting age,,,,neutral,0,0.08620192110538483,Electoral College,,,,entailment,1,0.5494377613067627
1651,where are hermia and lysander trying to escape to,,False,extinction,,,,neutral,0,0.024313269183039665,The dogs are wealthy and glamorous and seem to lead charmed lives -- but they find adjusting to the modern world difficult.,,,,neutral,0,0.003040672279894352
1652,who is the longest serving president of pakistan,,False,I don't know,,,,contradiction,0,0.1577095240354538,/Th> /Th> /Tr> /Tr> /Tr> /Tr> /Tr> /Tr> /Tr> /Tr> /Tr>,,,,contradiction,0,0.14494122564792633
1653,what is a phenyl group vs benzyl group,,False,I don't know,,,,neutral,0,0.0513637512922287,Benzyl is not to be confused with phenyl with the formula C H CH.,,,,entailment,1,0.9840232133865356
1654,the children's online privacy protection act (1998) is a law designed to protect consumers' right to,privacy,True,I don't know,0.0,0.0,1.0,contradiction,0,0.03339532017707825,The Civil Rights Act of 1964 prohibits discrimination by federal and state governments against their public employees.,0.0,0.0,1.0,contradiction,0,0.03875557705760002
1655,1 million dollar winner on who wants to be a millionaire,John Carpenter,True,I don't know,0.0,0.0,0.0,contradiction,0,0.1194721981883049,The first contestant to pass away after appearing on the show is Florence Henderson.,0.0,0.0,0.0,contradiction,0,0.0900702252984047
1656,the ancient athenians developed the first form of democracy,,False,I don't know,,,,neutral,0,0.3309483826160431,"Icarus was the son of the master craftsman Daedalus, the creator of the Labyrinth.",,,,neutral,0,0.006777747068554163
1657,where is wall drug located in south dakota,in the town of Wall,True,I don't know,0.0,0.0,1.0,neutral,0,0.12649355828762054,The world's highest commercial bridge bungy at 216 metres ( 709 ft ) above the Bloukrans River.,0.0,0.1,1.0,entailment,1,0.5460257530212402
1658,where are the anatomical structures of the labyrinth located,,False,I don't know,,,,neutral,0,0.09301314502954483,The telson is the posterior-most division of the body of an arthropod.,,,,entailment,1,0.9862352013587952
1659,facts about michael jackson man in the mirror,,False,I don't know,,,,contradiction,0,0.19990400969982147,"Emsley A. Laney ( Wilmington, North Carolina ) /Td> /Tr> Th> College /Th> North Carolina ( 1981 --",,,,contradiction,0,0.0880439430475235
1660,what's the difference between a martin and a fisher,,False,I don't know,,,,contradiction,0,0.1817784309387207,The greater - than sign is typically placed between the two values being compared and signals that the first number is greater.,,,,neutral,0,0.16662180423736572
1661,when did tv stop shutting off at midnight,,False,I don't know,,,,contradiction,0,0.0027451731730252504,NBC in 1974.,,,,contradiction,0,0.0030926140025258064
1662,which is the nearest star to earth after sun,Proxima Centauri,True,I don't know,0.0,0.0,0.0,contradiction,0,0.13096050918102264,The Heliocentrism model was opposed to geocentrism.,0.0,0.0,0.0,neutral,0,0.2043088674545288
1663,when is season 6 of voltron coming out,"June 15, 2018",True,11th season,0.0,0.0,1.0,contradiction,0,0.10562429577112198,11th season of 13 episodes by ABC.,0.0,0.0,1.0,contradiction,0,0.19966666400432587
1664,when is ariana grande's album sweetener coming out,"August 17, 2018",True,I don't know,0.0,0.0,1.0,contradiction,0,0.08027003705501556,The album is a studio album by Ariana Grande.,0.0,0.0,1.0,entailment,1,0.9716323018074036
1665,when does the 2018 19 nba schedule come out,"August 10, 2018",True,I don't know,0.0,0.0,0.0,neutral,0,0.2645303010940552,The 2018-19 NBA season /Th> /Th> /Tr> /Tr> /Tr> /Tr> /Tr> /Tr> /Tr> /Tr> ,0.0,0.0,0.0,entailment,1,0.8635112047195435
1666,what is the hierarchy in the roman catholic church,"bishops, priests, and deacons",True,I don't know,0.0,0.0,0.0,contradiction,0,0.011676882393658161,"The Annuario Pontificio introduced  almost 200 corrections to its existing biographies of the popes, from St Peter to John Paul II ''.",0.0,0.0,0.0,neutral,0,0.0049971588887274265
1667,where is the largest biomass found in the energy pyramid,,False,I don't know,,,,neutral,0,0.09568863362073898,The mass of living biological organisms in a given area or ecosystem at a given time.,,,,entailment,1,0.9592288732528687
1668,when is the new barbie movie coming out,"May 8, 2020",True,I don't know,0.0,0.0,0.0,contradiction,0,0.03121124394237995,"The tenth season debuted on March 27, 2018.",0.0,0.0,0.0,contradiction,0,0.3806498050689697
1669,who plays the mom in everybody loves raymond,,False,I don't know,,,,contradiction,0,0.03760603442788124,Everybody Loves Raymond /Tr> /Tr> /Tr> /Tr> /Tr> /Tr> /Tr> Th> Genre /Th> Td> Si,,,,contradiction,0,0.0713629201054573
1670,why was 26 january chosen as the date for the implementation of the indian constitution,,False,I don't know,,,,contradiction,0,0.10256151109933853,The Saka calendar is also used in Java and Bali among Indonesian Hindus.,,,,neutral,0,0.00398386362940073
1671,physical features of the core region of canada,,False,Northern Hemisphere,,,,neutral,0,0.1935524344444275,Canada's Boreal forest,,,,entailment,1,0.756991982460022
1672,where did the passion flower get its name,,False,I don't know,,,,contradiction,0,0.15158498287200928,"The remembrance poppy is an artificial flower that has been used since 1921 to commemorate military personnel who have died in war, and represents a common or field poppy, Papaver rhoeas.",,,,neutral,0,0.15113361179828644
1673,why is saint anthony the patron saint of lost things,,False,I don't know,,,,neutral,0,0.17065280675888062,"The proverb "" An apple a day keeps the doctor away '' is a common English - language proverb of Welsh origin.",,,,entailment,1,0.9838100671768188
1674,how many new zealand soldiers died in ww1,"16,697",True,I don't know,0.0,0.0,1.0,neutral,0,0.1124495342373848,The figures are estimates.,0.0,0.0,1.0,neutral,0,0.14445893466472626
1675,how many secondary schools are there in wales,205,True,01),0.0,0.0,1.0,neutral,0,0.2721816897392273,01x).,0.0,0.0,1.0,neutral,0,0.24794331192970276
1676,where is the oval office in the white house,at the West Wing's southeast corner,True,I don't know,0.0,0.0,0.0,contradiction,0,0.10594484955072403,"The Oval Office is located in the West Wing of the White House, Washington, D.C.",0.0,0.19047619047619044,0.0,entailment,1,0.9522680044174194
1677,who was eliminated from american grit last night,,False,I don't know,,,,contradiction,0,0.1194721981883049,The first contestant to pass away after appearing on the show is Florence Henderson.,,,,contradiction,0,0.0900702252984047
1678,911 what's your emergency tv show fox,,False,I don't know,,,,contradiction,0,0.06837687641382217,Los Angeles crime.,,,,contradiction,0,0.03610758110880852
1679,what are the names of the disney world resorts,,False,Walt Disney Parks and Resorts Worldwide /Tr> /Tr> /Tr> Th> Type /Th> Td> Wholly owned subsidiary of a public corporation /Td> /Tr> ,,,,entailment,1,0.9016461968421936,"Walt Disney Parks and Resorts Worldwide, Inc. /Tr> /Tr> /Tr> Th> Type /Th> Td> Wholly owned subsidiary of a public corporation /Td> /T",,,,entailment,1,0.9436507821083069
1680,who says delhi as one of the greatest cities in the world,,False,Nehru,,,,entailment,1,0.3827472925186157,Nehru's daughter.,,,,contradiction,0,0.03364843875169754
1681,who does braddock fight when he is offered a purse of $250.00,,False,I don't know,,,,contradiction,0,0.18503668904304504,The Chase.,,,,entailment,1,0.6202507615089417
1682,who was the queen of britain during ww1,George V,True,I don't know,0.0,0.0,1.0,contradiction,0,0.09455928206443787,"The last monarch of a distinct kingdom of England was Anne, who became Queen of Great Britain when England merged with Scotland to form a union in 1707.",0.0,0.0,1.0,neutral,0,0.09069997817277908
1683,me and the devil walking side by side robert johnson,,False,I don't know,,,,neutral,0,0.17962703108787537,The cantata is a church cantata by Johann Sebastian Bach.,,,,entailment,1,0.974886417388916
1684,countries that share the same time zone with nigeria,,False,I don't know,,,,contradiction,0,0.1574813723564148,"The climate of Asia is wet across southeast sections, and dry across much of the interior.",,,,entailment,1,0.9709474444389343
1685,who is the minister of karnataka in 2018,H. D. Kumaraswamy,True,I don't know,0.0,0.0,0.0,contradiction,0,0.16301466524600983,"The seat of Government /Th> Vidhana Soudha, Bangalore /Td> /Tr> Th> Executive /Th> /Tr> Th> Executive /Th> /Tr> ",0.0,0.0,0.0,entailment,1,0.9288868308067322
1686,how much did it cost to make avitar,,False,Mars Exploration Rover,,,,neutral,0,0.20188625156879425,Two.,,,,entailment,1,0.7764797806739807
1687,plant tissue culture - wikipedia the free encyclopedia,,False,I don't know,,,,neutral,0,0.16417662799358368,"Plant tissue culture is a collection of techniques used to maintain or grow plant cells, tissues or organs under sterile conditions on a nutrient culture medium of known composition.",,,,entailment,1,0.9732859134674072
1688,the prevention of money laundering act 2002 become effective since which one of the following dates,,False,I don't know,,,,neutral,0,0.1928558051586151,"The National Food Security Act, 2013 /Th> /Tr> /Tr> /Tr> /Tr> /Tr> /Tr> /Tr> /Tr> /",,,,entailment,1,0.831170380115509
1689,is the limbic system the oldest part of the brain,,False,Quintillian,,,,neutral,0,0.11525596678256989,"Quintillian with a  curious fact... that the interval of a single night will greatly increase the strength of the memory, ''",,,,neutral,0,0.09428828209638596
1690,who has most expensive house in the world,,False,I don't know,,,,neutral,0,0.19826605916023254,The Great,,,,neutral,0,0.29335859417915344
1691,the crystal structure of a material is generally examined by,,False,I don't know,,,,contradiction,0,0.20378722250461578,/Td> /Tr> /Tr> /Tr> /Tr> /Tr> /Tr> /Tr> /Tr> /Tr> /T,,,,neutral,0,0.3782443702220917
1692,who wrote beauty is truth truth is beauty,Keats,True,iambic tetrameter,0.0,0.0,1.0,neutral,0,0.13857199251651764,The meter alternating between iambic tetrameter and iambic tetrameter.,0.0,0.0,1.0,neutral,0,0.06697465479373932
1693,which dynasty was ruling in vijayanagar empire at the time of the battle of talikota,,False,I don't know,,,,contradiction,0,0.10773129761219025,The battle of Talikota took place on 23 January 1565.,,,,entailment,1,0.7165212035179138
1694,who is the speaker of the house in the house of representatives,Congressman Paul Ryan from Wisconsin,True,I don't know,0.0,0.0,0.0,contradiction,0,0.2146495282649994,"The President of the United States of America /Th> /Th> /Tr> /Tr> Td colspan=""2""> Presidential Seal /Td> /Tr> /Tr> T",0.0,0.0,0.0,entailment,1,0.8198418021202087
1695,what is the purpose of a shark fin,,False,I don't know,,,,neutral,0,0.1469648778438568,to flex its tail.,,,,neutral,0,0.20570889115333557
1696,who wrote the song can't you see,Toy Caldwell,True,I don't know,0.0,0.0,0.0,neutral,0,0.10827882587909698,"The sentence "" Guy"" refers to the poet Joyce Kilmer.",0.0,0.0,0.0,entailment,1,0.8463650345802307
1697,who plays grace in grace stirs up success,Olivia Rodrigo,True,I don't know,0.0,0.0,1.0,neutral,0,0.2699056565761566,"The Office is a sitcom that was originally broadcast on ABC from October 18, 1988 to May 20, 1997 with a revival season that premiered in 2018.",0.0,0.0,1.0,entailment,1,0.6743302345275879
1698,who sings the song your beautiful just the way you are,,False,I don't know,,,,neutral,0,0.10922449827194214,The music and lyrics were written in 1925 by Jimmy Campbell and Reg Connelly.,,,,contradiction,0,0.0015657178591936827
1699,who writes the presidents state of the union,,False,Cabinet,,,,neutral,0,0.023726684972643852,"The Cabinet currently has fifteen members, beginning with the Secretary of State, and followed by the rest in the order of their positions.",,,,neutral,0,0.003569004824385047
1700,what happened in season 1 of this is us,,False,"This Is Us ( season 1) /Th> /Th> /Tr> Tr> Td colspan=""2""> DVD cover /Td> /Tr> /Tr> Tr>",,,,entailment,1,0.7341622710227966,"This Is Us ( season 1) /Th> /Th> /Tr> Tr> Td colspan=""2""> DVD cover /Tr> /Tr> /Tr> Tr>",,,,entailment,1,0.7583281397819519
1701,who has the largest signature on the constitution,,False,Articles of Confederation,,,,neutral,0,0.17396952211856842,Articles of Confederation,,,,neutral,0,0.17396952211856842
1702,who played the hunchback in the movie 300,,False,I don't know,,,,neutral,0,0.02442353405058384,"The series stars Clark Gregg, reprising his role of Phil Coulson from the films, as well as Ming - Na Wen, Brett Dalton, Chloe Bennet, Iain De Caestecker, and Elizabeth Henstridge ",,,,neutral,0,0.22215302288532257
1703,what is the biggest convention center in the us,McCormick Place,True,I don't know,0.0,0.0,0.0,contradiction,0,0.18824830651283264,"The number of employees /Th> Td> 130,000 ( 2015 ) /Td> /Tr> Tr> Tr> Th>",0.0,0.0,0.0,neutral,0,0.015184232033789158
1704,article 8 of the convention on human rights,,False,I don't know,,,,neutral,0,0.004170285537838936,prohibited for minors to drink alcohol at any age.,,,,neutral,0,0.012189039960503578
1705,harry potter the name that cannot be said,Voldemort,True,Heorot,0.0,0.0,0.0,neutral,0,0.1873265504837036,The final act of the Anglo - Saxon poem Beowulf is about the hero Beowulf's fight with a dragon.,0.0,0.0,0.0,neutral,0,0.11241228133440018
1706,what area of san diego is sdsu in,The College Area,True,I don't know,0.0,0.0,0.0,contradiction,0,0.2769823372364044,Coordinates : 34 ° 3 ′ N 118 ° 15 ′ W / 34.050 ° N,0.0,0.0,0.0,entailment,1,0.5619004368782043
1707,how many times must a man walk down bob dylan,,False,I don't know),,,,neutral,0,0.05942681059241295,/P>,,,,neutral,0,0.16308428347110748
1708,what does this way to the tucker mean,,False,I don't know,,,,neutral,0,0.244302898645401,"The lateral and backward pass is a part of rugby union and rugby league, where such passes are the norm.",,,,entailment,1,0.9666444063186646
1709,what mlb team has the most perfect games,Dodgers,True,I don't know,0.0,0.0,0.0,contradiction,0,0.08978282660245895,No pitcher has ever thrown more than one.,0.0,0.0,0.0,entailment,1,0.9661891460418701
1710,pictures of lucy from the lion the witch and the wardrobe,,False,Narnia,,,,entailment,1,0.5179402828216553,"Lucy Pevensie /Th> /Th> /Tr> Tr> Td colspan=""2""> Narnia character /Td> /Tr> Tr> Td colspan",,,,entailment,1,0.7238783240318298
1711,what was written first the declaration of independence or the constitution,,False,Constitutional Conventions to revise the Constitution was to revise the Articles of Confederation,,,,neutral,0,0.0454757884144783,The purpose of the Convention was to revise the Articles of Confederation,,,,neutral,0,0.018373971804976463
1712,when was the last time jacksonville jaguars went to superbowl,2017,True,I don't know,0.0,0.0,1.0,contradiction,0,0.2268197387456894,"Jacksonville Jaguars /Th> /Th> /Th> /Th> /Th> /Th> /Tr> Td colspan=""2""> Current season /Td> /Tr>",0.0,0.0,1.0,neutral,0,0.3584665060043335
1713,what episode does luffy punch the celestial dragon,,False,I don't know,,,,contradiction,0,0.12137611955404282,"Goku presents his son to Roshi, Krillin, and Bulma.",,,,neutral,0,0.00376155786216259
1714,identify the three parts of the financial system,,False,Computer hardware,,,,neutral,0,0.11211521923542023,"The term ""computer hardware"" is a synonym for computer hardware.",,,,entailment,1,0.43808451294898987
1715,what happens when your body breaks down muscle,,False,I don't know,,,,neutral,0,0.14920459687709808,Deficits to body water result in volume contraction and dehydration.,,,,neutral,0,0.25732430815696716
1716,is ty the father of adrianna's baby,,False,I don't know,,,,contradiction,0,0.07324469089508057,"I Wasn't Ready '' Season 1, episode 1 July 11, 2013 /Tr> /Tr> /Tr> Th> Portrayed by /Th> Td> Laura Prepon Rachel Reshe",,,,contradiction,0,0.09362434595823288
1717,what is the boy's name in paw patrol,Ryder,True,I don't know,0.0,0.0,0.0,neutral,0,0.14413900673389435,HBO in the United States.,0.0,0.0,0.0,neutral,0,0.41582533717155457
1718,when was the first time america was effected by the limits of natural resources,,False,I don't know,,,,neutral,0,0.0747668519616127,British colonial government,,,,neutral,0,0.09048483520746231
1719,who was mission san juan capistrano named after,Saint John the Baptist,True,I don't know,0.0,0.0,1.0,neutral,0,0.009436838328838348,"The Columbian Exchange was the widespread transfer of plants, animals, culture, human populations, technology, and ideas between the Americas and the Old World in the 15th and 16th centuries, related to European colonization and trade after Christopher Columbus's 1492 voyage.",0.0,0.045454545454545456,1.0,neutral,0,0.2713237702846527
1720,characters in the man in the high castle book,,False,I don't know,,,,neutral,0,0.14503176510334015,The Black Knight.,,,,contradiction,0,0.09118947386741638
1721,fort hunter liggett army base in monterey ca,,False,I don't know,,,,neutral,0,0.33197498321533203,"The United States Forces Japan       /Th> /Tr> Tr> Td colspan=""2""> USFJ /Tr> /Tr> Tr",,,,entailment,1,0.4418272078037262
1722,what was the date hurricane irma hit florida,,False,I don't know,,,,contradiction,0,0.21842192113399506,Katrina /Tr> /Tr> /Tr> /Tr> /Tr> /Tr> /Tr> /Tr> /Tr> /Tr>,,,,entailment,1,0.6590487957000732
1723,which order should you watch the marvel films,,False,I don't know,,,,neutral,0,0.006508470047265291,The top ten films are those that are not adapted from a pre-existing property or a sequel.,,,,neutral,0,0.023290399461984634
1724,who wrote the poem a host of golden daffodils,William Wordsworth,True,I don't know,0.0,0.0,1.0,contradiction,0,0.1844441145658493,The poem is a lyrical poem by Emily Dickinson first published posthumously in Poems : Series 1 in 1890.,0.0,0.0,1.0,entailment,1,0.9539358019828796
1725,who starred in one flew over the cuckoos nest,Jack Nicholson,True,Fantasy Films,0.0,0.0,1.0,neutral,0,0.16226089000701904,Fantasy Films /Td> /Tr> Tr> Tr> Tr> Tr> Tr> Tr> Tr> Tr> Tr> Tr,0.0,0.0,1.0,neutral,0,0.08004769682884216
1726,this is what you came for calvin harris,,False,I don't know,,,,contradiction,0,0.21029448509216309,"The single was released on 29 April 2016 /Tr> /Tr> Tr> Td colspan=""2""> /Tr> /Tr> Tr> Th colspan=""2""> Single",,,,entailment,1,0.8224664926528931
1727,how did the rolling stones get their start,,False,I don't know,,,,neutral,0,0.09352262318134308,the Kingdom of Great Britain,,,,entailment,1,0.7194582223892212
1728,who plays my old kentucky home at the derby,the University of Louisville Marching Band,True,Waylon Jennings,0.0,0.0,0.0,entailment,1,0.8479074835777283,Waylon Jennings /Li> Li> Byron Cherry /Li> Byron Cherry /Li> Christopher Mayer /Li> /Tr> Tr> Tr> Th> Opening,0.0,0.0,0.0,contradiction,0,0.10612723231315613
1729,who has won 3 stanley cups in a row,,False,I don't know,,,,neutral,0,0.10226453840732574,The Montreal Canadiens have won the Stanley Cup 24 times and made the finals an additional ten times.,,,,neutral,0,0.4599149823188782
1730,who is the president of congress party in gujarat,,False,I don't know,,,,contradiction,0,0.1265486627817154,/Th> /Tr> /Tr> /Tr> /Tr> /Tr> /Tr> Th> President /Th> /Th> Td> Bharat,,,,contradiction,0,0.3419763743877411
1731,who wrote if a picture paints a thousand words,David Gates,True,The Twelve Days of Christmas '',0.0,0.0,0.0,contradiction,0,0.14602027833461761,The Twelve Days of Christmas,0.0,0.0,0.0,contradiction,0,0.19007298350334167
1732,how many cigarettes in a pack in the us,at least 20,True,I don't know,0.0,0.0,0.0,neutral,0,0.006865459494292736,United States military personnel,0.0,0.0,0.0,neutral,0,0.0070655164308846
1733,what famous person has a birthday on september 20,,False,Annuario Pontificio,,,,contradiction,0,0.0038175603840500116,The correct date is the day of the year.,,,,contradiction,0,0.0051610441878438
1734,4 day worldwide collection of tiger zinda hai,,False,I don't know,,,,neutral,0,0.214439257979393,benthic populations.,,,,neutral,0,0.19356007874011993
1735,dr seuss green eggs and ham sam i am,,False,I don't know,,,,contradiction,0,0.21615716814994812,The proverb is a common English - language proverb of Welsh origin.,,,,entailment,1,0.9606184959411621
1736,how does sperm move through the female reproductive system,,False,I don't know,,,,neutral,0,0.36612623929977417,The female is homogametic.,,,,entailment,1,0.9166834950447083
1737,the secret life of pets owners come home,,False,I don't know,,,,neutral,0,0.07931321859359741,"The series focuses on sisters Kourtney, Kim, and Khloé Kardashian.",,,,contradiction,0,0.010155558586120605
1738,vikas puri is in which district of delhi,,False,I don't know,,,,neutral,0,0.056315645575523376,South Asia.,,,,neutral,0,0.21296197175979614
1739,who is ireland's current ambassador to the wto,,False,Consulate,,,,neutral,0,0.1194211021065712,The UK Consulate - General in Denver was reclassified as a UK Government,,,,neutral,0,0.012331053614616394
1740,do they still make carrot cake m&m's,,False,I don't know,,,,contradiction,0,0.26360005140304565,The proverb's meaning is similar to the phrases  you can't have it both ways '' and  you can't have the best of both worlds ''.,,,,entailment,1,0.983160674571991
1741,when did the song rubberband man come out,August 1976,True,I don't know,0.0,0.0,1.0,contradiction,0,0.22883613407611847,The music and lyrics were written in 1925 by Jimmy Campbell and Reg Connelly.,0.0,0.0,1.0,entailment,1,0.9559146761894226
1742,how many times have spain won world cup,one,True,finals,0.0,0.0,1.0,entailment,1,0.6155661940574646,"The tournament originally featured 16 teams, and later 24 teams, before settling on its current format of 32 teams starting with the 1998 tournament.",0.0,0.0,1.0,contradiction,0,0.40243443846702576
1743,the mirror image rule is the common law requirement of which of the following,,False,I don't know,,,,neutral,0,0.10905443876981735,"An optical coating is one or more thin layers of material deposited on an optical component such as a lens or mirror, which alters the way in which the optic reflects and transmits light.",,,,entailment,1,0.9712643027305603
1744,the federal depository insurance corporation (fdic) has the power to close a bank when,When the bank becomes critically undercapitalized,True,is not properly insured,0.0,0.0,0.0,neutral,0,0.0620354600250721,a bad credit rating.,0.0,0.0,0.0,neutral,0,0.091720812022686
1745,who has been eliminated from bigg boss today,,False,I don't know,,,,neutral,0,0.12834195792675018,"At age 14, actress Willow Shields of season twenty was the youngest contestant to compete on the show.",,,,neutral,0,0.01756143383681774
1746,the handmaid's tale book by margaret atwood,,False,Canada,,,,entailment,1,0.7892134189605713,The first edition of The Handmaid's Tale /Th> /Th> P> Witchcraft : Its Power in the World Today was published in 1940.,,,,contradiction,0,0.03986760601401329
1747,where do they film still open all hours,MediaCityUK in Salford,True,California gun laws,0.0,0.0,0.0,entailment,1,0.5473654270172119,California gun laws,0.0,0.0,0.0,entailment,1,0.5473654270172119
1748,when does rachel forgive ross for the list,,False,I don't know,,,,contradiction,0,0.07780127227306366,"The Mindy Project was renewed for a sixth and final season, which premiered on September 12, 2017, and the final episode aired on November 14, 2017.",,,,contradiction,0,0.00927722454071045
1749,when did we become the united states of america,1776,True,I don't know,0.0,0.0,1.0,neutral,0,0.07675256580114365,"The United States of America was created on July 4, 1776, with the declaration of independence of thirteen British colonies.",0.0,0.09523809523809523,1.0,entailment,1,0.9862937927246094
1750,who played the son in hard to kill,,False,Matthew F. Leonetti,,,,contradiction,0,0.1188383623957634,Matthew F. Leonetti /Td> /Tr> Tr> Th>,,,,contradiction,0,0.09012433886528015
1751,who was the leader of the bolsheviks when they overthrew the russian monarchy,Vladimir Lenin,True,I don't know,0.0,0.0,0.0,contradiction,0,0.14863844215869904,"The monarchs of the United Kingdom of Great Britain and Northern Ireland ( 1927 -- present ), the United Kingdom of Great Britain and Ireland ( 1707 -- 1801 ), the Kingdom of Great Britain ( 1707 -- 1801 ), the Kingdom of England ( 871 -- 17",0.0,0.0,0.0,contradiction,0,0.3277687728404999
1752,when did the song 99 problems come out,"April 27, 2004",True,I don't know,0.0,0.0,0.0,contradiction,0,0.1537003517150879,"The song was released on September 6, 2001.",0.0,0.0,0.0,entailment,1,0.8935958743095398
1753,where is shooting of yeh rishta kya kehlata hai,Mumbai,True,I don't know,0.0,0.0,1.0,entailment,1,0.3695247769355774,"The target of the attack was a crowd of nonviolent protesters, along with Baisakhi pilgrims, who had gathered in Jallianwala Bagh, Amritsar, British India /Td> /Tr> /",0.0,0.0,1.0,neutral,0,0.0009125153301283717
1754,who served as president of the united states from 1901 to 1909,Theodore Roosevelt Jr.,True,Garret Hobart,0.0,0.0,1.0,contradiction,0,0.045625679194927216,Garret Hobart,0.0,0.0,1.0,contradiction,0,0.045625679194927216
1755,who played harmonica on the wizard black sabbath,Ozzy Osbourne,True,I don't know,0.0,0.0,1.0,contradiction,0,0.25434231758117676,"Black Sabbath /Th> /Tr> /Tr> Th colspan=""2"">  Swee'Pea '' /Th> /Tr> /Tr> Th col",0.0,0.0,1.0,entailment,1,0.4760526120662689
1756,my life as a teenage robot series finale,Turncoats,True,"September 15, 2015",0.0,0.0,0.0,entailment,1,0.7166187167167664,"On March 29, 2017, The Mindy Project was renewed for a sixth and final season, which premiered on September 12, 2017, and the final episode aired on November 14, 2017.",0.0,0.0,0.0,contradiction,0,0.026728739961981773
1757,the slaughter following the fall of melos led to which play,,False,I don't know,,,,neutral,0,0.08013707399368286,The Great Fire of Rome was an urban fire in the year AD 64.,,,,neutral,0,0.14179156720638275
1758,liam neeson a walk among the tombstones trailer,,False,I don't know,,,,neutral,0,0.03811144456267357,"The sentence "" Stopping by Woods on a Snowy Evening '' is a poem written in 1922 by Robert Frost, and published in 1923 in his New Hampshire volume.",,,,entailment,1,0.9125242233276367
1759,when do they call off a baseball game,,False,I don't know,,,,neutral,0,0.2760949432849884,Washington's Birthday,,,,neutral,0,0.3012448251247406
1760,where did the slug bug game come from,,False,I don't know,,,,neutral,0,0.030758420005440712,The fable describes how a hungry grasshopper begs for food from an ant when winter comes and is refused.,,,,entailment,1,0.9872226119041443
1761,where is catholic university of east africa located,Nairobi Kenya,True,I don't know,0.0,0.0,0.0,neutral,0,0.18330475687980652,"The Seven Churches of Revelation are seven major churches of Early Christianity, as mentioned in the New Testament Book of Revelation.",0.0,0.0,0.0,entailment,1,0.9836670160293579
1762,who assist cabinet ministers in running government ministries,,False,I don't know,,,,neutral,0,0.15988153219223022,India Act 1858.,,,,neutral,0,0.08304309099912643
1763,when did the kings of comedy come out,2000,True,I don't know,0.0,0.0,0.0,neutral,0,0.10252498090267181,NBC network.,0.0,0.0,0.0,entailment,1,0.6639270782470703
1764,where did the vikings come from what country,,False,I don't know,,,,neutral,0,0.022515220567584038,Europeans began to arrive in the Americas in large numbers and to develop colonial ambitions for both North and South America.,,,,entailment,1,0.9624267816543579
1765,the presence of more than two alternative forms of a given gene,,False,I don't know,,,,neutral,0,0.02269892953336239,Alternative splicing is a regulated process during gene expression that results in a single gene coding for multiple proteins.,,,,neutral,0,0.013376903720200062
1766,who are the soldiers in this engraving who are they shooting,,False,"/Tr> /Tr> Tr> Td colspan=""2""> Siege of Yorktown /Tr> /Tr> Td colspan=""2""> Part of the American Revolutionary War ",,,,entailment,1,0.6843359470367432,"/Th> /Tr> /Tr> Td colspan=""2""> Siege of Yorktown /Th> /Tr> Tr> Td colspan=""2""> Part of the American",,,,entailment,1,0.5956903696060181
1767,who played kate in little house on the prairie,,False,cast member,,,,entailment,1,0.5013988018035889,"The following is a list of episodes for the television show Little House on the Prairie, an American Western drama about a family living on a farm in Walnut Grove, Minnesota from the 1870s to the 1890s.",,,,neutral,0,0.013554737903177738
1768,when was the first issue of vogue published,1892,True,I don't know,0.0,0.0,1.0,contradiction,0,0.2023244947195053,The first issue under Anna Wintour's leadership /Td> /Tr> Th> Editor /Th> Td> Anna Wintour /Tr> Th> Categories /Th> Td>,0.0,0.0,1.0,entailment,1,0.954955518245697
1769,total length of tropic of cancer in india,,False,I don't know,,,,contradiction,0,0.1385389119386673,The mission type is lunar orbiter.,,,,entailment,1,0.8974239230155945
1770,where is the united kingdom located on the world map,off the north-western coast of the European mainland,True,I don't know,0.0,0.0,0.0,neutral,0,0.03979121893644333,The United States is a country in the United States.,0.0,0.22222222222222224,0.0,neutral,0,0.020145026966929436
1771,who sang the song come back when you grow up girl,,False,I don't know,,,,neutral,0,0.2050878405570984,Here Today '' ( 1966 ) /Tr> Tr> Tr> Tr> Tr> Tr> Tr> Tr> Tr> Tr> Tr,,,,contradiction,0,0.19039416313171387
1772,when did the colorado river stop reaching the ocean,,False,I don't know,,,,neutral,0,0.2123555839061737,The Cedar River is a 338 - mile - long ( 544 km ) river in Minnesota and Iowa.,,,,entailment,1,0.9679630398750305
1773,when is bring your daughter to work day,the fourth Thursday in April every year,True,"Washington's Birthday ( February 22 ), Memorial Day ( May 30 ), and Veterans Day ( November 11 ) from fixed dates to designated Mondays",0.0,0.0,1.0,neutral,0,0.025467481464147568,The Act was designed to increase the number of three - day weekends.,0.0,0.10526315789473685,1.0,neutral,0,0.004136643838137388
1774,who were the two scientists who proposed the theory of seafloor spreading in the early 1960s,Harry Hess,True,I don't know,0.0,0.0,0.0,neutral,0,0.08322931081056595,"The great man theory was popularized in the 1840s by Scottish writer Thomas Carlyle, but in 1860 Herbert Spencer formulated a counter-argument that has remained influential throughout the 20th century to the present : Spencer said that such great men are the products of their societies ",0.0,0.0,0.0,neutral,0,0.007315353956073523
1775,how does jammu and kashmir enjoy a special status in india,,False,I don't know,,,,neutral,0,0.07341612875461578,The four union territories -- Chandigarh ; Dadra and Nagar Haveli ; Daman and Diu ; and Lakshad ;,,,,contradiction,0,0.044735927134752274
1776,when did ireland last qualify for the world cup,,False,I don't know,,,,contradiction,0,0.10694590210914612,The 2018 FIFA World Cup qualification UEFA Group D was one of the nine UEFA groups for 2018 FIFA World Cup qualification.,,,,entailment,1,0.9290575981140137
1777,william muir the life of muhammad from original sources,,False,John Winthrop,,,,neutral,0,0.12888236343860626,John Winthrop preached the phrase.,,,,contradiction,0,0.025305679067969322
1778,who won a gold medal with a broken neck,,False,I don't know,,,,contradiction,0,0.2891692817211151,"The 2012 Olympic men's 400 m final was held on March 4, 2016.",,,,contradiction,0,0.04839622229337692
1779,what was number one on 21st march 1999,"""Believe""",True,Elvis Presley,0.0,0.0,0.0,neutral,0,0.029094930738210678,Elvis Presley.,0.0,0.0,0.0,neutral,0,0.034786246716976166
1780,the district of south paris on the left bank of the seine,,False,I don't know,,,,neutral,0,0.2901116609573364,The total area of the 7th arrondissement is 4.09 km ( 1.58 sq mi).,,,,neutral,0,0.03527892380952835
1781,queen of the south season 3 episode 12 air date,"September 6, 2018",True,I don't know,0.0,0.0,0.0,contradiction,0,0.10488346219062805,"The first appearance /Th> on September 2, 2008 ( episode 1.01 ;  We're Not in Kansas Anymore '' )",0.0,0.1111111111111111,0.0,contradiction,0,0.03311554715037346
1782,who is the winner of big brother naija,,False,I don't know,,,,neutral,0,0.12834195792675018,"At age 14, actress Willow Shields of season twenty was the youngest contestant to compete on the show.",,,,neutral,0,0.01756143383681774
1783,who played spock's mother in the voyage home,,False,I don't know,,,,contradiction,0,0.17866553366184235,Seven Brides for Seven Brothers /Th> /Th> /Th> /Th> /Th> /Th> /Th> /Th> /Th> /Th> /Th> /,,,,entailment,1,0.7478922009468079
1784,who is the opening act for pearl jam at fenway park,,False,I don't know,,,,neutral,0,0.22458425164222717,"Pearl Jam 2018 Tour /Tr> Td colspan=""2""> World tour by Pearl Jam /Td> /Tr> Tr> Tr> Tr> Tr> Tr> ",,,,entailment,1,0.45805126428604126
1785,where's washington dc located on a map,"bordered by Montgomery County, Maryland, to the northwest; Prince George's County, Maryland, to the east; and Arlington and Alexandria, Virginia, to the south and west",True,I don't know,0.0,0.0,0.0,contradiction,0,0.20969784259796143,"Washington, D.C., in the contiguous United States and in relation to Maryland and Virginia /Td> /Tr> /Tr> /Tr> /Tr> /Tr> /Tr",0.0,0.2608695652173913,0.0,neutral,0,0.0681658461689949
1786,the iso 14000 series contains two types of standards,,False,Metrology,,,,entailment,1,0.6810241937637329,"Metrology (, ) or International System of Units ( SI ) may also refer to:",,,,neutral,0,0.032286208122968674
1787,where can lions be found in the world,,False,I don't know,,,,contradiction,0,0.13865824043750763,The Southern African lioness is a male Southern African lioness.,,,,entailment,1,0.797126829624176
1788,difference between indian penal code and criminal procedure code,,False,I don't know,,,,neutral,0,0.2302311658859253,"The Indian Penal Code, 1860 /Th> /Th> /Th> /Th> /Th> /Th> /Th> /Th> /Th> /Th> /Th>",,,,entailment,1,0.6099753379821777
1789,when was the last year that christmas day was on a monday,,False,I don't know,,,,contradiction,0,0.002893097698688507,"The Act moved Washington's Birthday ( February 22 ), Memorial Day ( May 30 ), and Veterans Day ( November 11 ) from fixed dates to designated Mondays, and established as a federal holiday Columbus Day -- which had previously been celebrated in some states on October 12 -- to",,,,contradiction,0,0.024443557485938072
1790,gmae of thrones season 7 how many episodes,,False,Japan,,,,contradiction,0,0.2915939688682556,Japan.,,,,contradiction,0,0.04501945525407791
1791,cagliari - as roma serie a - italy - football,,False,I don't know,,,,contradiction,0,0.1527288258075714,The location of Milan in Italy is Milan.,,,,neutral,0,0.404045969247818
1792,does the subaru tribeca have a third row,,False,I don't know,,,,contradiction,0,0.15267744660377502,The identifier of the femur is the femur.,,,,entailment,1,0.8721049427986145
1793,who got second place on the world cup,Croatia,True,I don't know,0.0,0.0,1.0,neutral,0,0.186665341258049,The top scorer ( s ) /Th> is Robert Lewandowski Mohammad Al - Sahlawi Ahmed Khalil.,0.0,0.0,1.0,neutral,0,0.01777019165456295
1794,what percentage of the uk population say they have no religion,26.1,True,Indians,0.0,0.0,0.0,entailment,1,0.47486963868141174,Hindi speakers,0.0,0.0,0.0,entailment,1,0.4731851816177368
1795,which country in europe consumes the most alcohol,,False,The legal drinking age,,,,entailment,1,0.738547682762146,join the Union.,,,,neutral,0,0.16670122742652893
1796,who sang life is like a great big onion,,False,On the Town,,,,entailment,1,0.4324435889720917,The song was written by Leonard Bernstein and Betty Comden and Adolph Green.,,,,contradiction,0,0.13451729714870453
1797,what kind of herbs are in herbes de provence,,False,Eat,,,,contradiction,0,0.1081259548664093,omnivores.,,,,contradiction,0,0.09408196061849594
1798,who sang the duet don't go breaking my heart,,False,I don't know,,,,neutral,0,0.15592969954013824,"I'm the One Mama Warned You About '' /Th> /Tr> Tr> Th colspan=""2""> Single by Mickey Gilley /Th> /Tr> Th> ",,,,entailment,1,0.6775557994842529
1799,rupaul drag race all stars season 10 episode 1,,False,I don't know,,,,contradiction,0,0.1194721981883049,The first contestant to pass away after appearing on the show is Florence Henderson.,,,,contradiction,0,0.0900702252984047
1800,who sinned that this man was born blind,,False,I don't know,,,,neutral,0,0.09366332739591599,Original sin.,,,,neutral,0,0.2673678398132324
1801,when did the tax free savings account start in canada,"January 1, 2009",True,Dominion Hockey Challenge Cup,0.0,0.0,0.0,entailment,1,0.39098381996154785,The Stanley Cup is a trophy awarded annually to the playoff champion club of the National Hockey League ( NHL ) ice hockey league.,0.0,0.0,0.0,neutral,0,0.23647138476371765
1802,who get the flag at a military funeral,the next of kin,True,I don't know,0.0,0.0,0.0,neutral,0,0.030691536143422127,"A military funeral in the United States is a memorial or burial rite given by the U.S. military for a Soldier, Marine, Sailor, Coast Guardsman, or Airman who died in battle, a veteran, or other prominent military figures or a",0.0,0.045454545454545456,0.0,neutral,0,0.05114951357245445
1803,who was indian president when first nuclear test were conduct,Dr. Abdul Kalam,True,I don't know,0.0,0.0,0.0,neutral,0,0.1861899048089981,The test range was in Rajasthan.,0.0,0.0,0.0,entailment,1,0.9780805110931396
1804,when did great britain win the davis cup,2015,True,I don't know,0.0,0.0,1.0,contradiction,0,0.022908156737685204,"The United States 3 -- 0 British Isles ( Longwood Cricket Club, Boston, Massachusetts, United States ; 8 -- 10 August 1900 )",0.0,0.0,1.0,contradiction,0,0.024052705615758896
1805,a quorum for a decision in the supreme court is,six,True,I don't know,0.0,0.0,0.0,contradiction,0,0.1405034065246582,The final version of the constitution was voted on and sent to the Conclave.,0.0,0.0,0.0,neutral,0,0.0014880489325150847
1806,sparta ms in the heat of the night,,False,I don't know,,,,neutral,0,0.12481797486543655,The real Sparta is nowhere near any interstate highway or state boundary.,,,,entailment,1,0.9296481013298035
1807,what happened to the real students from stand and deliver,,False,I don't know,,,,neutral,0,0.20794793963432312,The profile of the college football quarterbacks is not specified.,,,,contradiction,0,0.19026164710521698
1808,who did star stab on the show star,,False,I don't know,,,,neutral,0,0.00465416070073843,Disney Television Animation,,,,neutral,0,0.004293509759008884
1809,select appropriate option which is not example of function overloading,,False,I don't know,,,,contradiction,0,0.054697874933481216,block cipher mode of operation is an algorithm that uses a block cipher to provide an information service such as confidentiality or authenticity.,,,,entailment,1,0.8105534911155701
1810,what does a governor general do in australia,,False,I don't know,,,,contradiction,0,0.07661840319633484,The Prime Minister of India is the chief executive of the Government of India.,,,,entailment,1,0.8747997879981995
1811,in the heart of the sea who survives,,False,I don't know,,,,contradiction,0,0.021561216562986374,"The final act of the Anglo - Saxon poem Beowulf is about the hero Beowulf's fight with a dragon, the third monster he encounters in the epic.",,,,entailment,1,0.6611180305480957
1812,when was the term stolen generation first introduced,,False,I don't know,,,,neutral,0,0.2232515960931778,"The Stolen Generations (also known as Stolen Children ) were the children of Australian Aboriginal and Torres Strait Islander descent who were removed from their families by the Australian Federal and State government agencies and church missions, under acts of their respective parliaments.",,,,entailment,1,0.9677685499191284
1813,what was the biggest battle in world war 2,,False,I don't know,,,,contradiction,0,0.16703476011753082,"The map shows the territories held by Allied ( green ), Axis ( orange ), and neutral ( grey ) powers at the outbreak of hostilities in the Mediterranean /Td> /Tr> /Tr> Td col",,,,entailment,1,0.9662554860115051
1814,the understanding of the earth as a system means which of the following quizlet,,False,I don't know,,,,neutral,0,0.1877886950969696,atoms,,,,neutral,0,0.19308136403560638
1815,where was the man in the moon filmed at,,False,King Arthur,,,,contradiction,0,0.01575459912419319,The real Sparta is nowhere near any interstate highway or state boundary.,,,,entailment,1,0.9085705280303955
1816,when does a car get a vin number,,False,I don't know,,,,neutral,0,0.11244414746761322,"Carburation and Carburation have largely been supplanted in the automotive and, to a lesser extent, aviation industries by fuel injection.",,,,neutral,0,0.0032204037997871637
1817,bible verse that says man shall not live by bread alone,,False,I don't know,,,,contradiction,0,0.1600915491580963,The Israelites were instructed to eat only the manna they had gathered for each day.,,,,neutral,0,0.004982834681868553
1818,where are receptors for water soluble hormones located,on the plasma membrane,True,I don't know,0.0,0.0,0.0,neutral,0,0.09704755991697311,Hydrogen ion).,0.0,0.0,0.0,contradiction,0,0.030902409926056862
1819,what are the different kinds of mike's hard lemonade,lemonade,True,I don't know,0.0,0.0,1.0,contradiction,0,0.07970385253429413,The difference in color is in color.,0.0,0.0,1.0,neutral,0,0.26491379737854004
1820,what percentage of blood is composed of plasma,55%,True,I don't know,0.0,0.0,0.0,neutral,0,0.045429397374391556,Blood gas tension refers to the partial pressure of gases in blood.,0.0,0.0,0.0,neutral,0,0.2630472779273987
1821,who won the senate election in new jersey,,False,I don't know,,,,contradiction,0,0.29218482971191406,/Td> /Tr> /Tr> /Tr> /Tr> /Tr> /Tr> /Tr> /Tr> /Tr> /T,,,,contradiction,0,0.3641855716705322
1822,who was the winner of season 1 skin wars,Natalie Fletcher,True,I don't know,0.0,0.0,0.0,neutral,0,0.11663632839918137,"The seven natural wonders of the world were created by experts from around the world who leveraged statistical and traditional significance, uniqueness, and pure splendor.",0.0,0.0,0.0,neutral,0,0.0020881264936178923
1823,the roric art gallary situated in which distt,,False,I don't know,,,,contradiction,0,0.12832097709178925,Stadio Giuseppe Meazza Tr> Tr> Tr> Tr> Tr> Tr> Tr> Tr> Tr> Tr> Tr> ,,,,contradiction,0,0.14524684846401215
1824,who plays the bad guy in 5th element,,False,I don't know,,,,neutral,0,0.0048761432990431786,The first season.,,,,neutral,0,0.0417691171169281
1825,who plays adam newman on young and the restless,,False,I don't know,,,,neutral,0,0.3315601050853729,"Adam Newman /Th> /Tr> Tr> Td colspan=""2""> Justin Hartley /Tr> Td colspan=""2""> Adam Newman /Th> /Tr>",,,,contradiction,0,0.37723150849342346
1826,where was the movie lady in white filmed,"Wayne County, New York",True,I don't know,0.0,0.0,0.0,neutral,0,0.12481797486543655,"The theatre was built by actor - manager James Burbage, near the family home in Holywell Street, just outside the City of London.",0.0,0.0,0.0,neutral,0,0.01931491680443287
1827,when was steph curry drafted in the nba,2009,True,I don't know,0.0,0.0,1.0,neutral,0,0.041859425604343414,"The first selection /Th> Td> Blake Griffin, Los Angeles Clippers /Td> /Tr> Tr> Tr> Td colspan=""2""> /Th> /Th>",0.0,0.0,1.0,neutral,0,0.009294861927628517
1828,who was the first woman president of pakistan,,False,I don't know,,,,contradiction,0,0.1577095240354538,/Th> /Th> /Tr> /Tr> /Tr> /Tr> /Tr> /Tr> /Tr> /Tr> /Tr>,,,,contradiction,0,0.14494122564792633
1829,pac man and the ghostly adventures season 1,,False,I don't know,,,,neutral,0,0.20285072922706604,The CW.,,,,entailment,1,0.8350734114646912
1830,where are the seven churches in revelation located today,,False,I don't know,,,,contradiction,0,0.1751437783241272,The Seven Churches of Revelation.,,,,entailment,1,0.9039840698242188
1831,the sidereal day is determined by the earth's rotation with respect to the stars,,False,I don't know,,,,neutral,0,0.10327868163585663,Sun,,,,neutral,0,0.23645441234111786
1832,the first public playhouse ( the theatre ) is built in london,1576,True,I don't know,0.0,0.0,1.0,neutral,0,0.0642436295747757,The area in the  suburbs of sin '' was notorious for licentious behaviour.,0.0,0.0,1.0,neutral,0,0.03421495109796524
1833,what is the first quadrant on a graph,,False,I don't know,,,,contradiction,0,0.04892808198928833,TC is a two - dimensional Cartesian system.,,,,neutral,0,0.43354344367980957
1834,according to jainism the aim of education is,,False,I don't know,,,,neutral,0,0.02993796393275261,The word'assessment'came into use in an educational context after the Second World War.,,,,neutral,0,0.097811758518219
1835,when does the new season for the talk start,,False,"On April 2, 2018 the show was renewed for a fifth season",,,,contradiction,0,0.10098138451576233,"The show was ordered to series on May 8, 2014, followed by a full season order on October 21, 2014.",,,,contradiction,0,0.08850723505020142
1836,as i was going to st ives i met a man with 7 wives,,False,I don't know,,,,neutral,0,0.20588284730911255,/P>,,,,neutral,0,0.32555490732192993
1837,who was the viceroy during the quit india movement,,False,I don't know,,,,neutral,0,0.0321936160326004,The Vedaranyam March was organised to protest the salt tax imposed by the British Raj in the colonial India.,,,,entailment,1,0.7433003783226013
1838,who is the current chief minister of kerala,Pinarayi Vijayan,True,Kerala state,0.0,0.0,1.0,entailment,1,0.7704359889030457,"The 12th Chief Minister of Kerala /Th> /Th> /Tr> /Tr> Td colspan=""2""> Incumbent /Td> /Tr> /Tr> T",0.0,0.0,1.0,entailment,1,0.8361359238624573
1839,who was on the confederate one dollar bill,,False,I don't know,,,,contradiction,0,0.17433221638202667,The Declaration of Independence /Th> /Th> /Th> /Th> /Th> /Th> /Th> /Th> /Th> /Th> /Th> /Th>,,,,entailment,1,0.4723358452320099
1840,the condensed electron configuration of magnesium element 12 is,,False,I don't know,,,,neutral,0,0.012456806376576424,/P>,,,,neutral,0,0.02456509880721569
1841,who played entwistle in last of the summer wine,"Herbert Tsangtse ""Burt"" Kwouk",True,I don't know,0.0,0.0,0.0,neutral,0,0.22679834067821503,The age difference is between the two.,0.0,0.0,0.0,neutral,0,0.12264028191566467
1842,the title of the army jrotc courses taught at the high school level,,False,I don't know,,,,neutral,0,0.11174684017896652,"Army officers are the same, seniority is determined by the date of the officer's previous rank's date.",,,,contradiction,0,0.00412186561152339
1843,plough is the characteristic feature of the icons of,,False,I don't know,,,,contradiction,0,0.1323651224374771,Easter is a Christian holiday celebrated in the Christian Church.,,,,neutral,0,0.44564536213874817
1844,what event led to the convening of the constitutional convention in 1787,,False,George Washington,,,,neutral,0,0.29866746068000793,George Washington was the President of the Constitutional Convention.,,,,entailment,1,0.8357372879981995
1845,how often does the home team win in extra innings,,False,I don't know,,,,neutral,0,0.2760949432849884,"The 300 win club gained six members between 1982 and 1990 : Gaylord Perry, Phil Niekro, Steve Carlton, Nolan Ryan, Don S",,,,neutral,0,0.017764348536729813
1846,who plays the girl in alvin and the chipmunks,,False,I don't know,,,,neutral,0,0.215976282954216,The voiced by Lucille La Verne.,,,,contradiction,0,0.044496580958366394
1847,where does the last name shinn come from,Korea,True,I don't know,0.0,0.0,0.0,contradiction,0,0.22021490335464478,"Baal - hermon, Lord of Hermon /Li> Baal - hamon, Place of a multitude /Li> Baal - hermon, Lord of Hermon /Li> Ball - hanan,",0.0,0.0,0.0,contradiction,0,0.25359979271888733
1848,map of where afghanistan is in the world,,False,I don't know,,,,contradiction,0,0.13633301854133606,The Tropic of Cancer is the most northerly circle of latitude on Earth at which the Sun can be directly overhead.,,,,entailment,1,0.9893887639045715
1849,when does a lawyer take the bar exam,,False,I don't know,,,,neutral,0,0.0715218037366867,"The United States is one of only two common law jurisdictions in the world, along with Liberia, that continues to use the grand jury to screen criminal indictments.",,,,entailment,1,0.9702686667442322
1850,when does the new season of legion come out,February 2018,True,I don't know,0.0,0.0,0.0,contradiction,0,0.061405859887599945,"The tenth season debuted on March 27, 2018.",0.0,0.2,0.0,entailment,1,0.9036970734596252
1851,when do christmas decorations come out in stores,,False,Christmas,,,,neutral,0,0.43501368165016174,The image became popular in the United States and Canada in the 19th century.,,,,neutral,0,0.001362598966807127
1852,nature of the force between atoms and molecules,,False,I don't know,,,,neutral,0,0.06216270849108696,The P> /Tr> /Tr> /Tr> /Tr> /Tr> /Tr> /Tr> /Tr> /Tr> /Tr,,,,contradiction,0,0.31140851974487305
1853,game of thrones season 7 season 3 release date,"July 30, 2017",True,Thrones,0.0,0.0,0.0,entailment,1,0.6343271732330322,The Walking Dead ( season 7 ) /Th> /Tr> P> Game of Thrones,0.0,0.0,0.0,contradiction,0,0.26492759585380554
1854,where did the king of france live before versailles,Tuileries Palace,True,I don't know,0.0,0.0,0.0,neutral,0,0.00919563602656126,France in the Middle Ages Early Modern France Ancien Régime French Wars of Religion Louis XIV of France French Revolution Napoleonic wars French Third Republic France in the 20th century,0.0,0.0,0.0,neutral,0,0.031811248511075974
1855,what is tybalt's nickname in romeo and juliet,,False,I don't know,,,,neutral,0,0.2305266559123993,"The Taming of the Shrew is a comedy by William Shakespeare, believed to have been written between 1590 and 1592.",,,,entailment,1,0.9555392265319824
1856,who won season 11 of food network star,Eddie Jackson,True,I don't know,0.0,0.0,1.0,neutral,0,0.16724766790866852,"The episode titled ""Food Network Star"" was broadcast on the Food Network from June 7 to August 16, 2015.",0.0,0.0,1.0,entailment,1,0.9727718830108643
1857,a key communicative component of native american interaction is proxemics,,False,social situations.,,,,neutral,0,0.07346025854349136,The study was conducted by Buck and colleagues.,,,,neutral,0,0.0013216290390118957
1858,when is the last time the capitals made it to the stanley cup,2017–18,True,I don't know,0.0,0.0,0.0,contradiction,0,0.03422066196799278,The Spanish flu epidemic.,0.0,0.0,0.0,neutral,0,0.04796217381954193
1859,where were the first river valley civilizations located,,False,I don't know,,,,neutral,0,0.26765450835227966,Human societies.,,,,entailment,1,0.643631637096405
1860,witchcraft its power in the world today pdf,,False,I don't know,,,,neutral,0,0.10745669901371002,"The Indian national calendar, sometimes called the Shalivahana Shaka calendar.",,,,neutral,0,0.3872734308242798
1861,info on movie all the money in the world,,False,I don't know,,,,neutral,0,0.07145888358354568,"The following is a list of the highest - grossing films in the United States and Canada, a market known in the film industry as the North American box office and the domestic box office within the U.S. itself.",,,,entailment,1,0.9542681574821472
1862,where was the war of 1812 fought at,,False,I don't know,,,,contradiction,0,0.14013133943080902,The battle of Queenston Heights.,,,,entailment,1,0.7949659824371338
1863,who got eliminated in telugu big boss 2 today,,False,I don't know,,,,contradiction,0,0.19293035566806793,Housemates /Th> /Tr> Tr> Tr> Td> Td> Td> Td> Td> Td> Td> Td> ,,,,entailment,1,0.48162350058555603
1864,who played the clown on american horror story,John Carroll Lynch,True,I don't know,0.0,0.0,1.0,contradiction,0,0.14370699226856232,The wizard /Tr> is a fictional character in the Harry Potter series.,0.0,0.0,1.0,entailment,1,0.6128859519958496
1865,how many stairs are there on the inca trail,,False,I don't know,,,,neutral,0,0.020424747839570045,The Ring of Fire is a major area in the basin of the Pacific Ocean where many earthquakes and volcanic eruptions occur.,,,,neutral,0,0.007712813094258308
1866,microsoft headquarters is in which of the following cities,,False,I don't know,,,,neutral,0,0.13709740340709686,"The address of One Microsoft Way, Redmond, Washington /Td> /Tr> Tr> Th> One Microsoft Way, Redmond, Washington /Td> /Tr> Th> One Microsoft Way ",,,,contradiction,0,0.2885577976703644
1867,who managed the estate when the lord was away,the steward,True,I don't know,0.0,0.0,0.0,contradiction,0,0.06538563221693039,Haugen is a Norwegian surname and place name frequently used for farm home.,0.0,0.0,0.0,contradiction,0,0.03996662423014641
1868,how do you say great britain in french,Grande-Bretagne,True,I don't know,0.0,0.0,0.0,neutral,0,0.3255904018878937,"The United Kingdom of Great Britain and Northern Ireland, excluding honorary consulates, is a list of diplomatic missions of the United Kingdom of Great Britain and Northern Ireland, excluding honorary consulates.",0.0,0.0,0.0,neutral,0,0.45675790309906006
1869,who were the singers in the partridge family,,False,I don't know,,,,neutral,0,0.263467401266098,The Partridge Family /Th> /Tr> Tr> Tr> Tr> Th> Genre /Th> Musical sitcom /Td> /Tr> /Tr> ,,,,entailment,1,0.8454185128211975
1870,when was the last time man u was in the champions league,2017–18,True,I don't know,0.0,0.0,0.0,neutral,0,0.19013257324695587,Brazil.,0.0,0.0,0.0,entailment,1,0.5084200501441956
1871,general information about any two scientific institutes of national importance,,False,I don't know,,,,neutral,0,0.05499480664730072,National Income Accounting ; conduct of National Income Accounting ;,,,,neutral,0,0.15275156497955322
1872,what does the dean do in order to achieve his goal in the poem the deans provocation,,False,Method.,,,,entailment,1,0.6160451173782349,"The main idea of the passage is that the method is a range of training and rehearsal techniques that seek to encourage sincere and emotionally expressive performances, as formulated by a number of different theatre practitioners, principally in the United States, where it is among the most popular -- and controversial -- approaches",,,,neutral,0,0.005772593896836042
1873,the easiest method of increasing power in a study is to increase sample size,,False,I don't know,,,,neutral,0,0.15706884860992432,The covariance is not easy to interpret.,,,,neutral,0,0.022472674027085304
1874,bubble and squeak why is it called that,,False,I don't know,,,,contradiction,0,0.2975112199783325,The term '' cracker '' was in use during the Elizabethan era to describe braggarts.,,,,entailment,1,0.9808967113494873
1875,who was brought up by king of mithila,,False,I don't know,,,,neutral,0,0.13308532536029816,"The most famous Janak was Seeradhwaja Janaka, father of Sita.",,,,entailment,1,0.980995237827301
1876,when did i can only imagine get released,2001,True,I don't know,0.0,0.0,0.0,neutral,0,0.2801525592803955,"Eurythmics /Th> /Tr> Tr> Tr> Th colspan=""2""> /Tr> /Tr> Th colspan=""2""> Single by Eurythmic",0.0,0.0,0.0,entailment,1,0.7253166437149048
1877,how many episodes of snl in a season,,False,I don't know,,,,neutral,0,0.06807184964418411,was canceled,,,,contradiction,0,0.020332884043455124
1878,endosperm of gymnosperm is ontogenetically similar to angiospermic,,False,I don't know,,,,neutral,0,0.07473964244127274,humans and animals have evolved into symbiotic organisms.,,,,neutral,0,0.1662600338459015
1879,who played the ice queen in once upon a time,Elizabeth Mitchell,True,I don't know,0.0,0.0,0.0,contradiction,0,0.2193240225315094,The character in both of her forms from Snow White and the Seven Dwarfs /Td> /Tr> /Tr> Th> First appearance /Th> Td> Snow White and the Seven Dwarfs ( 1937 ),0.0,0.0,0.0,entailment,1,0.9037400484085083
1880,cradle of filth – cryptoriana the seductiveness of decay,,False,I don't know,,,,contradiction,0,0.24338692426681519,The sentence is true because Swift was slandered by literary critics and psychoanalyzed as suffering from  the excremental vision.,,,,neutral,0,0.19480416178703308
1881,where is dirty dancing supposed to take place,a resort in the Catskill Mountains,True,I don't know,0.0,0.0,0.0,neutral,0,0.049965932965278625,is a Dutch - American villager.,0.0,0.1818181818181818,0.0,neutral,0,0.0327887162566185
1882,what type of flight pattern is characteristic of eagles,,False,I don't know,,,,neutral,0,0.1371995508670807,The use of visual cues.,,,,neutral,0,0.44202446937561035
1883,what kind of water snakes are in illinois,,False,I don't know,,,,neutral,0,0.15848864614963531,"The United States has about 20 species of venomous snakes, which include 16 species of rattlesnakes, two species of coral snakes, one species of cottonmouth ( or water moccasin ), and one species of copperhead.",,,,entailment,1,0.9810885190963745
1884,who did the marlins beat in the 2003 world series,New York Yankees,True,I don't know,0.0,0.0,1.0,contradiction,0,0.2788833975791931,/Th> /Th> /Tr> /Tr> /Tr> /Tr> /Tr> /Tr> /Tr> /Tr> /Tr>,0.0,0.0,1.0,contradiction,0,0.37945789098739624
1885,which of these is the best description of a tax base,,False,I don't know,,,,contradiction,0,0.056848179548978806,The taxman's /Th> /Tr> /Tr> /Tr> P> is an account available in Canada and South Africa that provides tax benefits for saving.,,,,entailment,1,0.8905457854270935
1886,environmental crimes involve violations of the criminal law that damage protected land areas,,False,I don't know,,,,contradiction,0,0.17728716135025024,is a record of a person's criminal history.,,,,neutral,0,0.2668887972831726
1887,when does season 8 of archer come out on dvd,,False,I don't know,,,,contradiction,0,0.2776728868484497,David Benioff and D.B. Weiss.,,,,neutral,0,0.2426106482744217
1888,blue mountain state what happened to mary jo,,False,I don't know,,,,neutral,0,0.005804768763482571,She is the author of You 'll Never Make Love In This Town Again.,,,,neutral,0,0.175136536359787
1889,who got voted off big brother august 3 2017,,False,I don't know,,,,contradiction,0,0.1194721981883049,The first contestant to pass away after appearing on the show is Florence Henderson.,,,,contradiction,0,0.0900702252984047
1890,david tennant's last episode of doctor who,The End of Time,True,I don't know,0.0,0.0,1.0,contradiction,0,0.19944573938846588,"The Tenth Doctor /Th> /Th> /Tr> Tr> Td colspan=""2""> Doctor Who character /Th> /Th> /Tr> Td colspan=""2",0.0,0.09523809523809523,1.0,entailment,1,0.5725512504577637
1891,who is the actor that plays the hound,Rory McCann,True,The Philosopher's Stone,0.0,0.0,0.0,contradiction,0,0.0817599818110466,"The film, King Arthur ( Graham Chapman ), accompanied by his trusty squire Patsy ( Terry Gilliam ), is travelling through a forest when he enters a clearing and observes a fight taking place between a Black Knight",0.0,0.0,0.0,entailment,1,0.8997126817703247
1892,just tell me that you love me fleetwood mac,,False,I don't know,,,,neutral,0,0.20369993150234222,"The song was released on August 14, 2012 ( 2012 - 08 - 14 ) /Td> /Tr> /Tr> /Tr> /Tr> /Tr> /Tr> ",,,,contradiction,0,0.009000665508210659
1893,the divergent series allegiant part 2 release date,,False,"American Horror Story : Cult /Th> /Tr> Tr> Td colspan=""2""> Promo poster /Tr> /Tr> Tr> Th> Starring /Th",,,,entailment,1,0.765821099281311,"American Horror Story : Cult /Th> /Tr> Tr> Td colspan=""2""> Promo poster /Tr> /Tr> Tr> Th> Starring /Th",,,,entailment,1,0.765821099281311
1894,who wrote love so soft by kelly clarkson,Mozella,True,I don't know,0.0,0.0,0.0,contradiction,0,0.17080117762088776,The album was recorded at Château d'Hérouville.,0.0,0.0,0.0,neutral,0,0.0032573507633060217
1895,who is the home minister of india 2013,Sushilkumar Shinde,True,Indian army,0.0,0.0,0.0,contradiction,0,0.0799948051571846,"Indira Gandhi's second stint as Prime Minister ended five years later on the morning of 31 October 1984, when she was gunned down by her own body.",0.0,0.0,0.0,neutral,0,0.010612567886710167
1896,aaj jaane ki zid na karo lyrics original singer,,False,I don't know,,,,neutral,0,0.010283459909260273,The song was written by Jimmy Campbell and Reg Connelly.,,,,contradiction,0,0.006278324872255325
1897,who plays ratchet in guardians of the galaxy,,False,I don't know,,,,contradiction,0,0.18906427919864655,Mark L. Young attended LaSalle University.,,,,contradiction,0,0.09550745785236359
1898,who's performing at the super bowl 2019,,False,I don't know,,,,contradiction,0,0.16533440351486206,Super Bowl LII /Td> /Tr> /Tr> Th> Date /Th> Td> /Tr> Th> Location /Th> Td> Tr> ,,,,entailment,1,0.7801780700683594
1899,who survives the plane crash on grey's anatomy,Dr. Meredith Grey (Ellen Pompeo),True,I don't know,0.0,0.0,0.0,neutral,0,0.17749091982841492,Jason George as Dr. Ben Warren.,0.0,0.1818181818181818,0.0,neutral,0,0.08401210606098175
1900,where is the united states located on earth,38°00′00″N 97°00′00″W﻿ / ﻿38.000°N 97.000°W,True,I don't know,0.0,0.0,0.0,contradiction,0,0.24982325732707977,"The United States of America was created on July 4, 1776, with the declaration of independence of thirteen British colonies.",0.0,0.0,0.0,entailment,1,0.9761967658996582
1901,what does the song scientist by coldplay mean,,False,I don't know,,,,neutral,0,0.14295710623264313,began to use the term atoms.,,,,neutral,0,0.11228164285421371
1902,how did they keep time in the middle ages,,False,I don't know,,,,neutral,0,0.04350515455007553,"The relevant information is: /P> P> The Egyptians divided the day into two 12 - hour periods, and used large obelisks to track the movement of the sun. They also developed water clocks, which were probably first used in the Precin",,,,entailment,1,0.6826720237731934
1903,when does the supreme court hand down decisions,,False,I don't know,,,,neutral,0,0.08818252384662628,"The United States is one of only two common law jurisdictions in the world, along with Liberia, that continues to use the grand jury to screen criminal indictments.",,,,neutral,0,0.06112289056181908
1904,the devil is in the details meaning in tamil,,False,I don't know,,,,contradiction,0,0.06251752376556396,The sentence is a quotation from the Bible.,,,,entailment,1,0.61052405834198
1905,when did the first automatic car come out,,False,I don't know,,,,neutral,0,0.3102705180644989,The Russian Empire had a long history of progress in the development of machinery.,,,,entailment,1,0.8907562494277954
1906,functions of general insurance corporation of india (gic),,False,I don't know,,,,neutral,0,0.18355751037597656,GIC Re /Tr> /Tr> Th>  To be a leading global reinsurance and risk solution provider /Td> /Tr> Th> Type /Th> Td> Public -,,,,entailment,1,0.9159166812896729
1907,hickory dickory dock the snake ran up the clock who's wrong,,False,I don't know,,,,neutral,0,0.1355794370174408,"The proverb originated in Wales, and was particularly prevalent in Pembrokshire.",,,,entailment,1,0.4313206970691681
1908,state how the german advance shows their aim of creating a powerful german empire,,False,I don't know,,,,neutral,0,0.10278619825839996,"The Roman conquest of Britain was a gradual process, beginning effectively in AD 43 under Emperor Claudius, whose general Aulus Plautius served as first governor of Roman Britain ( Latin : Britannia ).",,,,entailment,1,0.9877119660377502
1909,the principles and practice of earned value management,,False,I don't know,,,,neutral,0,0.4532058537006378,Aristotle.,,,,neutral,0,0.26613157987594604
1910,godspeed you black emperor where are you going,,False,I don't know,,,,contradiction,0,0.005048325285315514,The prevailing winds blew away in huge clouds that sometimes blackened the sky.,,,,entailment,1,0.9784101843833923
1911,what was the main significance of the battle of argonne forest,,False,I don't know,,,,contradiction,0,0.2231108546257019,Allied victory /Td> /Tr> /Tr> /Tr> /Tr> /Tr> /Tr> /Tr> /Tr> /Tr> ,,,,neutral,0,0.0283068735152483
1912,show me a map of monroe county florida,,False,I don't know,,,,contradiction,0,0.2816210985183716,The term is inexact and elastic.,,,,entailment,1,0.8961118459701538
1913,who is the famous painter who painted shakunthala,Raja Ravi Varma.,True,I don't know,0.0,0.0,1.0,contradiction,0,0.06996374577283859,Rajyasamacharam was the first newspaper in Malayalam.,0.0,0.0,1.0,entailment,1,0.9411365389823914
1914,the importance of being earnest movie 1952 cast,,False,I don't know,,,,neutral,0,0.19294355809688568,The Ten Commandments /Th> /Th> /Th> /Th> /Th> /Th> /Th> /Th> /Th> /Th> /Th> /Th>,,,,entailment,1,0.42351478338241577
1915,what were the rules in the treaty of versailles,,False,I don't know,,,,contradiction,0,0.1872703731060028,The Hedjaz /Li>,,,,contradiction,0,0.17155499756336212
1916,the highest yield of rice per hectare in india is in which state,West Bengal,True,I don't know,0.0,0.0,0.0,neutral,0,0.07341612875461578,The deadliest tornado in world is not the state of Karnataka.,0.0,0.0,0.0,contradiction,0,0.012787170708179474
1917,who wrote have a little talk with jesus,Cleavant Derricks,True,Luke,0.0,0.0,0.0,neutral,0,0.26528745889663696,the Gospel of Matthew in the New Testament.,0.0,0.0,0.0,entailment,1,0.8412304520606995
1918,who owns the pawn shop on pawn stars,Richard (Rick) Kevin Harrison,True,Montgomery Ward,0.0,0.0,0.0,entailment,1,0.7194445133209229,The company was founded in 1872.,0.0,0.0,0.0,entailment,1,0.8824735283851624
1919,who is panic at the disco owned by,,False,I don't know,,,,neutral,0,0.38494381308555603,/Th> /Tr> /Tr> /Th> /Tr> /Tr> /Tr> /Tr> /Tr> /Tr> /Tr>,,,,neutral,0,0.07007870078086853
1920,who wrote the song i'm coming home,Jermaine Cole,True,I don't know,0.0,0.0,1.0,neutral,0,0.013146547600626945,The song was later sung by John Denver and Robin the Frog in the 1979 television special John Denver and the Muppets : A Christmas Together.,0.0,0.0,1.0,neutral,0,0.03041752427816391
1921,what age was lebron when he went to the nba,,False,I don't know,,,,contradiction,0,0.2177821844816208,"LeBron James Tr> Tr> Tr> Th colspan=""2""> James /Tr> Tr> Th> Position /Th> Small forward / Guard /Td> ",,,,entailment,1,0.4457710087299347
1922,who has won the mens single title in the australian open tennis tournament 2018,Roger Federer,True,I don't know,0.0,0.0,1.0,contradiction,0,0.2985825836658478,The 2018 Australian Open was held on 6 May 2018 at the Courtyard Royal in Melbourne.,0.0,0.0,1.0,neutral,0,0.0033524727914482355
1923,the lord of the rings the witch king,,False,I don't know,,,,contradiction,0,0.19406548142433167,Game of Thrones is a television series.,,,,neutral,0,0.20533236861228943
1924,when does episode 5 come out for game of thrones,"April 12, 2015",True,I don't know,0.0,0.0,0.0,contradiction,0,0.023577028885483742,"On May 6, 2015 the series was canceled on Fox.",0.0,0.15384615384615383,0.0,entailment,1,0.9643304347991943
1925,who plays the ghost in the bathroom in harry potter,,False,I don't know,,,,contradiction,0,0.1687239408493042,"Lord Voldemort /Th> /Th> /Tr> Tr> Td colspan=""2""> Lord Voldemort /Th> /Tr> Tr> Td cols",,,,contradiction,0,0.15837623178958893
1926,star utsav iss pyaar ko kya naam doon full episode,,False,I don't know,,,,neutral,0,0.32962766289711,The first six seasons are available on DVD and Blu - ray.,,,,contradiction,0,0.32930609583854675
1927,what is the meaning of self consumption in hindi,,False,I don't know,,,,neutral,0,0.006903870031237602,human needs and wants.,,,,neutral,0,0.006855057552456856
1928,who sang best of my love by the eagles,Don Henley,True,I don't know,0.0,0.0,0.0,neutral,0,0.14853481948375702,"The album Have a Nice Day was released on January 30, 2006.",0.0,0.0,0.0,entailment,1,0.9789162278175354
1929,who produced fear and loathing in las vegas,,False,I don't know,,,,contradiction,0,0.31074994802474976,The genre of the series is pop punk.,,,,contradiction,0,0.06073670834302902
1930,when does the isle of man tt start this year,,False,I don't know,,,,contradiction,0,0.21914704144001007,The 2018 Tour de France was held from 7 to 29 July.,,,,entailment,1,0.9340525269508362
1931,i was reincarnated as a magic academy wiki,,False,I don't know,,,,contradiction,0,0.1609131097793579,Phoebe Halliwell,,,,entailment,1,0.841291606426239
1932,who has won the women's single title of badminton in commonwealth games,,False,I don't know,,,,contradiction,0,0.2006540149450302,Games,,,,entailment,1,0.4926985800266266
1933,office of the u.s. global aids coordinator and health diplomacy,,False,I don't know,,,,contradiction,0,0.17990143597126007,WHO OMS /Tr> /Tr> /Tr> /Tr> Th> Formation /Th> Td> 7 April 1948 ; 69 years ago ( 1948 - 04 - 07 ) /,,,,neutral,0,0.3093383014202118
1934,who is the mascot for the toronto raptors,,False,I don't know,,,,contradiction,0,0.2351800799369812,"The Toronto Raptors are a professional basketball team based in Toronto, Ontario.",,,,entailment,1,0.49392297863960266
1935,who eliminated today in bigg boss 2 tamil,,False,I don't know,,,,contradiction,0,0.16710330545902252,Day 0 /Td> Td> Day 105 /Td> /Td> /Td> /Td> /Td> /Td> /Td> /Td,,,,contradiction,0,0.41299429535865784
1936,where is the baseball all-star game being played,"July 11, 2017",True,I don't know,0.0,0.0,1.0,neutral,0,0.3083263337612152,/Td> /Tr> /Tr> /Tr> /Tr> /Tr> /Tr> /Tr> /Tr> /Tr> /T,0.0,0.0,1.0,entailment,1,0.7529348731040955
1937,who plays second base for the boston red sox,Dustin Luis Pedroia,True,I don't know,0.0,0.0,0.0,neutral,0,0.1821873039007187,/Th> /Tr> /Tr> /Tr> /Tr> /Tr> /Tr> /Tr> /Tr> /Tr> /Tr,0.0,0.0,0.0,contradiction,0,0.24362243711948395
1938,what happens to nick in the lost world,,False,I don't know,,,,neutral,0,0.16738753020763397,Rip Van Winkle.,,,,entailment,1,0.6648277640342712
1939,who did seattle seahawks lose to this year,,False,I don't know,,,,contradiction,0,0.20451456308364868,The 2016 Seattle Seahawks season was the first season in which the Seahawks have won the NFC Championship Game.,,,,neutral,0,0.09147252887487411
1940,who did the soviet union side with in ww2,,False,I don't know,,,,contradiction,0,0.21426059305667877,"The Cold War was a state of geopolitical tension after World War II between powers in the Eastern Bloc ( the Soviet Union and its satellite states ) and powers in the Western Bloc ( the United States, its NATO allies and others ).",,,,entailment,1,0.8930963277816772
1941,when did india participate in fifa world cup,,False,I don't know,,,,contradiction,0,0.10250825434923172,The FIFA World Cup is an international association football competition contested by the men's national teams of the members of Fédération International.,,,,neutral,0,0.07272203266620636
1942,where was the end of the ****ing world filmed,,False,I don't know,,,,neutral,0,0.12099754065275192,J.K. Rowling.,,,,neutral,0,0.10885679721832275
1943,when did the transcontinental railroad start being built,"January 8, 1863",True,I don't know,0.0,0.0,0.0,neutral,0,0.22591833770275116,"The Last Spike '' was driven by the First Transcontinental Railroad /Th> /Th> /Tr> Tr> Td colspan=""2""> The Last Spike '' was driven by the First Transcontinental Railroad",0.0,0.0,0.0,entailment,1,0.8166953325271606
1944,dragon ball z kai the final chapters episodes 47,,False,I don't know,,,,contradiction,0,0.12137611955404282,"Goku presents his son to Roshi, Krillin, and Bulma.",,,,neutral,0,0.00376155786216259
1945,which of the following is an example of post translational modification,,False,I don't know,,,,neutral,0,0.036086227744817734,The mRNA is a regulated process during gene expression that results in a single gene coding for multiple proteins.,,,,neutral,0,0.28868329524993896
1946,who are the characters in reign based on,,False,I don't know,,,,contradiction,0,0.06639859080314636,"The great man theory is a 19th - century idea according to which history can be largely explained by the impact of great men, or heroes ; highly influential individuals who, due to either their personal charisma, intelligence, or",,,,neutral,0,0.1283712387084961
1947,what team do the morris twins play for,,False,I don't know,,,,contradiction,0,0.16661053895950317,"Morris Tr> Tr> Th colspan=""2""> Morris Tr> Th> Position /Th> /Td> Forward /Td> /Td> /Td> ",,,,entailment,1,0.6883282661437988
1948,a chip on your shoulder meaning in malayalam,,False,I don't know,,,,contradiction,0,0.14444217085838318,To throw ( someone ) under the bus '' is an idiomatic phrase in American English meaning to sacrifice a friend or ally for selfish reasons.,,,,entailment,1,0.9575054049491882
1949,which of these was behind the war of the pacific,,False,I don't know,,,,neutral,0,0.1140015497803688,The Soviet Union and the United States were two superpowers with profound economic and political differences.,,,,entailment,1,0.9727309346199036
1950,what are three characteristics of fungi that make them different from other microbes,,False,I don't know,,,,neutral,0,0.021638205274939537,Molds are generally reliable indicators of whether an animal has the ability to obtain energy and nutrients from both plant and animal matter.,,,,neutral,0,0.003297518938779831
1951,which of the following was most important to the economic development of singapore,,False,I don't know,,,,contradiction,0,0.12799078226089478,/Tr> /Tr> /Tr> Th> GDP per capita /Th> /Tr> /Tr> /Tr> Th> GDP per capita rank /Tr> ,,,,contradiction,0,0.2371479570865631
1952,where is the boreal forest biome located in canada,,False,provinces and territories,,,,neutral,0,0.0748811736702919,Canada's provinces and territories.,,,,neutral,0,0.16514696180820465
1953,who won the most grammys in one night,,False,Elvis Presley,,,,neutral,0,0.09749539196491241,Elvis Presley is considered the highest - selling band.,,,,neutral,0,0.032146669924259186
1954,main jis din bhula doon song movie name,,False,I don't know,,,,contradiction,0,0.18756142258644104,Theatrical release poster /Td> /Tr> /Tr> Th> Directed by /Th> Td> Shakun Batra /Td> /Tr> Tr>,,,,entailment,1,0.7736467123031616
1955,the government set up by the articles of confederation,,False,United States,,,,entailment,1,0.6697778105735779,United States,,,,entailment,1,0.6697778105735779
1956,what is the richest museum in the world,,False,I don't know,,,,neutral,0,0.08796291053295135,music.,,,,contradiction,0,0.0789095088839531
1957,who plays the role of julian on instinct,Naveen Andrews,True,I don't know,0.0,0.0,0.0,neutral,0,0.1304217129945755,"The series stars Clark Gregg, reprising his role of Phil Coulson from the films, as well as Ming - Na Wen, Brett Dalton, Chloe Bennet, Iain De Caestecker, and Elizabeth Henstridge ",0.0,0.0,0.0,entailment,1,0.8489582538604736
1958,how did detroit become the center of this new industrial age,,False,I don't know,,,,contradiction,0,0.11527619510889053,The postwar economic expansion was a period of strong economic growth beginning after World War II and ending with the 1973 -- 75 recession.,,,,contradiction,0,0.02461438998579979
1959,dancing in cambodia and at large in burma summary,,False,I don't know,,,,neutral,0,0.21463513374328613,The producer of the film is Ranjeet Thakur.,,,,entailment,1,0.7468099594116211
1960,when does dynasty come back for season 2,"October 12, 2018",True,I don't know,0.0,0.0,0.0,contradiction,0,0.11645270138978958,aired,0.0,0.0,0.0,contradiction,0,0.21465660631656647
1961,fullmetal alchemist the sacred star of milos specials,,False,I don't know,,,,neutral,0,0.07975419610738754,Hope ).,,,,neutral,0,0.14595681428909302
1962,order the compositions of magmas produced via melting from lowest temperature to highest,,False,I don't know,,,,neutral,0,0.06963397562503815,"The standard enthalpy of formation is the change of enthalpy during the formation of 1 mole of the substance from its constituent elements, with all substances in their standard states",,,,neutral,0,0.03730650618672371
1963,what are the different musical instruments of latin american music,,False,I don't know,,,,contradiction,0,0.280882865190506,Afro /Li> Li> Afro - Cuban jazz /Li> Li> Bolero ( filin ) /Li> Li> Canción /Li> Li> Cha,,,,entailment,1,0.49924221634864807
1964,what is the highest heart beat per minute,,False,I don't know,,,,neutral,0,0.07279495894908905,Indonesia.,,,,neutral,0,0.03180377185344696
1965,who was the tsar of russia when world war i began,,False,I don't know,,,,neutral,0,0.006235027220100164,The Russian Revolution /Tr> /Tr> Tr> Th> Location /Th> Tr> Tr> Th> Location /Th> Tr> Th> Location /Th,,,,neutral,0,0.014262082986533642
1966,what is the major cause of insulin resistance,,False,I don't know,,,,neutral,0,0.07582725584506989,Antimicrobial resistance ( AMR),,,,neutral,0,0.08269553631544113
1967,how many episodes are in gavin and stacey series 3,,False,Horrible Histories have aired.,,,,entailment,1,0.929457426071167,The Mindy Project have aired.,,,,contradiction,0,0.16044896841049194
1968,who developed the first mechanical computer mark i in 1937,,False,I don't know,,,,neutral,0,0.03950757533311844,"The MBTI is based on the conceptual theory proposed by Carl Jung, who had speculated that humans experience",,,,neutral,0,0.023120032623410225
1969,who played tatiana in it's always sunny,,False,I don't know,,,,neutral,0,0.1507076770067215,The main cast.,,,,neutral,0,0.2699212431907654
1970,increased sensible and insensible water loss leads to,,False,I don't know,,,,contradiction,0,0.2068343460559845,"The nutrient - rich upwelling is an oceanographic phenomenon that involves wind - driven motion of dense, cooler, and usually nutrient - rich water towards the ocean surface, replacing the warmer, usually nutrient - depleted surface water.",,,,neutral,0,0.03280496224761009
1971,who has won the 2017 mens singles indonesia open super series badminton tournament,,False,I don't know,,,,contradiction,0,0.1333560049533844,The 2017 Crowne Group Australian Open Super Series was held from 20 to 25 June 2017.,,,,entailment,1,0.9877277612686157
1972,who was prime minister when we joined europe,Edward Heath,True,I don't know,0.0,0.0,0.0,neutral,0,0.11314889788627625,"The Treaty of Alliance with France was a defensive alliance between France and the United States of America, formed in the midst of the American Revolutionary War, which promised mutual military support in case fighting should break out between French and British forces, as the result signing the previously concluded Treaty of Am",0.0,0.0,0.0,contradiction,0,0.08606045693159103
1973,who wrote turn me on by norah jones,John D. Loudermilk,True,I don't know,0.0,0.0,0.0,contradiction,0,0.1561870574951172,Irving King,0.0,0.0,0.0,entailment,1,0.4820716679096222
1974,who sings the song tequila makes my clothes fall off,Joe Nichols,True,I don't know,0.0,0.0,1.0,contradiction,0,0.006933271884918213,Mimi Bobeck is Mr. Wick's assistant / secretary and the main antagonist of the series.,0.0,0.0,1.0,contradiction,0,0.005743957590311766
1975,when is the next dragonball movie coming out,January 2019 (January 2019) (U.S. theatrical),True,I don't know,0.0,0.0,0.0,neutral,0,0.10124101489782333,The first ending theme is  Beyxercise ''.,0.0,0.0,0.0,entailment,1,0.6942077875137329
1976,where did the day of the dead originate from,celebrations in Mexico developed from ancient traditions among its pre-Columbian cultures,True,I don't know,0.0,0.0,0.0,neutral,0,0.02360590547323227,"The proverb originated in Wales, and was particularly prevalent in Pembrokshire.",0.0,0.09090909090909091,0.0,neutral,0,0.010761196725070477
1977,what country has the most medals in olympic history,United States,True,I don't know,0.0,0.0,0.0,contradiction,0,0.1612287014722824,The Los Angeles area has ten major league professional teams.,0.0,0.0,0.0,neutral,0,0.16628429293632507
1978,what do the aliens from toy story say,"You have saved our lives, we are eternally grateful,""",True,I don't know,0.0,0.0,0.0,neutral,0,0.14051200449466705,is a good medicine.,0.0,0.0,0.0,neutral,0,0.1338983178138733
1979,which country has the largest population in europe,Germany,True,I don't know,0.0,0.0,1.0,neutral,0,0.09540069103240967,"The Black Death was one of the most devastating pandemics in human history, resulting in the deaths of an estimated 75 to 200 million people in Eurasia and peaking in Europe from 1346 to 1353.",0.0,0.0,1.0,neutral,0,0.39337724447250366
1980,where does the last name counts come from,,False,I don't know,,,,contradiction,0,0.025103265419602394,"The Norwegian surname Haugen derives from the old Norse word haugr meaning tiny hill, small grassy knoll.",,,,entailment,1,0.45860448479652405
1981,list of most powerful man in the world,,False,I don't know,,,,contradiction,0,0.061750490218400955,"The great man theory was popularized in the 1840s by Scottish writer Thomas Carlyle, but in 1860 Herbert Spencer formulated a counter-argument that has remained influential throughout the 20th century to the present : Spencer said that such great men are the products of their societies ",,,,neutral,0,0.07731576263904572
1982,what is the purpose of a fuel pump,,False,turbines,,,,neutral,0,0.23049527406692505,The turbines are connected to the turbines.,,,,neutral,0,0.19512857496738434
1983,who directed taylor swift out of the woods,Joseph Kahn,True,King Arthur,0.0,0.0,0.0,entailment,1,0.6065829396247864,King Arthur,0.0,0.0,0.0,entailment,1,0.6065829396247864
1984,what did morrie and mitch talk about on the third tuesday,,False,I don't know,,,,entailment,1,0.4612431526184082,The Secret Life of the American Teenager ( season 3 ) /Th> /Th> /Th> /Th> /Th> /Th> /Th> /Th> /Th> /Th> ,,,,entailment,1,0.8479777574539185
1985,who plays tom buchanan in the great gatsby 2013,Joel Edgerton,True,I don't know,0.0,0.0,0.0,contradiction,0,0.15688762068748474,The Truest Believer /Td> /Tr> Tr> Th> Occupation /Tr> Td> Writer Driver /Tr> Tr> Th> Occupation ,0.0,0.0,0.0,contradiction,0,0.05658600851893425
1986,when was last time england rugby lost 3 games in a row,,False,I don't know,,,,contradiction,0,0.1984645128250122,The club was founded in 1879.,,,,neutral,0,0.009822603315114975
1987,when does greys anatomy season 13 come on now tv,"September 22, 2016",True,I don't know,0.0,0.0,1.0,contradiction,0,0.14247341454029083,"The tenth season debuted on March 27, 2018.",0.0,0.0,1.0,entailment,1,0.7922279834747314
1988,where did the image of santa claus come from,,False,ornamentation,,,,entailment,1,0.49486926198005676,"The traditional colours of Christmas are pine green ( evergreen ), snow white, and heart red.",,,,neutral,0,0.1090291365981102
1989,what type of paint are cars painted with,Enamel,True,I don't know,0.0,0.0,1.0,contradiction,0,0.17198462784290314,"The sentence "" Carburation or carburetion "" means ""blending air and fuel for an internal combustion engine in the proper ratio for combustion.",0.0,0.0,1.0,entailment,1,0.4724787473678589
1990,what was happening in europe in the early 1800s,,False,I don't know,,,,neutral,0,0.05077655240893364,The Scientific Revolution was a series of events that marked the emergence of modern science during the Renaissance.,,,,contradiction,0,0.032181669026613235
1991,who does the bank of england report to,,False,UK diplomatic missions,,,,neutral,0,0.24828851222991943,United States diplomatic missions are the only ones that are not a High Commission.,,,,neutral,0,0.022455595433712006
1992,who sang the song take me to church,,False,I don't know,,,,neutral,0,0.04437567666172981,"The song was first recorded by Corinne Morgan and Frank C. Stanley in 1905 and has been recorded since by many famous artists including opera tenors John McCormack and Jan Peerce, early country singer Fiddlin'John Carson, country singer Slim Whitman,",,,,entailment,1,0.8229817152023315
1993,who is the best f1 driver in history,,False,I don't know,,,,neutral,0,0.022337520495057106,"The 2017 PowerShares QQQ 300 produced the closest finish in NASCAR touring series history of all three Top series when Tyler Reddick edged Elliott Sadler by a tiny margin of 0.0004 s, making it the closest finish in NASCAR history.",,,,contradiction,0,0.14664600789546967
1994,who is the writer of sonnets from the portuguese and who is it dedicated to,,False,I don't know,,,,neutral,0,0.04111948981881142,Keats's poetry.,,,,entailment,1,0.8409101963043213
1995,how old do you have to be to own an airsoft gun in the uk,,False,I don't know,,,,neutral,0,0.3748185634613037,The minimum age for smoking tobacco products is 18 years of age or older.,,,,entailment,1,0.8923445343971252
1996,phase of the moon during a lunar eclipse,a lunar eclipse can occur only the night of a full moon,True,I don't know,0.0,0.0,0.0,neutral,0,0.1705104410648346,Aquarius,0.0,0.0,0.0,neutral,0,0.35454481840133667
1997,meaning of the song holiday by green day,,False,I don't know,,,,neutral,0,0.0436943918466568,"Kilmer is most remembered for  Trees '', which has been the subject of frequent parodies and references in popular culture.",,,,entailment,1,0.9775478839874268
1998,words you can type with your right hand,,False,I don't know,,,,neutral,0,0.013646116480231285,"The International Morse Code is a method of transmitting text information as a series of on - off tones, lights, or clicks that can be directly understood by a skilled listener or observer without special equipment.",,,,neutral,0,0.002424420090392232
1999,what is true about the united states postal service (usps),,False,I don't know,,,,neutral,0,0.012120872735977173,"The United States Postal Service /Tr> /Tr> /Tr> /Tr> Th colspan=""2""> logo used since 1993 /Td> /Tr> /Tr> ",,,,neutral,0,0.376247376203537
2000,what movie has dream a little dream of me in it,,False,I don't know,,,,neutral,0,0.0315520353615284,The series is part of what has become known as the DC animated universe.,,,,neutral,0,0.014112705364823341
2001,where did luke and peyton go in season 7,,False,I don't know,,,,entailment,1,0.3940916061401367,Kardashians,,,,entailment,1,0.7358654141426086
2002,where does the surname van schalkwyk come from,,False,I don't know,,,,neutral,0,0.08548577129840851,China.,,,,neutral,0,0.09461434185504913
2003,what are the three specific base units of measure for length volume and mass of the metric system,,False,I don't know,,,,neutral,0,0.09790266305208206,Atomism is a term for uncuttable objects.,,,,neutral,0,0.12089739739894867
2004,what transmission is in a 2003 jeep liberty,manual transmission,True,I don't know,0.0,0.0,0.0,contradiction,0,0.34868237376213074,Chrysler Corporation ( 1998 ) DaimlerChrysler ( 1999 - 2007 ) Chrysler LLC ( 2007 - 2009 ) Chrysler Group LLC ( 2009 and 2011 - 2014 ) Fiat Chrysler Automobiles US ( 2014 - present ) /Td> /,0.0,0.0,0.0,entailment,1,0.4971560835838318
2005,when did hawaii become apart of the united states,,False,I don't know,,,,contradiction,0,0.16949787735939026,Union.,,,,neutral,0,0.36602091789245605
2006,places that are part of the united states,,False,I don't know,,,,neutral,0,0.17612002789974213,"The United States of America was created on July 4, 1776, with the declaration of independence of thirteen British colonies.",,,,entailment,1,0.9831677079200745
2007,what family is rosaline from in romeo and juliet,Capulet,True,I don't know,0.0,0.0,1.0,contradiction,0,0.23273256421089172,"Rosaline /Th> /Th> /Tr> Tr> Tr> Td colspan=""2""> Rosaline /Th> /Th> Tr> Tr> T",0.0,0.0,1.0,entailment,1,0.43302392959594727
2008,new wave hits of the 80s vol 6,,False,I don't know,,,,contradiction,0,0.08762422204017639,The first decade of chart achievements ranges from that first issue through the last issue of 1969.,,,,neutral,0,0.09841699153184891
2009,when does the next godzilla anime come out,November 2018,True,I don't know,0.0,0.0,0.0,neutral,0,0.10124101489782333,Toei Animation.,0.0,0.0,0.0,entailment,1,0.7179177403450012
2010,where would xylem cells that no longer conduct water be found in a plant,,False,I don't know,,,,neutral,0,0.19458962976932526,hemostasis,,,,entailment,1,0.5279961228370667
2011,what happened to the princely states after the transfer of power,,False,I don't know,,,,contradiction,0,0.3096679151058197,Princely state /Th> /Tr> Tr> Td> Ul> Li> Salute state /Li> British paramountcy /Li> Chamber of Princes /Li> Ja,,,,entailment,1,0.4629368185997009
2012,how many harry potter rides are at universal,four,True,I don't know,0.0,0.0,1.0,contradiction,0,0.08162394911050797,The Wizarding World of Harry Potter /Th> /Tr> /Tr> /Tr> /Tr> /Tr> /Tr> /Tr> /Tr> /T,0.0,0.0,1.0,contradiction,0,0.22934940457344055
2013,who was largely responsible for getting a series of constitutional amendment proposals passed,,False,Pennsylvania,,,,neutral,0,0.39241117238998413,Philadelphia,,,,neutral,0,0.2906867563724518
2014,when did what happens in vegas stays in vegas start,2004,True,I don't know,0.0,0.0,0.0,neutral,0,0.06248990818858147,The Uniform Monday Holiday Act ( Pub. L. 90 -- 363 ) is an Act of Congress that amended the federal holiday provisions of the United States Code to establish the observance of certain holidays on Mondays.,0.0,0.0,0.0,neutral,0,0.2718775272369385
2015,short note on panchayati raj system in india,,False,I don't know,,,,contradiction,0,0.16267459094524384,The highest point of HIV awareness is the highest point.,,,,entailment,1,0.8990617990493774
2016,where did the shot heard around the world happen,at the Polo Grounds in New York City,True,I don't know,0.0,0.0,1.0,neutral,0,0.17854301631450653,active and dormant volcanoes ).,0.0,0.0,1.0,neutral,0,0.19617164134979248
2017,what is the difference between panther and mountain lion,,False,I don't know,,,,contradiction,0,0.08923780173063278,"/Tr> Th colspan=""2""> /Tr> Th colspan=""2""> Eastern gray squirrel /Th> /Tr> Th colspan=""2""> Cougar Temporal range : ",,,,contradiction,0,0.28639525175094604
2018,where is area code 708 located in the usa,western and southern Cook County and eastern and southern Will County in the state of Illinois,True,I don't know,0.0,0.0,0.0,neutral,0,0.008205017074942589,"The highest speed limit in the country is 85 mph ( 140 km / h ), which is posted on a single stretch of tollway in rural Texas.",0.0,0.14634146341463414,0.0,neutral,0,0.013611217960715294
2019,who sings i'm trying to leave something behind,Sean Rowe,True,I don't know,0.0,0.0,0.0,neutral,0,0.021522460505366325,Show Me the Way to Go Home,0.0,0.0,0.0,neutral,0,0.05395633727312088
2020,when did sendong enter the philippine area of responsibility,Early on December 15,True,I don't know,0.0,0.0,0.0,neutral,0,0.06009393185377121,The Stolen Generations,0.0,0.0,0.0,neutral,0,0.04805710166692734
2021,who has the highest rated sports radio show,,False,Billboard Hot 100 is a chart that ranks the best singles of the United States.,,,,entailment,1,0.9862534403800964,The Billboard Hot 100 is a chart that ranks the best singles of the United States.,,,,entailment,1,0.9835662245750427
2022,who is the philosopher associated with the concept of socialism,,False,I don't know,,,,neutral,0,0.0611119344830513,Romanticism.,,,,contradiction,0,0.1171170249581337
2023,who played the godfather in the movie the godfather,Marlon Brando,True,I don't know,0.0,0.0,1.0,contradiction,0,0.16103620827198029,"The Godfather /Th> /Th> /Th> Td colspan=""2""> Theatrical release poster /Th> /Th> /Tr> Tr> Th> Directed by",0.0,0.0,1.0,entailment,1,0.618213415145874
2024,how many planes and trucks does fedex have,,False,I don't know,,,,contradiction,0,0.1405853033065796,FedEx Express Tr> /Tr> /Tr> /Tr> /Tr> /Tr> /Tr> /Tr> /Tr> /Tr> ,,,,entailment,1,0.7249347567558289
2025,who was the battle of the bulge fought between,,False,I don't know,,,,neutral,0,0.037363894283771515,"The Cold War was a state of geopolitical tension after World War II between powers in the Eastern Bloc ( the Soviet Union and its satellite states ) and powers in the Western Bloc ( the United States, its NATO allies and others and others ).",,,,entailment,1,0.6909289956092834
2026,show me the cast of the original little rascals,,False,I don't know,,,,contradiction,0,0.23241029679775238,Little House on the Prairie.,,,,contradiction,0,0.22100074589252472
2027,when was the last time ohio state lost to michigan,,False,I don't know,,,,contradiction,0,0.17921456694602966,"Michigan Wolverines Ohio State Buckeyes /Tr> /Tr> Th> First meeting /Th> Td> October 16, 1897 Michigan 34, Ohio State 0 /Td> /Tr>",,,,entailment,1,0.7157517671585083
2028,when did the pepsi max open in blackpool,28 May 1994,True,purchase price of the club totalled almost £ 800 million.,0.0,0.0,0.0,neutral,0,0.0032855344470590353,Old Trafford.,0.0,0.0,0.0,entailment,1,0.5499805212020874
2029,who is responsible for maintaining law and order,,False,I don't know,,,,neutral,0,0.15430377423763275,Red tape is an idiom that refers to excessive regulation or rigid conformity to formal rules that is considered redundant or bureaucratic and hinders or prevents action or decision - making.,,,,entailment,1,0.9898408055305481
2030,how much hp does a lamborghini veneno have,,False,I don't know,,,,neutral,0,0.08494390547275543,The market for drivetrain components is economically important and is estimated to reach US $314.4 billion by 2019.,,,,entailment,1,0.976459801197052
2031,an alternator driven by steam turbine is known as,,False,I don't know,,,,contradiction,0,0.09300826489925385,The process is known as rectification.,,,,neutral,0,0.08087129890918732
2032,list of award winners in 2018 fifa world cup,,False,I don't know,,,,contradiction,0,0.1847352385520935,The 2018 FIFA World Cup final tournament was held in Russia on 14 June -- 15 July.,,,,entailment,1,0.9673164486885071
2033,list of primary schools in stoke on trent,,False,I don't know,,,,contradiction,0,0.1466463804244995,The list of schools in Stoke - on - Trent is incomplete.,,,,contradiction,0,0.007712810765951872
2034,when has the eagles been to the super bowl,1960,True,Super Bowl,0.0,0.0,1.0,neutral,0,0.2458503693342209,AFL World Championship Game ''.,0.0,0.0,1.0,contradiction,0,0.072385273873806
2035,when was the turning point in the battle of the first battle of bull run,,False,I don't know,,,,contradiction,0,0.20834821462631226,"The Battle of Gettysburg in July 1863 is the most widely cited event in the American Civil War ( often in combination with the Siege of Vicksburg, which concluded a day later ).",,,,entailment,1,0.9842423796653748
2036,composition of the inner core of the earth,iron–nickel alloy and some light elements,True,I don't know,0.0,0.0,0.0,neutral,0,0.02645878493785858,The radius of the inner core is about 70 % of the Moon's radius.,0.0,0.0,0.0,neutral,0,0.32421383261680603
2037,who was nominated first woman for rajya sabha,Rukmini Devi Arundale,True,I don't know,0.0,0.0,0.0,contradiction,0,0.13397927582263947,"Indira Gandhi's second stint as Prime Minister ended five years later on the morning of 31 October 1984, when she was gunned down by her own bodyguards.",0.0,0.0,0.0,neutral,0,0.015195495449006557
2038,the beatles eight days a week - the touring years soundtrack,,False,I don't know,,,,contradiction,0,0.21344763040542603,Theatrical release poster /Td> /Tr> Tr> Tr> Tr> Tr> Tr> Tr> Tr> Tr> Tr> ,,,,entailment,1,0.6001641750335693
2039,which is the first news paper in malayalam,Rajyasamacharam,True,I don't know,0.0,0.0,1.0,contradiction,0,0.09706185013055801,The purpose of the Constitution of India is to provide a legal basis for the Constitution of India.,0.0,0.0,1.0,neutral,0,0.2339884638786316
2040,what are the ranks in the british air force,,False,I don't know,,,,contradiction,0,0.10843649506568909,"The United States Air Force Academy, Colorado, U.S. /Td> /Tr> Tr> Th> motto is Integrity First, Service Before Self, Excellence in All We Do /Td> /Tr",,,,neutral,0,0.06129879131913185
2041,who is the girl in the bon jovi it's my life video,Shiri Appleby,True,I don't know,0.0,0.0,0.0,neutral,0,0.01466046366840601,"The Lance family receives help from the Lance family ; Laurel ( Katie Cassidy ), Sara ( Caity ), Laurel ( Katie Cassidy ), Sara ( Caity ), Laurel ( Katie Cassidy ),",0.0,0.0,0.0,neutral,0,0.11764316260814667
2042,how many bridges are there in the florida keys,,False,Florida Panhandle,,,,neutral,0,0.2711721658706665,Florida Panhandle.,,,,entailment,1,0.44482341408729553
2043,an animal that eat both plants and animals,Omnivore,True,I don't know,0.0,0.0,1.0,neutral,0,0.013206224888563156,Animals.,0.0,0.0,1.0,neutral,0,0.026725847274065018
2044,who plays the little girl in christopher robin,Elsa Minell Solak,True,I don't know,0.0,0.0,0.0,neutral,0,0.14368698000907898,"The Mindy Project is an American comedy television series which aired on Fox for three seasons from on September 25, 2012, to March 24, 2015.",0.0,0.0,0.0,entailment,1,0.9482131004333496
2045,what's the difference between cabbage and napa cabbage,,False,American Legion to commemorate American soldiers killed in that war,,,,neutral,0,0.004384487401694059,"The remembrance poppy is an artificial flower that has been used since 1921 to commemorate military personnel who have died in war, and represents a common or field poppy, Papaver rhoeas.",,,,neutral,0,0.16861721873283386
2046,taarak mehta ka ooltah chashmah sonu original name,Jheel Mehta as Sonalika Aatmaram Bhide (Sonu),True,I don't know,0.0,0.0,0.0,neutral,0,0.007946176454424858,"The name of the song is /P> /Th> /Tr> Th colspan=""2""> Taarak Mehta Ka Ooltah Chashmah /Th> /Tr> ",0.0,0.08,0.0,neutral,0,0.3434531092643738
2047,who sang thats the night the lights went out in georgia,,False,I don't know,,,,neutral,0,0.20245610177516937,The song was written and published by Chicago - based George F. Root.,,,,entailment,1,0.9723733067512512
2048,ifc a member of the world bank group,,False,I don't know,,,,neutral,0,0.17596466839313507,The United Nations is the parent organization of the International Finance Corporation.,,,,neutral,0,0.30611753463745117
2049,who plays gwen stacy in into the spiderverse,Hailee Steinfeld,True,I don't know,0.0,0.0,0.0,neutral,0,0.03571952506899834,Thea Queen,0.0,0.0,0.0,neutral,0,0.061609864234924316
2050,who has the best field goal percentage in nba history,,False,championships,,,,contradiction,0,0.009596438147127628,Bill Russell holds the record for the most NBA championships won with 11 titles during his 13 - year playing career.,,,,neutral,0,0.008612672798335552
2051,when does kanye come on keeping up with the kardashians,season seven,True,I don't know,0.0,0.0,1.0,neutral,0,0.3692033886909485,"The show aired on NBC on November 30, 2017.",0.0,0.0,1.0,neutral,0,0.0011731705162674189
2052,what are all of stephen king's books,,False,Stephen King,,,,neutral,0,0.09239763766527176,Sears.,,,,neutral,0,0.0074849375523626804
2053,lives of the monster dogs by kirsten bakis,,False,one of the Best Books of the Year,,,,entailment,1,0.5722362995147705,New York Times Notable Book of the year in 1997,,,,entailment,1,0.956989586353302
2054,vignan's foundation for science technology and research guntur,,False,I don't know,,,,neutral,0,0.01837375946342945,"Konark Sun Temple is a temple in Odisha, India.",,,,neutral,0,0.017523352056741714
2055,what does mono no aware mean in japanese,the pathos of things,True,I don't know,0.0,0.0,1.0,neutral,0,0.207129567861557,"The term comes from Heian period literature, but was picked up and used by 18th century Edo period Japanese cultural scholar Motoori Norinaga in his literary criticism of The Tale of Genji, and later to other seminal Japanese works including the Man'ysh.",0.0,0.08695652173913042,1.0,neutral,0,0.011986720375716686
2056,who sings i always feel like someone is watching me,Rockwell,True,I don't know,0.0,0.0,1.0,neutral,0,0.26698482036590576,Rockwell /Th> /Th> /Th> /Th> /Th> /Th> /Th> /Th> /Th> /Th> /Th> /Th> ,0.0,0.14285714285714288,1.0,entailment,1,0.44734853506088257
2057,who owns the back to the future car,,False,I don't know,,,,contradiction,0,0.14746005833148956,Verne Troyer /Th> /Th> /Th> Tr> Th> /Th> Tr> Th> Tr> Th> Tr> Th> T,,,,contradiction,0,0.4003206789493561
2058,where does the term florida cracker come from,,False,I don't know,,,,neutral,0,0.008655862882733345,Wales.,,,,neutral,0,0.01210677158087492
2059,the blueprint of any database system is the,schema,True,I don't know,0.0,0.0,1.0,neutral,0,0.31508010625839233,Create a database schema.,0.0,0.4,1.0,entailment,1,0.6186672449111938
2060,where is the groundhog for groundhog's day located,Punxsutawney in western Pennsylvania,True,Wolf,0.0,0.0,0.0,contradiction,0,0.192640483379364,Wolf.,0.0,0.0,0.0,contradiction,0,0.18520568311214447
2061,who has scored the most goals for manchester city,,False,I don't know,,,,neutral,0,0.042015209794044495,The club went public in 1990 and was the subject of takeover bids from property trader Michael Knighton and Rupert Murdoch's BSkyB corporation before Malcolm Glazer's stake was announced in September 2003,,,,contradiction,0,0.0025732815265655518
2062,is farmers insurance the same as farm bureau,,False,I don't know,,,,neutral,0,0.13455934822559357,Farmers Insurance Group Tr> /Tr> /Tr> /Tr> /Tr> Th> Industry /Th> /Tr> Financial services /Tr> /Tr> ,,,,entailment,1,0.5181996822357178
2063,season 3 episodes how i met your mother,,False,ABC,,,,neutral,0,0.15739499032497406,"Season 3 premiered on April 16, 2013.",,,,neutral,0,0.07326467335224152
2064,do ac milan and inter milan share the same stadium,,False,I don't know,,,,contradiction,0,0.2987677752971649,The coordinates are 45 ° 28 ′ N 09 °.,,,,neutral,0,0.22373254597187042
2065,what is considered an assault rifle in california,,False,I don't know,,,,neutral,0,0.04581698030233383,The gun laws of California are some of the most restrictive in the United States.,,,,entailment,1,0.8921884298324585
2066,what does the dc in washington dc stand for,District of Columbia,True,I don't know,0.0,0.0,1.0,neutral,0,0.15968583524227142,"Washington, D.C. /Th> /Tr> Tr> Tr> Tr> Tr> Tr> Tr> Tr> Tr> Tr> ",0.0,0.0,1.0,entailment,1,0.6987189650535583
2067,what is the medical term for webbed toes,syndactyly,True,I don't know,0.0,0.0,0.0,neutral,0,0.20466898381710052,"In cricothyrotomy, the incision or puncture is made through the cricothyroid membrane in between the thyroid cartilage and the cricoid cartilage.",0.0,0.0,0.0,entailment,1,0.8952929973602295
2068,where did the person that draw the world map stand,,False,I don't know,,,,neutral,0,0.03229362517595291,"The Associated Press reporter Robert E. Geiger happened to be in Boise City, Oklahoma, to witness the  Black Sunday '' black blizzards of April 14,",,,,neutral,0,0.04805561900138855
2069,describe and give and example of each of the different wireless network categories,,False,I don't know,,,,neutral,0,0.15736263990402222,ICANN /Li> Li> Internet Engineering Task Force /Li> Li> Internet Governance Forum /Li> Li> Internet Society /Li>,,,,neutral,0,0.09813205152750015
2070,who was president of the united states when katrina hit louisiana,President George W. Bush,True,I don't know,0.0,0.0,0.0,contradiction,0,0.21842192113399506,Katrina /Tr> /Tr> /Tr> /Tr> /Tr> /Tr> /Tr> /Tr> /Tr> /Tr>,0.0,0.0,0.0,entailment,1,0.6590487957000732
2071,when is the show when calls the heart on tv,,False,I don't know,,,,neutral,0,0.1653050184249878,"On April 12, 2017, 92 episodes of Major Crimes have aired.",,,,contradiction,0,0.15003293752670288
2072,when was cotton first used to make clothing,,False,I don't know,,,,contradiction,0,0.0673355758190155,China.,,,,contradiction,0,0.01698635332286358
2073,voice of peggy on king of the hill,Kathy Ann Najimy,True,I don't know,0.0,0.0,0.0,contradiction,0,0.05021025612950325,"The main cast of Roseanne Barr, and the main cast of Keeping Up with the Kardashians.",0.0,0.0,0.0,entailment,1,0.8782934546470642
2074,as of 1900 taiwan and korea were colonies of france,,False,I don't know,,,,neutral,0,0.004865294322371483,"The French colonization of the Americas began in the 16th century, and continued on into the following centuries as France established a colonial empire in the Western Hemisphere.",,,,neutral,0,0.01338350772857666
2075,applications of physics in the field of mechanics,,False,I don't know,,,,neutral,0,0.17744599282741547,The Coriolis force is an inertial force that acts on objects that are in motion relative to a rotating reference frame.,,,,entailment,1,0.9090007543563843
2076,when did the chinese new year start 2018,15 Feb,True,I don't know,0.0,0.0,0.0,neutral,0,0.13810977339744568,The Chinese New Year is celebrated on the following days:,0.0,0.0,0.0,neutral,0,0.10067404061555862
2077,how many episodes in life below zero season 5,,False,I don't know,,,,neutral,0,0.19271965324878693,The fifth season will be the show's last and will bring the series to 100 total episodes.,,,,contradiction,0,0.06468744575977325
2078,in english history the concept primogeniture refers to,,False,I don't know,,,,entailment,1,0.6455652117729187,The sex chromosomes are more common in humans than in other sexes.,,,,entailment,1,0.35762423276901245
2079,who has the power to create post offices,Congress,True,I don't know,0.0,0.0,1.0,neutral,0,0.011010450311005116,The United States Postal Service Act of 1970.,0.0,0.0,1.0,neutral,0,0.2607969045639038
2080,who was the first woman selected in rajya sabha,,False,I don't know,,,,contradiction,0,0.11751461029052734,Parliament of India.,,,,contradiction,0,0.10022351145744324
2081,how much does it cost to build a buc ee's,,False,Rollover Protection System,,,,neutral,0,0.2211994081735611,The ROPS is a system or structure intended to protect equipment operators and motorists from injuries caused by vehicle overturns or rollovers.,,,,neutral,0,0.42294788360595703
2082,what does it mean to be punished as a boy,,False,I don't know,,,,neutral,0,0.05217525362968445,Whipping was a common punishment of tutors at that time.,,,,entailment,1,0.9473152160644531
2083,when does the new season of major crimes start 2015,"June 8, 2015",True,I don't know,0.0,0.0,0.0,entailment,1,0.3902755379676819,The show will be moving from Disney XD to Disney Channel for its fourth season.,0.0,0.0,0.0,contradiction,0,0.12465012818574905
2084,what are interrupts when do they occur and how it is handled by the operating system cite examples,,False,I don't know,,,,neutral,0,0.06665005534887314,Hospital emergency codes are coded messages often announced over a public address system of a hospital to alert staff to various classes of on - site emergencies.,,,,neutral,0,0.0250228401273489
2085,how many seats do the democrats hold in the senate,46,True,I don't know,0.0,0.0,1.0,contradiction,0,0.2108919769525528,The seats in the United States Senate were numbered from the first to the last round of the election.,0.0,0.0,1.0,neutral,0,0.07048072665929794
2086,when does fullmetal alchemist conqueror of shamballa take place,,False,Aram is a saryam horse rider,,,,neutral,0,0.019079357385635376,Aram is a member of an Armenian community living among the lush fruit orchards and vineyards of California.,,,,contradiction,0,0.009268554858863354
2087,when does once upon a time season 7 episode 11 come on,"March 2, 2018",True,I don't know,0.0,0.0,0.0,contradiction,0,0.017202867195010185,9 : 00 pm Eastern Time,0.0,0.0,0.0,neutral,0,0.014298886992037296
2088,what is the earliest known example of advertising,,False,I don't know,,,,neutral,0,0.12620629370212555,"The original root of this word is the Middle English word crack, meaning  entertaining conversation '' (",,,,neutral,0,0.07166846096515656
2089,what were the original m and m colors,tan,True,"Minstrels, Revels, Treets /Tr> /Tr> Tr> Th> Markets /Th> Td> Worldwide ( over 100 countries ) /Td> /T",0.0,0.0,1.0,entailment,1,0.8673749566078186,"Minstrels, Revels, Treets /Tr> /Tr> /Tr> Th> Related brands /Th> Minstrels, Revels, Treets /Tr> ",0.0,0.0,1.0,entailment,1,0.6820194721221924
2090,who landed the first 900 on a skateboard,Tony Hawk,True,I don't know,0.0,0.0,1.0,neutral,0,0.18448993563652039,The 900 is a 212 - revolution ( 900 degrees ) aerial spin performed on a skateboard ramp.,0.0,0.0,1.0,contradiction,0,0.12276837974786758
2091,the big five personality traits are measured on a scale of,,False,Neuroticism,,,,entailment,1,0.6817229390144348,"The Big Five personality traits, also known as the five factor model ( FFM ), is a model based on common language descriptors of personality.",,,,entailment,1,0.986255407333374
2092,which is the main excretory product in human,,False,excretion,,,,neutral,0,0.1376141756772995,The process of excretion is essential in all forms of life.,,,,entailment,1,0.9377552270889282
2093,why do the british wear a red flower,commemorate their servicemen and women killed in all conflicts,True,I don't know,0.0,0.0,1.0,neutral,0,0.02544192224740982,"The remembrance poppy is an artificial flower that has been used since 1921 to commemorate military personnel who have died in war, and represents a common or field poppy, Papaver rhoeas.",0.0,0.15000000000000002,1.0,entailment,1,0.9603502154350281
2094,explain how the depression and prohibition in 1933 affected harlem,,False,I don't know,,,,contradiction,0,0.08575031906366348,"The first systematic Hollywood blacklist was instituted on November 25, 1947, the day after ten writers and directors were cited for contempt of Congress for refusing to testify to the House Un-American Activities Committee.",,,,neutral,0,0.022168593481183052
2095,which team won most of the fifa world cup,Brazil,True,I don't know,0.0,0.0,1.0,neutral,0,0.18706481158733368,Brazil ( 2nd title ) /Td> /Tr> /Tr> /Tr> /Tr> /Tr> /Tr> /Tr> /Tr> /,0.0,0.15384615384615385,1.0,neutral,0,0.12670890986919403
2096,how many series are there of the heart guy,,False,I don't know,,,,contradiction,0,0.12204251438379288,"Regions 1, 2 and 4",,,,contradiction,0,0.11853545159101486
2097,important events in the battle of new orleans,,False,I don't know,,,,neutral,0,0.26840755343437195,"Andrew Jackson, William Carroll, John Coffee, John Adair, Walter Overton, Daniel Patterson, David B. Morgan, Pierre Denis de La Ronde, Jacques Villeré, Thomas Hinds, Joseph Savary, René Trud.",,,,contradiction,0,0.0929577499628067
2098,who developed the great man theory of leadership,Scottish writer Thomas Carlyle,True,I don't know,0.0,0.0,1.0,neutral,0,0.015314273536205292,"The method acting is a range of training and rehearsal techniques that seek to encourage sincere and emotionally expressive performances, as formulated by a number of different theatre practitioners, principally in the United States, where it is among the most popular -- and controversial -- approaches to acting.",0.0,0.0,1.0,neutral,0,0.12762746214866638
2099,what does the red olympic ring stand for,,False,I don't know,,,,contradiction,0,0.1379956603050232,"The Harry Potter logo, used first in American editions of the novel series and later in films /Td> /Tr> /Tr> Table> International Red Cross and Red Crescent Movement /Tr> Td colspan=""2",,,,entailment,1,0.9689090251922607
2100,what is the function of the super vena cava,carries deoxygenated blood from the upper half of the body,True,I don't know,0.0,0.0,0.0,contradiction,0,0.10960523784160614,Hemostasis is the first stage of wound healing.,0.0,0.22222222222222224,0.0,entailment,1,0.9884345531463623
2101,where do they play hockey in las vegas,,False,"2"">",,,,entailment,1,0.49128448963165283,The 2018 U.S. Figure Skating Championships /Th> /Th> /Th> /Th> /Th> /Th> /Th> /Th> /Th> /Th> /,,,,entailment,1,0.5966358184814453
2102,who is doing the half time super bowl,Justin Timberlake,True,I don't know,0.0,0.0,1.0,contradiction,0,0.16533440351486206,Super Bowl LII /Td> /Tr> /Tr> Th> Date /Th> Td> /Tr> Th> Location /Th> Td> Tr> ,0.0,0.0,1.0,entailment,1,0.7801780700683594
2103,where did the eastern gray squirrel come from,,False,Seven Years,,,,neutral,0,0.17183555662631989,"The disease is caused by Yersinia pestis, which is enzootic ( commonly present ) in populations of ground rodents in Central Asia.",,,,entailment,1,0.9904770851135254
2104,who transferred mughal capital from agra to delhi,,False,I don't know,,,,neutral,0,0.12380426377058029,The Mughals ( 1526 ) were the Mughals.,,,,contradiction,0,0.17485712468624115
2105,when did gareth southgate first play for england,1995,True,I don't know,0.0,0.0,1.0,contradiction,0,0.19147124886512756,"Gareth Southgate /Tr> /Tr> /Tr> /Tr> /Tr> Th colspan=""3""> Gareth Southgate /Tr> /Tr> ",0.0,0.0,1.0,entailment,1,0.7428532838821411
2106,what do you understand by reconciliation of cost and financial accounts,,False,I don't know,,,,neutral,0,0.24118435382843018,1882.,,,,neutral,0,0.03577253222465515
2107,when did the inuit come to north america,,False,I don't know,,,,neutral,0,0.005399889312684536,The Norse were a group of Europeans who inhabited North America.,,,,entailment,1,0.9446769952774048
2108,who played mace windu in star wars the clone wars,,False,Star Wars: Episode I -- The Phantom Menace,,,,contradiction,0,0.15297044813632965,Star Wars : Episode I -- The Phantom Menace ) /Li> Li> Li> Li> Li> Tr> Tr> Tr> Tr> Tr>,,,,entailment,1,0.44183385372161865
2109,what is the meaning of lent in christianity,,False,I don't know,,,,neutral,0,0.17112323641777039,The word amen is a declaration of affirmation found in the Hebrew Bible and the New Testament.,,,,contradiction,0,0.4164150357246399
2110,what is the elevation of klamath falls oregon,"4,099 ft (1,249.4 m)",True,I don't know,0.0,0.0,1.0,neutral,0,0.20057916641235352,The coordinates of Portland are: 45 ° 31 ′ 12 '' N 122 ° 40 ′ 55 '' W / 45.52000 ° N 122.68194 ° W / 45.52000 ; - 122.68194 ° W / 4,0.0,0.0,1.0,neutral,0,0.2661416828632355
2111,when did phantom of the opera take place,in the 1890s,True,Shakespeare,0.0,0.0,0.0,entailment,1,0.5907225012779236,The play was written by Irish Literary Renaissance playwright John Millington Synge.,0.0,0.13333333333333333,0.0,entailment,1,0.953563392162323
2112,who is lucas dating on days of our lives,,False,I don't know,,,,neutral,0,0.3556494116783142,American,,,,entailment,1,0.5088308453559875
2113,who do all the england team play for,,False,I don't know,,,,neutral,0,0.06908560544252396,"The All England Lawn Tennis and Croquet Club is a club based in Wimbledon, London, England.",,,,neutral,0,0.07577748596668243
2114,what is an accelerator pump on a carburetor,,False,I don't know,,,,contradiction,0,0.22666870057582855,The only emitting technologies are radar detectors.,,,,contradiction,0,0.0053170532919466496
2115,when did the old £10 go out of circulation,,False,I don't know,,,,contradiction,0,0.19653478264808655,Queen Elizabeth II /Td> /Tr> /Tr> Tr> Th> Design /Th> Td> 1968 -- present /Td> /Tr> /Tr> ,,,,neutral,0,0.0623311921954155
2116,oriental bank of commerce is govt or private,public sector,True,I don't know,0.0,0.0,1.0,contradiction,0,0.14230243861675262,"The Indian Civil Service ( ICS ) for part of the 19th century officially known as the Imperial Civil Service, was the elite higher civil service of the British Empire in British India during British rule in the period between 1858 and 1858.",0.0,0.0,1.0,contradiction,0,0.2336951345205307
2117,who is kyles mom on y & r,Diane Jenkins (Maura West),True,I don't know,0.0,0.0,0.0,entailment,1,0.5983723998069763,Arrow follows billionaire playboy Oliver.,0.0,0.0,0.0,neutral,0,0.21190467476844788
2118,who said if you can keep your head when all about you,,False,I don't know) is a common English - language proverb of Welsh origin.,,,,entailment,1,0.5540992617607117,"The proverb originated in Wales, and was particularly prevalent in Pembrokshire.",,,,neutral,0,0.0033859198447316885
2119,who gets evicted from big brother episode 21,,False,I don't know,,,,contradiction,0,0.1194721981883049,The first contestant to pass away after appearing on the show is Florence Henderson.,,,,contradiction,0,0.0900702252984047
2120,who sang get your head in the game,,False,"New York, New York",,,,neutral,0,0.07432373613119125,"New York, New York, a helluva town.",,,,neutral,0,0.00850945245474577
2121,when was prayer taken out of the schools in the united states,,False,"First Amendment to the United States Constitution, school prayer can not be required of students in accordance with the Establishment Clause of the First Amendment to the United States Constitution.",,,,entailment,1,0.9679811596870422,cigarette use among United States military personnel,,,,neutral,0,0.3459113836288452
2122,who plays wendy in fairy tail english dub,,False,I don't know,,,,contradiction,0,0.05608373507857323,The Clone Wars ( 2008 -- 2014 ) /Td> /Td> /Td> /Td> /Td> /Td> /Td> /Td> /Td>,,,,contradiction,0,0.12580789625644684
2123,miranda lambert just like you only prettier lyrics,,False,I don't know,,,,neutral,0,0.062322333455085754,"Kilmer is most remembered for  Trees '', which has been the subject of frequent parodies and references in popular culture.",,,,entailment,1,0.9780359864234924
2124,an example of x- and y- linked disorder,,False,I don't know,,,,contradiction,0,0.07038982212543488,The sex chromosomes of the individual are related to the sex chromosome.,,,,entailment,1,0.9491183757781982
2125,in the united states sales contracts and contracts for the payment of money are not assignable,,False,Federal law,,,,neutral,0,0.4206961393356323,federal law,,,,neutral,0,0.12796270847320557
2126,the large annual precipitation in the wet equatorial climate is caused by which of the following,,False,I don't know,,,,neutral,0,0.08402680605649948,El Nio de Navidad.,,,,neutral,0,0.06363669782876968
2127,list of xbox 360 games in order of release,,False,I don't know,,,,contradiction,0,0.2130913883447647,"The Xbox 360 E was released on November 22, 2005.",,,,entailment,1,0.5045021176338196
2128,life size lindsay lohan tyra banks 2000 full disney movie,,False,I don't know,,,,neutral,0,0.2796851396560669,The Fast and the Furious /Th> /Th> /Th> /Th> /Th> /Th> /Th> /Th> /Th> /Th> /Th> /,,,,entailment,1,0.5454298257827759
2129,what are the names of the two rovers currently exploring mars,MER-A Spirit,True,I don't know,0.0,0.0,0.0,neutral,0,0.09591489285230637,"The Mars Exploration Rover ( MER ) mission is an ongoing robotic space mission involving two Mars rovers, Spirit and Opportunity, exploring the planet Mars.",0.0,0.08,0.0,entailment,1,0.9301522970199585
2130,horrible histories english kings and queens song episode,,False,I don't know,,,,contradiction,0,0.12203186005353928,The song was written by composer and lyricist Paul Williams for Jim Henson's 1977 HBO special Emmet Otter's Jug.,,,,neutral,0,0.002988499356433749
2131,who was the first living indian to feature on a postage stampof india,,False,I don't know,,,,contradiction,0,0.13418690860271454,Srinivasa Ramanujan FRS /Th> /Tr> Tr> Tr> Tr> Th> /Th> Td> ( 1887 - 12 - 22 ) 22 December,,,,entailment,1,0.4676441252231598
2132,do you have to register a gun in montana,,False,I don't know,,,,neutral,0,0.007819171994924545,The gun laws of California are some of the most restrictive in the United States.,,,,entailment,1,0.8976486921310425
2133,which of these is true of the century following the pax romana,,False,I don't know,,,,contradiction,0,0.06616994738578796,The Middle Ages or Medieval Period lasted from the 5th to the 15th century.,,,,contradiction,0,0.09061531722545624
2134,what is the difference between striped bass and sea bass,,False,I don't know,,,,neutral,0,0.024773411452770233,The Monterey Bay Aquarium hosted five more juvenile white sharks for temporary stays before ending their program in 2011.,,,,neutral,0,0.002670005429536104
2135,blues traveler the heart brings you back lyrics,,False,Show Me the Way to Go Home,,,,contradiction,0,0.10072890669107437,"The poem was published posthumously in 1890 in Poems : Series 1, a collection of Dickinson's poems assembled and edited by her friends Mabel Loomis Todd and Thomas Wentworth Higginson.",,,,contradiction,0,0.00543743884190917
2136,the russian empire expanded during the 1800s at the expense of (see textbook & map in online lesson),,False,I don't know,,,,contradiction,0,0.1371244192123413,The Yakovlev engine factory and the Freze carriage - manufacturing workshop were built in Russia.,,,,neutral,0,0.2003203183412552
2137,who writes the script for big bang theory,Chuck Lorre,True,I don't know,0.0,0.0,1.0,neutral,0,0.22049857676029205,The Big Bang Theory episode /Th> /Tr> /Tr> Th> Episode no. /Th> Td> Tr> Th> Episode no. /Th> Td> ,0.0,0.0,1.0,entailment,1,0.801190972328186
2138,who plays tom riddle in the half blood prince,Frank Stephenson Dillane,True,I don't know,0.0,0.0,0.0,neutral,0,0.005156574305146933,"The first season, the focus was primarily on Klaus ( Joseph Morgan ), Elijah ( Daniel Gillies ), and Rebekah ( Claire Holt ) who found out in the backdoor pilot, aired on April 25, 2013, how Hay",0.0,0.0,0.0,entailment,1,0.4794462323188782
2139,how can i be a citizen of germany,,False,I don't know,,,,neutral,0,0.12303901463747025,The OECD Anti-Bribery Convention was ratified by 39 countries.,,,,neutral,0,0.008516431786119938
2140,is pure gold an element or a compound,chemical element,True,I don't know,0.0,0.0,1.0,contradiction,0,0.2008596658706665,/Td> /Tr> /Tr> /Tr> /Tr> /Tr> /Tr> /Tr> /Tr> /Tr> /T,0.0,0.0,1.0,neutral,0,0.2382049858570099
2141,what is the actual order of the star wars movies,,False,I don't know,,,,neutral,0,0.042006783187389374,The original trilogy saw the most alteration.,,,,entailment,1,0.9844807386398315
2142,who sings i want to live in america,,False,American,,,,contradiction,0,0.14342235028743744,American culture.,,,,neutral,0,0.2025473266839981
2143,the doctrine of lapse was causes of which rebellion,Indian Rebellion of 1857,True,I don't know,0.0,0.0,0.0,contradiction,0,0.10200104862451553,"The concept of original sin was first alluded to in the 2nd century by Irenaeus, Bishop of Lyon in his controversy with certain dualist Gnostics.",0.0,0.06896551724137932,0.0,neutral,0,0.004656190983951092
2144,original singer of get your kicks on route 66,Nat King Cole,True,I don't know,0.0,0.0,0.0,neutral,0,0.016020018607378006,The song was written in 1925 by the pseudonymous  Irving King '' ( the English songwriting team James Campbell and Reginald Connelly ).,0.0,0.08695652173913045,0.0,entailment,1,0.7947283983230591
2145,who played dumbledore in the goblet of fire,Michael Gambon,True,Tyler Perry's I Can Do Bad All by Myself,0.0,0.0,1.0,contradiction,0,0.09544465690851212,Tyler Perry's I Can Do Bad All by Myself is a song by Tyler Perry.,0.0,0.0,1.0,entailment,1,0.4793599247932434
2146,star vs. the forces of evil season 3 wiki,,False,I don't know,,,,neutral,0,0.03474216163158417,"The Secret Life of the American Teenager ( season 3 ) /Th> /Th> /Tr> P> Arrow follows billionaire playboy Oliver Queen ( Stephen Amell ), who, after five years of being stranded on a",,,,contradiction,0,0.016593847423791885
2147,what agency was created to secure america from terrorist attacks,United States Department of Homeland Security (DHS),True,I don't know,0.0,0.0,0.0,contradiction,0,0.1543591469526291,"The Nebraska Avenue Complex, Washington, D.C., U.S. 38 ° 56 ′ 20 '' N 77 ° 4 ′ 59 '' W / 38.93889 ° N 77.08306 ° W / 38.",0.0,0.0,0.0,entailment,1,0.693548858165741
2148,where in the bible is the story of ruth and naomi,The Book of Ruth,True,I don't know,0.0,0.0,0.0,contradiction,0,0.1902007758617401,"The biblical story of the Israelites is based on the biblical story of the Israelites, in which the Ark of the covenant was in the possession of the Philistines.",0.0,0.1212121212121212,0.0,neutral,0,0.1919204741716385
2149,what country gave united states the statue of liberty,France,True,I don't know,0.0,0.0,1.0,contradiction,0,0.09155967086553574,"The Treaty of Paris was a defensive alliance between France and the United States of America, formed in the midst of the American Revolutionary War, which promised mutual military support in case fighting should break out between French and British forces, as the result signing the previously concluded Treaty of Amity.",0.0,0.038461538461538464,1.0,neutral,0,0.05247730761766434
2150,what part of the brain is memory affected by alcohol,hippocampus,True,I don't know,0.0,0.0,1.0,neutral,0,0.3158777952194214,The third process is called reconsolidation.,0.0,0.0,1.0,neutral,0,0.01230059377849102
2151,how far is arlington texas from el paso texas,,False,I don't know,,,,neutral,0,0.1925850212574005,Texas,,,,entailment,1,0.5640363097190857
2152,who sang the song my heart will go on,Celine Dion,True,I don't know,0.0,0.0,0.0,neutral,0,0.05380849167704582,The song was written by Anand Bakshi and sung by Mohammed Aziz with Music by Laxmikant Pyarelal from 1990 Movie Kroadh,0.0,0.0,0.0,contradiction,0,0.005690315738320351
2153,relaying signals from the neuron to other cells is a function of the,thalamus,True,I don't know,0.0,0.0,0.0,neutral,0,0.04921599105000496,Active transport requires cellular energy to achieve this movement.,0.0,0.0,0.0,neutral,0,0.09941285848617554
2154,who is the only bowler to have taken a hat-trick in both innings of test match,,False,I don't know,,,,contradiction,0,0.11923470348119736,The most recent bowler to achieve the feat was English spin bowler Moeen Ali against South Africa on 31 July 2017.,,,,neutral,0,0.30197015404701233
2155,bryan adams sting rod stewart all for love lyrics,,False,I don't know,,,,contradiction,0,0.23140482604503632,) /Th> Td> Ul> Li> Bryan Adams /Li> Li> Robert  Mutt '' Lange /Li> Michael Kamen /Li> /T,,,,contradiction,0,0.317975789308548
2156,where does black lightning tv show take place,Freeland,True,I don't know,0.0,0.0,0.0,contradiction,0,0.10205477476119995,"The source of thunderous noises is a group of ornately dressed, silent, bearded men who are playing nine - pins.",0.0,0.0,0.0,contradiction,0,0.014174546115100384
2157,who killed peter on the tv show soap,Chester,True,I don't know,0.0,0.0,0.0,neutral,0,0.18411648273468018,The series producers were Caroline Norris and Chloe Thomas.,0.0,0.0,0.0,entailment,1,0.7244504690170288
2158,how many floors does macy's in nyc have,,False,I don't know,,,,contradiction,0,0.11457733064889908,Denmark /Td> /Td> /Td> Ballerup ( near Copenhagen ) /Td>,,,,contradiction,0,0.05242941901087761
2159,which indian airport is recognised as the world's busiest single runway airport in india,,False,I don't know,,,,contradiction,0,0.0957106277346611,/Th> /Tr> P>,,,,contradiction,0,0.26863300800323486
2160,who plays no ragrets in we're the millers,,False,I don't know,,,,neutral,0,0.29147687554359436,Harry Potter /Th> /Th> /Th> /Th> /Th> /Th> /Th> /Th> /Th> /Th> /Th> /Th> ,,,,entailment,1,0.6397910118103027
2161,where did our lady of mount carmel appear,England,True,I don't know,0.0,0.0,1.0,contradiction,0,0.28819459676742554,"The Revelation is written in the early part of the Revelation, on the Greek island of Patmos.",0.0,0.0,1.0,contradiction,0,0.12779086828231812
2162,when did that 70's show first air,"August 23, 1998",True,I don't know,0.0,0.0,0.0,neutral,0,0.06248990818858147,satirized contemporary American popular culture and politics,0.0,0.0,0.0,entailment,1,0.9698325395584106
2163,record for most free throws in a row nba,,False,I don't know,,,,contradiction,0,0.009915603324770927,Bill Russell.,,,,contradiction,0,0.05925052613019943
2164,the think tanks and civil societies program (ttcsp),,False,I don't know,,,,neutral,0,0.034806132316589355,The tradition is that members should be able to help other alcoholics.,,,,neutral,0,0.0012331483885645866
2165,what is the significance of the nodes of ranvier,"uninsulated and highly enriched in ion channels, allowing them to participate in the exchange of ions required to regenerate the action potential",True,I don't know,0.0,0.0,0.0,neutral,0,0.24325212836265564,": ,  Journey '' or  Travels '' ) is a Classical Arabic term of a quest, with connotations of a voyage undertaken for the sake of divine knowledge of Islam.",0.0,0.0851063829787234,0.0,entailment,1,0.9213352203369141
2166,where is the sword in the stone located,,False,I don't know,,,,neutral,0,0.013714240863919258,The Earth's inner core is the Earth's innermost part.,,,,neutral,0,0.18255721032619476
2167,when were freshmen allowed to play college basketball,,False,Oregon won the NIT,,,,neutral,0,0.06666919589042664,NCAA champion,,,,neutral,0,0.09220726788043976
2168,when does the british open start in 2017,,False,I don't know,,,,contradiction,0,0.16720698773860931,The Open Championship Tr> /Tr> /Tr> /Tr> /Tr> /Tr> /Tr> /Tr> /Tr> /Tr> ,,,,entailment,1,0.6624289751052856
2169,how many terms can a governor serve in oklahoma,two consecutive terms,True,I don't know,0.0,0.0,0.0,contradiction,0,0.13090094923973083,The governor must act in the name of the governor.,0.0,0.0,0.0,neutral,0,0.4232974350452423
2170,what is the coordination number of a cesium atom in the body-centered cubic structure of cesium,,False,carotenes contain carbon atoms.,,,,neutral,0,0.37004828453063965,xanthophylls contain carbon atoms.,,,,entailment,1,0.4240853786468506
2171,the key of the kings kingdom in spanish,,False,,,,,contradiction,0,0.09061010181903839,The Revelation is written in the Book of Genesis.,,,,contradiction,0,0.11792096495628357
2172,when is the apostles creed used in the catholic church,,False,The long form in the Gospel of Matthew in the middle of the Sermon on the Mount,,,,neutral,0,0.026573514565825462,"The long form in the Gospel of Matthew in the middle of the Sermon on the Mount, and the long form in the Gospel of Matthew in the middle of the Sermon on the Mount.",,,,contradiction,0,0.32414722442626953
2173,petron kuala lumpur federal territory of kuala lumpur,,False,I don't know,,,,contradiction,0,0.16352412104606628,"Kuala Lumpur /Tr> /Tr> Tr> Th colspan=""2""> Kuala Lumpur /Tr> /Tr> Tr> Td colspan=""2""",,,,entailment,1,0.5396484732627869
2174,why is philip the patron saint of hatters,,False,I don't know,,,,neutral,0,0.028230126947164536,The Israelites were a people who lived in the desert during the forty - year period following the Babylonian invasion of Egypt.,,,,neutral,0,0.07215967029333115
2175,the sun and other stars are made of a type of matter called,,False,I don't know,,,,neutral,0,0.18437710404396057,"The proton is composed of two up quarks, one down quark, and the gluons that mediate the forces",,,,neutral,0,0.018140316009521484
2176,where did jason voorhees get the hockey mask,from a victim,True,I don't know,0.0,0.0,0.0,contradiction,0,0.16245636343955994,"Michael Jordan Tr> Td colspan=""2""> Jordan in 2014 /Td> /Tr> /Tr> Charlotte Hornet Tr> /Tr> /Tr> /Tr",0.0,0.0,0.0,contradiction,0,0.0613572932779789
2177,who is the first miss world in india,Reita Faria Powell,True,Miss India 1966 Miss World 1966,0.0,0.0,0.0,entailment,1,0.8556629419326782,Miss Bombay 1966 ( Winner ) Eve,0.0,0.0,0.0,neutral,0,0.32110968232154846
2178,where was the first ice hockey game played,"at the Victoria Skating Rink in Montreal, Quebec, Canada",True,I don't know,0.0,0.0,1.0,neutral,0,0.1897771954536438,Hockey League,0.0,0.0,1.0,neutral,0,0.21623149514198303
2179,who broke the salt law in tamil nadu,,False,I don't know,,,,neutral,0,0.17025621235370636,The Vedaranyam March was organised to protest the salt tax imposed by the British Raj in the colonial India.,,,,neutral,0,0.04860781878232956
2180,rank order the countries by population in 2012,,False,I don't know,,,,neutral,0,0.12628421187400818,/P>,,,,neutral,0,0.34185731410980225
2181,what channel is the love station on sirius,channel 70,True,2,0.0,0.0,0.0,neutral,0,0.30707550048828125,"The show has begun with a cold open that ends with someone breaking character and proclaiming  Live from New York, it's Saturday Night! ''",0.0,0.0,0.0,neutral,0,0.008600584231317043
2182,the black death originated first in genoa and venice in 1347,,False,1346 to 1353,,,,entailment,1,0.7479202151298523,Death Code was a code of conduct that was enforced by the British government.,,,,neutral,0,0.11742907762527466
2183,who designed the turtle america’s first submarine,,False,I don't know,,,,neutral,0,0.028657156974077225,The Gadsden flag is a historical American flag with a yellow field depicting a rattlesnake coiled and ready to strike.,,,,neutral,0,0.17837411165237427
2184,what is the song i could use a love song about,,False,I don't know,,,,neutral,0,0.04465217888355255,Trees '').,,,,entailment,1,0.5331526398658752
2185,where was episode 6 game of thrones season 7 filmed,,False,I don't know,,,,neutral,0,0.28443166613578796,The first seven seasons are available on DVD and Blu - ray.,,,,entailment,1,0.6763586401939392
2186,who plays lead guitar on good morning good morning,,False,I don't know,,,,contradiction,0,0.1467534601688385,Theme music composer /Th> Td> /Tr> Tr> Th> Theme music composer /Th> Td> Ul> Li> Marvin Hamlisch ( 1975 -- 87 ,,,,entailment,1,0.5479324460029602
2187,who sang the song whiter shade of pale,,False,I don't know,,,,contradiction,0,0.07807852327823639,Jimmy Campbell.,,,,entailment,1,0.6170248985290527
2188,who does liam neeson play in star wars 1,Qui-Gon Jinn,True,I don't know,0.0,0.0,0.0,contradiction,0,0.22642670571804047,The Phantom Menace /Td> /Tr> /Tr> /Tr> /Tr> /Tr> /Tr> /Tr> /Tr> /Tr>,0.0,0.0,0.0,entailment,1,0.5187510848045349
2189,sun ra we travel the spaceways bad and beautiful,,False,Andean,,,,neutral,0,0.4115469455718994,Andean environments.,,,,neutral,0,0.11483020335435867
2190,star vs the force of evil season 3 episode 20,,False,I don't know,,,,neutral,0,0.2881326675415039,The character Star vs. the Forces of Evil is a character from Disney's Wander Over Yonder.,,,,contradiction,0,0.10789372026920319
2191,what happened through the new coke marketing campaign,,False,I don't know,,,,neutral,0,0.044855996966362,"The Roaring Twenties ( and the Golden Twenties ), a period of economic prosperity and growth for the middle class in North America, Europe and many other parts of the world.",,,,neutral,0,0.09882566332817078
2192,when did the us leave japan after wwii,"April 28, 1952",True,Empire of Japan,0.0,0.0,1.0,entailment,1,0.4982996881008148,The Imperial Seal was a symbol of Japan during the Allied occupation of Japan.,0.0,0.0,1.0,entailment,1,0.7316758632659912
2193,who won the junior division in world of dance,,False,I don't know,,,,contradiction,0,0.22906899452209473,The World of Dance /Th> /Th> /Th> /Th> /Th> /Th> /Th> /Th> /Th> /Th> /Th> /Th>,,,,entailment,1,0.6374778747558594
2194,what is the name for the smell of rain,Petrichor,True,I don't know,0.0,0.0,1.0,neutral,0,0.004572272766381502,"The word is derived from Greek  petra, meaning  stone '', and  chr, the fluid that flows in the veins of the gods in Greek mythology.",0.0,0.0,1.0,neutral,0,0.002541356487199664
2195,who invented the greater than and less than sign,Thomas Harriot,True,I don't know,0.0,0.0,1.0,neutral,0,0.1895618587732315,The greater - than sign is a mathematical symbol that denotes an inequality between two values.,0.0,0.0,1.0,entailment,1,0.9678937196731567
2196,it should have been me billy ray cyrus,,False,I don't know,,,,neutral,0,0.18312649428844452,The song was written by Reed Nielsen and Monty Powell.,,,,neutral,0,0.005277292802929878
2197,cm of independent government set up in theog in 1947,,False,I don't know,,,,neutral,0,0.13273979723453522,The official language of the Maharashtra State Board of Secondary and Higher Secondary Education is Marathi & English.,,,,neutral,0,0.09085886925458908
2198,how many 5 dollar bills in a million dollars,,False,I don't know,,,,contradiction,0,0.1658143699169159,The United States dollar /Th> /Th> /Th> /Th> /Th> /Th> /Th> /Th> /Th> /Th> /Th> /Th>,,,,entailment,1,0.5728942155838013
2199,who plays frankie's sister teddy in grace and frankie,,False,Kardashians,,,,entailment,1,0.8388455510139465,The Kardashians are sisters.,,,,entailment,1,0.6489744782447815
2200,part of the philippines has the least number of active volcano,,False,Stratovolcanoes are sometimes called composite volcanoes,,,,entailment,1,0.9103729724884033,"Mount Saint Helens and Mount Pinatubo have erupted catastrophically, with lesser losses of lives.",,,,entailment,1,0.981274425983429
2201,what economic situation did world war ii create on the home front,,False,World War II),,,,entailment,1,0.5367496013641357,World War II).,,,,entailment,1,0.5896731019020081
2202,in 1820 approximately what percentage of the united states population lives west of the appalachians,,False,I don't know,,,,neutral,0,0.030194073915481567,Florida.,,,,neutral,0,0.018428029492497444
2203,the scary girl magician on america's got talent,,False,I don't know,,,,contradiction,0,0.007447378244251013,Drew Carey is the main protagonist of the series.,,,,contradiction,0,0.1795320361852646
2204,who is the author of i love you since 1982,,False,I don't know,,,,neutral,0,0.022246908396482468,The song was inducted into the Canadian Songwriters Hall of Fame.,,,,neutral,0,0.00446650106459856
2205,who has scored the most goals for arsenal,Thierry Henry,True,I don't know,0.0,0.0,0.0,neutral,0,0.04815707355737686,The club went public in 1990 and was the subject of takeover bids from property trader Michael Knighton and Rupert Murdoch's BSkyB corporation before Malcolm Glazer's stake was announced in September 2003.,0.0,0.0,0.0,neutral,0,0.0018703161040320992
2206,causes and effects of the french american alliance,,False,I don't know,,,,contradiction,0,0.05659835785627365,"The 1763 Treaty of Paris ended the major war known by Americans as the French and Indian War and by Canadians as the Seven Years'War / Guerre de Sept Ans, or by French - Canadians, La Guerre de la Conquête.",,,,contradiction,0,0.01435106247663498
2207,who plays mason on wizards of waverly place,,False,I don't know,,,,neutral,0,0.005459667649120092,The actor is a former student of LaSalle University in the United States.,,,,entailment,1,0.9585921168327332
2208,where did the name fruit of the loom come from,"Fruit of the Loom – an expression referring to clothes, paralleling the phrase ""fruit of the womb"" meaning ""children"", which can be traced back to use in the Bible (Psalm 127:3)",True,I don't know,0.0,0.0,0.0,neutral,0,0.05832210183143616,"Pigs were domesticated in Mesopotamia around 11,000 BC, followed by sheep between 11,000 and 9,000 BC.",0.0,0.04347826086956522,0.0,contradiction,0,0.022186879068613052
2209,god is the god of second chances veggie tales,,False,influence,,,,entailment,1,0.6304099559783936,influence.,,,,neutral,0,0.17118723690509796
2210,what was the deadliest tornado in the united states,the Tri-State Tornado,True,I don't know,0.0,0.0,1.0,contradiction,0,0.01999443583190441,"The deadliest tornado in world history was the Daulatpur -- Saturia tornado in Bangladesh on April 26, 1989, which killed approximately 1,300 people.",0.0,0.16,1.0,contradiction,0,0.011357193812727928
2211,who played jesus in the ten commandments movie,,False,Matthew F. Leonetti,,,,contradiction,0,0.1933850198984146,Matthew F. Leonetti /Td> /Tr> Tr> Th>,,,,contradiction,0,0.14832206070423126
2212,bible verse about how god takes care of the birds,,False,Sermon on the Mount.,,,,entailment,1,0.500243604183197,The first three of the seven petitions in Matthew address God.,,,,entailment,1,0.9677395224571228
2213,who divides the power between central and state government,,False,I don't know,,,,contradiction,0,0.12631337344646454,"The governor is appointed by the President of India for a term of five years, and holds office at the President's pleasure.",,,,entailment,1,0.6059358716011047
2214,what position did damarious randall play in college,,False,I don't know,,,,contradiction,0,0.16227760910987854,"Damarious Randall Tr> Tr> Th colspan=""2""> Randall with the Packers in 2015 /Td> /Tr> Tr> Th> Position : /Th> T",,,,contradiction,0,0.3883780241012573
2215,who founded the first french colony in north america,Jacques Cartier,True,I don't know,0.0,0.0,0.0,contradiction,0,0.0023647609632462263,Europeans,0.0,0.0,0.0,contradiction,0,0.008352124132215977
2216,where is chitin found in the human body,,False,I don't know,,,,contradiction,0,0.16210152208805084,                               ,,,,neutral,0,0.15232372283935547
2217,what is the speed limit on route 66,,False,I don't know,,,,contradiction,0,0.006413586903363466,) is a system of safety measures designed to protect the driver from the effects of a rollover.,,,,neutral,0,0.02841220423579216
2218,what are the types of alternative dispute resolution,negotiation,True,I don't know,0.0,0.0,0.0,neutral,0,0.1451907902956009,The United States was a country that had a high rate of property crime.,0.0,0.0,0.0,neutral,0,0.13693571090698242
2219,who was the first draft pick in the 2018 nba,Deandre Ayton,True,I don't know,0.0,0.0,1.0,contradiction,0,0.1134234070777893,"The 2018 NBA draft is scheduled for June 21, 2018.",0.0,0.0,1.0,entailment,1,0.9769986271858215
2220,what is a box spring called in the uk,divan,True,I don't know,0.0,0.0,0.0,contradiction,0,0.3382881283760071,The location of the geographical centre of the United Kingdom is a question of geography.,0.0,0.0,0.0,neutral,0,0.4087492525577545
2221,who did kenyan drake back up at alabama,,False,I don't know,,,,contradiction,0,0.1825137734413147,"The player was born in Powder Springs, Georgia.",,,,entailment,1,0.9509528279304504
2222,what is the climate in the west region,,False,I don't know,,,,neutral,0,0.09685733169317245,"The climate of Asia is wet across southeast sections, and dry across much of the interior.",,,,entailment,1,0.947920560836792
2223,back to life back to reality lyrics meaning,,False,I don't know,,,,neutral,0,0.015004151500761509,The single was released in 1925.,,,,neutral,0,0.11407025158405304
2224,where does publishers clearing house get their funding,merchandise,True,original '',0.0,0.0,0.0,neutral,0,0.31743124127388,original.,0.0,0.0,0.0,entailment,1,0.3483244478702545
2225,what is the average reading words per minute,,False,I don't know,,,,contradiction,0,0.13539984822273254,The metric system is an internationally recognised decimalised system of measurement.,,,,neutral,0,0.11120406538248062
2226,who plays louie in stuck in the middle,Nicolas Bechtel,True,I don't know,0.0,0.0,1.0,entailment,1,0.4542270600795746,The creators of Stuck in the Middle are:,0.0,0.0,1.0,entailment,1,0.5044426321983337
2227,what are the primary colours in visual arts,,False,I don't know,,,,neutral,0,0.38829171657562256,skin.,,,,neutral,0,0.22773529589176178
2228,which structure in the urinary system carries urine to the bladder,ureters,True,I don't know,0.0,0.0,1.0,contradiction,0,0.30813834071159363,The human urinary system is the human urinary system.,0.0,0.0,1.0,entailment,1,0.9547328948974609
2229,when was the spca established in south africa,1872,True,I don't know,0.0,0.0,0.0,neutral,0,0.004153661895543337,The expansion of the British Empire allowed these rules of football to spread to areas of British influence outside the directly controlled Empire.,0.0,0.0,0.0,neutral,0,0.018162548542022705
2230,who used to present a question of sport,,False,I don't know,,,,neutral,0,0.14019639790058136,The game was created by Nick Hunter.,,,,neutral,0,0.00891756359487772
2231,what was the name given to the nile delta about one hundred miles from the mediterranean,,False,Midian,,,,contradiction,0,0.32860299944877625,The kingdoms of Sodom and Go were ruled by the kings of Sodom and Go.,,,,neutral,0,0.2327469289302826
2232,when did northern ireland become its own country,1921,True,I don't know,0.0,0.0,1.0,contradiction,0,0.18736833333969116,"Northern Ireland Tuaisceart Éireann ( Irish ) Norlin Airlann ( Ulster Scots ) /Th> /Tr> Tr> Td colspan=""2""> Northern Ireland Tuaisceart É",0.0,0.0,1.0,entailment,1,0.8154218792915344
2233,how many times has itay won the world cup,four,True,I don't know,0.0,0.0,1.0,neutral,0,0.24105551838874817,South America.,0.0,0.0,1.0,neutral,0,0.03297194465994835
2234,when does season 5 of lab rats start,,False,"On April 12, 2017, 92 episodes of Major Crimes have aired, concluding the fifth season.",,,,neutral,0,0.14649464190006256,"The first episode of the series premiered on January 18, 2015, on Disney Channel.",,,,contradiction,0,0.038794927299022675
2235,who plays babita in taarak mehta ka ooltah chashmah,Munmun Dutta,True,I don't know,0.0,0.0,0.0,neutral,0,0.13267120718955994,"The series premiered on Disney Channel on February 14, 2016.",0.0,0.0,0.0,neutral,0,0.0020013691391795874
2236,what is the highest ranking officer in the army,,False,Chief of Naval Staff,,,,entailment,1,0.7602800130844116,"The United States Armed Forces determine precedence among commissioned officers, in particular those who hold the same rank.",,,,entailment,1,0.941239595413208
2237,who is the minister of local government and housing,The Rt Hon. James Brokenshire,True,I don't know,0.0,0.0,1.0,contradiction,0,0.2706894874572754,"The Ministry of Housing, Communities and Local Government is a government agency.",0.0,0.11764705882352941,1.0,entailment,1,0.7916028499603271
2238,where did cypress hill get their name from,after a street in South Gate,True,Yangtze river,0.0,0.0,0.0,contradiction,0,0.14847338199615479,Yangtze river.,0.0,0.0,0.0,contradiction,0,0.1344214379787445
2239,who plays brittany on young and the restless,Vanessa Lee Evigan,True,I don't know,0.0,0.0,0.0,neutral,0,0.23075562715530396,The Young and the Restless character /Th> /Th> /Th> /Th> /Th> /Th> /Th> /Th> /Th> /Th> /Th> ,0.0,0.0,0.0,entailment,1,0.6704438328742981
2240,describe the valley of the somme river as it looked before the battle,,False,I don't know,,,,contradiction,0,0.033043209463357925,The battles of the Mexican -- American War include all major engagements and most reported skirmishes.,,,,contradiction,0,0.01121277455240488
2241,pirates of the caribbean dead man tells no tales story,,False,I don't know,,,,neutral,0,0.1775093376636505,The Catskill Mountains,,,,entailment,1,0.7597699761390686
2242,fundamental rights of india are taken from which country,,False,I don't know,,,,contradiction,0,0.009367707185447216,States within India,,,,contradiction,0,0.16197358071804047
2243,tremors a cold day in hell filming location,in the Cape Town area,True,I don't know,0.0,0.0,0.0,contradiction,0,0.032475244253873825,"The film was actually made in Sparta, Illinois, while most seasons of the television series were filmed in Covington, Georgia, east of Atlanta ( and near the real I - 20 ).",0.0,0.1176470588235294,0.0,entailment,1,0.49526122212409973
2244,which of the following atomic particles may vary for atoms of a given element,,False,I don't know,,,,contradiction,0,0.11272978037595749,The mass number is not the same as the atomic number.,,,,entailment,1,0.9686222672462463
2245,where is river falls wisconsin on the map,,False,I don't know,,,,neutral,0,0.12168636173009872,The coordinates are: 44 ° 51 ′ 31 '' N 92 ° 37 ′ 30 '' W / 44.85861 ° N 92.62500 ° W / 44.85861 ; - 92.62500 Coordinates:,,,,neutral,0,0.3319992423057556
2246,when was don't tread on me created,,False,I don't know,,,,contradiction,0,0.14808666706085205,The Gadsden flag is a historical American flag with a yellow field depicting a rattlesnake coiled and ready to strike.,,,,entailment,1,0.9689217805862427
2247,which of the following statement is not correct about using des in cbc mode,,False,EPA,,,,contradiction,0,0.42305564880371094,EPA,,,,contradiction,0,0.42305564880371094
2248,all work and no play makes jack a dull boy in hindi,,False,I don't know,,,,contradiction,0,0.15648715198040009,The NAIRU is a theory based on the concept of the Non-Accelerating Inflation Rate of Unemployment ( NAIRU ).,,,,neutral,0,0.14601485431194305
2249,who wanted to create a railroad from cape town to cairo,Cecil Rhodes,True,I don't know,0.0,0.0,0.0,neutral,0,0.0443052276968956,"Sir William Muir, KCSI",0.0,0.0,0.0,neutral,0,0.012002439238131046
2250,when did half pennies stop being legal tender,December 1984,True,I don't know,0.0,0.0,0.0,contradiction,0,0.19653478264808655,Queen Elizabeth II /Td> /Tr> /Tr> Tr> Th> Design /Th> Td> 1968 -- present /Td> /Tr> /Tr> ,0.0,0.0,0.0,neutral,0,0.0623311921954155
2251,is anyone still alive from the cast of the wizard of oz,,False,I don't know,,,,contradiction,0,0.09857411682605743,Misty May - Treanor of season seven was forced to pull out after an ankle injury ; Tom DeLay of season nine reportedly withdrew  due to stress fractures in both of his feet '' ; Dorothy Hamill of season sixteen withdrew due,,,,neutral,0,0.12434620410203934
2252,where did indiana jones and the last crusade take place,,False,I don't know,,,,contradiction,0,0.21950216591358185,"The sentence ""Rip Van Winkle '' is true because the sentence ""Rip Van Winkle '' is true.",,,,entailment,1,0.5607054829597473
2253,who plays who in world cup knock out stages,,False,I don't know,,,,neutral,0,0.07969172298908234,The 2018 FIFA World Cup qualification UEFA Group D was one of the nine UEFA groups for 2018 FIFA World Cup qualification.,,,,entailment,1,0.9886986613273621
2254,when was the first weather satellite launched into space,"February 17, 1959",True,I don't know,0.0,0.0,0.0,contradiction,0,0.12414290755987167,"The agency was founded on December 2, 1970.",0.0,0.0,0.0,contradiction,0,0.019768496975302696
2255,what is the most popular music in cuba,Son,True,I don't know,0.0,0.0,1.0,contradiction,0,0.2388865053653717,/P>,0.0,0.0,1.0,contradiction,0,0.3754197657108307
2256,what is the miracle mile in tucson arizona,,False,I don't know,,,,contradiction,0,0.11712532490491867,"The ball was 1.6 million feet ( 490,000 m ) of twine and 11 - foot - diameter ( 3.4 m ) when he died in 1974.",,,,neutral,0,0.019857557490468025
2257,how long is the ferry from bainbridge to seattle,8.6 miles,True,I don't know,0.0,0.0,1.0,neutral,0,0.18496555089950562,The ferry Wenatchee is a ferry operated by Washington State Ferries.,0.0,0.0,1.0,entailment,1,0.9179075956344604
2258,achievement of a cricketer out first ball for zero in both innings,a king pair,True,I don't know,0.0,0.0,0.0,contradiction,0,0.11923470348119736,The most recent bowler to achieve the feat was English spin bowler Moeen Ali against South Africa on 31 July 2017.,0.0,0.0,0.0,neutral,0,0.30197015404701233
2259,who sang the songs in la bamba movie,,False,I don't know,,,,neutral,0,0.13787735998630524,"The film version of  New York, New York '' was a song from the 1944 musical On the Town and the 1949 MGM musical film of the same name.",,,,entailment,1,0.7468197345733643
2260,psych episode where shawn and juliet start dating,"""In Plain Fright"" (5.11)",True,I don't know,0.0,0.0,0.0,neutral,0,0.1808745414018631,"On May 16, 2016, MTV announced the renewal of the series for a fifth season and final season.",0.0,0.0,0.0,contradiction,0,0.022411413490772247
2261,harry chapin there are so many colors in the rainbow,,False,primary colors,,,,neutral,0,0.11466365307569504,The primary colors are a set of physical pigmented media or colored lights that can be combined in varying amounts to produce a  gamut '' of colors.,,,,neutral,0,0.04550503194332123
2262,are there different types of staffordshire bull terriers,,False,I don't know,,,,contradiction,0,0.24366162717342377,"Red, fawn, white, black or blue, or any of these colours with",,,,neutral,0,0.297290176153183
2263,who wrote the song burning down the house,,False,BWV 156,,,,neutral,0,0.03574385121464729,The song was written and published by Chicago - based George F. Root.,,,,entailment,1,0.9649186134338379
2264,who plays the tall guy in the greatest showman,,False,I don't know,,,,neutral,0,0.12457597255706787,The first appearance of Albus Dumbledore was in Harry Potter and the Goblet of Fire.,,,,neutral,0,0.0880676656961441
2265,the galápagos islands are part of what country quizlet,the Republic of Ecuador,True,Mexico,0.0,0.0,0.0,contradiction,0,0.17581257224082947,The discussion has faltered over similar points as the Doha Development Round of World Trade Organization ( WTO ) talks ; developed nations seek expanded trade in services,0.0,0.13793103448275865,0.0,neutral,0,0.0141690568998456
2266,right to counsel clause of the sixth amendment,,False,I don't know,,,,neutral,0,0.15885117650032043,European Convention on Human Rights,,,,neutral,0,0.11302987486124039
2267,when did dancing with the stars start this season,"September 24, 2018",True,I don't know,0.0,0.0,0.0,neutral,0,0.13349784910678864,"The show premiered on NBC on May 29, 2018.",0.0,0.16666666666666666,0.0,contradiction,0,0.008103698492050171
2268,where does the last name russell come from,,False,I don't know,,,,contradiction,0,0.2364654392004013,"The sentence ""Steve Rowe /Th> /Tr> /Tr> Th> Tr> Th> Td> Stephen Joseph Rowe July 1967 ( age 50 -- 51 ) /Td> /",,,,entailment,1,0.9173943400382996
2269,mention the different religions that are practiced in kerala,,False,I don't know,,,,neutral,0,0.04023639112710953,Karnataka is in South India.,,,,entailment,1,0.5532951354980469
2270,who was the basketball player that died on the court,"Eric ""Hank"" Gathers",True,I don't know,0.0,0.0,0.0,contradiction,0,0.013009742833673954,Wilt Chamberlain ( four ),0.0,0.0,0.0,contradiction,0,0.08925580978393555
2271,when was the first satellite put in space,"October 4, 1957",True,I don't know,0.0,0.0,0.0,contradiction,0,0.31491273641586304,The mission type is Earth science.,0.0,0.0,0.0,entailment,1,0.8847806453704834
2272,how long is an inmate on death row,an average of 178 months (roughly 15 years) between sentencing and execution,True,I don't know,0.0,0.0,0.0,neutral,0,0.09370569884777069,The production company responsible for the series is Adelstein - Parouse Productions.,0.0,0.0,0.0,neutral,0,0.00950938742607832
2273,who wore number 80 for the philadelphia eagles,,False,I don't know,,,,neutral,0,0.1375199407339096,The height of the player is 33.,,,,neutral,0,0.010841083712875843
2274,who was the modern blues guitarist from austin texas who was known for his fast playing,,False,I don't know,,,,contradiction,0,0.21786361932754517,"Stephen Ray Vaughan /Tr> Tr> Th colspan=""2"">",,,,entailment,1,0.8791003227233887
2275,activation of initiator pro-caspases 8 9 and 10 requires,,False,I don't know,,,,neutral,0,0.07582857459783554,It can be a depressant.,,,,neutral,0,0.08680416643619537
2276,download mp3 song im in love with the shape of you,,False,I don't know,,,,contradiction,0,0.27246442437171936,"/Th> /Tr> Th colspan=""2""> /Tr> Th colspan=""2""> /Tr> Th colspan=""2""> Single by Kelly Clarkson /Th> ",,,,entailment,1,0.5313528180122375
2277,how did the reasons for settlement affect the development of each english colony,,False,I don't know,,,,neutral,0,0.005153742153197527,Europeans.,,,,neutral,0,0.052864860743284225
2278,sea otters have been used as an example of the keystone species concept. this means that sea otters,,False,I don't know,,,,neutral,0,0.03595031425356865,Omnivores come from diverse backgrounds that often independently evolved sophisticated consumption capabilities.,,,,neutral,0,0.43703600764274597
2279,who played mini-me in the austin power movies,Verne Jay Troyer,True,I don't know,0.0,0.0,0.0,contradiction,0,0.04224483668804169,"The focus was primarily on Klaus ( Joseph Morgan ), Elijah ( Daniel Gillies ), and Rebekah ( Claire Holt ) who found out in the backdoor pilot, aired on April 25, 2013, how Hayley Marshall ( Pho",0.0,0.0,0.0,contradiction,0,0.001982784131541848
2280,law of the jungle lee soo geun episode,,False,I don't know,,,,contradiction,0,0.19997741281986237,I Can Hear Your Voice /Th> /Th> /Th> /Tr> Tr> Tr> Th> Also known as /Th> Td> I Hear Your Voice The Voice You Ca ,,,,entailment,1,0.5952098369598389
2281,now that's what i call music 21 uk,,False,I don't know,,,,neutral,0,0.22346268594264984,The song was written by George Martin and George Martin.,,,,neutral,0,0.01685250736773014
2282,waylon jennings dukes of hazzard theme song live,,False,I don't know,,,,neutral,0,0.14853481948375702,"The album Have a Nice Day was released on January 30, 2006.",,,,entailment,1,0.9789162278175354
2283,who has won the most wars between england and france,,False,I don't know,,,,neutral,0,0.1910276561975479,The end of the Seven Years'War ( known as the French and Indian War in North America ) /Td> /Tr> Tr> Th> Signed /Th> Td> 10 February 1763 ( 1763 ,,,,entailment,1,0.8266575932502747
2284,the pollution of love canal in new york was caused by ____,massive dumping of toxic waste,True,I don't know,0.0,0.0,0.0,neutral,0,0.34824398159980774,"The sentence ""All work and no play makes Jack"" is missing.",0.0,0.0,0.0,neutral,0,0.05840546265244484
2285,who is responsible for founding the american financial system,the Bank of the United States,True,I don't know,0.0,0.0,0.0,contradiction,0,0.014122461900115013,"The seven Founding Fathers are John Adams, Benjamin Franklin, Alexander Hamilton, John Jay, Thomas Jefferson, James Madison, and George Washington.",0.0,0.07692307692307691,0.0,entailment,1,0.8871588110923767
2286,who built the san diego de alcala mission,Spanish friar Junípero Serra,True,I don't know,0.0,0.0,0.0,contradiction,0,0.14341558516025543,The mission was founded in 1854.,0.0,0.0,0.0,neutral,0,0.011903748847544193
2287,is ampulla of vater part of the pancreas,,False,I don't know,,,,neutral,0,0.22653049230575562,"The round ligament of the uterus goes from the pelvis, passes through the internal abdominal ring, and runs along the inguinal canal to the labia majora.",,,,entailment,1,0.7006404399871826
2288,who won the fifa under 17 world cup 2017,England,True,I don't know,0.0,0.0,1.0,neutral,0,0.18085934221744537,The 2017 FIFA U-17 World Cup was held from 6 to 28 October.,0.0,0.0,1.0,entailment,1,0.9750443696975708
2289,what is the function of the uropods and telson and what feature indicates this function,,False,I don't know,,,,contradiction,0,0.30813834071159363,The human urinary system is the human urinary system.,,,,entailment,1,0.9547328948974609
2290,who does england play in the world cup,,False,I don't know,,,,neutral,0,0.13626506924629211,UEFA Group D was one of the nine UEFA groups for 2018 FIFA World Cup qualification.,,,,entailment,1,0.8650920987129211
2291,where does the captain sleep on a ship,,False,I don't know,,,,neutral,0,0.2090071141719818,/P> /P> /P> /P> /P> /P> /P> /P> /P> /P> /P> /P> /P,,,,contradiction,0,0.20696516335010529
2292,what is the hottest temperature ever recorded in utah,117 °F / 47 °C,True,I don't know,0.0,0.0,0.0,neutral,0,0.008493517525494099,"Utah, United States",0.0,0.0,0.0,neutral,0,0.061495888978242874
2293,what song are the chicago cubs fans singing,,False,I don't know,,,,neutral,0,0.06261171400547028,Butterfield's melody,,,,entailment,1,0.9085809588432312
2294,how old do you have to be to play detroit become human,,False,I don't know,,,,contradiction,0,0.13450206816196442,"The 40 - man roster includes the players on the team's seven - or 10 - day disabled list, who are on paternity leave for up to three days, or who are in the franchise's farm teams in Minor League Baseball.",,,,neutral,0,0.0554748997092247
2295,what is the meaning of reservation in india,,False,I don't know,,,,contradiction,0,0.06362660229206085,India.,,,,contradiction,0,0.10564371943473816
2296,who sings the 4 song on sesame street,Feist,True,I don't know,0.0,0.0,0.0,neutral,0,0.037691760808229446,"Kilmer is most remembered for  Trees '', which has been the subject of frequent parodies and references in popular culture.",0.0,0.0,0.0,entailment,1,0.9801967144012451
2297,how many spaces after a period in chicago style,,False,I don't know,,,,neutral,0,0.06551533192396164,The coordinates of the location are: 40 ° 45 ′ 1 '' N 73 ° 59 ′ 18 '' W / 40.75028 °.,,,,neutral,0,0.3012930750846863
2298,who is the highest goal scorer for real madrid,Cristiano Ronaldo,True,I don't know,0.0,0.0,1.0,contradiction,0,0.07638511806726456,Arsenal has won a total of 57 games.,0.0,0.0,1.0,neutral,0,0.003512984374538064
2299,what's the name of the little rascals dog,Pete the Pup,True,I don't know,0.0,0.0,1.0,contradiction,0,0.06745507568120956,"They are able to adapt to the modern world, they are able to live a rich and glamorous life",0.0,0.09090909090909091,1.0,neutral,0,0.005132878664880991
2300,the prohibited discrimination in hiring promotion and compensation,,False,I don't know,,,,neutral,0,0.027321187779307365,"The Interstate Commerce Act of 1887 was a federal law that was designed to regulate the railroad industry, particularly its monopolistic practices.",,,,neutral,0,0.049736037850379944
2301,when did the warriors play in san francisco,,False,I don't know,,,,neutral,0,0.17166051268577576,Oakland Raiders owner,,,,entailment,1,0.852023184299469
2302,10th highest rated korean drama of all time,,False,I don't know,,,,neutral,0,0.011445244774222374,The first Blu - ray and DVD compilation compilation.,,,,neutral,0,0.022207805886864662
2303,association of the sons of liberty in new york,,False,I don't know,,,,contradiction,0,0.08355057239532471,The Declaration of Independence /Tr> /Th> /Th> /Th> /Th> /Th> /Th> /Th> /Th> /Th> /Th> /Th,,,,contradiction,0,0.26398634910583496
2304,what are the values of the national honor society,,False,I don't know,,,,neutral,0,0.05085355415940285,The United States plus Alaska and Hawaii are the only contiguous states in the United States.,,,,neutral,0,0.01073463074862957
2305,who had the right to vote in british colonies,,False,Constitution,,,,neutral,0,0.022571710869669914,The constitution was drafted by a committee of detail.,,,,neutral,0,0.0012656121980398893
2306,who did our lady of guadalupe appeared to,,False,I don't know,,,,contradiction,0,0.13884863257408142,The Virgin Mary is the patronage of the seven churches.,,,,neutral,0,0.28687363862991333
2307,when did nigeria launched its first satellite nigeriasat-1,27 September 2003,True,I don't know,0.0,0.0,0.0,neutral,0,0.2228451371192932,The UK has a share of 0.21 % of the population.,0.0,0.0,0.0,neutral,0,0.032917700707912445
2308,when did the medieval times start and finish,5th to the 15th century,True,I don't know,0.0,0.0,1.0,neutral,0,0.13401265442371368,The Carolingian Empire covered much of Western Europe but later succumbed to the pressures of internal civil wars combined with external invasion.,0.0,0.14814814814814814,1.0,neutral,0,0.058030642569065094
2309,what ion is produced by an acid in aqueous solution,,False,chemical equations,,,,neutral,0,0.2141769677400589,chemical equations,,,,neutral,0,0.2141769677400589
2310,what kind of water is found in the littoral zone of a lake apex,,False,I don't know,,,,contradiction,0,0.13868455588817596,ocean.,,,,neutral,0,0.37429025769233704
2311,what is the origin of day of the dead,,False,I don't know,,,,entailment,1,0.4795408546924591,The Black Death.,,,,contradiction,0,0.15767577290534973
2312,when did the democratic and republican parties start,,False,I don't know,,,,contradiction,0,0.19087816774845123,"Tr> Th colspan=""2""> Democratic - Republican Party /Th> /Th> Tr> Th colspan=""2""> People's Party /Th> /Tr> T",,,,contradiction,0,0.1305542290210724
2313,why are there 10 days between rosh hashanah and yom kippur,,False,I don't know,,,,neutral,0,0.24129287898540497,The month of Elul Selichot is the month of Elul Selichot.,,,,entailment,1,0.8917269110679626
2314,list of indian athletes qualified for rio olympics,,False,I don't know,,,,neutral,0,0.08229256421327591,"India at the 2016 Summer Olympics /Th> /Tr> Tr> Td colspan=""2""> /Tr> /Tr> Tr> Tr> Tr> Tr",,,,neutral,0,0.3356492519378662
2315,where are the withers located on a horse,the ridge between the shoulder blades,True,I don't know,0.0,0.0,0.0,neutral,0,0.08259695768356323,"The round ligament of the uterus goes from the pelvis, passes through the internal abdominal ring, and runs along the inguinal canal to the labia majora.",0.0,0.125,0.0,neutral,0,0.03915388882160187
2316,who played clark kent in man of steel,,False,I don't know,,,,neutral,0,0.03244957700371742,The series also appear in the supplemental digital series Marvel's Agents of S.H.I.E.L.D. : Slingshot.,,,,neutral,0,0.003849507076665759
2317,andy gibb's i just want to be your everything,,False,Andy Gibb,,,,entailment,1,0.5697536468505859,Barry.,,,,neutral,0,0.25638940930366516
2318,when were camels introduced into the middle east,not earlier than the last third of the 10th century [BC] and most probably during this time.,True,Egypt,0.0,0.0,0.0,neutral,0,0.04679783061146736,"The Nile valley in Egypt had been home to agricultural settlements as early as 5500 BCE, but the growth of Egypt as a civilization began around 3100 BCE.",0.0,0.13333333333333333,0.0,neutral,0,0.044202983379364014
2319,what are the hardware parts of the computer,"the physical parts or components of a computer, such as the central processing unit, monitor, keyboard, computer data storage, graphic card, sound card, speakers and motherboard",True,I don't know,0.0,0.0,1.0,neutral,0,0.03112085722386837,The control unit is a component of a computer's central processing unit ( CPU ) that directs the operation of the processor.,0.0,0.3043478260869565,1.0,entailment,1,0.9762867093086243
2320,who played belle on days of our lives,,False,Pat Falken Smith,,,,entailment,1,0.4492400884628296,Pat Falken Smith /Td> /Tr> Tr> Tr> Th>,,,,contradiction,0,0.2771943509578705
2321,play your own kind of music mama cass,,False,I don't know,,,,neutral,0,0.2194780856370926,"Gwen Guthrie /Tr> /Tr> /Tr> /Tr> /Tr> Th colspan=""2""> Single by Gwen Guthrie /Th> /Th>",,,,entailment,1,0.606075644493103
2322,when is an economy said to be at full employment,,False,I don't know,,,,neutral,0,0.03899608179926872,"The term ""full employment"" is a synonym for ""the level of employment rates where there is no cyclical or deficient - demand unemployment.""",,,,entailment,1,0.6463009119033813
2323,when did lean wit it rock wit it come out,"January 17, 2006",True,I don't know,0.0,0.0,1.0,neutral,0,0.2282283753156662,/Th> /Tr> /Tr> /Tr> /Tr> /Tr> /Tr> /Th> /Th> /Th> /Th> /,0.0,0.0,1.0,neutral,0,0.3834703266620636
2324,brightest star in the constellation lyra dan word,Vega,True,I don't know,0.0,0.0,1.0,contradiction,0,0.058097753673791885,The star is located in the Orion -- Cygnus Arm of the Milky Way.,0.0,0.0,1.0,neutral,0,0.34453055262565613
2325,how long did it take the chinese to build the great wall of china,,False,I don't know,,,,contradiction,0,0.06176965683698654,The Great Fire of Rome was an urban fire in the year AD 64.,,,,contradiction,0,0.08360336720943451
2326,why is orange is the new black season 5 not on netflix,,False,I don't know,,,,neutral,0,0.23155002295970917,The United States /Td>,,,,neutral,0,0.2329832762479782
2327,what is the song you're gonna miss this about,,False,Adkins,,,,entailment,1,0.5607724785804749,"Trace Adkins /Th> /Tr> Tr> Th colspan=""2""> /Tr> Tr> Th colspan=""2""> Single by Trace Adkins /Th> ",,,,entailment,1,0.5857656598091125
2328,when did the agricultural revolution began in england,,False,I don't know,,,,neutral,0,0.21948906779289246,Industrial Revolution was the transition to new manufacturing processes in the period from about 1760 to sometime between 1820 and 1840.,,,,neutral,0,0.37955978512763977
2329,who did auburn lose to in football this year,Oklahoma,True,I don't know,0.0,0.0,0.0,contradiction,0,0.18499349057674408,"Auburn, Alabama /Td> /Tr> /Tr> /Tr> /Tr> /Tr> /Tr> /Tr> /Tr> /Tr>",0.0,0.0,0.0,neutral,0,0.4050780236721039
2330,what was the name of the social and political system that held japan together from 1400 to 1800,,False,I don't know,,,,neutral,0,0.12970441579818726,The Imperial Seal was a symbol of Japan during the Cold War.,,,,neutral,0,0.16187335550785065
2331,when does the next episode of rosanne air,,False,Bon Bon the Birthday Clown '' marked the mid-season finale for the second season,,,,entailment,1,0.6791907548904419,"The Birthday Clown '' marked the mid-season finale for the second season, according to Nefcy.",,,,neutral,0,0.05636027827858925
2332,the young person's guide to becoming a rockstar dvd,,False,I don't know,,,,neutral,0,0.1831732988357544,Beyblade Burst Evolution was adapted by Beyblade Burst.,,,,neutral,0,0.16545768082141876
2333,who has the longest win streak in mma,Anderson Silva,True,I don't know,0.0,0.0,0.0,contradiction,0,0.019832314923405647,The NBA.,0.0,0.0,0.0,contradiction,0,0.13346682488918304
2334,where is season 6 game of thrones filmed,,False,I don't know,,,,neutral,0,0.03161918744444847,The first six seasons of Game of Thrones are available on DVD and Blu - ray.,,,,entailment,1,0.9823110103607178
2335,mercedes benz a class front or rear wheel drive,front wheel drive,True,I don't know,0.0,0.0,1.0,neutral,0,0.029703492298722267,"The Yakovlev engine factory and the Freze carriage - manufacturing workshop manufactured the first Russian petrol - engine automobile, the Yakovlev & Freze.",0.0,0.0,1.0,neutral,0,0.04810398817062378
2336,who are the candidates running for governor of maine,Shawn Moody,True,I don't know,0.0,0.0,1.0,contradiction,0,0.33958932757377625,"Maine gubernatorial election, 2018 Tr> /Tr> /Tr> /Tr> /Tr> /Tr> /Tr> /Tr> /Tr>",0.0,0.0,1.0,entailment,1,0.8494296669960022
2337,who sings i can't fight this feeling,REO Speedwagon,True,When the River Meets the Sea,0.0,0.0,0.0,neutral,0,0.19944776594638824,The song was written by Paul Williams for Jim Henson's 1977 HBO special Emmet Otter's Jug - Band Christmas.,0.0,0.0,0.0,contradiction,0,0.0022440357133746147
2338,who turned piper in orange is the new black,,False,I don't know,,,,contradiction,0,0.19832588732242584,"Piper Chapman /Th> /Tr> Tr> Td colspan=""2""> Orange Is the New Black character /Td> /Tr> Tr> Td colspan=""",,,,entailment,1,0.6245231628417969
2339,where are all the hard rock cafes located,,False,I don't know,,,,contradiction,0,0.11008761078119278,The music industry is a major industry in the United States.,,,,neutral,0,0.3029014766216278
2340,song at the end of the running man,,False,I don't know,,,,contradiction,0,0.21749792993068695,The last song was sung by John Denver and Robin the Frog in the 1979 television special John Denver and the Muppets : A Christmas Together.,,,,entailment,1,0.9334700703620911
2341,what's the highest elevation in new mexico,Wheeler Peak,True,I don't know,0.0,0.0,0.0,contradiction,0,0.18727920949459076,"The nearest city to Carlsbad, New Mexico, U.S. /Td> /Tr> /Tr> Tr> Tr> Tr> Tr> Tr> Tr",0.0,0.0,0.0,neutral,0,0.1795266717672348
2342,when did the vikings first reach the shores of britain,793,True,I don't know,0.0,0.0,0.0,neutral,0,0.022515220567584038,"The Vikings explored the area of coastal North America explored by Vikings, presumably including both Newfoundland and the Gulf of Saint Lawrence as far as northeastern New Brunswick ( where the eponymous grapevines are found ).",0.0,0.0,0.0,neutral,0,0.34739580750465393
2343,what movie is the line warriors come out and play from,,False,I don't know,,,,contradiction,0,0.16450785100460052,The original network of Game of Thrones is NBC.,,,,neutral,0,0.013448967598378658
2344,who has scored the most points in a playoff game,,False,I don't know,,,,contradiction,0,0.08227270841598511,Bill Russell.,,,,entailment,1,0.9414116740226746
2345,what was the purpose of the works progress administration,employing millions of people (mostly unskilled men) to carry out public works projects,True,I don't know,0.0,0.0,0.0,contradiction,0,0.2048197090625763,"The Great Depression was a severe worldwide economic depression that took place mostly during the 1930s, originating in the United States.",0.0,0.058823529411764705,0.0,neutral,0,0.204311802983284
2346,when did ohio state last lose at home,,False,I don't know,,,,neutral,0,0.16871672868728638,"Michigan Wolverines Ohio State Buckeyes /Tr> /Tr> Tr> Th> First meeting /Th> Td> October 16, 1897 Michigan 34, Ohio State 0 /Td> ",,,,neutral,0,0.11857142299413681
2347,where did the seneca tribe live in ohio,,False,I don't know,,,,neutral,0,0.16783839464187622,The Seneca reservation is located in the United States.,,,,entailment,1,0.5030356049537659
2348,what is made up of charged particles that continually escape from the corona,solar wind,True,I don't know,0.0,0.0,1.0,contradiction,0,0.27546823024749756,"The proton is composed of two up quarks, one down quark, and the gluons that mediate the forces  binding '' them together.",0.0,0.0,1.0,neutral,0,0.2655999958515167
2349,who is the winner of supper dancer 2018,Bishal Sharma,True,I don't know,0.0,0.0,0.0,contradiction,0,0.22906899452209473,The World of Dance /Th> /Th> /Th> /Th> /Th> /Th> /Th> /Th> /Th> /Th> /Th> /Th>,0.0,0.0,0.0,entailment,1,0.6374778747558594
2350,advantages of drying as a method of food preservation,"inhibits the growth of bacteria, yeasts, and mold",True,Old,0.0,0.0,0.0,neutral,0,0.4413893520832062,"The vast majority of wine is not aged, and even wine that is aged is often sold for extraordinary prices.",0.0,0.21428571428571425,0.0,neutral,0,0.003077237168326974
2351,what uses the energy found within a proton gradient to drive the synthesis of atp,oxidative phosphorylation or photophosphorylation,True,I don't know,0.0,0.0,0.0,neutral,0,0.06387514621019363,ATP synthase.,0.0,0.0,0.0,neutral,0,0.13224954903125763
2352,what are the songs on just dance 2015,,False,I don't know,,,,contradiction,0,0.18213538825511932,Just Dance 2015 /Th> /Th> /Th> /Th> /Th> /Th> /Th> /Th> /Th> /Th> /Th> /Th> ,,,,entailment,1,0.570340096950531
2353,raj kumar goel institute of technology ghaziabad uttar pradesh,,False,I don't know,,,,neutral,0,0.05813487246632576,The country /Th> is India.,,,,neutral,0,0.41718918085098267
2354,what is the purpose of a usdot number,,False,I don't know,,,,contradiction,0,0.02251829020678997,VINs were first used in the United States.,,,,contradiction,0,0.013393389992415905
2355,who are the characters in green eggs and ham,Sam-I-am,True,I don't know,0.0,0.0,0.0,neutral,0,0.024555537849664688,"The proverb originated in Wales, and was particularly prevalent in Pembrokshire.",0.0,0.0,0.0,contradiction,0,0.22160416841506958
2356,when did education become free in the us,,False,America,,,,entailment,1,0.5239059329032898,United States of America,,,,entailment,1,0.8108134865760803
2357,baby won't you please come home clarence williams,,False,I don't know,,,,neutral,0,0.28657272458076477,"The album Come Back When You Grow Up was released on June 9, 1967.",,,,neutral,0,0.001125721842981875
2358,which waterway connects the mediterranean sea with red sea,Suez Canal,True,I don't know,0.0,0.0,1.0,neutral,0,0.08950232714414597,The Nile Delta is located in the northwest Arabian Peninsula.,0.0,0.0,1.0,contradiction,0,0.0005249028909020126
2359,when did typhoon haiyan hit the philippines 2013,At 2040 UTC on November 7,True,I don't know,0.0,0.0,0.0,contradiction,0,0.16118034720420837,Highest winds /Th> 10 - minute sustained : 95.,0.0,0.0,0.0,neutral,0,0.05516969785094261
2360,what region of the world is fiji located in,,False,I don't know,,,,neutral,0,0.09799887239933014,a major area in the basin of the Pacific Ocean,,,,neutral,0,0.12180670350790024
2361,who are the current justices of the u.s. supreme court,John Roberts,True,I don't know,0.0,0.0,1.0,contradiction,0,0.24478420615196228,The current members of the United States Supreme Court are:,0.0,0.0,1.0,entailment,1,0.8094289898872375
2362,where is area code 203 located in california,,False,I don't know,,,,neutral,0,0.011532776057720184,Area codes 705 and 249 are telephone area codes that cover most of northeastern and central Ontario in Canada.,,,,entailment,1,0.7900024652481079
2363,how many seasons is there in the originals,5,True,I don't know,0.0,0.0,1.0,contradiction,0,0.03669654577970505,"The first episode of the series premiered on January 18, 2015, on Disney Channel. Succeeding episodes have premiered on Disney XD starting March 30, 2015. The series had been renewed for a second season a month before its Disney XD premiere.",0.0,0.0,1.0,entailment,1,0.38667401671409607
2364,who has the most lakes in the united states,,False,I don't know,,,,contradiction,0,0.1263011395931244,"Minnesota /Tr> /Tr> Tr> Td colspan=""2""> Table> Tr> Td> /Td> /Td> /Td> /",,,,entailment,1,0.6711426973342896
2365,does mike come out of a coma in desperate housewives,,False,New Orleans,,,,entailment,1,0.7801899909973145,The Mikaelson family and original vampires,,,,entailment,1,0.9727303981781006
2366,in the first century c.e. much of europe north africa and the middle east were under the rule of the,Roman Empire,True,I don't know,0.0,0.0,1.0,contradiction,0,0.15051372349262238,They were a Christian dynasty.,0.0,0.0,1.0,contradiction,0,0.015232439152896404
2367,who is the band in there's something about mary,,False,I don't know,,,,contradiction,0,0.06597646325826645,No.,,,,contradiction,0,0.24159745872020721
2368,who recorded the song ghost riders in the sky,,False,I don't know,,,,neutral,0,0.11175303906202316,"The song was first recorded by Corinne Morgan and Frank C. Stanley in 1905 and has been recorded since by many famous artists including opera tenors John McCormack and Jan Peerce, early country singer Fiddlin'John Carson, country singer Slim Whitman,",,,,neutral,0,0.008774545975029469
2369,when did the allies break out of normandy,25–31 July 1944,True,I don't know,0.0,0.0,0.0,contradiction,0,0.16703476011753082,"The map shows the territories held by Allied ( green ), Axis ( orange ), and neutral ( grey ) powers at the outbreak of hostilities in the Mediterranean /Td> /Tr> /Tr> Td col",0.0,0.0,0.0,entailment,1,0.9662554860115051
2370,lockheed martin long range discrimination radar (lrdr),,False,I don't know,,,,neutral,0,0.03420766070485115,The TC variant is essentially two aircraft flight instruments in one device.,,,,neutral,0,0.024237163364887238
2371,what does the song don't drop that thun thun mean,,False,I don't know,,,,neutral,0,0.24074497818946838,Gadsden flag is a historical American flag with a yellow field depicting a rattlesnake coiled and ready to strike.,,,,entailment,1,0.8250922560691833
2372,what channel number is the food network on comcast,,False,I don't know,,,,neutral,0,0.04762265458703041,The term  fast food '' was recognized in a dictionary by Merriam -- Webster in 1951.,,,,neutral,0,0.04055409133434296
2373,what happened to floyd the barber on the andy griffith show,,False,I don't know,,,,contradiction,0,0.007447378244251013,Drew Carey is the main protagonist of the series.,,,,contradiction,0,0.1795320361852646
2374,when do new jane the virgin episodes come out,,False,I don't know,,,,neutral,0,0.12047482281923294,The fifth season will be the show's last and will bring the series to 100 total episodes.,,,,neutral,0,0.023590611293911934
2375,how much does it cost to recycle aluminium,,False,I don't know,,,,neutral,0,0.03151923045516014,layer of a single layer.,,,,neutral,0,0.03270931541919708
2376,when did pubg mobile come out in china,"February 9, 2018",True,I don't know,0.0,0.0,1.0,neutral,0,0.033013224601745605,/Td> /Tr> /Tr> /Tr> /Tr> /Tr> /Tr> /Tr> /Tr> /Tr> /T,0.0,0.0,1.0,neutral,0,0.11037980765104294
2377,is leeds in the north west or north east,north-northwest of London,True,I don't know,0.0,0.0,0.0,neutral,0,0.01823306828737259,The motto is : Pro rege et lege ( Latin :  For king and the law '' ),0.0,0.0,0.0,neutral,0,0.013578077778220177
2378,can you ride a bike without a helmet in california,,False,I don't know,,,,contradiction,0,0.08302109688520432,The gun laws of California are some of the most restrictive in the United States.,,,,entailment,1,0.9810422658920288
2379,when does frank become president in house of cards,Chapter 26,True,I don't know,0.0,0.0,0.0,neutral,0,0.2443264275789261,"The President of the United States of America /Th> /Tr> /Tr> Td colspan=""2""> Presidential Seal /Tr> /Tr> Td colspan=""2""> Presidential Standard ",0.0,0.0,0.0,entailment,1,0.909329891204834
2380,what is the name of god in bible,,False,I don't know,,,,neutral,0,0.18107646703720093,Genesis.,,,,neutral,0,0.20763343572616577
2381,download song do you love me by jay sean,,False,I don't know,,,,neutral,0,0.22995471954345703,The song was written by Andre Lindal and Nasri.,,,,neutral,0,0.005929665174335241
2382,what is the name of current indian president,Ram Nath Kovind,True,I don't know,0.0,0.0,1.0,contradiction,0,0.14618729054927826,Ram Nath Kovind /Th> /Th> /Tr> /Tr> /Tr> /Tr> /Tr> /Tr> /Tr> /Tr>,0.0,0.375,1.0,entailment,1,0.46011799573898315
2383,when did postage go up to 49 cents,,False,I don't know,,,,neutral,0,0.02586200460791588,The United States Postal Service Act of 1970.,,,,neutral,0,0.20100925862789154
2384,where is late night with stephen colbert filmed,Ed Sullivan Theater in New York City,True,I don't know,0.0,0.0,0.0,neutral,0,0.06248990818858147,"The show premiered on April 17, 2011, on HBO.",0.0,0.0,0.0,contradiction,0,0.0006752422777935863
2385,other voices too (a trip back to bountiful),,False,I don't know,,,,contradiction,0,0.09232811629772186,The last song is a song.,,,,neutral,0,0.20883914828300476
2386,what is the meaning of the christian fish symbol,,False,Old Roman Symbol,,,,neutral,0,0.0322301909327507,"The Apostles'Creed is Trinitarian in structure with sections affirming belief in God the Father, Jesus Christ His Son and the Holy Spirit.",,,,entailment,1,0.9680805802345276
2387,who plays han solo in the new star wars movie,Alden Ehrenreich,True,Star Wars: Episode I -- The Phantom Menace,0.0,0.0,1.0,contradiction,0,0.15297044813632965,Star Wars : Episode I -- The Phantom Menace ) /Li> Li> Li> Li> Li> Tr> Tr> Tr> Tr> Tr>,0.0,0.0,1.0,entailment,1,0.44183385372161865
2388,acids are ionic compounds that relate to which element,water,True,I don't know,0.0,0.0,1.0,neutral,0,0.09820393472909927,/P> P>,0.0,0.0,1.0,neutral,0,0.2296213060617447
2389,a contract of insurance is a contract of uberrimae fidei,,False,I don't know,,,,neutral,0,0.15116825699806213,The sentence is true because the sentence is true.,,,,neutral,0,0.16043978929519653
2390,when was the first gun law passed in the us,in 1813,True,I don't know,0.0,0.0,0.0,contradiction,0,0.15940308570861816,U.S.C. : Crimes and Criminal Procedure,0.0,0.0,0.0,contradiction,0,0.14709843695163727
2391,when is the body said to be in the state of electrolytic imbalance,,False,I don't know,,,,contradiction,0,0.07223662734031677,"Ethanol is a volatile, flammable, colorless liquid that acts as a central nervous system depressant.",,,,contradiction,0,0.02792583592236042
2392,bp poddar institute of management & technology vip road kolkata,,False,I don't know,,,,contradiction,0,0.11030543595552444,BPPIMT Tr> Th> Type /Th> Td> Private /Th> /Tr> Tr> Th> Established /Th> Td> 1999 /Td> ,,,,contradiction,0,0.18678529560565948
2393,when does call of duty blackops 4 come out,"October 12, 2018",True,I don't know,0.0,0.0,0.0,neutral,0,0.24264611303806305,"On May 16, 2016, the show was renewed for a second season, which premiered on September 28, 2016.",0.0,0.0,0.0,neutral,0,0.006389128044247627
2394,preparation of alcohol by reduction of carbonyl compounds,,False,ketones,,,,neutral,0,0.12327656894922256,ketones.,,,,neutral,0,0.1356935054063797
2395,what is the first past the post system uk,,False,I don't know,,,,neutral,0,0.23131853342056274,The UK telephone numbering plan is based on the UK telephone numbering plan.,,,,entailment,1,0.7645230293273926
2396,who is the author of al capone does my shirts,Gennifer Choldenko,True,I don't know,0.0,0.0,1.0,neutral,0,0.16978827118873596,The author of Al Capone Does My Shirts /Tr> /Tr> /Tr> Th> /Tr> /Tr> Th> /Tr> Th> /Tr,0.0,0.0,1.0,entailment,1,0.8789088129997253
2397,what is the correct order of the chronicles of narnia movies,"The Lion, the Witch and the Wardrobe",True,I don't know,0.0,0.0,1.0,neutral,0,0.21347342431545258,"The Chronicles of Narnia /Th> /Tr> Tr> Td colspan=""2""> /Tr> Tr> Td> /Tr> Tr> Th",0.0,0.09090909090909091,1.0,entailment,1,0.8811439871788025
2398,ag bell association for the deaf and hard of hearing,,False,I don't know,,,,neutral,0,0.14285337924957275,Diahann Carroll became the first ever nominee ( male or female ) in 1963.,,,,neutral,0,0.0232875756919384
2399,what do you call a pyramid with a triangular base,a tetrahedron,True,I don't know,0.0,0.0,0.0,contradiction,0,0.06898771226406097,"A water tower is an elevated structure supporting a water tank constructed at a height sufficient to pressurize a water supply system for the distribution of potable water, and to provide emergency storage for fire protection.",0.0,0.05263157894736842,0.0,entailment,1,0.5294355750083923
2400,who wrote i pledge allegiance to the lamb,,False,Dumont,,,,neutral,0,0.28308677673339844,The song was first sung by Frank Dumont  as the Duprez & Benedict ,,,,contradiction,0,0.002823446411639452
2401,what is l1 l2 and l3 application support,,False,iOS 10,,,,entailment,1,0.734758198261261,The iOS 10 home screen on an iPhone 7 /Td> /Tr> /Tr> /Tr> /Tr> /Tr> /Tr> /Tr> /Tr> ,,,,neutral,0,0.021768996492028236
2402,youtube channels with more than 1 million subscribers,,False,I don't know,,,,neutral,0,0.04557411000132561,swayed the world.,,,,neutral,0,0.047800540924072266
2403,when did suits season 6 start on netflix,,False,I don't know,,,,contradiction,0,0.09098244458436966,The original network of HBO is HBO.,,,,neutral,0,0.3107682466506958
2404,who was the shrew in taming ofthe shrew,Katherina,True,adultery,0.0,0.0,0.0,neutral,0,0.20985810458660126,The sentence is true because the sentence is true.,0.0,0.0,0.0,neutral,0,0.22040104866027832
2405,when is opening day for the nba 2017,"October 17, 2017",True,I don't know,0.0,0.0,1.0,contradiction,0,0.23069779574871063,The 2017 NBA Playoffs Tr> Th> Dates /Th> Td> /Tr> Th> Season /Th> Td> 2016 -- 17 /Td> /Tr> ,0.0,0.1904761904761905,1.0,entailment,1,0.8095417618751526
2406,this texture is only a single line with no accompaniment,,False,I don't know,,,,neutral,0,0.16995882987976074,pentatonic ( hemitonic ) and heptatonic ( hemitonic ) scales.,,,,neutral,0,0.10980375856161118
2407,what impact did the triangular trade have on the caribbean,,False,I don't know,,,,neutral,0,0.07243935018777847,The Middle Passage was considered a time of in - betweenness for those being traded from Africa to America.,,,,entailment,1,0.5087180733680725
2408,who won men's college basketball last year,North Carolina,True,I don't know,0.0,0.0,0.0,contradiction,0,0.12294413149356842,The 2018 NCAA Division I Men's Basketball Tournament /Th> /Tr> /Tr> /Tr> /Tr> /Tr> /Tr> /Tr> /Tr>,0.0,0.0,0.0,entailment,1,0.7430366277694702
2409,phil collins music video in the air tonight,,False,I don't know,,,,neutral,0,0.23082970082759857,"The Roof is Leaking '' /Tr> /Tr> Tr> Tr> Th colspan=""2""> /Tr> /Tr> Th colspan=""2""> Single",,,,entailment,1,0.7752242684364319
2410,where does the show the office take place,"Scranton, Pennsylvania",True,I don't know,0.0,0.0,0.0,contradiction,0,0.14165332913398743,"The Office ( U.S. season 8 ) /Th> /Th> /Tr> Tr> Td colspan=""2""> DVD cover /Td> /Tr> Tr> ",0.0,0.0,0.0,entailment,1,0.6674786806106567
2411,who is the current president commission of ecowas,Marcel Alain de Souza,True,I don't know,0.0,0.0,0.0,neutral,0,0.18556170165538788,"The President of the United Nations General Assembly /Th> /Tr> Tr> Td colspan=""2""> Emblem of the United Nations /Tr> /Tr> Td colspan=""2""",0.0,0.0,0.0,entailment,1,0.8423589468002319
2412,when did the united states leave the philippines,"July 4, 1946",True,Consulates,0.0,0.0,0.0,neutral,0,0.02165612019598484,The UK would have opened up to eleven new embassies and eight new Consulates.,0.0,0.0,0.0,neutral,0,0.0018118041334673762
2413,who coined the term mental test in 1890,,False,The Reid technique,,,,neutral,0,0.06745520979166031,"The Reid technique is a registered trademark of John E. Reid and Associates, and is widely used by law enforcement agencies in North America.",,,,neutral,0,0.033170685172080994
2414,who has a dog called snowy and is friend with captain haddock,,False,I don't know,,,,contradiction,0,0.17123067378997803,The Black Knight defeats the Green Knight by throwing his sword straight through the eye slot of the Green Knight's great helm.,,,,neutral,0,0.24131153523921967
2415,who wrote the music for the godfather movie,,False,I don't know,,,,neutral,0,0.06138209253549576,The album was released in 1972.,,,,neutral,0,0.003439513500779867
2416,chronological order of the melancholy of haruhi suzumiya,,False,I don't know,,,,neutral,0,0.19707858562469482,The third ending theme song for episodes 13 to 25 is  Starring Star '' by Key Talk.,,,,neutral,0,0.006506482604891062
2417,who had cameo roles in mamma mia here we go again,Björn Ulvaeus,True,I don't know,0.0,0.0,0.0,neutral,0,0.01770571433007717,"Oliver Queen ( Stephen Amell ), who, after five years of being stranded on a hostile island, returns home to his mother, Moira Queen ( Susanna Thompson ) and sister, Thea Queen ( Willa Holland ) and becomes a",0.0,0.0,0.0,neutral,0,0.015265224501490593
2418,when does prentiss come back on criminal minds,,False,I don't know,,,,contradiction,0,0.08304023742675781,"The tenth season debuted on March 27, 2018.",,,,contradiction,0,0.03309667110443115
2419,when was the last time someone lived in biltmore house,1956,True,I don't know,0.0,0.0,0.0,contradiction,0,0.17152902483940125,The Lake House /Th> /Th> /Th> /Th> /Th> /Th> /Th> /Th> /Th> /Th> /Th> /Th> ,0.0,0.0,0.0,contradiction,0,0.10834041982889175
2420,who wrote the greatest thing you ll ever learn is to love and be loved in return,,False,Campbell and Reg Connelly,,,,entailment,1,0.8594325184822083,The song was written in 1925 by Jimmy Campbell and Reg Connelly.,,,,entailment,1,0.974497377872467
2421,what was the score of the first world cup,,False,I don't know,,,,contradiction,0,0.16781362891197205,Uruguay /Td> /Tr> /Tr> /Tr> Th> Dates /Th> /Th> 13 -- 30 July ( 18 days ) /Td> /Tr> ,,,,contradiction,0,0.4201732277870178
2422,gold in the black hills of south dakota,,False,I don't know,,,,neutral,0,0.2494295835494995,"The Rust Belt begins in western New York and traverses west through Pennsylvania, West Virginia, Ohio, Indiana, and the Lower Peninsula of Michigan, ending in northern Illinois, eastern Iowa, and southeastern Wisconsin.",,,,neutral,0,0.010071270167827606
2423,when did the first tim hortons open in the usa,1981,True,I don't know,0.0,0.0,0.0,contradiction,0,0.1774476021528244,Tim Hortons Inc.,0.0,0.0,0.0,entailment,1,0.8712819218635559
2424,it's a thin line between love and hate the pretenders,,False,I don't know,,,,neutral,0,0.03896768018603325,"through adaptation or reinterpretation of the fable in literature, arts, and music.",,,,neutral,0,0.07256558537483215
2425,what season did george die on grey's anatomy,fifth season,True,Darien Sills - Evans,0.0,0.0,0.0,contradiction,0,0.33791691064834595,Darien Sills - Evans,0.0,0.0,0.0,contradiction,0,0.33791691064834595
2426,when was season 4 of vampire diaries filmed,,False,I don't know,,,,contradiction,0,0.2277996987104416,"The Vampire Diaries ( season 4 ) /Th> /Tr> Tr> Td colspan=""2""> Season 4 DVD Cover /Tr> /Tr> /Tr> Th>",,,,entailment,1,0.9478994607925415
2427,where did the romans invade first in britain,,False,I don't know,,,,contradiction,0,0.06616994738578796,The Roman conquest of Britain was a gradual process,,,,entailment,1,0.9795076251029968
2428,what scale degrees are in a pentatonic scale,,False,I don't know,,,,neutral,0,0.007238550577312708,The key of a piece is the group of pitches.,,,,neutral,0,0.11033245921134949
2429,who has the authority to establish joint task forces,,False,I don't know,,,,neutral,0,0.020400116220116615,The Gang of Eight is a colloquial term for a set of eight leaders.,,,,neutral,0,0.011226152069866657
2430,united states district attorney for the southern district of new york,,False,I don't know,,,,contradiction,0,0.16238071024417877,The United States Supreme Court of the United States /Td> /Tr> /Tr> /Tr> /Tr> /Tr> /Tr> /Tr> /Tr> ,,,,entailment,1,0.9335643649101257
2431,who views crime as a desire for success when the legitimate means to achieve it are limited,Robert K. Merton,True,I don't know,0.0,0.0,0.0,neutral,0,0.11126697808504105,constructs related to the achievement of work.,0.0,0.0,0.0,neutral,0,0.4396454393863678
2432,how many living world war ii veterans are there,,False,I don't know,,,,contradiction,0,0.17449532449245453,The United States Army was founded on 14 June 1775.,,,,contradiction,0,0.04490745812654495
2433,who said sun is the center of the solar system,Aristarchus of Samos,True,I don't know,0.0,0.0,1.0,contradiction,0,0.03807443380355835,P>,0.0,0.0,1.0,contradiction,0,0.06069062650203705
2434,what are the fox and the hounds names,red fox named Tod,True,I don't know,0.0,0.0,0.0,entailment,1,0.5912883877754211,The book was written between 1890 and 1892.,0.0,0.0,0.0,neutral,0,0.006087217479944229
2435,what is the weather like in the eye of a hurricane,mostly calm,True,I don't know,0.0,0.0,0.0,neutral,0,0.24527303874492645,The El Nio Southern Oscillation is the warm phase of the El Nio Southern Oscillation ( commonly called ENSO ) and is associated with a band of warm ocean water that develops in the central and east - central equatorial Pacific ( between,0.0,0.0,0.0,neutral,0,0.11931899935007095
2436,when does new season of blind spot start,"October 27, 2017",True,I don't know,0.0,0.0,1.0,contradiction,0,0.08603392541408539,"The tenth season debuted on March 27, 2018.",0.0,0.18181818181818182,1.0,neutral,0,0.021610833704471588
2437,the digital gap and its negative effects between zambia and developed countries,,False,I don't know,,,,neutral,0,0.1281929314136505,The United States.,,,,neutral,0,0.21791759133338928
2438,where was the tv series peyton place filmed,,False,I don't know,,,,contradiction,0,0.011243114247918129,Daniel Sharman ) were portrayed by the same cast.,,,,contradiction,0,0.009410107508301735
2439,when will mickey and minnie’s runaway railway open,,False,I don't know,,,,contradiction,0,0.21426169574260712,"The Great Movie Ride /Td> /Tr> /Tr> Tr> Th colspan=""2""> General statistics /Th> ",,,,contradiction,0,0.14294354617595673
2440,who wrote i wish we'd all been ready,,False,I don't know,,,,contradiction,0,0.02108578383922577,"When the River Meets the Sea '' is a song written by composer and lyricist Paul Williams for Jim Henson's 1977 HBO special Emmet Otter's Jug - Band Christmas. Emmet Otter, the title character, and his mother",,,,entailment,1,0.9732845425605774
2441,little girl don't lie to me where did you sleep last night,,False,I don't know,,,,entailment,1,0.39094847440719604,"Tr> Th colspan=""2""> Pretty Little Liars ( season 1 ) /Th> /Tr> Th colspan=""2"">  Don't Dream It's Over '' ",,,,entailment,1,0.8489351272583008
2442,who wins chief resident in grey's anatomy,,False,I don't know,,,,neutral,0,0.04778226837515831,"The show was renewed for a second season, which premiered on September 28, 2016.",,,,entailment,1,0.9821715950965881
2443,where is derek from dancing with the stars,,False,I don't know,,,,entailment,1,0.5983723998069763,The show is a reality television series.,,,,neutral,0,0.049038782715797424
2444,who did cristiano ronaldo used to play for,,False,I don't know,,,,contradiction,0,0.15769614279270172,"Cristiano Ronaldo dos Santos Aveiro /Tr> /Tr> /Tr> Th> date of birth /Th> Td colspan=""3""> ( 1985 - 02 - 05 )",,,,entailment,1,0.8193592429161072
2445,asahi metal industry co. ltd. v. superior court of california,,False,I don't know,,,,contradiction,0,0.22834889590740204,The Supreme Court of the United States,,,,entailment,1,0.7240177989006042
2446,who sings i want to be like you jungle book,,False,I don't know,,,,neutral,0,0.2050878405570984,Here Today '' ( 1966 ) /Tr> Tr> Tr> Tr> Tr> Tr> Tr> Tr> Tr> Tr> Tr,,,,contradiction,0,0.19039416313171387
2447,who sang all we do is hide away,,False,I don't know,,,,neutral,0,0.035675521939992905,The song was written by Jimmy Campbell and Reg Connelly.,,,,entailment,1,0.9759899377822876
2448,song this is the story of johnny rotten,,False,I don't know,,,,neutral,0,0.07946266978979111,"The film version of '' New York, New York '' was a song from the 1944 musical On the Town and the 1949 MGM musical film of the same name.",,,,entailment,1,0.9849376082420349
2449,who lives at 924 bel air road california,,False,I don't know,,,,contradiction,0,0.17152902483940125,Jane Wyatt /Th> /Th> /Th> /Th> /Th> /Th> /Th> /Th> /Th> /Th> /Th> /Th>,,,,entailment,1,0.8284966349601746
2450,short note on any one great indian mathematicians,,False,I don't know,,,,contradiction,0,0.1078631654381752,The author of the book is Amitav Ghosh.,,,,entailment,1,0.7013649344444275
2451,how did the great fire of rome start,,False,I don't know,,,,neutral,0,0.08109932392835617,"The Black Death was one of the most devastating pandemics in human history, resulting in the deaths of an estimated 75 to 200 million people in Eurasia and peaking in Europe from 1346 to 1353.",,,,neutral,0,0.18378856778144836
2452,when was for thine is the kingdom added,,False,Alfred the Great,,,,contradiction,0,0.11492849886417389,"Alfred the Great was overlord of western Mercia and used the title King of the Angles and Saxons, but he never ruled eastern and northern England, which was then known as the Danelaw, having earlier been conquered by the Danes from Scandinavia.",,,,neutral,0,0.2449406385421753
2453,who does amu end up with in the manga,,False,I don't know,,,,contradiction,0,0.0653737261891365,The date of the episode.,,,,neutral,0,0.09219364076852798
2454,where is the artic ocean on a map,,False,I don't know,,,,contradiction,0,0.24771498143672943,"The Mariana Trench is located in the western Pacific Ocean approximately 200 kilometres ( 124 mi ) east of the Mariana Islands, is the deepest point in the world's oceans.",,,,entailment,1,0.8053734302520752
2455,explain broadly the objects and elements of good internal check system,,False,I don't know,,,,entailment,1,0.5676486492156982,Create a database schema.,,,,entailment,1,0.758937418460846
2456,when is america's got talent this week,,False,I don't know,,,,neutral,0,0.25504109263420105,"2""> America's Got Talent /Th> /Th> /Th> /Tr> Tr> Td colspan=""2""> Promotional poster for the season. /Td> /T",,,,entailment,1,0.6524456143379211
2457,who is the chair of the senate finance committee,,False,I don't know,,,,entailment,1,0.5569550395011902,Congress.,,,,neutral,0,0.32797685265541077
2458,who wrote the song no longer a slave to fear,,False,I don't know,,,,contradiction,0,0.2420228123664856,The song was written by Jimmy Campbell and Reg Connelly.,,,,entailment,1,0.7238521575927734
2459,who appointed the current members of the supreme court,Donald Trump,True,I don't know,0.0,0.0,0.0,contradiction,0,0.24478420615196228,The current members of the United States Supreme Court are:,0.0,0.0,0.0,entailment,1,0.8094289898872375
2460,when does the diary of a wimpy kid the getaway come out,"November 7, 2017",True,I don't know,0.0,0.0,0.0,contradiction,0,0.04128575697541237,"The Mindy Project was renewed for a sixth and final season, which premiered on September 12, 2017, and the final episode aired on November 14, 2017.",0.0,0.13793103448275862,0.0,entailment,1,0.8525664806365967
2461,poem ending i am the captain of my soul,,False,I don't know,,,,neutral,0,0.13664793968200684,The personification of death changes from one of pleasantry to one of ambiguity and morbidity.,,,,neutral,0,0.3403603136539459
2462,how many times did sean combs change his name,,False,I don't know,,,,neutral,0,0.2381838858127594,"The host of Saturday Night Live is often a well - known celebrity, who delivers an opening monologue and performs in sketches with the cast.",,,,neutral,0,0.014093184843659401
2463,who has a grammy oscar tony and emmy,Richard Rodgers,True,I don't know,0.0,0.0,0.0,entailment,1,0.5395014882087708,"The P> P> Tr> Th colspan=""2""> The Oscars /Th> /Tr> Ul> Li> As of the 69th Primetime Emmys in 2017, at",0.0,0.0,0.0,entailment,1,0.5196050405502319
2464,different social classes in new england and the middle colonies,,False,I don't know,,,,contradiction,0,0.3005615770816803,Alexander Hamilton,,,,entailment,1,0.6306467056274414
2465,zinn a people's history of the united states chapter 13 summary,,False,A People's History of the United States,,,,entailment,1,0.9187771677970886,A People's History of the United States Tr> /Tr> Th> /Tr> Th> /Tr> Th> /Tr> Th> Subject /Th> T,,,,entailment,1,0.7959873080253601
2466,who plays nick's sister in big mouth,,False,I don't know,,,,contradiction,0,0.20453201234340668,"Big Mouth /Th> /Th> /Tr> Tr> Td colspan=""2""> Big Mouth /Th> /Tr> Td colspan=""2""> /T",,,,entailment,1,0.448135644197464
2467,who has the most points in nba all star game,,False,I don't know,,,,neutral,0,0.08949696272611618,"The date of the All Star Game is February 18, 2018.",,,,neutral,0,0.03352653235197067
2468,when does pam come back to the office,"in ""Jury Duty""",True,I don't know,0.0,0.0,0.0,contradiction,0,0.0948912650346756,"The episode aired on November 14, 2017.",0.0,0.0,0.0,contradiction,0,0.01907465234398842
2469,who plays mabel's voice on gravity falls,Kristen Joy Schaal,True,Oliver Queen,0.0,0.0,0.0,entailment,1,0.5012828707695007,"The series also featured flashbacks in most episodes in the first five seasons to the time Queen was missing, and how his experiences there shaped him into the man who returned home to fight crime.",0.0,0.0,0.0,neutral,0,0.001571217318996787
2470,the electron transport chain uses the transfer of,,False,I don't know,,,,neutral,0,0.048704784363508224,"The electron transport chain is a series of complexes that transfer electrons from electron donors to electron acceptors via redox ( both reduction and oxidation occurring simultaneously ) reactions, and couples this electron transfer with the transfer of protons ( H ions ) across a membrane ",,,,entailment,1,0.9726104140281677
2471,why there are 29 days in february in a leap year,"because a complete revolution around the Sun takes approximately 6 hours longer than 365 days (8,760 hours)",True,I don't know,0.0,0.0,0.0,contradiction,0,0.0025815623812377453,"The Act moved Washington's Birthday ( February 22 ), Memorial Day ( May 30 ), and Veterans Day ( November 11 ) from fixed dates to designated Mondays, and established as a federal holiday Columbus Day -- which had previously been celebrated in some states on October 12 -- to",0.0,0.06779661016949151,0.0,entailment,1,0.8372918963432312
2472,who was defeated in the battle of yorktown,British Army,True,I don't know,0.0,0.0,1.0,contradiction,0,0.14013133943080902,The battle of Queenston Heights.,0.0,0.0,1.0,entailment,1,0.7949659824371338
2473,according to the periodic table which element has more than one positive oxidation state,,False,I don't know,,,,neutral,0,0.028151992708444595,/Td> /Td> /Tr> /Tr> /Tr> /Tr> /Tr> /Tr> /Tr> /Tr> /T,,,,neutral,0,0.052580326795578
2474,who was the lady who sang all aboard the choo choo train,,False,I don't know,,,,neutral,0,0.006059105973690748,"The first opening theme song for episodes 1 to 76 is  Chzetsu Dynamic! '' (   !, Chzetsu Dainamikku,  Excellent Dynamic! '' ) performed",,,,neutral,0,0.005797729827463627
2475,when did countrywide merge with bank of america,2008,True,I don't know,0.0,0.0,1.0,contradiction,0,0.11214789748191833,Bank of America Home Loans /Tr> /Tr> /Tr> /Tr> /Tr> /Tr> /Tr> /Tr> /Tr> /T,0.0,0.0,1.0,entailment,1,0.6029840111732483
2476,what were bridges used for in ancient rome,,False,I don't know,,,,neutral,0,0.07338759303092957,The Romans were the first to use concrete for bridges.,,,,entailment,1,0.4990784823894501
2477,what is meant by the phrase survival of the fittest,Survival of the form that will leave the most copies of itself in successive generations,True,I don't know,0.0,0.0,1.0,contradiction,0,0.05969201773405075,The sentence is a paraphrase of the original text.,0.0,0.25,1.0,neutral,0,0.06481017172336578
2478,hawaii is in the center of the ring of fire and is caused by,plate tectonics,True,I don't know,0.0,0.0,1.0,neutral,0,0.15637238323688507,"Ring of Fire volcano is the Mariana Islands, the Philippines, Bougainville, Tonga, and New Zealand.",0.0,0.0,1.0,entailment,1,0.8235757946968079
2479,when was the last time england went to a world cup final,1966,True,I don't know,0.0,0.0,0.0,contradiction,0,0.04317373037338257,The Republic of Ireland have appeared in the finals of the FIFA World Cup on three occasions.,0.0,0.0,0.0,entailment,1,0.9322489500045776
2480,where does the tropical rainforest occur in india,,False,I don't know,,,,neutral,0,0.07341612875461578,"The Himalayas are bounded in the north by the Himalayas, and in the south, west and east by the Ganges, Gandaki and Mahanand.",,,,contradiction,0,0.04558577388525009
2481,who won season 9 of americas got talent,magician Mat Franco,True,I don't know,0.0,0.0,0.0,contradiction,0,0.1356039196252823,"Emily West /Tr> Tr> Th colspan=""2""> Emily West /Tr> Tr> Th colspan=""2""> Emily West /Tr> Tr> Th cols",0.0,0.0,0.0,contradiction,0,0.3657223582267761
2482,what is the meaning of matthew 5 32,,False,I don't know,,,,neutral,0,0.02277238667011261,The word amen is a declaration of affirmation found in the Hebrew Bible and the New Testament.,,,,contradiction,0,0.09841641038656235
2483,where is ferris bueller's day off filmed,Chicago,True,I don't know,0.0,0.0,0.0,contradiction,0,0.09747296571731567,a day off.,0.0,0.0,0.0,entailment,1,0.38070717453956604
2484,who banned all public meetings and procession in amritsar,Colonel Reginald Dyer,True,I don't know,0.0,0.0,0.0,neutral,0,0.17025621235370636,The Saka calendar is also used in Java and Bali among Indonesian Hindus.,0.0,0.0,0.0,neutral,0,0.019542261958122253
2485,what is the meaning of bd in medicine,,False,I don't know,,,,neutral,0,0.020771663635969162,Antigens that are associated with the A and B antigens on erythrocytes.,,,,neutral,0,0.05531739443540573
2486,march comes in like a lion part 2 movie,,False,I don't know,,,,contradiction,0,0.15225201845169067,The poster for Part 1 was a poster for the first part of the film.,,,,entailment,1,0.5451526641845703
2487,what do candles symbolize in the catholic church,"the ""prayers the worshipper is offering for him or herself, or for other people.",True,I don't know,0.0,0.0,1.0,neutral,0,0.02304012142121792,Santa Claus.,0.0,0.0,1.0,neutral,0,0.09347636997699738
2488,the song say something i'm giving up on you,,False,I don't know,,,,contradiction,0,0.006647020578384399,To throw ( someone ) under the bus '' is an idiomatic phrase in American English meaning to sacrifice a friend or ally for selfish reasons.,,,,contradiction,0,0.004120496101677418
2489,who came up with the modern atomic theory,,False,I don't know,,,,neutral,0,0.12782341241836548,Atoms).,,,,entailment,1,0.5113782286643982
2490,which of the following is not a market in delhi,,False,I don't know,,,,neutral,0,0.014376011677086353,Saka calendar is also used in Java and Bali among Indonesian Hindus.,,,,neutral,0,0.007159533444792032
2491,common method and tillage for lowland and upland,,False,7.5,,,,neutral,0,0.043552886694669724,The optimum pH range for most plants is between 5.5 and 7.5.,,,,neutral,0,0.009783579967916012
2492,when do they realize katherine is in elena,,False,I don't know,,,,contradiction,0,0.20976214110851288,Ellen Pompeo as Dr. Meredith Grey /Th> /Th> /Th> /Th> /Th> /Th> /Th> /Th> /Th> /Th> /Th,,,,entailment,1,0.461401104927063
2493,who becomes president after the vice president dies,,False,I don't know,,,,neutral,0,0.05140065774321556,Theodore Roosevelt was born in 1904,,,,neutral,0,0.053589556366205215
2494,what is the dog called in midsomer murders,Sykes,True,I don't know,0.0,0.0,1.0,neutral,0,0.1489805281162262,"The dogs are wealthy and glamorous and seem to lead charmed lives -- but they find adjusting to the modern world difficult, and when a young woman, Cleo Pira, befriends them, she discovers that a strange, incurable illness threatens them all",0.0,0.0,1.0,entailment,1,0.8255429863929749
2495,during a trance state the first phase is characterized by visions of,,False,I don't know,,,,neutral,0,0.31259629130363464,The narrator is describing the study of how people form impressions of and make inferences about other people as sovereign personalities.,,,,entailment,1,0.6376722455024719
2496,who does karen gillian play in the avengers,Nebula,True,"Oliver Queen as a team, Queen's team receives help from the Lance family.",0.0,0.0,0.0,entailment,1,0.8529727458953857,Queen returned home to fight crime.,0.0,0.0,0.0,neutral,0,0.04653355851769447
2497,who did the cavs trade for kyle korver,Mike Dunleavy,True,NFL season,0.0,0.0,0.0,neutral,0,0.09202107042074203,The move was announced at the annual league meetings.,0.0,0.0,0.0,neutral,0,0.0012252932647243142
2498,first african-american female actress who won the emmy awards,Gail Fisher,True,I don't know,0.0,0.0,0.0,contradiction,0,0.12651823461055756,Diahann Carroll /Tr> /Tr> Tr> Tr> Tr> Tr> Tr> Tr> Tr> Tr> Tr> T,0.0,0.0,0.0,entailment,1,0.43429768085479736
2499,what was the result of fighting on the gallipoli peninsula,,False,I don't know,,,,neutral,0,0.2482815533876419,The Gallipoli Campaign /Tr> /Tr> /Tr> /Tr> /Tr> /Tr> /Tr> /Tr> /Tr> /Tr,,,,entailment,1,0.8857846260070801
2500,what is the state of the union and when does the president give it,,False,I don't know,,,,neutral,0,0.12299074232578278,"The address fulfills rules in Article II, Section 3 of the U.S. Constitution, requiring the President to periodically  give to the Congress Information of the State of the Union, and recommend to their Consideration such measures as he shall judge necessary and expedient",,,,neutral,0,0.016824834048748016
2501,the government department that enforces the controlled substance act,,False,I don't know,,,,contradiction,0,0.19866740703582764,/Tr> /Tr> /Tr> Th> CSA /Tr> /Tr> /Tr> Th> An Act to amend the Public Health Service Act and other laws to provide increased research into ,,,,entailment,1,0.7416871786117554
2502,who has played in all the super bowls,,False,I don't know,,,,neutral,0,0.0834767296910286,The Super Bowl is the annual American football game that determines the champion of the National Football League ( NFL ).,,,,entailment,1,0.8235947489738464
2503,who plays dwight's brother on the office,Thomas Middleditch,True,I don't know,0.0,0.0,0.0,contradiction,0,0.19133327901363373,"The Office ( U.S. season 8 ) /Th> /Th> /Tr> Tr> Td colspan=""2""> DVD cover /Th> /Tr> Tr> Th",0.0,0.0,0.0,entailment,1,0.6709406971931458
2504,when was dark side of the moon recorded,,False,I don't know,,,,neutral,0,0.21248498558998108,The Dark Side of the Moon ( 1973 ) /Tr> Tr> Tr> Tr> Tr> Tr> Tr> Tr> Tr> Tr> T,,,,entailment,1,0.458971232175827
2505,you take the high road i'll take the low,,False,I don't know,,,,neutral,0,0.14149832725524902,"The phrase '' When pigs fly '' is an adynaton, a way of saying that something will never happen.",,,,contradiction,0,0.03974718227982521
2506,which is the longest running train in india,"One of the Vivek Express trains, the one from Dibrugarh to Kanyakumari",True,I don't know,0.0,0.0,1.0,neutral,0,0.17290402948856354,"Indira Gandhi, Nehru's daughter, succeeded Shastri in 1966 to become the country's first woman premier.",0.0,0.14814814814814814,1.0,neutral,0,0.02339790388941765
2507,where did the term asperger's come from,,False,I don't know,,,,neutral,0,0.016945378854870796,The term cracker was in use during the Elizabethan era to describe braggarts.,,,,neutral,0,0.024238815531134605
2508,where do i find my vat exemption number,,False,I don't know,,,,contradiction,0,0.005155501887202263,"is complete, the tax returns are filed.",,,,neutral,0,0.00350167159922421
2509,when was we wish a merry christmas written,,False,English origins,,,,contradiction,0,0.04417626932263374,The phrase entered the American lexicon early in its colon.,,,,neutral,0,0.12200653553009033
2510,what is the order of the robin hobb trilogies,,False,I don't know,,,,neutral,0,0.016435768455266953,The third stanze uses end rhyme in its second and fourth lines.,,,,neutral,0,0.08919818699359894
2511,little house on the prairie episode guide season 9,,False,I don't know,,,,contradiction,0,0.049627747386693954,"The whole nine yards or the full nine yards is a colloquial American phrase meaning  everything, the whole lot '' or  all the way '', as in  The Army came out and gave us the whole nine yards on how they use space systems.",,,,entailment,1,0.42707017064094543
2512,bruno mars when i was your man album,,False,I don't know,,,,contradiction,0,0.20231588184833527,"Recorded /Th> Td> November 7, 2001 ( live ) /Td> /Tr> Tr> Tr> Tr> Tr> Tr> Tr>",,,,neutral,0,0.20476889610290527
2513,when was the trooping of the colour cancelled in 1955,,False,I don't know,,,,contradiction,0,0.07867726683616638,"The Uniform Monday Holiday Act was signed into law on June 28, 1968, and took effect on January 1, 1971.",,,,entailment,1,0.44289225339889526
2514,man in the high castle season 3 ending meaning,,False,I don't know,,,,contradiction,0,0.01813073456287384,Oliver Queen is a billionaire playboy.,,,,contradiction,0,0.013438223861157894
2515,when did the new york mets became a team,1962,True,I don't know,0.0,0.0,1.0,neutral,0,0.23451122641563416,/Th> /Tr> /Tr> /Tr> /Tr> /Tr> /Tr> /Tr> /Tr> /Tr> /Tr,0.0,0.0,1.0,entailment,1,0.4239691495895386
2516,who was the author of kitab ul rahela,,False,I don't know,,,,neutral,0,0.014050438068807125,The first two poems were written by Macaulay in his thirties.,,,,neutral,0,0.003282800316810608
2517,where does us route 42 start and end,"Louisville, Kentucky to Cleveland, Ohio",True,I don't know,0.0,0.0,0.0,contradiction,0,0.07626469433307648,"2""> P> /P> U.S. Route 42 /Th> /Th> /Tr> P> The Florida Panhandle, an informal, unofficial term for the northwestern part of the U.S. state",0.0,0.0,0.0,entailment,1,0.6621070504188538
2518,which provisions of the bill of rights directly or indirectly protect a right to privacy,,False,Stop and identify,,,,neutral,0,0.07165710628032684,The sentence is a quotation from the United States Declaration of Independence.,,,,entailment,1,0.8092373013496399
2519,article 19(1)(a) of the constitution of india,,False,I don't know,,,,neutral,0,0.008678036741912365,The original text of the Preamble /Td> /Tr> /Tr> /Tr> /Tr> /Tr> /Tr> /Tr> /Tr> ,,,,contradiction,0,0.025521989911794662
2520,the amazon rainforest is the largest rainforest in the world,,False,I don't know,,,,neutral,0,0.30812376737594604,"Brazil, the Amazon rainforest ecoregions are a major area of the world.",,,,entailment,1,0.5677728056907654
2521,when does the second half of fuller house air,"December 9, 2016",True,I don't know,0.0,0.0,0.0,neutral,0,0.2576776444911957,"The show was ordered to series on May 8, 2014, followed by a full season order on October 21, 2014.",0.0,0.0,0.0,entailment,1,0.9705532193183899
2522,where did the term eight ball come from,,False,The whole six yards,,,,contradiction,0,0.38146692514419556,"The phrase is related to the expression the whole six yards, used around the same time in Kentucky and South Carolina.",,,,contradiction,0,0.10839081555604935
2523,which of the following was a participant and/or leader in the civil rights movement,,False,The Federalist Papers,,,,entailment,1,0.40581485629081726,The Federalist Papers,,,,entailment,1,0.40581485629081726
2524,what is the name of the vaccine for tuberculosis,bacilli Calmette-Guérin (BCG),True,I don't know,0.0,0.0,0.0,neutral,0,0.020012838765978813,"The ABO blood group system is used to denote the presence of one, both, or neither of the A and B antigens on erythrocytes.",0.0,0.0,0.0,neutral,0,0.0365196131169796
2525,where is lake george located in new. york,in Warren County,True,I don't know,0.0,0.0,1.0,contradiction,0,0.13052543997764587,"Lake George /Th> /Tr> Tr> Td colspan=""2""> Town /Tr> /Tr> Td colspan=""2""> Downtown Lake George /Tr> ",0.0,0.0,1.0,entailment,1,0.5989274382591248
2526,the structure found in the cell that contains strands of dna is called a(n),chromosomes,True,I don't know,0.0,0.0,1.0,contradiction,0,0.07191719859838486,The primary functions of chromatin are 1 ) to package DNA.,0.0,0.0,1.0,neutral,0,0.13301876187324524
2527,who are the surviving members of the beatles,McCartney,True,George Harrison Ringo Starr Billy Preston,0.0,0.0,1.0,entailment,1,0.8264431357383728,George Harrison,0.0,0.0,1.0,entailment,1,0.46468907594680786
2528,where was war on the planet of the apes filmed,Lower Mainland in Vancouver,True,I don't know,0.0,0.0,0.0,neutral,0,0.2693875730037689,The first six seasons are available on DVD and Blu - ray.,0.0,0.0,0.0,entailment,1,0.8821076154708862
2529,today's the day the teddy bears have their picnic,,False,I don't know,,,,neutral,0,0.004627189598977566,"The groundhog day 2005 in Punxsutawney, Pennsylvania, U.S.",,,,neutral,0,0.009590113535523415
2530,how many seasons of strawberry shortcake are there,,False,Roseanne,,,,contradiction,0,0.3701930642127991,"The Mindy Project was renewed for a sixth and final season, which premiered on September 12, 2017, and the final episode aired on November 14, 2017.",,,,neutral,0,0.09317333251237869
2531,who is the titan that holds the world,,False,I don't know,,,,neutral,0,0.20671497285366058,"The sentence ""Icarus ignored his father's instructions not to fly too low nor too high, so the sea's dampness would not clog his wings or the sun's heat melt them. Icarus ignored his father's instructions not to fly too low",,,,entailment,1,0.8942515254020691
2532,who gave the name cape of good hope,John II of Portugal,True,I don't know,0.0,0.0,0.0,entailment,1,0.9155986905097961,The text is taken from the 1630 sermon  A Model of Christian Charity '' preached by Puritan John Winthrop while still aboard the ship Arbella.,0.0,0.14285714285714285,0.0,entailment,1,0.8703402280807495
2533,where does the indus river begin and end,,False,I don't know,,,,neutral,0,0.10666816681623459,The fourth great river civilization emerged around 1700 BCE along the Yellow River in China.,,,,neutral,0,0.010202864184975624
2534,ew game of thrones season 4 episode 6,,False,I don't know,,,,contradiction,0,0.007071098778396845,Thrones ( season 4 ) /Th> /Th> /Th> P>,,,,contradiction,0,0.021366732195019722
2535,who plays ada in marvel's agents of shield,,False,Agents of S.H.I.E.L.D. : Slingshot,,,,neutral,0,0.3298589289188385,Agents of S.H.I.E.L.D. : Slingshot.,,,,entailment,1,0.525737464427948
2536,who killed owen taylor in the big sleep,,False,I don't know,,,,contradiction,0,0.21027565002441406,Sullivan Sweeten ( twin brother ) /Td> /Tr> Th> /Th> /Th> /Th> /Th> /Th> /Th> /Th> /Th,,,,contradiction,0,0.0396018847823143
2537,who praised adanos in khorini's temple in gothic 2,,False,Carlyle stated that 'The history of the world is but the biography of great men ',,,,neutral,0,0.057055000215768814,Carlyle stated that  The history of the world is but the biography of great men ''.,,,,neutral,0,0.06422118097543716
2538,what is the youngest state in the usa,Hawaii,True,I don't know,0.0,0.0,0.0,contradiction,0,0.10117938369512558,"The ball of twine with the largest circumference is located in Cawker City, Kansas.",0.0,0.0,0.0,entailment,1,0.7207869291305542
2539,why do baseball teams put players on waivers,,False,draft,,,,neutral,0,0.2686832547187805,draft are not eligible for the draft,,,,contradiction,0,0.0030398177914321423
2540,why did european countries want empires in the 19th century,"trade, driven by the new ideas and the capitalism that grew out of the European Renaissance",True,I don't know,0.0,0.0,0.0,contradiction,0,0.12315451353788376,Britain had negotiated with France.,0.0,0.0,0.0,neutral,0,0.02406883053481579
2541,which of the following is part of the process of incorporation,,False,I don't know,,,,contradiction,0,0.14804086089134216,The Twentieth Amendment requires each elector to cast one vote for president and another vote for vice president.,,,,contradiction,0,0.09963709115982056
2542,where did the thompson twins get their name from,the two bumbling detectives Thomson and Thompson in Hergé's comic strip The Adventures of Tintin,True,Man's best friend,0.0,0.0,0.0,entailment,1,0.5720061659812927,The term is a short form of colloquialism.,0.0,0.1739130434782609,0.0,contradiction,0,0.25327834486961365
2543,what event provided the impetus for the creation of the united nations,,False,"War, the United Nations Peacekeeping began in 1948.",,,,entailment,1,0.9408335089683533,The United Nations Peacekeeping began in 1948.,,,,entailment,1,0.9895465970039368
2544,what does the safety data sheet (sds) include,,False,I don't know,,,,neutral,0,0.1073894128203392,"The Central Statistics Office ( CSO ) is a governmental agency in India under the Ministry of Statistics and Programme Implementation responsible for co-ordination of statistical activities in India, and evolving and maintaining statistical standards.",,,,entailment,1,0.9605506658554077
2545,who has been eliminated from next food network star,,False,I don't know,,,,contradiction,0,0.16566722095012665,The first contestant to pass away after appearing on the show is Florence Henderson.,,,,contradiction,0,0.07361233979463577
2546,who sings don't stand so close to me,The Police,True,I don't know,0.0,0.0,1.0,neutral,0,0.15592969954013824,"I'm the One Mama Warned You About '' /Th> /Tr> Tr> Th colspan=""2""> Single by Mickey Gilley /Th> /Tr> Th> ",0.0,0.09523809523809525,1.0,entailment,1,0.6775557994842529
2547,who plays adam's mom on man with a plan,Swoosie Kurtz,True,"Rob Kardashian, Khloé's ex-husband Lamar Odom developed a major position as part of the supporting cast in the fourth season, though he was not a regular cast member in following seasons, and rarely appeared in season eight while attempting to fix his marriage with Khl",0.0,0.0,0.0,entailment,1,0.547020673751831,"The sentence ""White is diagnosed with a rare form of cancer."" means that he has a genetic disorder.",0.0,0.0,0.0,neutral,0,0.29759496450424194
2548,who plays who now in the world cup,,False,I don't know,,,,contradiction,0,0.09356024116277695,/Td> /Tr> /Tr> /Tr> /Tr> /Tr> /Tr> /Tr> /Tr> /Tr> /T,,,,contradiction,0,0.26824501156806946
2549,all i wanna do is take in my name,,False,I don't know,,,,contradiction,0,0.007447378244251013,Drew Carey is the main protagonist of the series.,,,,contradiction,0,0.1795320361852646
2550,who owns mgm resorts international in las vegas,Tracinda Corporation,True,I don't know,0.0,0.0,1.0,contradiction,0,0.20403769612312317,MGM Resorts International Tr> /Tr> /Tr> Th> Formerly called /Th> Td> Ul> Li> Grand Name Co. ( 1986 -- 1987 ) /Li,0.0,0.0,1.0,entailment,1,0.5561726093292236
2551,who was the primary author of the declaration of independence,,False,I don't know,,,,neutral,0,0.06007150933146477,The first Secretary of the Treasury.,,,,neutral,0,0.09858639538288116
2552,what does thou shalt not bear false witness against thy neighbour mean,perjury,True,Amen,0.0,0.0,0.0,entailment,1,0.6712154746055603,Amen,0.0,0.0,0.0,entailment,1,0.6712154746055603
2553,who won fifa world cup 2018 final match,France,True,I don't know,0.0,0.0,1.0,contradiction,0,0.09356024116277695,/Td> /Tr> /Tr> /Tr> /Tr> /Tr> /Tr> /Tr> /Tr> /Tr> /T,0.0,0.0,1.0,contradiction,0,0.26824501156806946
2554,describe the blood hydrogen carbonate buffer system. what happens when blood acidity rises,,False,I don't know,,,,contradiction,0,0.08625604212284088,Euvolemia is the state of being evolved.,,,,contradiction,0,0.13022354245185852
2555,where did the chinese crested dog come from,,False,I don't know,,,,contradiction,0,0.1856255978345871,"Man's best friend '' is a common phrase about domestic dogs, referring to their millennia - long history of close relations, loyalty, and companionship with humans.",,,,entailment,1,0.9619764685630798
2556,where is the world cup going to be 2018,,False,I don't know,,,,contradiction,0,0.12907926738262177,/Tr> /Tr> /Tr> /Tr> /Tr> /Tr> /Tr> /Tr> /Tr> /Tr> /T,,,,contradiction,0,0.2740834653377533
2557,who gave the definition of money is what money does,,False,I don't know,,,,neutral,0,0.08415735512971878,The metric system,,,,entailment,1,0.6505399942398071
2558,how many times does elaine say get out,,False,I don't know,,,,neutral,0,0.12556681036949158,"Kelly Monaco, Drew, and Drew.",,,,contradiction,0,0.05143819749355316
2559,in which city of india the divisional range of temperature is maximum,,False,I don't know,,,,neutral,0,0.07341612875461578,Siberia is one of the coldest places in the Northern Hemisphere.,,,,contradiction,0,0.11068728566169739
2560,how many games to get a la liga medal,,False,I don't know,,,,contradiction,0,0.16597133874893188,Barcelona ( 25th title ) /Td> /Tr> /Tr> /Tr> /Tr> /Tr> /Tr> /Tr> /Tr> /,,,,contradiction,0,0.04231029003858566
2561,what is the mass number of the atom,,False,I don't know,,,,contradiction,0,0.13437359035015106,"The mass number is not the same as the atomic number ( Z ) which denotes the number of protons in a nucleus, and thus uniquely identifies an element.",,,,entailment,1,0.9885697960853577
2562,who was the cm when the state of mysore was renamed as karnataka,,False,I don't know,,,,contradiction,0,0.16301466524600983,"The seat of Government /Th> Vidhana Soudha, Bangalore /Td> /Tr> Th> Executive /Th> /Tr> Th> Executive /Th> /Tr> ",,,,entailment,1,0.9288868308067322
2563,the heart of the matter book 1 summary,,False,I don't know,,,,entailment,1,0.4351571202278137,"The United States is one of only two common law jurisdictions in the world, along with Liberia, that continues to use the grand jury to screen criminal indictments.",,,,neutral,0,0.05175216868519783
2564,what is the theme of 2016 united nations day,,False,I don't know,,,,contradiction,0,0.17927223443984985,The Indian Olympic Association.,,,,entailment,1,0.41933727264404297
2565,water activity values are on a logarithmic scale,,False,I don't know,,,,neutral,0,0.17478930950164795,Soil pH is a measure of the acidity or basicity of a soil.,,,,entailment,1,0.979101300239563
2566,when was the first loonie made in canada,,False,I don't know,,,,contradiction,0,0.18483611941337585,The Loonie Tr> Tr> Tr> Tr> Th> Value /Th> Td> 1 CAD /Td> /Tr> Tr> Th>,,,,entailment,1,0.7662150263786316
2567,when does the new edition story come on again,,False,Bon Bon the Birthday Clown '' marked the mid-season finale for the second season,,,,entailment,1,0.8505678176879883,"The Birthday Clown '' marked the mid-season finale for the second season, according to Nefcy.",,,,entailment,1,0.9650933742523193
2568,when did delegates begin to sign the completed document,"September 17, 1787",True,The Constitutional Convention,0.0,0.0,1.0,neutral,0,0.35188543796539307,The Constitutional Convention.,0.0,0.0,1.0,neutral,0,0.3849063813686371
2569,within the townships created by the land ordinance of 1785 one section was set aside for,the maintenance of public schools,True,I don't know,0.0,0.0,0.0,neutral,0,0.169898122549057,Crown,0.0,0.0,0.0,neutral,0,0.2338482141494751
2570,when was the last time browns had a winning record,1994,True,I don't know,0.0,0.0,1.0,neutral,0,0.13461659848690033,The Browns were a charter member club of the All - America Football Conference ( AAFC ) when the league was founded in 1946.,0.0,0.0,1.0,entailment,1,0.7305989265441895
2571,who has the highest debt to gdp ratio,,False,I don't know,,,,neutral,0,0.022717593237757683,GDP.,,,,neutral,0,0.005816727411001921
2572,when does the latest riverdale episode come out,"May 16, 2018",True,I don't know,0.0,0.0,0.0,neutral,0,0.12405434995889664,ABC,0.0,0.0,0.0,neutral,0,0.20405711233615875
2573,why do you want to put stars in your eyes,,False,I don't know,,,,neutral,0,0.12160473316907883,"optical coatings are thin layers of metals, such as aluminium, which are deposited on glass substrates to make mirror surfaces, a process known as silvering.",,,,neutral,0,0.004315540660172701
2574,what is the most common food in scotland,,False,I don't know,,,,neutral,0,0.15708933770656586,Provence.,,,,neutral,0,0.15454211831092834
2575,what are the 7 wisdom books of the bible,,False,I don't know,,,,neutral,0,0.12602448463439941,"The Seven Churches of Revelation, also known as the Seven Churches of the Apocalypse and the Seven Churches of Asia, are seven major churches of Early Christianity, as mentioned in the New Testament Book of Revelation.",,,,entailment,1,0.9840617775917053
2576,how many us house of representatives does california have,,False,I don't know,,,,neutral,0,0.05641438439488411,The maximum size of the Lok Sabha as outlined in the Constitution of India is 552 members made up of up to 530 members representing people of the states of India and up to 20 members representing people from the Union Territories on the basis of their population and 2 Anglo - Indians are no,,,,contradiction,0,0.026370959356427193
2577,which of the following is not associated with el nino,,False,I don't know,,,,neutral,0,0.06387719511985779,Pacific Oceans.,,,,neutral,0,0.1672966182231903
2578,who is morgan freeman in the lego movie,Vitruvius,True,I don't know,0.0,0.0,0.0,neutral,0,0.006149791646748781,The Black Knight is a fictional character who appears in a scene of the film Monty Python and the Holy Grail.,0.0,0.0,0.0,neutral,0,0.02026362158358097
2579,who translated the new international version of the bible,,False,I don't know,,,,contradiction,0,0.24185484647750854,The New International Version of the Bible /Th> /Th> /Th> /Th> /Th> /Th> /Th> /Th> /Th> /Th> /Th> ,,,,entailment,1,0.8182972073554993
2580,who led the countries in world war 2,,False,I don't know,,,,contradiction,0,0.21426059305667877,"The Cold War was a state of geopolitical tension after World War II between powers in the Eastern Bloc ( the Soviet Union and its satellite states ) and powers in the Western Bloc ( the United States, its NATO allies and others ).",,,,entailment,1,0.8930963277816772
2581,find out more about the history and various organs of the united nations,,False,I don't know,,,,neutral,0,0.022596437484025955,"United Nations law, it is in the context of the United Nations Charter.",,,,entailment,1,0.6703940033912659
2582,when was the eiffel tower finished being built,15 March 1889,True,Construction started,0.0,0.0,1.0,neutral,0,0.18712656199932098,Construction started in the 7th arrondissement.,0.0,0.0,1.0,neutral,0,0.07481524348258972
2583,who was the first president identified as a democrat,Andrew Jackson,True,I don't know,0.0,0.0,1.0,contradiction,0,0.22708195447921753,The Democratic - Republican Party /Th> /Th> /Th> /Th> /Th> /Th> /Th> /Th> /Th> /Th> /Th> /,0.0,0.0,1.0,entailment,1,0.4857967495918274
2584,who built the sun temple at konark in odisha in 13 century a.d,,False,I don't know,,,,contradiction,0,0.1716107577085495,"The location of the Konark Sun Temple is located in Odisha, India.",,,,entailment,1,0.9761278033256531
2585,where is promontory point utah on a map,in Box Elder County,True,Mount Shasta /Th> /Th> /Th> /Tr> Tr> Tr> Tr> Tr> Tr> Tr> Tr> Tr>,0.0,0.0,0.0,contradiction,0,0.05604162439703941,Mount Shasta /Th> /Th> /Th> /Th> /Th> /Th> /Th> /Th> /Th> /Th> /Th> /Th> ,0.0,0.0,0.0,contradiction,0,0.053292300552129745
2586,when was the last time england were in the quater final,,False,I don't know,,,,contradiction,0,0.05434076115489006,The 2018 Winter Olympics are held in Winter in the United Kingdom.,,,,contradiction,0,0.049170203506946564
2587,who came up with the 2nd law of thermodynamics,Sadi Carnot,True,I don't know,0.0,0.0,0.0,neutral,0,0.1675110012292862,The Coriolis force is an inertial force that acts on objects that are in motion relative to a rotating reference frame.,0.0,0.0,0.0,entailment,1,0.9640259742736816
2588,robin thicke – blurred lines (featuring t.i & pharrell),,False,I don't know,,,,neutral,0,0.25197163224220276,"The single was released on March 20, 2013 /Td> /Tr> Tr> Th> Th> Th> Tr> Th> Tr> Th> Tr> ",,,,entailment,1,0.752608597278595
2589,who played penny in lost in space 2018,Mina Sundwall,True,I don't know,0.0,0.0,1.0,contradiction,0,0.24139024317264557,The Big Bang Theory is a sitcom that was created by Chuck Lorre and Bill Prady.,0.0,0.0,1.0,entailment,1,0.9584070444107056
2590,the first cut is the deepest cat stevens meaning,,False,I don't know,,,,neutral,0,0.1819915771484375,The Mariana Trench is a crescent - shaped.,,,,contradiction,0,0.21034371852874756
2591,darrin medley from paul revere and the raiders,,False,I don't know,,,,neutral,0,0.15991459786891937,"The Proud Family Movie /Th> /Th> Tr> Tr> Td colspan=""2""> DVD cover /Th> /Th> /Tr> Tr> Th>",,,,entailment,1,0.7412763833999634
2592,trial and error season 2 episode 2 cast,,False,I don't know,,,,contradiction,0,0.05706746131181717,Buck Rogers in the 25th Century /Th> /Th> /Tr> Tr> Tr> Th> Developed by /Th> Td> Ul> Li> Glen A.,,,,entailment,1,0.5566731691360474
2593,which of the following is​ (are) responsible for managing the money supply in the united​ states,,False,I don't know,,,,neutral,0,0.14008165895938873,The Committee on Finance is one of the original committees established in the Senate.,,,,entailment,1,0.5693324208259583
2594,when did mike trout come into the league,"July 8, 2011",True,I don't know,0.0,0.0,1.0,neutral,0,0.1399645358324051,"Mike Trout /Th> /Tr> /Tr> /Tr> Th colspan=""2""> Trout with the Los Angeles Angels in 2014 /Td> /Tr> /Tr>",0.0,0.0,1.0,neutral,0,0.2734028100967407
2595,the central dogma of molecular biology concerns the,flow of genetic information within a biological system,True,I don't know,0.0,0.0,0.0,neutral,0,0.020232882350683212,Reproduction,0.0,0.0,0.0,neutral,0,0.050814710557460785
2596,how many episodes of beyblade burst god are there,48,True,I don't know,0.0,0.0,0.0,neutral,0,0.10124101489782333,The opening theme is  EVOLUTION BURST! ''.,0.0,0.0,0.0,entailment,1,0.8187610507011414
2597,the largest and most recently developed part of the brain is the,,False,I don't know,,,,neutral,0,0.1966676265001297,The telson is the posterior-most division of the body of an arthropod.,,,,entailment,1,0.9649779200553894
2598,where is the chichen itza located in mexico,"Tinúm Municipality, Yucatán State, Mexico",True,I don't know,0.0,0.0,0.0,contradiction,0,0.24358327686786652,History /Th> /Tr> /Tr> /Tr> /Tr> Th> Periods /Th> Td> Late Classic to Early Postclassic /Td> /Tr,0.0,0.0,0.0,entailment,1,0.35185909271240234
2599,where did the invasion of normandy take place,6 June 1944,True,I don't know,0.0,0.0,1.0,contradiction,0,0.16703476011753082,"The map shows the territories held by Allied ( green ), Axis ( orange ), and neutral ( grey ) powers at the outbreak of hostilities in the Mediterranean /Td> /Tr> /Tr> Td col",0.0,0.0,1.0,entailment,1,0.9662554860115051
2600,musical style ich steh mit einem fuss im grabe,,False,I don't know,,,,contradiction,0,0.05019335076212883,"The word waltz is still used in Germany, Austria, Scandinavia, and France.",,,,neutral,0,0.029781104996800423
2601,when did shane douglas throws down the nwa title,,False,I don't know,,,,neutral,0,0.054126378148794174,"The pilot episode was first aired on January 20, 2008, and the series finale was broadcast on September 29, 2013.",,,,neutral,0,0.017887383699417114
2602,how many sugar creek gang movies are there,,False,I don't know,,,,neutral,0,0.14455628395080566,"Blue Mountain State was renewed for a third season and it premiered on September 21, 2011 with back - to - back episodes.",,,,entailment,1,0.9584311246871948
2603,the hobbit desolation of smaug bard's son,John Bell,True,I don't know,0.0,0.0,0.0,neutral,0,0.007992458529770374,"The final act of the Anglo - Saxon poem Beowulf is about the hero Beowulf's fight with a dragon, the third monster he encounters in the epic.",0.0,0.0,0.0,neutral,0,0.0026299015153199434
2604,how old are the twins in kim possible,,False,I don't know,,,,contradiction,0,0.34004801511764526,"Khloé's ex-husband Lamar Odom developed a major position as part of the supporting cast in the fourth season, though he was not a regular cast member in following seasons, and rarely appeared in season eight while attempting to fix his marriage with Khlo",,,,entailment,1,0.8836708664894104
2605,what law describes how a planet orbits the sun,laws of planetary motion,True,Aries,0.0,0.0,1.0,contradiction,0,0.05794060602784157,Sun Sign.,0.0,0.0,1.0,contradiction,0,0.10440163314342499
2606,other than water what is the most important ingredient of brown stock,bones,True,I don't know,0.0,0.0,1.0,neutral,0,0.016699111089110374,are essential nutrients for the human body.,0.0,0.0,1.0,neutral,0,0.02567525953054428
2607,who is the board of equalization in california,,False,I don't know,,,,neutral,0,0.11031755059957504,California becomes a U.S. state and California Genocide,,,,entailment,1,0.4531027674674988
2608,who played buck rogers in the 25th century,Gil Gerard,True,I don't know,0.0,0.0,1.0,contradiction,0,0.08877228200435638,"Buck Rogers in the 25th Century /Th> /Th> /Tr> Tr> Td colspan=""2""> Region 1 US DVD cover ( 2004 ) /Td> /Tr> T",0.0,0.0,1.0,contradiction,0,0.21326102316379547
2609,does damon come back to life in the vampire diaries,,False,I don't know,,,,neutral,0,0.17292506992816925,The show is set in New Orleans which the Mikaelson family and original vampires helped to build.,,,,entailment,1,0.9786373376846313
2610,where is the ryder cup golf tournament being played,"on the Albatros Course of Le Golf National in Saint-Quentin-en-Yvelines, a suburb southwest of Paris",True,I don't know,0.0,0.0,0.0,contradiction,0,0.3408672511577606,"The Open Championship is a tournament in the United Kingdom, varies /Td> /Tr> /Tr> /Tr> /Th> established /Td> /Tr> /Th> ",0.0,0.17142857142857143,0.0,neutral,0,0.08880369365215302
2611,how far south does the san andreas fault run,southern California,True,I don't know,0.0,0.0,0.0,contradiction,0,0.21634256839752197,"Pacific Ocean, it would be a tenth of the world's deepest ocean.",0.0,0.0,0.0,neutral,0,0.056624457240104675
2612,when does a cell have to use active transport,,False,I don't know,,,,neutral,0,0.11131972819566727,the inner mitochondrial membrane.,,,,neutral,0,0.035924725234508514
2613,where do the neck muscles attach to the skull,,False,I don't know,,,,neutral,0,0.25141581892967224,The telson is the posterior-most division of the body of an arthropod.,,,,entailment,1,0.9862620234489441
2614,where is the belmont stakes horse race located,,False,I don't know,,,,contradiction,0,0.25378409028053284,The Belmont Stakes Tr> Tr> Tr> Tr> Tr> Tr> Tr> Tr> Tr> Tr> Tr> T,,,,entailment,1,0.7723678350448608
2615,tinchy stryder & the chuckle brothers to me to you,,False,I don't know,,,,neutral,0,0.23114807903766632,"/Tr> Tr> Th colspan=""2"">  Meet the Fockers /Th> /Tr> Tr> Tr> Th colspan=""2"">  Take Me Out",,,,entailment,1,0.5646694302558899
2616,who does phoebe from charmed end up with,Coop,True,I don't know,0.0,0.0,1.0,contradiction,0,0.12220040708780289,"Phoebe Halliwell /Th> /Tr> Tr> Td colspan=""2""> Charmed character /Td> /Tr> Td colspan=""2""> /T",0.0,0.0,1.0,entailment,1,0.5515111684799194
2617,the government of india launched a programme called clean ganga this is because,,False,I don't know,,,,contradiction,0,0.025638397783041,Konark Sun Temple Tr> /Td> /Td> /Td> /Td> /Td> /Td> /Td> /Td> /Td> ,,,,contradiction,0,0.06521517783403397
2618,who is pictured in the last supper by leonardo da vinci,,False,I don't know,,,,contradiction,0,0.23177970945835114,"The Last Supper /Th> /Tr> Tr> Td colspan=""2""> Il Cenacolo or L'Ultima Cena /Tr> /Tr> Td cols",,,,entailment,1,0.7814757823944092
2619,what benefits did texas gain by joining the union what did it give up by becoming a state,,False,I don't know,,,,contradiction,0,0.008630652911961079,"The annexation of the Republic of Texas in 1845 led directly to the Mexican -- American War, after which the victorious United States obtained the northern half of Mexico's territory, including what was quickly made the state of California.",,,,contradiction,0,0.004898556973785162
2620,who are the main characters in the nutcracker,,False,American,,,,neutral,0,0.20786145329475403,"The Ant and the Grasshopper, alternatively titled The Grasshopper and the Ant ( or Ants ), is one of Aesop's Fables, numbered 373 in the Perry Index.",,,,entailment,1,0.9650452733039856
2621,what do you mean by assessment in hindi,,False,"sack of flour, the height of a sack of flour",,,,contradiction,0,0.0042513953521847725,The metric system is an internationally recognised decimalised system of measurement.,,,,contradiction,0,0.0059762755408883095
2622,list of former kings and queens of england,,False,I don't know,,,,contradiction,0,0.0926557332277298,"The last monarch of a distinct kingdom of England was Anne, who became Queen of Great Britain when England merged with Scotland to form a union in 1707.",,,,neutral,0,0.05523441359400749
2623,is it legal to carry a gun in a car in texas,,False,I don't know,,,,neutral,0,0.01409953460097313,The gun laws of Montana are some of the most restrictive in the United States.,,,,contradiction,0,0.006593712139874697
2624,national holiday act of 1971 (p.l. 90 – 363),,False,I don't know,,,,contradiction,0,0.006066714879125357,The Uniform Monday Holiday Act ( Pub. L. 90 -- 363 ) is an Act of Congress that amended the federal holiday provisions of the United States Code to establish the observance of certain holidays on Mondays.,,,,contradiction,0,0.073348268866539
2625,what is the game marco polo named after,,False,I don't know,,,,contradiction,0,0.2111523300409317,Frederick the Great of Prussia.,,,,contradiction,0,0.13835600018501282
2626,why is it called air on a g string,"transposed down so that it can be played entirely on a violin's lowest string, i.e., the G string",True,sagging trousers.,0.0,0.0,0.0,neutral,0,0.09310592710971832,sagging trousers.,0.0,0.0,0.0,neutral,0,0.09310592710971832
2627,what is the pathway for nerve impulse conduction,,False,I don't know,,,,neutral,0,0.016547027975320816,Active transport is the movement of molecules across a membrane from a region of their lower concentration to a region of their higher concentration -- in the direction against the concentration gradient or other obstructing factor ( often a concentration gradient ).,,,,neutral,0,0.10248436778783798
2628,who played violet on leave it to beaver,,False,I don't know,,,,contradiction,0,0.17866553366184235,Seven Brides for Seven Brothers /Th> /Th> /Th> /Th> /Th> /Th> /Th> /Th> /Th> /Th> /Th> /,,,,entailment,1,0.7478922009468079
2629,main characters of canterville ghost by oscar wilde,,False,I don't know,,,,neutral,0,0.01614423468708992,The first appearance of Lord Voldemort was in Harry Potter and the Deathly Hallows -- Part 1.,,,,neutral,0,0.16566984355449677
2630,how many countries are still in the british commonwealth,53,True,I don't know,0.0,0.0,1.0,neutral,0,0.18733654916286469,"The Commonwealth of Nations is an international organisation in which countries with diverse social, political, and economic backgrounds are regarded as equal in status, and cooperate within a framework of common values and goals, as is the case in a political union.",0.0,0.0,1.0,entailment,1,0.5836055874824524
2631,what is an example of a radical in chemistry,hydroxyl radical (HO•),True,radical is to produce chemically active substances.,0.0,0.2,1.0,neutral,0,0.3988305926322937,base is to contain a base.,0.0,0.0,1.0,entailment,1,0.47508785128593445
2632,who was portrayed as the anderson brothers cousin,Ric Flair,True,I don't know,0.0,0.0,0.0,neutral,0,0.09020671993494034,The show is set in New Orleans which the Mikaelson family and original vampires helped to build.,0.0,0.0,0.0,entailment,1,0.9847050905227661
2633,the stimulus for the formation of a platelet plug or a blood clot is,endothelial injury,True,I don't know,0.0,0.0,1.0,contradiction,0,0.07738673686981201,Hemostasis is the first stage of wound healing.,0.0,0.0,1.0,entailment,1,0.9186939001083374
2634,what are some effects of the california gold rush,,False,I don't know,,,,neutral,0,0.0503421425819397,California Gold Rush,,,,neutral,0,0.24073386192321777
2635,who became the first pope of the roman catholic church,St Peter,True,Trinitarian,0.0,0.0,1.0,contradiction,0,0.00662729237228632,The Old Roman Symbol.,0.0,0.0,1.0,contradiction,0,0.009095936082303524
2636,who is the 1st governor general in india,,False,I don't know,,,,contradiction,0,0.12257327139377594,In office 15 August 1947 -- 27 May 1964 /Td> /Tr> /Tr> /Tr> /Tr> /Tr> /Tr> /Tr> /Tr> ,,,,entailment,1,0.6016383171081543
2637,who is the song we belong together about,a woman's desperation for her former lover to return,True,I don't know,0.0,0.0,0.0,neutral,0,0.18899957835674286,The song was written by George Johnson.,0.0,0.0,0.0,entailment,1,0.6419204473495483
2638,dividing up africa among european countries was the goal of the,Berlin Conference of 1884,True,I don't know,0.0,0.0,0.0,neutral,0,0.0872383639216423,"The Columbian Exchange was the widespread transfer of plants, animals, culture, human populations, technology, and ideas between the Americas and the Old World in the 15th and 16th centuries, related to European colonization and trade after Christopher Columbus's 1492 voyage.",0.0,0.045454545454545456,0.0,entailment,1,0.7360534071922302
2639,list mvc type. explain mvc architecture with diagram,,False,I don't know,,,,neutral,0,0.2813834846019745,MVC frameworks.,,,,entailment,1,0.6911575794219971
2640,who eat the cookie from the cookie jar,,False,I don't know,,,,neutral,0,0.3964042365550995,"The game begins with the children sitting or standing, arranged in an inward - facing circle.",,,,entailment,1,0.745359480381012
2641,when do teams have to be under the cap,,False,I don't know) can play in official major league games,,,,neutral,0,0.025796879082918167,40 - man roster) will be eligible to play in official major league games throughout the season.,,,,neutral,0,0.009596330113708973
2642,where did the pittsburgh steelers get their name from,,False,I don't know,,,,contradiction,0,0.042477257549762726,The name originated in the Basque Country and means  wolf '' in the Basque language,,,,entailment,1,0.440011590719223
2643,is it illegal to talk on the phone while driving in pennsylvania,,False,Firearm Safety Certificate,,,,neutral,0,0.09443076699972153,California website.,,,,neutral,0,0.05412041395902634
2644,jagiya the date with a son in law,,False,I don't know,,,,neutral,0,0.32764485478401184,"Lamar Odom developed a major position as part of the supporting cast in the fourth season, though he was not a regular cast member in following seasons, and rarely appeared in season eight while attempting to fix his marriage with Khloé.",,,,entailment,1,0.8547850251197815
2645,where is the golic and wingo show filmed,,False,I don't know,,,,neutral,0,0.23429657518863678,"The series premiered on April 17, 2011, on HBO.",,,,entailment,1,0.9352562427520752
2646,what player in the nfl has the most rings,Bill Belichick,True,I don't know,0.0,0.0,0.0,contradiction,0,0.02065998874604702,The Cowboys are the American football team that won the NFL championship in the 1990s.,0.0,0.0,0.0,contradiction,0,0.009738645516335964
2647,who does haley see dead in season 9,,False,"Oliver Queen as a team, Queen's team receives help from the Lance family.",,,,entailment,1,0.8529727458953857,Queen returned home to fight crime.,,,,neutral,0,0.04653355851769447
2648,when will the 2018 nba all stars be announced,"January 18, 2018",True,I don't know,0.0,0.0,0.0,contradiction,0,0.25917622447013855,The National anthem of the NBA All Star Game was a national anthem.,0.0,0.0,0.0,neutral,0,0.2796728312969208
2649,where is the northern highland rim in tennessee,encountered a few miles north of Nashville and extends to the Kentucky border,True,I don't know,0.0,0.0,0.0,neutral,0,0.032198287546634674,The Tropic of Cancer is a tropic of cancer.,0.0,0.27272727272727276,0.0,neutral,0,0.027960671111941338
2650,what happens to lana lang in season 8,,False,I don't know,,,,neutral,0,0.018630901351571083,Lance ).,,,,neutral,0,0.04746904596686363
2651,when was the last time the chiefs won a superbowl,,False,I don't know,,,,contradiction,0,0.014437044970691204,The Raiders were approved to relocate from Oakland to Los Angeles.,,,,contradiction,0,0.010269899852573872
2652,westfield liverpool macquarie street liverpool new south wales,,False,I don't know,,,,contradiction,0,0.16741310060024261,"The total number of floors is 83,365 m ( 897,333 sq ft )",,,,neutral,0,0.0075962902046740055
2653,which english comedian became the first moomba king in 1967,Robert Morley,True,),0.0,0.0,0.0,neutral,0,0.1961718201637268,The show features a two - tiered cast.,0.0,0.0,0.0,neutral,0,0.09281168133020401
2654,when does the ellen show come on today,,False,I don't know,,,,neutral,0,0.11251528561115265,The show features a two - tiered cast.,,,,entailment,1,0.986182451248169
2655,star wars books following return of the jedi,,False,I don't know,,,,neutral,0,0.011451758444309235,The author of the first light novel volume.,,,,neutral,0,0.04073359817266464
2656,the globe theatre is an example of which theatre type,,False,I don't know,,,,contradiction,0,0.19190442562103271,The theatre was dismantled and the timbers used in the construction of the Globe Theatre on Bankside.,,,,entailment,1,0.9019529223442078
2657,which nba players have won the most championships,,False,Larry O'Brien,,,,contradiction,0,0.04365632310509682,The NBA Finals is the championship series for the NBA and the conclusion of the sport's postseason.,,,,contradiction,0,0.013309107162058353
2658,expansion of the united states of america map,,False,I don't know,,,,contradiction,0,0.1527208685874939,The highest point is Mount McKinley.,,,,neutral,0,0.02174210362136364
2659,what did the us navy do during the blockade of cuba,,False,I don't know,,,,contradiction,0,0.12987542152404785,"The Cuban Missile Crisis /Tr> /Tr> /Tr> Td colspan=""2""> Part of the Cold War /Tr> /Tr> Td colspan=""2""> ",,,,entailment,1,0.8843926191329956
2660,who sings bring me back to life with evanescence,Paul McCoy of the band 12 Stones,True,I don't know,0.0,0.0,0.0,neutral,0,0.2879045009613037,"Evanescence /Th> /Th> /Tr> Tr> Td colspan=""2""> /Tr> /Tr> /Tr> Th colspan=""2""> single by",0.0,0.0,0.0,entailment,1,0.6560279726982117
2661,how many matches are there in vivo ipl 2018,,False,I don't know,,,,contradiction,0,0.21402375400066376,The match was played between India and Chennai Super Kings.,,,,entailment,1,0.6134421825408936
2662,where does the cedar river begin and end,,False,I don't know,,,,contradiction,0,0.09556473046541214,Iowa.,,,,neutral,0,0.33368706703186035
2663,when is celebrity big brother coming to cbs,"February 7, 2018",True,Warner Bros. Television,0.0,0.0,0.0,neutral,0,0.05657729133963585,"The show was ordered to series on May 8, 2014, followed by a full season order on October 21, 2014.",0.0,0.0,0.0,entailment,1,0.9695125818252563
2664,what was the original purpose of savings and loan associations,,False,I don't know,,,,neutral,0,0.03855742886662483,"The Bank of England observed about 33 saints'days and religious festivals as holidays, but in that year this was reduced to four : 1 May ( May Day ), 1 November ( All Saints'Day ), Good Friday and Christmas Day.",,,,neutral,0,0.1230182945728302
2665,where does the term off licence come from,,False,England,,,,neutral,0,0.10508964210748672,"The power of a state, provincial, or national government to take private property for public use.",,,,entailment,1,0.9897172451019287
2666,the part of a flower that develops into a fleshy fruit,,False,I don't know,,,,neutral,0,0.09850028157234192,a flowering plant,,,,entailment,1,0.5062539577484131
2667,the clue of the savant's thumb cast list,,False,I don't know,,,,neutral,0,0.23674730956554413,Harry Potter and the Deathly Hallows /Tr> /Tr> /Tr> /Tr> /Tr> /Tr> /Tr> /Tr> /Tr> ,,,,neutral,0,0.12744438648223877
2668,when is dragon ball super 130 episode coming out,"March 18, 2018",True,I don't know,0.0,0.0,0.0,neutral,0,0.020352864637970924,"The series was officially picked up on May 6, 2015, and received a full season order on November 30, 2015.",0.0,0.0,0.0,neutral,0,0.011805172078311443
2669,zones of upwelling near the shores of land masses have high primary production because such zones,"are rich in nutrients, including nitrate, phosphate and silicic acid",True,I don't know,0.0,0.0,0.0,neutral,0,0.16311867535114288,Reuse on-site.,0.0,0.0,0.0,entailment,1,0.4257877469062805
2670,when was the kilt first worn in scotland,,False,I don't know,,,,contradiction,0,0.0640629231929779,"The kilt first appeared as the belted plaid or great kilt, a full length garment whose upper half could be worn as a cloak draped over the shoulder, or brought up over the head as a hood.",,,,entailment,1,0.5723150372505188
2671,who marched on behalf of human rights in buenos aires argentina,,False,I don't know,,,,neutral,0,0.13910099864006042,a sex scandal,,,,neutral,0,0.08896944671869278
2672,when do birth of the dragon come out,"August 25, 2017",True,Goku is a samurai,0.0,0.0,1.0,neutral,0,0.07554256170988083,Goku is a savage.,0.0,0.0,1.0,neutral,0,0.05663451552391052
2673,who developed the technology of underground nuclear explosion,,False,I don't know,,,,contradiction,0,0.1740085780620575,are no colour.,,,,contradiction,0,0.03651908040046692
2674,what do you have to do to become a french citizen,,False,I don't know,,,,neutral,0,0.16558332741260529,citizenship.,,,,neutral,0,0.39837348461151123
2675,do you win anything for getting both lucky stars,,False,I don't know,,,,neutral,0,0.04310215637087822,The following is a list of the largest sports contracts.,,,,entailment,1,0.9830639958381653
2676,what is the constituency of the house of representatives,,False,I don't know,,,,neutral,0,0.23885445296764374,The leader of the United States Senate is Mitch McConnell.,,,,neutral,0,0.019965695217251778
2677,what kind of gas does a monte carlo ss take,,False,I don't know,,,,contradiction,0,0.33427736163139343,The endothelial cells of intact vessels prevent blood clotting.,,,,neutral,0,0.22534331679344177
2678,was the book of henry based on a book,,False,I don't know,,,,neutral,0,0.1979273408651352,The phrase entered the American lexicon early in its colonial history through the 1630 sermon  A Model of Christian Charity '' preached by Puritan John Winthrop while still aboard the ship Arbella.,,,,contradiction,0,0.029880166053771973
2679,how many amendments does the kentucky constitution have,,False,I don't know,,,,neutral,0,0.22602534294128418,"The first constitutional convention of Kentucky was called by Colonel Benjamin Logan on December 27, 1784 in Danville, the capital of Kentucky County, Virginia.",,,,entailment,1,0.8845536708831787
2680,who wants to be a millionaire catch phrase,,False,M.O.,,,,neutral,0,0.1597764641046524,A modus operandi ( often shortened to M.O. ) is someone's habits.,,,,entailment,1,0.4511187970638275
2681,the following are considered a takings under the endangered species act,,False,I don't know,,,,neutral,0,0.1579986959695816,The Endangered Species Act of 1973,,,,neutral,0,0.37412506341934204
2682,who killed mr jackson's wife in wentworth,,False,I don't know,,,,neutral,0,0.00465416070073843,Simpson was perceived to be politically and socially unsuitable as a prospective queen consort because of her two failed marriages,,,,neutral,0,0.0024630085099488497
2683,who put the bop in the bop shoo bop shoo bop,,False,I don't know,,,,contradiction,0,0.14974096417427063,Baseball game.,,,,contradiction,0,0.11838646978139877
2684,what poem is engraved on the statue of liberty,"""The New Colossus",True,I don't know,0.0,0.0,1.0,contradiction,0,0.0036515044048428535,"The poem is one of several  Great Odes of 1819 '', which includes  Ode on Indolence '',  Ode on Melancholy '',  Ode to a Nightingale '',",0.0,0.08,1.0,neutral,0,0.18023160099983215
2685,who played in the movie over the top,,False,Phil Coulson,,,,entailment,1,0.5455629825592041,Phil Coulson,,,,entailment,1,0.5455629825592041
2686,why is the columbia river gorge on the west coast a desirable location for a wind farm,,False,I don't know,,,,neutral,0,0.17222711443901062,Wind shear can be associated with mesoscale or synoptic scale weather features such as squall lines and cold fronts.,,,,entailment,1,0.9815479516983032
2687,what is the difference between waltz and viennese waltz,,False,I don't know,,,,entailment,1,0.4913264513015747,The word waltz is a form of ballroom dance.,,,,entailment,1,0.9790036082267761
2688,the percentage of packed red blood cells in a volume of blood is known as the,,False,I don't know,,,,contradiction,0,0.29330334067344666,The metric system is an internationally recognised decimalised system of measurement.,,,,neutral,0,0.30526021122932434
2689,what is the fifth letter of the greek alphabet,epsilon,True,I don't know,0.0,0.0,0.0,neutral,0,0.10318252444267273,Icarus from being a savage.,0.0,0.0,0.0,neutral,0,0.05499468743801117
2690,disorders of the thyroid are located in code categories,,False,I don't know,,,,contradiction,0,0.18025124073028564,"/Td> /Tr> Th colspan=""2""> Thyroid disease /Th> /Tr> P> Asperger syndrome ( AS ) is an autism spectrum disorder ( ASD ).",,,,entailment,1,0.8219538927078247
2691,list of nfl number 1 overall draft picks,,False,I don't know,,,,neutral,0,0.06882613897323608,The Miami Dolphins are the team with the worst record in the previous year.,,,,neutral,0,0.02515033259987831
2692,what is the general name for a group of wolves,,False,I don't know,,,,neutral,0,0.26037079095840454,"2""> Aardwolf Temporal range : Pleistocene -- Recent",,,,neutral,0,0.18911179900169373
2693,who did greece beat to win euro 2004,Portugal,True,I don't know,0.0,0.0,1.0,contradiction,0,0.16101236641407013,/Th> /Th> /Th> /Th> /Th> /Th> /Th> /Th> /Th> /Th> /Th> /Th> /Th,0.0,0.0,1.0,neutral,0,0.2211371809244156
2694,what speed does the space shuttle re-enter earth,100 km,True,I don't know,0.0,0.0,0.0,contradiction,0,0.15505018830299377,"The object will move away from the other body, continually slowing and approaching, but never reaching zero speed.",0.0,0.0,0.0,entailment,1,0.9192304015159607
2695,what episode does rachel sing go your own way,,False,I don't know,,,,neutral,0,0.30795231461524963,Fox.,,,,neutral,0,0.08701981604099274
2696,who has won the golden slam in tennis,,False,I don't know,,,,contradiction,0,0.010010729543864727,"The All England Lawn Tennis and Croquet Club is based at Church Road, Wimbledon, Wimbledon, England.",,,,contradiction,0,0.03294537961483002
2697,data analysis cost and benefit analysis of a system,,False,I don't know,,,,neutral,0,0.24118435382843018,The marginal product of labor is the change in output that results from employing an added unit of labor.,,,,neutral,0,0.11780811846256256
2698,who does the voice of diane on family guy,Lori Alan,True,Roseanne,0.0,0.0,0.0,neutral,0,0.17407290637493134,"The show's central character is teenager Jenna Hamilton ( Ashley Rickards ), who struggles with her identity, especially after an accident is misconstrued as a suicide attempt.",0.0,0.0,0.0,contradiction,0,0.3091409206390381
2699,who is the second robot in i am frankie,Andrew,True,Mimi,0.0,0.0,0.0,contradiction,0,0.0315224789083004,Drew Carey is the main protagonist of the series.,0.0,0.0,0.0,contradiction,0,0.17528477311134338
2700,what the plot of once upon a time,,False,I don't know,,,,contradiction,0,0.23564212024211884,"Once Upon a Time /Th> /Th> /Tr> Tr> Td colspan=""2""> Promo poster /Th> /Tr> Tr> Th> Starring ",,,,entailment,1,0.6887852549552917
2701,where is the final of u17 world cup,India,True,I don't know,0.0,0.0,1.0,neutral,0,0.18085934221744537,The 2017 FIFA U-17 World Cup was held from 6 to 28 October.,0.0,0.0,1.0,entailment,1,0.9750443696975708
2702,what factor led to a civil war in sri lanka,,False,Mexican -- American War,,,,neutral,0,0.019863711670041084,Mexican -- American War.,,,,neutral,0,0.04795917123556137
2703,g.i. joe a real american hero toys,,False,I don't know,,,,neutral,0,0.05910704657435417,The Kit Kat logo is a relic of the Kit Kat /Tr> /Tr> /Tr> /Tr> /Tr> /Tr> /Tr> /Tr> ,,,,neutral,0,0.24061401188373566
2704,when did the lion king movie come out,1994,True,I don't know,0.0,0.0,1.0,neutral,0,0.19294355809688568,The Ten Commandments /Th> /Th> /Th> /Th> /Th> /Th> /Th> /Th> /Th> /Th> /Th> /Th>,0.0,0.0,1.0,entailment,1,0.42351478338241577
2705,who played kristen baxter on last man standing,,False,7,,,,entailment,1,0.4645058214664459,The number of episodes /Th> Tr> Tr> Tr> Th> is 7,,,,neutral,0,0.28260523080825806
2706,what kind of milk is gouda cheese made from,cow's milk,True,oil,0.0,0.0,0.0,neutral,0,0.03564934805035591,"The oil is a vegetable oil derived from the mesocarp ( reddish pulp ) of the fruit of the oil palms, primarily the African oil palm Elaeis guineensis, and to a lesser extent from the American oil palm Ela",0.0,0.0,0.0,neutral,0,0.07101383060216904
2707,what engine is in the ferrari f1 car,,False,Lamborghini,,,,entailment,1,0.49292266368865967,Lamborghini Aventador LP 700 - 4 /Th>,,,,contradiction,0,0.058538589626550674
2708,when was the smoking age raised to 18,,False,I don't know,,,,neutral,0,0.015470325015485287,"The sentence "" Despite mounting evidence in the 1950s of the adverse health effects of smoking and tobacco use, the military continued to include cigarettes in rations until 1975.",,,,neutral,0,0.10314121097326279
2709,who plays lord elrond in lord of the rings,Hugo Wallace Weaving,True,I don't know,0.0,0.0,0.0,contradiction,0,0.12848854064941406,The Phantom Menace was created by George Lucas /Th> Td> Td> George Lucas /Th> George Lucas /Th> George Lucas /Th> George Lucas /Th> George Lucas /Th> George Lucas /,0.0,0.0,0.0,neutral,0,0.03687325119972229
2710,who played sidney in lark rise to candleford,,False,I don't know,,,,contradiction,0,0.1687239408493042,"Lord Voldemort /Th> /Th> /Tr> Tr> Td colspan=""2""> Lord Voldemort /Th> /Tr> Tr> Td cols",,,,contradiction,0,0.15837623178958893
2711,who won season 5 of america's got talent,Michael Grimm,True,I don't know,0.0,0.0,1.0,contradiction,0,0.18348652124404907,/Tr> /Tr> /Tr> /Tr> /Tr> /Tr> /Tr> /Tr> /Tr> /Tr> /T,0.0,0.0,1.0,contradiction,0,0.26530757546424866
2712,do you think you're better off alone- alice dj,,False,I don't know,,,,contradiction,0,0.10073664039373398,"What is the idiom  six of one, half a dozen of the other ''?",,,,contradiction,0,0.15958362817764282
2713,the current chief of naval staff in nigeria,Ibok Ekwe Ibas,True,I don't know,0.0,0.0,1.0,neutral,0,0.050258148461580276,"The current Chief of Naval Staff is Ibok Ekwe Ibas who was appointed on July 13, 2015 by President Muhammadu Buhari to succeed Usman Oyibe Jibrin.",0.0,0.20689655172413793,1.0,neutral,0,0.11949826776981354
2714,the most effective wpa program was which of the following,,False,I don't know,,,,neutral,0,0.030854374170303345,The term is now usually associated with the United States soldiers during the world wars who used their knowledge of Native American languages as a basis to transmit coded messages.,,,,contradiction,0,0.0038703512400388718
2715,who won the womens battle royal wrestlemania 34,Naomi,True,I don't know,0.0,0.0,0.0,neutral,0,0.18770459294319153,The original language ( s ) /Th> Td> English /Th> Td> Td> Td> Td> Td> Td> Td> Td>,0.0,0.0,0.0,contradiction,0,0.16612397134304047
2716,the news print paper is obtained from which state in india,Madhya Pradesh,True,tourism,0.0,0.0,0.0,contradiction,0,0.005062466487288475,India.,0.0,0.0,0.0,contradiction,0,0.00469024246558547
2717,who plays henry on once upon a time season 7,Andrew J. West,True,I don't know,0.0,0.0,1.0,contradiction,0,0.15688762068748474,The Truest Believer /Td> /Tr> Tr> Th> Occupation /Tr> Td> Writer Driver /Tr> Tr> Th> Occupation ,0.0,0.0,1.0,contradiction,0,0.05658600851893425
2718,when did english merchants form the east india company,31 December 1600,True,Public /Td> /Tr> /Tr> /Tr> /Tr> /Tr> /Th> Industry /Td> /Tr> /Tr> /,0.0,0.0,1.0,entailment,1,0.49848243594169617,"Public /Td> /Tr> /Tr> /Tr> /Tr> /Th> Industry /Td> /Tr> /Tr> Th> International trade, Op",0.0,0.0,1.0,entailment,1,0.5762360095977783
2719,describe the route which western farm products traveled to markets in the east,,False,I don't know,,,,neutral,0,0.06826943904161453,"Invasive species, including communicable diseases, were a byproduct of the Exchange.",,,,neutral,0,0.015483762137591839
2720,how long should light bodied red wine age,,False,phenols are not as easy to understand.,,,,neutral,0,0.0473901592195034,phenols are not as dangerous as wine is.,,,,neutral,0,0.0528939813375473
2721,most of the geographic expansion of the eu in the 21st century came from which nations,,False,I don't know,,,,contradiction,0,0.027407461777329445,The fall of the Roman Empire in AD 476 traditionally marks the start of the Middle Ages.,,,,neutral,0,0.03155093640089035
2722,when do they find percy in the heroes of olympus,,False,I don't know,,,,contradiction,0,0.08845218271017075,The dragon wounds Beowulf fatally.,,,,neutral,0,0.0033384286798536777
2723,what does the pig mean in chinese zodiac,,False,I don't know,,,,neutral,0,0.13836605846881866,"The term comes from Heian period literature, but was picked up and used by 18th century Edo period Japanese cultural scholar Motoori Norinaga in his literary criticism of The Tale of Genji, and later to other seminal Japanese works including the Man'ysh.",,,,neutral,0,0.008163027465343475
2724,who is the football coach at georgia southern,Chad Lunsford,True,I don't know,0.0,0.0,1.0,neutral,0,0.2085047960281372,The Georgia Southern Eagles football team /Td> /Tr> /Tr> /Tr> /Tr> /Tr> /Tr> /Tr> /Tr> /,0.0,0.0,1.0,entailment,1,0.6892111301422119
2725,where does the revenant take place in the movie,,False,I don't know,,,,contradiction,0,0.09885329753160477,The story is set in New Orleans.,,,,entailment,1,0.9316887855529785
2726,how many freshmen college students in the us,,False,I don't know,,,,neutral,0,0.027283065021038055,"The purpose of Junior is  to instill in students in ( the United States ) secondary educational institutions the values of citizenship, service to the United States, and personal responsibility and a sense of accomplishment.",,,,neutral,0,0.029050277546048164
2727,when did medicare begin in the united states,1966,True,I don't know,0.0,0.0,1.0,neutral,0,0.08087774366140366,"The United States Medicare is funded by a payroll tax, premiums and surtaxes from beneficiaries, and general revenue.",0.0,0.0,1.0,entailment,1,0.9721173048019409
2728,bach violin concerto in d minor for two violins,,False,I don't know,,,,contradiction,0,0.1329822987318039,The cantata was written in 1808.,,,,entailment,1,0.8918969035148621
2729,where does a baker's cyst come from,knee arthritis,True,I don't know,0.0,0.0,0.0,entailment,1,0.4895564317703247,"The proverb originated in Wales, and was particularly prevalent in Pembrokshire.",0.0,0.0,0.0,entailment,1,0.981956958770752
2730,ict skills in crafting an adaptation of a literary text,,False,I don't know,,,,neutral,0,0.14840926229953766,Old English.,,,,neutral,0,0.3190305233001709
2731,single flashing yellow light at a junction in europe,,False,I don't know,,,,neutral,0,0.04357821121811867,X.,,,,neutral,0,0.06573180109262466
2732,what happened to the original cast of love it or list it,,False,performs in sketches with the cast,,,,neutral,0,0.05382866412401199,performs in sketches with the cast,,,,neutral,0,0.05382866412401199
2733,who has the most triple-doubles ever in the nba,Oscar Robertson,True,season,0.0,0.0,0.0,contradiction,0,0.1582188457250595,"Kevin Durant has the highest point total ( 2,593 ) and the highest scoring average ( 32.0 ) in a season.",0.0,0.0,0.0,contradiction,0,0.011454234831035137
2734,where is burkina faso on the map of africa,,False,I don't know,,,,contradiction,0,0.1455378234386444,Sudan /Td> /Tr> /Tr> /Tr> /Tr> /Tr> /Tr> /Tr> /Tr> /Tr> /,,,,contradiction,0,0.3342766761779785
2735,how many players can play lego harry potter,,False,I don't know,,,,neutral,0,0.08080532401800156,"The FIFA World Cup is an international association football competition contested by the senior men's national teams of the members of FIFA, the sport's global governing body.",,,,neutral,0,0.03127368912100792
2736,who died from the movie fast and furious,Paul Walker,True,I don't know,0.0,0.0,1.0,contradiction,0,0.22542528808116913,Paul Walker /Th> /Th> /Th> /Th> /Th> /Th> /Th> /Th> /Th> /Th> /Th> /Th> ,0.0,0.25,1.0,entailment,1,0.4805361330509186
2737,sa re ga ma pa 2014 contestants name,,False,I don't know,,,,contradiction,0,0.2201434075832367,The Sa Re Ga Ma Pa /Th> /Th> /Th> /Th> /Th> /Th> /Th> /Th> /Th> /Th> /Th> /,,,,entailment,1,0.5029699206352234
2738,where is the big 12 baseball tournament held,"at Chickasaw Bricktown Ballpark in Oklahoma City, Oklahoma",True,I don't know,0.0,0.0,0.0,contradiction,0,0.12331482023000717,NCAA Tournament.,0.0,0.0,0.0,entailment,1,0.5917007923126221
2739,who is the chairman of the lok sabha,the Vice President of India,True,I don't know,0.0,0.0,0.0,contradiction,0,0.1113201230764389,Prime Minister of India.,0.0,0.4444444444444445,0.0,entailment,1,0.8035726547241211
2740,where did mark get his information to write his gospel,"a variety of pre-existing sources, such as conflict stories (Mark 2:1–3:6), apocalyptic discourse (4:1–35), and collections of sayings",True,Seven Churches of Revelation,0.0,0.0909090909090909,0.0,neutral,0,0.3820810616016388,P>,0.0,0.0,0.0,neutral,0,0.2734900414943695
2741,do you fly the flag at half staff on labor day,,False,I don't know,,,,neutral,0,0.32379207015037537,"The act of Congress moved Washington's Birthday ( February 22 ), Memorial Day ( May 30 ), and Veterans Day ( November 11 ) from fixed dates to designated Mondays, and established as a federal holiday Columbus Day -- which had previously been celebrated in some states on October 12",,,,neutral,0,0.10322842001914978
2742,pictures of a parallelogram with a right angle that is not a rectangle,,False,a different axis,,,,neutral,0,0.37122949957847595,The greater than sign is a mathematical symbol that denotes an inequality between two values.,,,,entailment,1,0.98328697681427
2743,why are there 2 basketball teams in la,,False,I don't know,,,,neutral,0,0.10414304584264755,The NBA Finals is the championship series for the NBA and the conclusion of the NBA Finals.,,,,neutral,0,0.01281820610165596
2744,what kind of material makes up the object labeled conductor,,False,I don't know,,,,neutral,0,0.060027867555618286,"Chromatin is a complex of macromolecules found in cells, consisting of",,,,neutral,0,0.10592574626207352
2745,who played the beast in the movie shot caller,Holt McCallany,True,I don't know,0.0,0.0,0.0,contradiction,0,0.12848854064941406,The Phantom Menace was created by George Lucas /Th> Td> Td> George Lucas /Th> George Lucas /Th> George Lucas /Th> George Lucas /Th> George Lucas /Th> George Lucas /,0.0,0.0,0.0,neutral,0,0.03687325119972229
2746,who wants to be a millionaire australia eddie mcguire,,False,I don't know,,,,contradiction,0,0.1563625931739807,The contestant who left the show was forced to pull out after an ankle injury.,,,,neutral,0,0.024757973849773407
2747,how much land did mexico lose in the mexican american war,,False,I don't know,,,,neutral,0,0.10146824270486832,"The battles of the Mexican -- American War include all major engagements and most reported skirmishes, including Thornton's Defeat, the Battle of Palo Alto, and the Battle of Resaca de la Palma, which took place prior to the",,,,neutral,0,0.004214110784232616
2748,where was the movie the longest day filmed,,False,Ken Annakin,,,,entailment,1,0.5855607986450195,Ken Annakin ( British & French exteriors ) /Li> Li> Andrew Marton ( American exteriors ) /Li> Bernhard Wicki ( German episodes ) /Li> Gerd Oswald ( Parachuting Scenes,,,,entailment,1,0.7100585699081421
2749,who plays the frog on gnomeo and juliet,Ashley Jensen,True,Mark L. Young,0.0,0.0,0.0,entailment,1,0.4659627377986908,Mark L. Young,0.0,0.0,0.0,entailment,1,0.4659627377986908
2750,who was the pale rider supposed to be,Death,True,I don't know,0.0,0.0,1.0,neutral,0,0.03119189292192459,The Doll's version of the story was a pre-Perrault version of the story.,0.0,0.0,1.0,neutral,0,0.057632751762866974
2751,guy who played opie on sons of anarchy,Ryan Douglas Hurst,True,I don't know,0.0,0.0,0.0,neutral,0,0.049964796751737595,The third season.,0.0,0.0,0.0,neutral,0,0.025625301524996758
2752,who does the green arrow marry in the comics,Black Canary,True,playboy,0.0,0.0,0.0,neutral,0,0.012810733169317245,Playboy.,0.0,0.0,0.0,neutral,0,0.013629462569952011
2753,where was kal ho na ho shot in new york,,False,I don't know,,,,neutral,0,0.037315960973501205,"The focus was primarily on Klaus ( Joseph Morgan ), Elijah ( Daniel Gillies ), and Rebekah ( Claire Holt ) who found out in the backdoor pilot.",,,,neutral,0,0.002236470114439726
2754,who did the peoples party nominate for president in 1892,James B. Weaver,True,I don't know,0.0,0.0,1.0,neutral,0,0.059608690440654755,The final version of the constitution was voted on and sent to the states.,0.0,0.0,1.0,neutral,0,0.004012116231024265
2755,which of the following is not included as a key component of grit,,False,I don't know,,,,neutral,0,0.029427742585539818,tenacity.,,,,neutral,0,0.020599182695150375
2756,where was the movie fast times at ridgemont high filmed,,False,I don't know,,,,contradiction,0,0.007530114147812128,Keeping Up with the Kardashians is an American reality television series.,,,,entailment,1,0.48024553060531616
2757,who took the israelites to the promised land,Joshua,True,I don't know,0.0,0.0,0.0,contradiction,0,0.11876954138278961,yen,0.0,0.0,0.0,contradiction,0,0.15132446587085724
2758,how did france help america win the revolutionary war,,False,I don't know,,,,contradiction,0,0.05659835785627365,Britain.,,,,contradiction,0,0.03343210369348526
2759,what is the meaning of sap erp system,enterprise resource planning software,True,Cost benefit analysis,0.0,0.0,0.0,neutral,0,0.12949085235595703,"The information in this passage is intended to help you understand the meaning of the term "" system call"".",0.0,0.0,0.0,neutral,0,0.20400026440620422
2760,when did ha long bay become a world heritage site,1994,True,I don't know,0.0,0.0,1.0,contradiction,0,0.2567340135574341,L'Anse aux Meadows was located on the northern tip of the island of Newfoundland.,0.0,0.0,1.0,neutral,0,0.07845858484506607
2761,what does it mean when an enzyme has an allosteric activator,,False,I don't know,,,,neutral,0,0.12448427081108093,"Allosteric sites allow effectors to bind to the protein, often resulting in a conformational change involving protein dynamics.",,,,entailment,1,0.9443726539611816
2762,who came up with the navajo code talkers,,False,I don't know,,,,neutral,0,0.16256192326545715,The Reid technique is a method of questioning,,,,neutral,0,0.17812314629554749
2763,who sang the original version of red red wine,Neil Diamond,True,I don't know,0.0,0.0,0.0,contradiction,0,0.009364478290081024,"The song was first recorded by Corinne Morgan and Frank C. Stanley in 1905 and has been recorded since by many famous artists including opera tenors John McCormack and Jan Peerce, early country singer Fiddlin'John Carson, country singer Slim Whitman,",0.0,0.0,0.0,contradiction,0,0.004553300328552723
2764,what is a ec number for a chemical,,False,I don't know,,,,neutral,0,0.057361308485269547,The European Community number ( EC Number ) is a unique seven - digit identifier that was assigned to substances for regulatory purposes within the European Union by the European Commission.,,,,neutral,0,0.007047066930681467
2765,who was always on my mind written for,,False,I don't know,,,,neutral,0,0.017466196790337563,adversity.,,,,neutral,0,0.03055415116250515
2766,who appoints the governor and deputy governors of rbi,The Government of India,True,"Andaman and Nicobar, Delhi and Puducherry",0.0,0.0,1.0,neutral,0,0.015149437822401524,"Andaman and Nicobar, Delhi and Puducherry are headed by lieutenant governors.",0.0,0.0,1.0,neutral,0,0.0052535138092935085
2767,where does the last name vickers come from,,False,I don't know,,,,contradiction,0,0.15745486319065094,Brian Vickers is a stock car driver currently racing in the NASCAR Sprint Cup.,,,,neutral,0,0.1557626575231552
2768,who voices the bears in we bare bears,Eric Edelstein,True,I don't know,0.0,0.0,1.0,contradiction,0,0.23553423583507538,The film was directed by Tony Pulham and directed by Tony Pulham.,0.0,0.0,1.0,contradiction,0,0.12240040302276611
2769,who was amy dowden partner on strictly 2017,comedian Brian Conley,True,I don't know,0.0,0.0,0.0,neutral,0,0.1563919484615326,Willow Shields of season twenty was the youngest contestant to compete on the show.,0.0,0.0,0.0,neutral,0,0.03454151004552841
2770,who played the bird woman in mary poppins,Jane Darwell,True,I don't know,0.0,0.0,0.0,contradiction,0,0.05996241420507431,"The film, King Arthur ( Graham Chapman ), accompanied by his trusty squire Patsy ( Terry Gilliam ), is travelling through a forest when he enters a clearing and observes a fight taking place between a Black Knight",0.0,0.0,0.0,entailment,1,0.9736366271972656
2771,i love you it like you're a disease,,False,I don't know,,,,neutral,0,0.17733153700828552,I love you.,,,,entailment,1,0.6641050577163696
2772,bilal was from a country in africa called,,False,I don't know,,,,neutral,0,0.09065867960453033,"The French established forts and settlements that would become such cities as Quebec and Montreal in Canada ; Detroit, Green Bay, St. Louis, Cape Girardeau, Mobile, Biloxi, Baton Rouge and New Orleans in the United States ; and Port - au",,,,neutral,0,0.38846728205680847
2773,where did the phrase when pigs fly come from,Scottish proverb,True,I don't know,0.0,0.0,0.0,neutral,0,0.23196424543857574,Birds in their flight.,0.0,0.0,0.0,neutral,0,0.30945268273353577
2774,where is the setting for leave it to beaver,United States,True,I don't know,0.0,0.0,1.0,contradiction,0,0.06195138022303581,The real Sparta is nowhere near any interstate highway or state boundary.,0.0,0.0,1.0,entailment,1,0.9437970519065857
2775,who was the most widely known african american abolitionist,,False,Constitution,,,,contradiction,0,0.02988326922059059,"The seven Founding Fathers are John Adams, Benjamin Franklin, Alexander Hamilton, John Jay, Thomas Jefferson, James Madison, and George Washington.",,,,entailment,1,0.8871588110923767
2776,who was the first person to invented the light bulb,,False,I don't know,,,,contradiction,0,0.08007234334945679,"The Scientific Revolution was a series of events that marked the emergence of modern science during the early modern period, when developments in mathematics, physics, astronomy, biology ( including human anatomy ) and chemistry transformed the views of society about nature.",,,,neutral,0,0.0589105598628521
2777,where did troops leave from on d day,,False,I don't know,,,,contradiction,0,0.16703476011753082,"The map shows the territories held by Allied ( green ), Axis ( orange ), and neutral ( grey ) powers at the outbreak of hostilities in the Mediterranean /Td> /Tr> /Tr> Td col",,,,entailment,1,0.9662554860115051
2778,where did clap and a half come from,Patrick reclaimed from his seventh grade Social Studies teacher,True,I don't know,0.0,0.0,0.0,contradiction,0,0.1115601435303688,Cracker '' ).,0.0,0.0,0.0,contradiction,0,0.11435051262378693
2779,like bebop hard bop was very popular and attractive millions of dancers,,False,performs several sets,,,,neutral,0,0.13261738419532776,"perform several sets ( usually two, and occasionally more ).",,,,neutral,0,0.08986209332942963
2780,role of uno in maintaining world peace wikipedia,,False,I don't know,,,,neutral,0,0.029566923156380653,"Crips, are members of the Crips gang.",,,,neutral,0,0.13424283266067505
2781,van der waals constants in terms of critical properties,,False,I don't know,,,,contradiction,0,0.08902333676815033,intermolecular forces.,,,,neutral,0,0.19315698742866516
2782,scientist who lost life in their own discovery,Marie Curie,True,I don't know,0.0,0.0,0.0,neutral,0,0.26029494404792786,"The ABO blood types were discovered by Karl Landsteiner in 1901, for which he received the Nobel Prize in Physiology or Medicine in 1930.",0.0,0.0,0.0,neutral,0,0.0047085401602089405
2783,give two reasons why workers should join a trade union,,False,I don't know,,,,contradiction,0,0.2211303412914276,Trade unions ( hide ) Ul> Li> Trade unions by country /Li> Trade union federations /Li>,,,,contradiction,0,0.3361847996711731
2784,which of the following was not part of the american system,,False,I don't know,,,,neutral,0,0.0874824970960617,The seven figures are listed in the context of the sentence.,,,,entailment,1,0.7637297511100769
2785,does the uk have an embassy in every country,,False,I don't know,,,,neutral,0,0.006037511397153139,The United Kingdom of Great Britain and Northern Ireland is a Commonwealth of Nations member country.,,,,entailment,1,0.9718045592308044
2786,who wrote the song i will follow him,Norman Gimbel,True,I don't know,0.0,0.0,0.0,neutral,0,0.06374352425336838,Gadsden flag is a historical American flag with a yellow field depicting a rattlesnake coiled and ready to strike.,0.0,0.0,0.0,entailment,1,0.9887698888778687
2787,where are mixed regions of coniferous and deciduous forests found,,False,are a mix of conifers and broadleaf evergreen trees and / or broadleaf deciduous trees,,,,entailment,1,0.9232620000839233,contain a mix of conifers and broadleaf evergreen trees and / or broadleaf deciduous trees.,,,,entailment,1,0.9477529525756836
2788,the ability to communicate effectively is an example of a transferable skil,,False,I don't know,,,,neutral,0,0.17677046358585358,"The term consolidation was later proposed based on clinical data illustrated in 1882 by Ribot's Law of Regression,  progressive destruction advances progressively from the unstable to the stable ''.",,,,neutral,0,0.007463984657078981
2789,snow white and the huntsman movie heroine name,Kristen Stewart,True,I don't know,0.0,0.0,0.0,neutral,0,0.00465416070073843,The first appearance /Th> in 1937 /Tr> Tr> Tr> Tr> Tr> Tr> Tr> Tr> Tr> Tr> T,0.0,0.0,0.0,neutral,0,0.0037042656913399696
2790,how many teams from asia will qualify for world cup 2018,five,True,I don't know,0.0,0.0,1.0,contradiction,0,0.09356024116277695,/Td> /Tr> /Tr> /Tr> /Tr> /Tr> /Tr> /Tr> /Tr> /Tr> /T,0.0,0.0,1.0,contradiction,0,0.26824501156806946
2791,who would take over if the president dies,Vice President,True,I don't know,0.0,0.0,1.0,neutral,0,0.00885788444429636,"The line of succession follows the order of Vice President, Speaker of the House of Representatives, President pro tempore of the Senate, and then the heads of federal executive departments who form the Cabinet of the United States.",0.0,0.1,1.0,neutral,0,0.0023112869821488857
2792,define the tao—or explain why we cannot define the tao yet can experience it,,False,I don't know,,,,neutral,0,0.18530724942684174,"The term "" social perception "" is a term used to describe how people form impressions of other people as sovereign personalities.",,,,entailment,1,0.9891077280044556
2793,what is the problem with the water in flint michigan,,False,I don't know,,,,neutral,0,0.13268375396728516,"The Rust Belt is a region of the United States, made up mostly of places in the Midwest and Great Lakes, though the term may be used to include any location where industry declined starting around 1980.",,,,neutral,0,0.004705056548118591
2794,who sang they paved paradise and put up a parking lot,,False,Show Me the Way to Go Home,,,,contradiction,0,0.2192329317331314,"The song is in common use in England, Ireland, Scotland, Wales and North America.",,,,entailment,1,0.9269345998764038
2795,who does the voice of dory in finding dory,Ellen DeGeneres,True,New Orleans,0.0,0.0,0.0,neutral,0,0.023196754977107048,New Orleans.,0.0,0.0,0.0,neutral,0,0.021066362038254738
2796,what stage did spain get to in 2014 world cup,,False,I don't know,,,,contradiction,0,0.05367036163806915,The 2014 FIFA World Cup was held at the Stadium ( s ) in South Africa.,,,,neutral,0,0.008701717481017113
2797,where did the name marinara sauce come from,,False,I don't know,,,,neutral,0,0.08854041248559952,Herbes de Provence is a French cooking herb.,,,,neutral,0,0.19368024170398712
2798,stimulate inflammatory reaction in response to injury or infection,,False,I don't know,,,,neutral,0,0.04319160431623459,The endothelial cells of intact vessels prevent blood clotting with a heparin.,,,,neutral,0,0.01825358159840107
2799,how do the canadian territories differ from the provinces,,False,"Canada grew, the provinces and territories of Canada became the world's second - largest country by area.",,,,entailment,1,0.97730553150177,Canada grew from the original four provinces to the current ten provinces and three territories.,,,,entailment,1,0.97995924949646
2800,when do we vote for a new governor in california,"November 6, 2018",True,I don't know,0.0,0.0,1.0,neutral,0,0.08084825426340103,The Twelfth Amendment requires each elector to cast one vote for president and another vote for vice president.,0.0,0.0,1.0,neutral,0,0.1215408593416214
2801,when does season 5 of the blacklist come out,"November 15, 2017",True,I don't know,0.0,0.0,0.0,neutral,0,0.13421306014060974,Fox canceled the series after three seasons.,0.0,0.0,0.0,contradiction,0,0.006630158517509699
2802,aye mere watan ke logo song in hindi written pdf,,False,I don't know,,,,neutral,0,0.20616424083709717,"The song was written by Lata Mangeshkar and released on 27 January 1963 ( 1963 - 01 - 27 ) at the National Stadium, New Delhi.",,,,entailment,1,0.9671614170074463
2803,timeline of us foreign policy in latin america,,False,I don't know,,,,neutral,0,0.00578013202175498,The United States of America and the countries of Latin America are relations between the United States of America and the countries of Latin America.,,,,entailment,1,0.9455276727676392
2804,how many high schools are there in florida,,False,I don't know,,,,neutral,0,0.03765089064836502,The Florida Panhandle is an informal term that is unofficially defined.,,,,entailment,1,0.5898468494415283
2805,what software have you used to manage projects in the past,,False,I don't know,,,,contradiction,0,0.022094551473855972,"The first historical relevant year for the development of project management software is 1896, marked by the introduction of the Harmonogram.",,,,entailment,1,0.6553704142570496
2806,how many cities in the state of illinois,,False,I don't know,,,,contradiction,0,0.1346900761127472,The coordinates of the United States are: 38 ° 00 ′ 00 '' N 97 ° 00 ′ 00 '' W / 38.000 ° N.,,,,contradiction,0,0.1521565318107605
2807,who discovered that animals were made of cells,Henri Dutrochet,True,I don't know,0.0,0.0,0.0,neutral,0,0.026917768642306328,The most distinctive xylem cells are the long tracheary elements that transport water.,0.0,0.0,0.0,neutral,0,0.03312722593545914
2808,what happened to the boy from sleepless in seattle,,False,I don't know,,,,contradiction,0,0.07591738551855087,"Actor, Business Manager /Tr> Tr> Th> Years active /Th> Td> 1990 -- 2006 /Td> /Tr> /Tr> /Tr> /T",,,,entailment,1,0.8822081685066223
2809,what is the definition of the taft hartley act,,False,Interstate Commerce Act of 1887.,,,,entailment,1,0.6848459839820862,Interstate Commerce Act of 1887.,,,,entailment,1,0.6848459839820862
2810,who plays sherman in mr peabody and sherman,Max Charles,True,the series,0.0,0.0,0.0,entailment,1,0.789666473865509,"the series, along with other characters based on various Marvel Comics properties.",0.0,0.0,0.0,entailment,1,0.9416048526763916
2811,who plays oz in oz the great and powerful,James Franco,True,I don't know,0.0,0.0,1.0,contradiction,0,0.24402673542499542,"Mark L. Young ( born Markell V. Efimoff January 1, 1991 ) is an American actor.",0.0,0.0,1.0,entailment,1,0.7281580567359924
2812,when was the last superbowl the cowboys won,1995,True,Super Bowl,0.0,0.0,1.0,neutral,0,0.20828403532505035,"The Cowboys have played for 10 NFL Championships and have won 5, all five being Super Bowls.",0.0,0.0,1.0,entailment,1,0.9499116539955139
2813,what do you mean by analysis and design,"Systems analysis, a method of studying a system by examining its component parts and their interactions",True,I don't know,0.0,0.0,0.0,entailment,1,0.46792837977409363,The term database design can be used to describe many different parts of the design of an overall database system.,0.0,0.16666666666666663,0.0,entailment,1,0.7345595955848694
2814,where was ross and emily's wedding filmed,"on locations in London, and in front of a live studio audience at The Fountain Studios",True,I don't know,0.0,0.0,0.0,contradiction,0,0.30808815360069275,The first six seasons are available on DVD and Blu - ray.,0.0,0.2222222222222222,0.0,contradiction,0,0.30784162878990173
2815,four category of the system used in india,,False,I don't know,,,,contradiction,0,0.09632176905870438,Number of people in India.,,,,entailment,1,0.6248033046722412
2816,what are 3 different forms of potential energy,,False,I don't know,,,,contradiction,0,0.13218291103839874,"The concept of matter has been applied in diverse realms, with respect to economics, biology and ecology, computer science, management, and human resources, and is linked to the concepts of competition, sustainability, conservation, and stewardship.",,,,neutral,0,0.25194698572158813
2817,who has the executive power in south carolina,the governor,True,I don't know,0.0,0.0,1.0,contradiction,0,0.21598494052886963,The Seal of South Carolina was created in 1789.,0.0,0.1818181818181818,1.0,entailment,1,0.9098399877548218
2818,who won women's cricket world cup 2015,,False,I don't know,,,,contradiction,0,0.16372154653072357,/Td> /Tr> /Tr> /Tr> Th> First tournament /Th> Td> England 1973 /Td> /Tr> Tr> Th> Number,,,,contradiction,0,0.32894763350486755
2819,bob marley & the wailers - catch a fire,,False,I don't know,,,,neutral,0,0.15767785906791687,The Wailers /Th> /Tr> /Tr> Tr> Th> Tr> Th> Studio album by The Wailers /Th> /Tr> /Tr> ,,,,entailment,1,0.7654132843017578
2820,what episode did penny and leonard get back together,,False,I don't know,,,,neutral,0,0.1615004986524582,The episode number for Season 4 Episode 23 / 24 /Th> /Th> /Tr> Tr> Tr> Tr> Th> Episode no. /Th> /Th> /T,,,,entailment,1,0.8665993213653564
2821,death of the salesman summary by arthur miller,,False,F * * * ing World,,,,neutral,0,0.07628720998764038,"The book is set in New York's Catskill Mountains, but Irving later admitted,  When I wrote the story, I had never been on the Catskills. ''",,,,contradiction,0,0.1478586345911026
2822,how to write i love you in indonesian,,False,I don't know,,,,neutral,0,0.29204055666923523,The Philippines used to apply the Saka calendar as well as suggested by the Laguna Copperplate Inscription.,,,,entailment,1,0.9809912443161011
2823,i've got a brand new roller skate song,,False,I don't know,,,,neutral,0,0.21047908067703247,"The single was released on September 19, 2018 ( 2018 - 09 - 19 ) /Td> /Tr> Tr> Tr> Th colspan=""2""> /Tr> Tr> ",,,,entailment,1,0.7318143844604492
2824,when did the first pacific rim come out,2013,True,I don't know,0.0,0.0,0.0,contradiction,0,0.14896520972251892,The film was a slasher film.,0.0,0.0,0.0,neutral,0,0.00901562999933958
2825,who did beyonce write best thing i never had about,,False,I don't know,,,,neutral,0,0.010612940415740013,The song was written and published by Chicago - based George F. Root.,,,,contradiction,0,0.011595007963478565
2826,when is the start of the 2018 nba season,"October 16, 2018",True,I don't know,0.0,0.0,1.0,neutral,0,0.2645303010940552,The 2018-19 NBA season /Th> /Th> /Tr> /Tr> /Tr> /Tr> /Tr> /Tr> /Tr> /Tr> ,0.0,0.0,1.0,entailment,1,0.8635112047195435
2827,when do we move into the age of aquarius,,False,I don't know,,,,neutral,0,0.3362637460231781,children.,,,,neutral,0,0.3419923484325409
2828,who sings i dreamed a dream in les miserables,the character Fantine,True,I don't know,0.0,0.0,0.0,neutral,0,0.1812652349472046,"It became their first big success, selling 2 million copies and providing the financial basis of their publishing firm, Campbell, Connelly & Co.",0.0,0.08,0.0,neutral,0,0.001746317371726036
2829,who posts that learning is a central process in understanding human behaviour,,False,evaluate the student's performance.,,,,neutral,0,0.018300538882613182,Assessment data can be obtained from examining student work to assess the achievement of learning outcomes or can be based on data from which one can make assessments,,,,neutral,0,0.13255518674850464
2830,where did the phrase man's best friend come from,,False,I don't know,,,,neutral,0,0.14042797684669495,William James challenged the field to further investigate how certain individuals are capable of accessing richer trait reservoirs enabling them to accomplish more than the average person,,,,neutral,0,0.005175654776394367
2831,what happened to lynette's twins on desperate housewives,,False,Scott Disick,,,,neutral,0,0.31352877616882324,Scott Disick.,,,,neutral,0,0.2552852928638458
2832,what movie is the song the only exception in,,False,I don't know,,,,neutral,0,0.04789584502577782,The song was first performed in Annie Get Your Gun by Ethel Merman and Ray Middleton.,,,,entailment,1,0.9496572017669678
2833,do you need a license to have a pellet gun,,False,I don't know,,,,neutral,0,0.00776043301448226,The gun laws of California are some of the most restrictive in the United States.,,,,entailment,1,0.8402251601219177
2834,ti you can have what ever you like,,False,I don't know,,,,neutral,0,0.0359879732131958,You can't have your cake and eat it ( too ) is a popular English idiomatic proverb or figure of speech of Welsh origin.,,,,neutral,0,0.006233176216483116
2835,what is meant by terrorism in urdu language,,False,I don't know,,,,neutral,0,0.0814104676246643,The first large scale use of chemical weapons was during World War I.,,,,entailment,1,0.9618030786514282
2836,when did the last harry potter movie come out in theaters,2011,True,I don't know,0.0,0.0,1.0,neutral,0,0.09309680014848709,The first significant changes were made in 1997 with the release of a Special Edition remaster in commemoration of the franchise's twentieth anniversary.,0.0,0.0,1.0,entailment,1,0.9149585366249084
2837,who pays the majority of taxes in canada,,False,I don't know,,,,contradiction,0,0.0840001106262207,                               ,,,,entailment,1,0.6470335721969604
2838,who won india's first olympic medal in badminton,,False,I don't know,,,,neutral,0,0.10725268721580505,The medals were voted 67th.,,,,neutral,0,0.008950880728662014
2839,when was the last time there was a full moon on good friday,,False,substitute holiday is given,,,,entailment,1,0.844690203666687,is given on the following day.,,,,entailment,1,0.41836661100387573
2840,what kind of food do they eat in bahamas,,False,I don't know,,,,neutral,0,0.1385757178068161,The Bahamas /Th> /Th> /Th> /Th> /Th> /Th> /Th> /Th> /Th> /Th> /Th> /Th> ,,,,neutral,0,0.3441176116466522
2841,when was the last time england was in the semi finals,,False,I don't know,,,,contradiction,0,0.04317373037338257,The show has 309 celebrities competing.,,,,neutral,0,0.01591998152434826
2842,when did old 10p go out of circulation,January 2013,True,I don't know,0.0,0.0,0.0,contradiction,0,0.21498078107833862,The current design is a modern version of the 1759-styled holographic note.,0.0,0.0,0.0,neutral,0,0.25641486048698425
2843,where is the origin of the frontalis muscle,Galea aponeurotica,True,I don't know,0.0,0.0,1.0,contradiction,0,0.200733482837677,"/Td> /Tr> /Tr> Th colspan=""2""> Th colspan=""2""> Th colspan=""2""> Th colspan=""2""> Th colspan",0.0,0.0,1.0,contradiction,0,0.34287840127944946
2844,the four essential elements for life are _,Freedom of speech,True,I don't know,0.0,0.0,0.0,neutral,0,0.02163439244031906,"The Four Freedoms were goals articulated by United States President Franklin D. Roosevelt on Monday, January 6, 1941.",0.0,0.0,0.0,neutral,0,0.019708648324012756
2845,when is the last time england got to the semi final,1990,True,I don't know,0.0,0.0,1.0,contradiction,0,0.04048372805118561,"Kim Zolciak - Biermann of season twenty - one was forced to withdraw after suffering a mini-stroke, which although cleared",0.0,0.0,1.0,contradiction,0,0.05187518149614334
2846,where is the 3rd state of origin played 2017,,False,Football League,,,,contradiction,0,0.15956275165081024,They were chosen mostly from the Australian Football League ( AFL ).,,,,neutral,0,0.020367000252008438
2847,what does the name madison mean in german,,False,I don't know,,,,contradiction,0,0.10909382253885269,Nagel.,,,,contradiction,0,0.2748073637485504
2848,what type of interest group is the humane society,,False,I don't know,,,,neutral,0,0.019563471898436546,able to accurately describe the characteristics of all omnivores,,,,neutral,0,0.011068644933402538
2849,redstone solar thermal power tower in northern cape,,False,I don't know,,,,neutral,0,0.13437195122241974,"The location of Redstone Solar Thermal Power is located at Postmasburg, Northern Cape Province, South Africa /Td> /Tr> /Tr> /Tr> /Tr> /Tr> /Tr",,,,entailment,1,0.9366466403007507
2850,who is the singing voice of jasmine in aladdin,Maria Lea Carmen Imutan Salonga,True,I don't know,0.0,0.0,0.0,contradiction,0,0.01514384150505066,The movie was based on a book by Kim Eun - jeong Kim Mi - yeong.,0.0,0.0,0.0,neutral,0,0.007613220252096653
2851,scott pilgrim vs the world evil exes list,,False,Star Butterfly,,,,entailment,1,0.6829761266708374,Star Butterfly.,,,,entailment,1,0.4780583381652832
2852,when did the mint start making proof sets,1936,True,I don't know,0.0,0.0,0.0,neutral,0,0.04047054424881935,"The United States Postal Service Act was signed into law by President George Washington on February 20, 1792.",0.0,0.0,0.0,entailment,1,0.935261607170105
2853,who plays leonard's mother on the big bang theory,,False,was not a regular cast member in following seasons,,,,entailment,1,0.8095482587814331,"not a regular cast member in following seasons, and rarely appeared in season eight while attempting to fix his marriage with Khloé",,,,entailment,1,0.9069322347640991
2854,where do we go from here movie 1945,,False,I don't know,,,,contradiction,0,0.16703476011753082,"The map shows the territories held by Allied ( green ), Axis ( orange ), and neutral ( grey ) powers at the outbreak of hostilities in the Mediterranean /Td> /Tr> /Tr> Td col",,,,entailment,1,0.9662554860115051
2855,who was the priest sent to jerusalem after the dedication of the temple,,False,I don't know,,,,contradiction,0,0.17571623623371124,"The Twelve Spies were a group of Israelite chieftains, one from each of the Twelve Tribes, who were dispatched by Moses to scout out the Land of Canaan for 40 days as Moses",,,,neutral,0,0.04863135889172554
2856,the know-nothing party was strong in all of the following places except,,False,I don't know,,,,neutral,0,0.028415778651833534,The Gang of Eight is a colloquial term for a set of eight leaders within the United States Congress who are briefed on classified intelligence matters by the executive branch.,,,,neutral,0,0.007804353255778551
2857,when was the last time the us won the llws,,False,I don't know,,,,neutral,0,0.13698475062847137,The 2017 -- 18 Golden State Warriors season.,,,,contradiction,0,0.13924458622932434
2858,when did the forty hour work week begin,,False,I don't know,,,,contradiction,0,0.026045378297567368,"The event is a 501 ( c ) ( 3 ) non-profit educational program in the United States, Canada and Australia that revolves around parents taking their children to work for one day.",,,,neutral,0,0.12521255016326904
2859,you can tune a piano but you can't tuna fish joe walsh,,False,Classical,,,,contradiction,0,0.011093458160758018,The modern bat is a musical instrument.,,,,contradiction,0,0.017045797780156136
2860,when did the affordable healthcare act go into effect,"March 23, 2010",True,United States Congress,0.0,0.0,1.0,entailment,1,0.5739652514457703,"The Patient Protection and Affordable Care Act was enacted by the 111th United States Congress on March 23, 2010.",0.0,0.2727272727272727,1.0,entailment,1,0.9874938130378723
2861,the first vice president of india who became the president later,Sarvepalli Radhakrishnan,True,I don't know,0.0,0.0,1.0,contradiction,0,0.13397927582263947,"The first was Jawaharlal Nehru of the Indian National Congress party, who was sworn - in on 15 August 1947, when India gained independence from the British.",0.0,0.0,1.0,entailment,1,0.9497264623641968
2862,who played cindy brady in a very brady christmas,Jennifer Runyon,True,I don't know,0.0,0.0,0.0,contradiction,0,0.19584771990776062,The United States.,0.0,0.0,0.0,neutral,0,0.26030221581459045
2863,what episode of american dad is krampus on,the eighth episode of the tenth season,True,I don't know,0.0,0.0,0.0,contradiction,0,0.1261606514453888,"The Office ( U.S. season 8 ) /Th> /Tr> Table> Tr> Th colspan=""2"">  Minstrel Krampus '' /Th> /Tr>",0.0,0.18181818181818182,0.0,entailment,1,0.7143117189407349
2864,when was the last time world cup was held in england,1966,True,I don't know,0.0,0.0,0.0,neutral,0,0.010619736276566982,World Cup was a contested sport.,0.0,0.0,0.0,entailment,1,0.5394679307937622
2865,write a note on history of english novel,,False,I don't know,,,,neutral,0,0.048213064670562744,The poem was written by Jonathan Swift.,,,,contradiction,0,0.0008669764501973987
2866,are there sea turtles in the pacific ocean,,False,rattlesnakes,,,,neutral,0,0.33810219168663025,"The United States has about 20 species of venomous snakes, which include 16 species of rattlesnakes, two species of coral snakes, one species of cottonmouth ( or water moccasin ), and one species of copperhead.",,,,neutral,0,0.17097686231136322
2867,what type of car does dwight schrute drive,1987 Pontiac Trans Am,True,I don't know,0.0,0.0,0.0,contradiction,0,0.007447378244251013,Drew Carey is the main protagonist of the series.,0.0,0.0,0.0,contradiction,0,0.1795320361852646
2868,what is the green lantern's super power,,False,I don't know,,,,neutral,0,0.017943907529115677,"Dragon Ball Super is a Japanese anime television series produced by Toei Animation that began airing on July 5, 2015 on Fuji TV.",,,,entailment,1,0.9777206778526306
2869,what is apollo the god of in roman mythology,music,True,I don't know,0.0,0.0,1.0,contradiction,0,0.11911953240633011,Hera).,0.0,0.0,1.0,entailment,1,0.422708660364151
2870,what do you get with diablo 3 ultimate evil edition,the original console version of Diablo III,True,Iduna,0.0,0.0,0.0,entailment,1,0.6496075391769409,Iduna's basket.,0.0,0.0,0.0,contradiction,0,0.07920965552330017
2871,where did the chinese tallow tree come from,eastern Asia,True,I don't know,0.0,0.0,0.0,contradiction,0,0.04691701754927635,"Cotton was domesticated in Peru by 3,600 BC.",0.0,0.0,0.0,neutral,0,0.021965738385915756
2872,what was the role of a vizier in ancient egypt,,False,I don't know,,,,neutral,0,0.18057787418365479,Ancient Greeks were a group of people who were able to use water clocks to track the movement of the sun.,,,,neutral,0,0.2958003282546997
2873,where does the phrase the whole shooting match come from,,False,At sixes and sevens,,,,entailment,1,0.7187458276748657,"The phrase is related to the expression the whole six yards, used around the same time in Kentucky and South Carolina.",,,,entailment,1,0.9673798084259033
2874,the virus in rise of the planet of the apes,ALZ-113,True,I don't know,0.0,0.0,0.0,contradiction,0,0.06693395227193832,The fable describes how a hungry grasshopper begs for food from an ant when winter comes and is refused.,0.0,0.0,0.0,entailment,1,0.9121969938278198
2875,one major difference in the hellenistic and the classical sculpture is,"Common people, women, children, animals and domestic scenes became acceptable subjects for sculpture",True,I don't know,0.0,0.0,0.0,neutral,0,0.09964242577552795,"The underworld, Sicily, Mount Olympus /Td> /Tr> /Tr> /Tr> /Tr> /Tr> /Tr> /Tr> ",0.0,0.0,0.0,contradiction,0,0.06841564923524857
2876,who used the term element for the first time,Plato,True,I don't know,0.0,0.0,0.0,neutral,0,0.08193640410900116,The term atomism was first used in the early 19th century.,0.0,0.0,0.0,contradiction,0,0.00587392458692193
2877,who led the movement for vietnam's independence from french rule,,False,British Raj,,,,contradiction,0,0.3034331202507019,The salt tax was imposed by the British Raj in the colonial India.,,,,entailment,1,0.9826801419258118
2878,girl who plays rosie in we bought a zoo,,False,I don't know,,,,neutral,0,0.21769104897975922,The book was named after Kirsten Bakis.,,,,contradiction,0,0.04739755019545555
2879,where will the next g7 summit be held,,False,New Zealand,,,,neutral,0,0.05126934126019478,The United States.,,,,contradiction,0,0.20744600892066956
2880,you have just performed an emergency cricothyroidotomy and inserted an endotracheal tube,,False,I don't know,,,,contradiction,0,0.2090788334608078,"Hemostasis or haemostasis is a process which causes bleeding to stop, meaning to keep blood within a damaged blood vessel ( the opposite of hemostasis is hemorrhage ).",,,,entailment,1,0.4587724208831787
2881,where is the house from wedding crashers located,,False,Top Hats,,,,entailment,1,0.6135779023170471,American clothing.,,,,neutral,0,0.2456183284521103
2882,where did the name echo and the bunnymen come from,,False,"Campbell, Connelly & Co",,,,neutral,0,0.2196209579706192,When the River Meets the Sea '',,,,entailment,1,0.7750658988952637
2883,which of the following traveled from the new world to the old world,,False,I don't know,,,,neutral,0,0.1628466248512268,European colonization and trade,,,,entailment,1,0.6809592843055725
2884,how many times have patriots been to the superbowl,nine times,True,I don't know,0.0,0.0,0.0,neutral,0,0.0923670157790184,"The Cowboys have played for 10 NFL Championships and have won 5, all five being Super Bowls.",0.0,0.0,0.0,neutral,0,0.09009198844432831
2885,the largest moon in the solar system is ganymede a moon of jupiter,,False,I don't know,,,,contradiction,0,0.19049613177776337,Galileo Galilei /Tr> Tr> Tr> Tr> Tr> Tr> Tr> Tr> Tr> Tr> Tr> ,,,,entailment,1,0.5925782918930054
2886,who is credited with the first idea of a nuclear atom,Ernest Rutherford,True,I don't know,0.0,0.0,0.0,contradiction,0,0.04152454435825348,"The word atom comes from the Ancient Greek adjective atomos, meaning  indivisible ''.",0.0,0.0,0.0,entailment,1,0.9444370865821838
2887,who are the twins in better call saul,The Sklar brothers,True,I don't know,0.0,0.0,0.0,neutral,0,0.09020671993494034,"On April 25, 2013",0.0,0.0,0.0,entailment,1,0.8717060685157776
2888,match the hollywood studio and the genre for which they were best known,,False,I don't know,,,,neutral,0,0.10995347797870636,"The Romanticism movement was characterized by its emphasis on emotion and individualism as well as glorification of all the past and nature, preferring the medieval rather than the classical.",,,,neutral,0,0.038124483078718185
2889,when do the eagles and the steelers play,,False,I don't know,,,,neutral,0,0.07960445433855057,"The start date of the 2018 National Football League season is September 6, 2018.",,,,neutral,0,0.016215499490499496
2890,when did america become the united states of america,1776,True,British,0.0,0.0,1.0,neutral,0,0.1855575293302536,The Founding Fathers of the United States were descendants of the founding fathers of the United States.,0.0,0.0,1.0,contradiction,0,0.015479618683457375
2891,who votes for the nba rookie of the year,,False,The draft,,,,entailment,1,0.6947692036628723,draft.,,,,entailment,1,0.3775380253791809
2892,what us navy ships are stationed in japan,,False,I don't know,,,,contradiction,0,0.24031858146190643,Map of Japan under Allied occupation,,,,neutral,0,0.16185030341148376
2893,what is the song river about bishop briggs,,False,I don't know,,,,neutral,0,0.22050921618938446,Bishop Briggs /Th> /Th> /Th> /Th> /Th> /Th> /Th> /Th> /Th> /Th> /Th> /Th>,,,,entailment,1,0.626934289932251
2894,who has sold the most albums world wide,The Beatles,True,I don't know,0.0,0.0,1.0,neutral,0,0.029557965695858,"The artists in the following tables are listed with both their claimed sales figure along with their total of certified units and are ranked in descending order, with the artist with the highest amount of claimed sales at the top.",0.0,0.047619047619047616,1.0,entailment,1,0.9650827050209045
2895,who was known as the father of the underground railroad,,False,I don't know,,,,contradiction,0,0.14601276814937592,New York ( 1777 ) were drafted by Jay and Adams for their respective states of New York ( 1777 ) and New Jersey ( 1777 ) respectively.,,,,contradiction,0,0.14092029631137848
2896,how many missions to the moon failed before luna 2 succeeded,,False,Mars,,,,entailment,1,0.5280768275260925,Mars collision.,,,,contradiction,0,0.08658118546009064
2897,when does isle of dogs come out in canada,,False,I don't know,,,,contradiction,0,0.19178390502929688,Valt Aoi is a member of the Beyblade team BC Sol.,,,,entailment,1,0.7540673017501831
2898,in particular how does the notion of variance provide a special case for the concept of covariance,,False,Covariance of two random variables,,,,entailment,1,0.8754974007606506,Covariance of two Random Variables,,,,entailment,1,0.8530981540679932
2899,ncaa record for most interceptions in a season,,False,I don't know,,,,neutral,0,0.19002695381641388,The Buckeyes claim eight national championships along with 37 conference championships and ten undefeated seasons ( six perfect seasons ).,,,,entailment,1,0.9765014052391052
2900,who plays laura croft in tomb raider 2018,Alicia Vikander,True,Clark Gregg,0.0,0.0,0.0,neutral,0,0.039639223366975784,Clark Gregg,0.0,0.0,0.0,neutral,0,0.039639223366975784
2901,how many centuries of rohit sharma in international cricket,24,True,I don't know,0.0,0.0,1.0,contradiction,0,0.10618394613265991,The most recent bowler to achieve the feat was English spin bowler Moeen Ali against South Africa on 31 July 2017.,0.0,0.0,1.0,neutral,0,0.009085692465305328
2902,twilight zone the mind and the matter cast,Shelley Berman,True,I don't know,0.0,0.0,0.0,contradiction,0,0.08639410883188248,"The fourth season began on September 15, 2015, on Hulu.",0.0,0.0,0.0,entailment,1,0.9533957839012146
2903,what does the golden buzzer do on americas got talent,,False,I don't know,,,,neutral,0,0.08710992336273193,The Billboard Hot 100 is a chart that ranks the best singles of the United States.,,,,entailment,1,0.9842326641082764
2904,until the philosophy which hold one race superior bob marley lyrics,,False,Irenaeus,,,,contradiction,0,0.09980016201734543,"The concept of original sin was first alluded to in the 2nd century by Irenaeus, Bishop of Lyon in his controversy with certain dualist Gnostics.",,,,contradiction,0,0.09625110775232315
2905,what beer do they drink on blue mountain state,,False,Georgia,,,,neutral,0,0.17715270817279816,"The climate of Georgia is a humid subtropical climate with most of the state having short, mild winters and long, hot summers.",,,,neutral,0,0.2536821961402893
2906,prime minister list of india from 1947 to 2013,,False,I don't know,,,,contradiction,0,0.13397927582263947,"The first was Jawaharlal Nehru of the Indian National Congress party, who was sworn - in on 15 August 1947, when India gained independence from the British.",,,,entailment,1,0.9497264623641968
2907,keeping up with the kardashians house season 1,,False,"Brody and Brandon, and Brandon's wife, Leah became recurring cast members",,,,entailment,1,0.9490315914154053,"Brody and Brandon, and Brandon's wife, Leah became recurring cast members.",,,,entailment,1,0.975816547870636
2908,a glowing cloud of hot interstellar gas inside of which stars are being formed is called a(n),diffuse nebulae,True,I don't know,0.0,0.0,0.0,neutral,0,0.05279498174786568,"The solar wind is a stream of charged particles released from the upper atmosphere of the Sun, called the corona.",0.0,0.0,0.0,neutral,0,0.01086155604571104
2909,who established the first trade settlement of the english in india,,False,I don't know,,,,contradiction,0,0.01540654618293047,Europeans began to arrive in the Americas in large numbers and to develop colonial ambitions for both North and South America.,,,,entailment,1,0.9669339060783386
2910,when was the computer invented and by who,,False,I don't know,,,,contradiction,0,0.047002192586660385,The Mark I was a personal computer.,,,,entailment,1,0.9752693772315979
2911,what happened to the first temple in jerusalem,,False,I don't know,,,,contradiction,0,0.11750433593988419,"The cities of Admah, Zeboim and Bela were situated on the Jordan River plain in the southern region of the land of Cana.",,,,neutral,0,0.006845805328339338
2912,where did the french and indian war occur,,False,I don't know,,,,neutral,0,0.1566801220178604,"The location of the 1763 Treaty of Paris was Paris, Kingdom of France /Td> /Tr> Tr> Tr> Th> Location /Tr> Tr> Th> Location /T",,,,neutral,0,0.3674759268760681
2913,blessed are the meek for they shall inherit the earth meaning,,False,believe on his name are resurrected.,,,,contradiction,0,0.15493494272232056,a restraining order against God are resurrected.,,,,contradiction,0,0.1225639283657074
2914,when does the new diary of a wimpy kid movie come out on dvd,"August 8, 2017",True,"American Horror Story : Cult /Th> /Tr> Tr> Td colspan=""2""> Promo poster /Tr> /Tr> Tr> Th> Starring /Th",0.0,0.0,0.0,entailment,1,0.765821099281311,"American Horror Story : Cult /Th> /Tr> Tr> Td colspan=""2""> Promo poster /Tr> /Tr> Tr> Th> Starring /Th",0.0,0.0,0.0,entailment,1,0.765821099281311
2915,where does the last name ochoa come from,,False,I don't know,,,,contradiction,0,0.11137659847736359,Standard Basque.,,,,contradiction,0,0.10989820957183838
2916,cytosine is an example of a nitrogen base found on what acids,nucleic,True,I don't know,0.0,0.0,1.0,neutral,0,0.14137208461761475,ketones.,0.0,0.0,1.0,neutral,0,0.17499667406082153
2917,who was joseph breen and what were his concerns about casablanca,,False,I don't know,,,,contradiction,0,0.14930762350559235,"The treaties were signed by King Louis XVI of France and the Second Continental Congress, who represented the United States at this time.",,,,neutral,0,0.04282519966363907
2918,who sang the song hallelujah in the movie shrek,,False,I don't know,,,,neutral,0,0.1388230323791504,"The focus was primarily on Klaus ( Joseph Morgan ), Elijah ( Daniel Gillies ), and Rebekah ( Claire Holt ) who found out in the backdoor pilot, aired on April 25, 2013, how Hayley Marshall ( Pho",,,,contradiction,0,0.008531764149665833
2919,where does jacob wrestle with an angel in the bible,Genesis,True,I don't know,0.0,0.0,1.0,neutral,0,0.04060426726937294,The temple was burned four hundred and seven times.,0.0,0.0,1.0,neutral,0,0.01071825809776783
2920,taylor swift look whar you made me do meaning,,False,I don't know,,,,neutral,0,0.013902495615184307,"The Milgram experiment on obedience to authority figures was a series of social psychology experiments conducted by Yale University psychologist Stanley Milgram. They measured the willingness of study participants, men from a diverse range of occupations with varying levels of education, to obey an authority figure who instructed them.",,,,neutral,0,0.29968222975730896
2921,when does north east monsoon blow in the land of kerala,,False,I don't know,,,,contradiction,0,0.17702199518680573,climate change,,,,neutral,0,0.263238787651062
2922,when did the cask of amontillado take place,in an unnamed Italian city,True,I don't know,0.0,0.0,0.0,neutral,0,0.2766588032245636,The plot is based not on the traditional conflict of human wills but on the hopeless struggle of a people against the impersonal but relentless cruelty of the sea.,0.0,0.0,0.0,neutral,0,0.03472867235541344
2923,some individuals have a higher tolerance for the effects of alcohol than do others,,False,I don't know,,,,neutral,0,0.06297318637371063,Alcohol tolerance may lead to ( or be a sign of ) alcohol dependency.,,,,entailment,1,0.740740180015564
2924,wickhams cay ii road town tortola british virgin islands,,False,I don't know,,,,neutral,0,0.158239483833313,"Road Town /Th> /Tr> Tr> Td colspan=""2""> Town /Tr> /Tr> Td colspan=""2""> Road Town, Tortola /T",,,,entailment,1,0.7121666669845581
2925,where do the secretions of the pituitary gland drain to,,False,I don't know,,,,contradiction,0,0.30813834071159363,The human urinary system is the human urinary system.,,,,entailment,1,0.9547328948974609
2926,who dies at the start of romeo and juliet,,False,Beowulf becomes king of the Geats,,,,neutral,0,0.034927643835544586,Beowulf becomes king of the Geats.,,,,neutral,0,0.015052561648190022
2927,first school in the philippines who offer bachelor's degree in sociology,,False,I don't know,,,,contradiction,0,0.09448269009590149,The University of Santo Tomas is known as the University of Santo Tomas.,,,,entailment,1,0.8217054605484009
2928,write any two point of the importance of the preamble of the constitution of india,,False,Indian Constitution,,,,contradiction,0,0.004846522584557533,Constitution of India.,,,,entailment,1,0.5087941884994507
2929,who is associated with the concept of power elite,sociologist C. Wright Mills,True,I don't know,0.0,0.0,0.0,neutral,0,0.10540127009153366,The Power Elite was published in 1956.,0.0,0.0,0.0,contradiction,0,0.014584191143512726
2930,when was the last time dallas cowboys went to the superbowl,,False,I don't know,,,,neutral,0,0.0480784997344017,AFL World Championship Game.,,,,neutral,0,0.05691995099186897
2931,process of transformation of the data between the class objects and databases is known as,,False,I don't know,,,,neutral,0,0.14087408781051636,The schema is the data model.,,,,contradiction,0,0.28616178035736084
2932,when did breakfast start in fast food chains and how,,False,I don't know,,,,neutral,0,0.18739625811576843,The proverb was first recorded in the 1860s.,,,,neutral,0,0.08754920214414597
2933,historical context of stopping by woods on a snowy evening,,False,I don't know,,,,neutral,0,0.06618792563676834,The sentence is true because the sentence is true.,,,,neutral,0,0.13092727959156036
2934,oscar wilde the picture of dorian gray summary,,False,I don't know,,,,contradiction,0,0.24976298213005066,The Picture of Dorian Gray was first published in the July 1890 issue of  Lippincott's Monthly Magazine ''.,,,,entailment,1,0.9413711428642273
2935,where did the terrorists strike in munich germany in 1972,"Munich, West Germany",True,I don't know,0.0,0.0,0.0,neutral,0,0.12881259620189667,"The Watts truce was a 1992 peace agreement among rival street gangs in Los Angeles, California, declared in the neighborhood of Watts.",0.0,0.0,0.0,neutral,0,0.047940563410520554
2936,when was the treaty of sugauli concluded and between whom,signed on 2 December 1815,True,I don't know,0.0,0.0,0.0,contradiction,0,0.24832572042942047,Sugauli Treaty,0.0,0.0,0.0,entailment,1,0.8055586218833923
2937,episode of the office where jim kisses pam,Casino Night,True,I don't know,0.0,0.0,1.0,contradiction,0,0.14165332913398743,"The Office ( U.S. season 8 ) /Th> /Th> /Tr> Tr> Td colspan=""2""> DVD cover /Td> /Tr> Tr> ",0.0,0.0,1.0,entailment,1,0.6674786806106567
2938,who presides over the joint sitting of the two houses of the parliament,,False,I don't know,,,,neutral,0,0.11462518572807312,The President of the United Nations General Assembly,,,,contradiction,0,0.15583352744579315
2939,where is dna stored in the cell as chromatin,within the nucleoid region,True,guanine ( A ),0.0,0.0,1.0,neutral,0,0.10322710871696472,"guanine ( G ), adenine ( A ) or adenine ( A )",0.0,0.0,1.0,neutral,0,0.0689379870891571
2940,do jake and olivia get together in season 7,,False,I don't know,,,,entailment,1,0.5983723998069763,Jessica Lowndes as Adrianna Tate - Duncan in Season 3 Episode 8,,,,neutral,0,0.23336078226566315
2941,what emoji is an upside down question mark,,False,"Morse code is a method of transmitting text information as a series of on - off tones, lights, or clicks that can be directly understood by a skilled listener or observer without special equipment.",,,,entailment,1,0.937684178352356,"Morse code is a method of transmitting text information as a series of on - off tones, lights, or clicks that can be directly understood by a skilled listener or observer without special equipment.",,,,entailment,1,0.937684178352356
2942,what is the salary of a u s senator,,False,I don't know,,,,neutral,0,0.016948968172073364,The Twentieth Amendment requires each elector to cast one vote for president and another vote for vice president.,,,,entailment,1,0.7056893706321716
2943,where did ali do his rope a dope,his 1974 Rumble in the Jungle match against George Foreman,True,I don't know,0.0,0.0,0.0,neutral,0,0.2889891564846039,The first of these arrived in 1763 after Spain traded Florida to Great Britain following the latter's victory over France in the Seven Years'War.,0.0,0.11764705882352941,0.0,neutral,0,0.039477963000535965
2944,when i stand up there is pressure in my head,,False,I don't know,,,,contradiction,0,0.18891648948192596,The 900 is a 212 - revolution ( 900 degrees ) aerial spin performed on a skateboard ramp.,,,,contradiction,0,0.12584081292152405
2945,how much did raiders of the lost ark cost to make,$18 million,True,I don't know,0.0,0.0,0.0,contradiction,0,0.08400508761405945,The city of Admah is located in the southern region of the land of Canaan.,0.0,0.0,0.0,neutral,0,0.015251820906996727
2946,is chlorine bleach a pure substance or mixture,,False,I don't know,,,,neutral,0,0.10747985541820526,chemistry,,,,entailment,1,0.48754915595054626
2947,how old was oscar de la hoya when he fought manny pacquiao,,False,I don't know,,,,contradiction,0,0.14254075288772583,"The sentence "" Shot Heard'Round the World '' is a paraphrase of the sentence "" Shot Heard'Round the World ''.",,,,contradiction,0,0.2958677113056183
2948,where was football first played in the world,China,True,I don't know,0.0,0.0,1.0,neutral,0,0.030240627005696297,"The earliest form of football can be traced back to China ( Han dynasty ), originating from cuju, an ancient Chinese football game, as recognized by FIFA.",0.0,0.07692307692307693,1.0,neutral,0,0.32565245032310486
2949,who is responsible for issuing accounting standard in india,Accounting Standards Board,True,I don't know,0.0,0.0,0.0,contradiction,0,0.04873286932706833,Hindi is the most used language in India.,0.0,0.0,0.0,neutral,0,0.016481351107358932
2950,james weldon johnson autobiography of an ex colored man summary,,False,I don't know,,,,contradiction,0,0.09387727081775665,"/Tr> Tr> Tr> Td colspan=""2""> United States Declaration of Independence /Th> /Tr> Tr> Td colspan=""2""> 1823 facsi",,,,entailment,1,0.46611788868904114
2951,who is the author of book title method in social research,,False,I don't know,,,,neutral,0,0.027794204652309418,Behaviorism.,,,,neutral,0,0.14309629797935486
2952,who was the youngest to win americas got talent,,False,I don't know,,,,contradiction,0,0.1194721981883049,The first contestant to pass away after appearing on the show is Florence Henderson.,,,,contradiction,0,0.0900702252984047
2953,what is the basic of classification of crops in our country,,False,I don't know,,,,contradiction,0,0.0518885962665081,"The potato was domesticated between 8,000 and 5,000 BC.",,,,neutral,0,0.05028563365340233
2954,where are most of the potatoes grown in idaho,The Eastern Idaho region,True,I don't know,0.0,0.0,0.0,contradiction,0,0.10841257125139236,The Cedar River is a 338 - mile - long ( 544 km ) river in Minnesota and Iowa.,0.0,0.10526315789473685,0.0,entailment,1,0.9497073292732239
2955,what does it mean to know something philosophy,,False,I don't know,,,,neutral,0,0.048136480152606964,Occam's razor is a razor.,,,,neutral,0,0.053813569247722626
2956,what is the ratio of black to white in georgia,,False,I don't know,,,,neutral,0,0.055229559540748596,North Carolina hurricane list includes 413 known tropical or subtropical cyclones that have affected the state.,,,,neutral,0,0.04304404556751251
2957,major league baseball home run leaders for this season,,False,home runs,,,,entailment,1,0.5608049631118774,home runs,,,,entailment,1,0.5608049631118774
2958,where did the expression throw under the bus come from,President Galtieri had pushed her under the bus,True,North American games,0.0,0.0,0.0,neutral,0,0.13409122824668884,"The lateral and backward pass is also a part of rugby union and rugby league, where such passes are the norm.",0.0,0.06896551724137931,0.0,neutral,0,0.027767011895775795
2959,what did each kid do to get detention in the breakfast club,,False,I don't know,,,,neutral,0,0.06280674040317535,prohibited,,,,neutral,0,0.4122999608516693
2960,how i met your mother barney 200th girl,bodybuilder,True,I don't know,0.0,0.0,0.0,neutral,0,0.1410490870475769,The show was a revival of the sitcom Roseanne Barr.,0.0,0.0,0.0,neutral,0,0.012125378474593163
2961,who has the legal authority to bind the us government on a us government contract,Federal Acquisition Regulation,True,I don't know,0.0,0.0,0.0,neutral,0,0.01595708169043064,The Fourth Amendment to the United States Constitution prohibits unreasonable searches and seizures and requires any warrant to be judicially sanctioned and supported by probable cause.,0.0,0.0,0.0,neutral,0,0.0043283686973154545
2962,how do you get to the maldives islands,,False,I don't know,,,,contradiction,0,0.3066134452819824,The capital and largest city of the Maldives is Malé /Td> /Tr> /Tr> Tr> Tr> Tr> Tr> Tr> Tr> T,,,,neutral,0,0.00900939479470253
2963,who wrote about peter rabbit and jemima puddle duck,Beatrix Potter,True,Ode on a Greek Urn,0.0,0.0,0.0,contradiction,0,0.05462505295872688,"Ode on a Grecian Urn is a poem written by the English Romantic poet John Keats in May 1819 and published anonymously in the January 1820, Number 15, issue of the London Gazette, Number 16, issue of the London Gazette, Number",0.0,0.0,0.0,neutral,0,0.06955043971538544
2964,who won game 4 of the stanley cup finals,,False,1919,,,,entailment,1,0.3727424740791321,The Spanish flu epidemic.,,,,contradiction,0,0.21177449822425842
2965,which disorder involves the retrograde passage of infected urine,Vesicoureteral reflux (VUR),True,I don't know,0.0,0.0,0.0,neutral,0,0.09179483354091644,"Hemostasis or haemostasis is a process which causes bleeding to stop, meaning to keep blood within a damaged blood vessel ( the opposite of hemostasis is hemorrhage ).",0.0,0.0,0.0,entailment,1,0.9824420809745789
2966,who played kayla brady on days of our lives,Catherine Mary Stewart,True,I don't know,0.0,0.0,1.0,contradiction,0,0.23043346405029297,"Kayla Johnson /Th> /Tr> Tr> Td colspan=""2""> Mary Beth Evans as Kayla Brady /Th> /Tr> Tr> Th> Portrayed by ",0.0,0.09090909090909091,1.0,entailment,1,0.5185261964797974
2967,who are the characters in queen of the south,,False,I don't know,,,,neutral,0,0.004766759928315878,The original version of the song deprecates the island and highlights the positive qualities of American life,,,,neutral,0,0.005714733619242907
2968,escape speed for a rocket is less from,,False,I don't know,,,,neutral,0,0.02047748863697052,"The escape velocity from Earth is about 11.186 km / s ( 6.951 mi / s ; 40,270 km / h ; 25,020 mph ) at the surface.",,,,entailment,1,0.9367167949676514
2969,what is one of the greatest structural achievements of the bronze age,the corbelled arch,True,Indus River,0.0,0.0,0.0,neutral,0,0.0912366583943367,Indus River.,0.0,0.0,0.0,neutral,0,0.08667821437120438
2970,who does chris hemsworth play in home and away,"Kimberly Jonathan ""Kim"" Hyde",True,I don't know,0.0,0.0,0.0,contradiction,0,0.168809175491333,Charlie Hunnam /Th> /Th> /Th> /Th> /Th> /Th> /Th> /Th> /Th> /Th> /Th> /Th>,0.0,0.0,0.0,entailment,1,0.5945183038711548
2971,where would you find the type of gland that secretes an oily substance called sebum,,False,I don't know,,,,neutral,0,0.17835673689842224,"Palm oil, the endosperm is the tissue produced inside the seeds of most of the flowering plants following fertilization.",,,,entailment,1,0.9425530433654785
2972,studies have found that the big five dimensions of personality can be used to predict,,False,Neuroticism,,,,entailment,1,0.6817229390144348,"The Big Five personality traits, also known as the five factor model ( FFM ), is a model based on common language descriptors of personality.",,,,entailment,1,0.986255407333374
2973,wimbledon men's final prize money runner up,,False,I don't know,,,,contradiction,0,0.2985825836658478,The 2018 Australian Open was held on 6 May 2018 at the Courtyard Royal in Melbourne.,,,,neutral,0,0.0033524727914482355
2974,what does it mean to see a stick bug,,False,I don't know,,,,neutral,0,0.1269371062517166,The proverb originated in Wales.,,,,entailment,1,0.9777185320854187
2975,is cornea the white part of the eye,,False,I don't know,,,,neutral,0,0.17092223465442657,Melanin is produced within the skin in cells called melanocytes and it is the main determinant of the skin color of darker - skinned humans.,,,,entailment,1,0.8658376336097717
2976,how many episodes is season 6 of mindy project,10,True,season,0.0,0.0,1.0,neutral,0,0.24698489904403687,"The tenth season debuted on March 27, 2018.",0.0,0.0,1.0,neutral,0,0.018538909032940865
2977,targeted delivery of financial and other subsidies benefits and services) act 2016,,False,Cost benefit analysis,,,,neutral,0,0.17889238893985748,"The term "" cost benefit analysis"" refers to the estimating of the strengths and weaknesses of a system of economic and social factors.",,,,neutral,0,0.3279117941856384
2978,when did to kill a mockingbird come out,1960,True,I don't know,0.0,0.0,1.0,contradiction,0,0.21300867199897766,The Three Musketeers : Original Motion Picture Sound.,0.0,0.0,1.0,contradiction,0,0.10881935805082321
2979,what is the skin of a slim jim made of,,False,I don't know,,,,contradiction,0,0.07386665046215057,40 feet ( 12 m ).,,,,contradiction,0,0.05717514827847481
2980,where did the cow jump over the moon come from,,False,I don't know,,,,contradiction,0,0.11899401247501373,The giant - impact hypothesis is a hypothesis.,,,,entailment,1,0.7091019153594971
2981,who did ariel winter play in cloudy with a chance of meatballs,Various characters,True,nice guy,0.0,0.0,0.0,neutral,0,0.004419921897351742,He is portrayed as a perpetual  nice guy '',0.0,0.0,0.0,neutral,0,0.0031073251739144325
2982,when does new season of lets make a deal start,,False,its second - season premiere scheduled for July that year,,,,entailment,1,0.9407629370689392,second - season premiere scheduled for July that year.,,,,neutral,0,0.20378845930099487
2983,who was the president when first nuclear test in 1947 conducted,,False,I don't know,,,,contradiction,0,0.17069660127162933,"The Four Freedoms were goals articulated by United States President Franklin D. Roosevelt on Monday, January 6, 1941.",,,,entailment,1,0.9822627305984497
2984,which is not a reason for forming a political action committee,,False,I don't know,,,,neutral,0,0.06551703065633774,Suffrage is often conceived in terms of elections for representatives.,,,,entailment,1,0.9741882085800171
2985,where is the carlsbad caverns national park located,Guadalupe Mountains of southeastern New Mexico,True,I don't know,0.0,0.0,0.0,neutral,0,0.1916010081768036,"The cave is located in Eddy County, New Mexico, U.S. /Td> /Tr> /Tr> Tr> Tr> Tr> Tr> Tr> T",0.0,0.16,0.0,entailment,1,0.8049499988555908
2986,who was playing during the las vegas shooting,Jason Aldean,True,I don't know,0.0,0.0,0.0,neutral,0,0.04338740557432175,"The show has begun with a cold open that ends with someone breaking character and proclaiming  Live from New York, it's Saturday Night! ''",0.0,0.0,0.0,neutral,0,0.005510169081389904
2987,where should an object be placed in front of a convex lens which signifies it as a magnifying glass,,False,I don't know,,,,neutral,0,0.18465377390384674,The greater than sign is a mathematical symbol that denotes an inequality between two values.,,,,neutral,0,0.2495231181383133
2988,when did courage the cowardly dog stop airing,"November 22, 2002",True,I don't know,0.0,0.0,0.0,neutral,0,0.020718978717923164,"The third season began on September 17, 2007, with an eight - episode run.",0.0,0.0,0.0,entailment,1,0.456466943025589
2989,who developed procedure used to measure size of an earthquake,,False,I don't know,,,,contradiction,0,0.10467701405286789,The work of Johannes Kepler.,,,,contradiction,0,0.06789394468069077
2990,what was the purpose of the 16th amendment,,False,I don't know,,,,neutral,0,0.19577723741531372,/Td> /Tr> /Tr> /Tr> /Tr> /Tr> /Tr> /Tr> /Tr> /Tr> /T,,,,entailment,1,0.5485943555831909
2991,when calls the heart season 4 episodes list,,False,"On April 2, 2018 the show was renewed for a fifth season",,,,entailment,1,0.9849997162818909,"On May 24, 2018 CBS canceled the show for a fifth season.",,,,contradiction,0,0.004154103808104992
2992,how many different species of mosquitoes are there,"Over 3,500",True,I don't know,0.0,0.0,0.0,neutral,0,0.11128515750169754,"The United States has about 20 species of venomous snakes, which include 16 species of rattlesnakes, two species of coral snakes, one species of cottonmouth ( or water moccasin ), and one species of copperhead.",0.0,0.0,0.0,entailment,1,0.981667160987854
2993,who addresses the joint session of the parliament,,False,I don't know,,,,neutral,0,0.10564537346363068,The address is now broadcast live across the country on many networks.,,,,neutral,0,0.001829184708185494
2994,the back of the leg is called what,calf,True,I don't know,0.0,0.0,0.0,contradiction,0,0.013103731907904148,telson,0.0,0.0,0.0,contradiction,0,0.006574674043804407
2995,what is the name of our diocese in sydney,Armidale,True,I don't know,0.0,0.0,0.0,contradiction,0,0.14686965942382812,"English, Welsh, Latin /Td> /Tr> /Tr> /Tr> /Tr> /Tr> /Tr> /Tr> /Tr> /",0.0,0.0,0.0,contradiction,0,0.149277463555336
2996,what is the name of the girl in game of thrones,,False,I don't know,,,,neutral,0,0.10888705402612686,"The final act of the Anglo - Saxon poem Beowulf is about the hero Beowulf's fight with a dragon, the third monster he encounters in the epic.",,,,entailment,1,0.9865092635154724
2997,when was the last time rangers won the treble,2002–03,True,"2""> /Td> /Tr> /Tr> /Tr> Th> Full name /Th> Td> Rangers Football Club /Td> /Tr> /Tr",0.0,0.0,0.0,entailment,1,0.7223080396652222,The full name of the club is: /Td> /Tr> /Tr> /Tr> /Tr> /Tr> /Tr> /Th> /Th> /Th,0.0,0.0,0.0,entailment,1,0.7657625079154968
2998,how far are we from des moines iowa,,False,Iowa River,,,,contradiction,0,0.023417972028255463,Iowa River.,,,,contradiction,0,0.03864247351884842
2999,where is rio de janeiro located on the world map,,False,I don't know,,,,contradiction,0,0.2209530919790268,"Rio de Janeiro is located in Brazil, east South America /Td> /Tr> /Tr> /Tr> /Tr> /Tr> /Tr> /Tr> /",,,,neutral,0,0.050993602722883224
